solid OpenSCAD_Model
  facet normal 0 0 -1
    outer loop
      vertex -3.3585420096920506 -8.721870270690573 0
      vertex -3.187215286715307 -8.439812782785198 0
      vertex -3.200961894323342 -8.544228634059948 0
    endloop
  endfacet
  facet normal 0 0 -1
    outer loop
      vertex -3.366696340347317 -2.6750391151377544 0
      vertex -2.710844930946803 -1.4969402374353928 0
      vertex -2.337830423617543 -2.0257786670350577 0
    endloop
  endfacet
  facet normal -0.8737312536462758 0.48640898059319093 0
    outer loop
      vertex -3.366696340347317 -2.6750391151377544 0
      vertex -3.366696340347317 -2.6750391151377544 0.9246527777777778
      vertex -2.710844930946803 -1.4969402374353928 0
    endloop
  endfacet
  facet normal -0.8737312536462756 0.48640898059319143 0
    outer loop
      vertex -5.799038105676658 -7.044228634059947 0.9333333333333333
      vertex -5.799038105676658 -7.044228634059947 1.2
      vertex -3.366696340347317 -2.6750391151377544 0.9246527777777778
    endloop
  endfacet
  facet normal -0.8737312536462758 0.48640898059319104 0
    outer loop
      vertex -2.710844930946803 -1.4969402374353928 0
      vertex -3.366696340347317 -2.6750391151377544 0.9246527777777778
      vertex -2.710844930946803 -1.4969402374353928 1.3983809144050137
    endloop
  endfacet
  facet normal 0 0 -1
    outer loop
      vertex -3.187215286715307 -8.439812782785198 0
      vertex -3.243079956061261 -8.017179256906346 0
      vertex -1.2482695154586738 -4.562066222313806 0
    endloop
  endfacet
  facet normal 0 0 -1
    outer loop
      vertex -3.200961894323342 -8.544228634059948 0
      vertex -3.187215286715307 -8.439812782785198 0
      vertex -0.10247726407470549 -3.3660482673138024 0
    endloop
  endfacet
  facet normal 0 0 -1
    outer loop
      vertex -3.572725351353596 -6.6529001002266455 0
      vertex -1.0102566813892129 -4.035530186566326 0
      vertex -1.2482695154586738 -4.562066222313806 0
    endloop
  endfacet
  facet normal 0 0 -1
    outer loop
      vertex -3.187215286715307 -8.439812782785198 0
      vertex -1.2482695154586738 -4.562066222313806 0
      vertex -0.10501417436877397 -3.365543644481379 0
    endloop
  endfacet
  facet normal 0 0 -1
    outer loop
      vertex -3.187215286715307 -8.439812782785198 0
      vertex -0.10501417436877397 -3.365543644481379 0
      vertex -0.10247726407470549 -3.3660482673138024 0
    endloop
  endfacet
  facet normal 0 0 -1
    outer loop
      vertex -1.2482695154586738 -4.562066222313806 0
      vertex -1.0102566813892129 -4.035530186566326 0
      vertex -0.17521258197356393 -3.347032838377868 0
    endloop
  endfacet
  facet normal 0 0 -1
    outer loop
      vertex -1.2482695154586738 -4.562066222313806 0
      vertex -0.17521258197356393 -3.347032838377868 0
      vertex -0.10501417436877397 -3.365543644481379 0
    endloop
  endfacet
  facet normal 0.8581081606457336 -0.513468971441504 0
    outer loop
      vertex -3.200961894323342 -8.544228634059948 0
      vertex -0.10247726407470549 -3.3660482673138024 0
      vertex -0.10247726407470549 -3.3660482673138024 1.3885524393157593
    endloop
  endfacet
  facet normal 0 0 -1
    outer loop
      vertex -3.366696340347317 -2.6750391151377544 0
      vertex -2.337830423617543 -2.0257786670350577 0
      vertex -1.747607832120238 -2.5526414196234737 0
    endloop
  endfacet
  facet normal 0 0 -1
    outer loop
      vertex -3.366696340347317 -2.6750391151377544 0
      vertex -1.747607832120238 -2.5526414196234737 0
      vertex -0.9741419219474644 -2.9360508414721993 0
    endloop
  endfacet
  facet normal 0 0 -1
    outer loop
      vertex -2.337830423617543 -2.0257786670350577 0
      vertex -1.8380691344925633 -1.7104069230151928 0
      vertex -1.747607832120238 -2.5526414196234737 0
    endloop
  endfacet
  facet normal 0 0 -1
    outer loop
      vertex -3.366696340347317 -2.6750391151377544 0
      vertex -0.9741419219474644 -2.9360508414721993 0
      vertex -1.0102566813892129 -4.035530186566326 0
    endloop
  endfacet
  facet normal 0 0 -1
    outer loop
      vertex -1.747607832120238 -2.5526414196234737 0
      vertex -1.163012789670814 -2.5084479826116612 0
      vertex -0.9741419219474644 -2.9360508414721993 0
    endloop
  endfacet
  facet normal 0 0 -1
    outer loop
      vertex -2.710844930946803 -1.4969402374353928 0
      vertex -2.68467875173176 -1.4514083110323965 0
      vertex -2.337830423617543 -2.0257786670350577 0
    endloop
  endfacet
  facet normal 0 0 -1
    outer loop
      vertex -2.337830423617543 -2.0257786670350577 0
      vertex -2.68467875173176 -1.4514083110323965 0
      vertex -2.426296867299521 -1.3821750937599464 0
    endloop
  endfacet
  facet normal 0 0 -1
    outer loop
      vertex -1.0102566813892129 -4.035530186566326 0
      vertex -0.9741419219474644 -2.9360508414721993 0
      vertex -0.3997309162290574 -2.998715250304471 0
    endloop
  endfacet
  facet normal 0 0 -1
    outer loop
      vertex -1.0102566813892129 -4.035530186566326 0
      vertex -0.3169043061098501 -3.0792289943965003 0
      vertex -0.223834984888768 -3.329504098032097 0
    endloop
  endfacet
  facet normal 0 0 -1
    outer loop
      vertex -1.0102566813892129 -4.035530186566326 0
      vertex -0.223834984888768 -3.329504098032097 0
      vertex -0.17521258197356393 -3.347032838377868 0
    endloop
  endfacet
  facet normal 0 0 -1
    outer loop
      vertex -1.0102566813892129 -4.035530186566326 0
      vertex -0.3997309162290574 -2.998715250304471 0
      vertex -0.3169043061098501 -3.0792289943965003 0
    endloop
  endfacet
  facet normal 0 0 -1
    outer loop
      vertex -0.223834984888768 -3.329504098032097 0
      vertex -0.21652932382781925 -3.322945292081077 0
      vertex -0.17521258197356393 -3.347032838377868 0
    endloop
  endfacet
  facet normal 0 0 -1
    outer loop
      vertex -0.223834984888768 -3.329504098032097 0
      vertex -0.3169043061098501 -3.0792289943965003 0
      vertex -0.25891137584784757 -3.0830300518646743 0
    endloop
  endfacet
  facet normal 0 0 -1
    outer loop
      vertex -0.17521258197356393 -3.347032838377868 0
      vertex -0.1394843683253472 -3.3065774152066227 0
      vertex -0.10501417436877397 -3.365543644481379 0
    endloop
  endfacet
  facet normal 0.8581081606457335 -0.5134689714415038 0
    outer loop
      vertex -3.200961894323342 -8.544228634059948 0
      vertex -0.10247726407470549 -3.3660482673138024 1.3885524393157593
      vertex -3.200961894323342 -8.544228634059948 1.2
    endloop
  endfacet
  facet normal -0.0023177211185326373 -0.03536159090442932 0.999371895771301
    outer loop
      vertex -4.695789288330077 -9.281395926120661 1.2
      vertex -4.5 -9.294228634059948 1.2
      vertex -1.3 -3.8516660498395403 1.4
    endloop
  endfacet
  facet normal 0.0025032542118753618 -0.03819227889944791 0.9992672733312231
    outer loop
      vertex -4.5 -9.294228634059948 1.2
      vertex -4.304210711669922 -9.281395926120663 1.2
      vertex -1.3 -3.8516660498395403 1.4
    endloop
  endfacet
  facet normal -0.03432711086127972 -0.016928257710109626 0.9992672733312231
    outer loop
      vertex -5.799038105676658 -8.544228634059948 1.2
      vertex -2.685640646055102 -3.0516660498395405 1.4
      vertex -5.885819298766931 -8.368253782607582 1.2
    endloop
  endfacet
  facet normal -0.021336406305805366 -0.02432950849443926 0.999476279249474
    outer loop
      vertex -5.41314214351308 -8.9842586444968 1.2
      vertex -2.431370849898476 -3.3830368997380162 1.4
      vertex -5.560660171779821 -8.854888805839769 1.2
    endloop
  endfacet
  facet normal -0.02946517548220251 -0.01968800081975146 0.9993718957713013
    outer loop
      vertex -5.690030010436852 -8.707370777573027 1.2
      vertex -2.569365344465976 -3.2256843362534933 1.4
      vertex -5.799038105676658 -8.544228634059948 1.2
    endloop
  endfacet
  facet normal -0.02521293490699492 -0.022111150476402816 0.9994375442907804
    outer loop
      vertex -5.690030010436852 -8.707370777573027 1.2
      vertex -5.560660171779821 -8.854888805839769 1.2
      vertex -2.569365344465976 -3.2256843362534933 1.4
    endloop
  endfacet
  facet normal -0.040156219556854576 -0.013631199748426907 0.9991004295987066
    outer loop
      vertex -5.9488887394336025 -8.182457201713728 1.2
      vertex -5.885819298766931 -8.368253782607582 1.2
      vertex -2.8454813220625095 -2.6657765220035734 1.4
    endloop
  endfacet
  facet normal -0.04755462290410715 -0.009459202621702802 0.9988238489975145
    outer loop
      vertex -5.9488887394336025 -8.182457201713728 1.2
      vertex -2.8454813220625095 -2.6657765220035734 1.4
      vertex -5.9871672920607155 -7.990017922390024 1.2
    endloop
  endfacet
  facet normal -0.05765227960983666 -0.003778730044821106 0.9983295727639434
    outer loop
      vertex -5.9871672920607155 -7.990017922390024 1.2
      vertex -2.9000000000000004 -2.2516660498395407 1.4
      vertex -6 -7.794228634059948 1.2
    endloop
  endfacet
  facet normal -0.07288494672040839 0.004777131795159739 0.9973289144276201
    outer loop
      vertex -6 -7.794228634059948 1.2
      vertex -2.9000000000000004 -2.2516660498395407 1.4
      vertex -5.9871672920607155 -7.5984393457298705 1.2
    endloop
  endfacet
  facet normal -0.09969266933137744 0.01983010486710159 0.9948206565117876
    outer loop
      vertex -5.9871672920607155 -7.5984393457298705 1.2
      vertex -2.886311778198097 -2.042824142287458 1.4
      vertex -5.9488887394336025 -7.4060000664061665 1.2
    endloop
  endfacet
  facet normal -0.16241369153427312 0.05513201928903175 0.9851813301374138
    outer loop
      vertex -5.9488887394336025 -7.4060000664061665 1.2
      vertex -2.8454813220625095 -1.837555577675507 1.4
      vertex -5.88581929876693 -7.220203485512313 1.2
    endloop
  endfacet
  facet normal -0.4766325001923216 0.2350491373677073 0.8470970208796117
    outer loop
      vertex -5.88581929876693 -7.220203485512313 1.2
      vertex -2.710844930946803 -1.4969402374353928 1.3983809144050137
      vertex -5.799038105676658 -7.044228634059947 1.2
    endloop
  endfacet
  facet normal -0.01766605577295422 -0.02643912087337279 0.9994943138211793
    outer loop
      vertex -5.41314214351308 -8.9842586444968 1.2
      vertex -5.25 -9.093266739736606 1.2
      vertex -2.1 -3.637306695894642 1.4
    endloop
  endfacet
  facet normal -0.014063922443590974 -0.028518813520737585 0.9994943138211793
    outer loop
      vertex -5.25 -9.093266739736606 1.2
      vertex -5.074025148547634 -9.180047932826875 1.2
      vertex -2.1 -3.637306695894642 1.4
    endloop
  endfacet
  facet normal -0.010401769264871057 -0.03064262413351355 0.999476279249474
    outer loop
      vertex -5.074025148547634 -9.180047932826875 1.2
      vertex -4.8882285676537816 -9.243117373493549 1.2
      vertex -1.9122934917841439 -3.7298733018575994 1.4
    endloop
  endfacet
  facet normal -0.006542350565967713 -0.032890617371622494 0.9994375442907804
    outer loop
      vertex -4.8882285676537816 -9.243117373493549 1.2
      vertex -4.695789288330077 -9.281395926120661 1.2
      vertex -1.5088419075520825 -3.8379778280376367 1.4
    endloop
  endfacet
  facet normal 0.008273144512229085 -0.04159190613039474 0.9991004295987066
    outer loop
      vertex -4.304210711669922 -9.281395926120663 1.2
      vertex -4.1117714323462184 -9.24311737349355 1.2
      vertex -0.8858895278359666 -3.79714737190205 1.4
    endloop
  endfacet
  facet normal 0.015585401682114917 -0.045913112813197696 0.9988238489975145
    outer loop
      vertex -4.1117714323462184 -9.24311737349355 1.2
      vertex -3.9259748514523656 -9.180047932826877 1.2
      vertex -0.8858895278359666 -3.79714737190205 1.4
    endloop
  endfacet
  facet normal 0.02555366359205934 -0.05181770375061247 0.9983295727639434
    outer loop
      vertex -3.9259748514523656 -9.180047932826877 1.2
      vertex -3.75 -9.093266739736606 1.2
      vertex -0.5000000000000002 -3.637306695894642 1.4
    endloop
  endfacet
  facet normal -0.01040176926487074 -0.030642624133513763 0.999476279249474
    outer loop
      vertex -4.8882285676537816 -9.243117373493549 1.2
      vertex -1.7141104721640332 -3.7971473719020494 1.4
      vertex -1.9122934917841439 -3.7298733018575994 1.4
    endloop
  endfacet
  facet normal -0.8737312536462757 0.4864089805931913 -1.1344536224641233e-15
    outer loop
      vertex -3.366696340347317 -2.6750391151377544 0.9246527777777778
      vertex -5.799038105676658 -7.044228634059947 1.2
      vertex -2.710844930946803 -1.4969402374353928 1.3983809144050137
    endloop
  endfacet
  facet normal -0.03432711086127969 -0.01692825771010965 0.9992672733312232
    outer loop
      vertex -5.885819298766931 -8.368253782607582 1.2
      vertex -2.685640646055102 -3.0516660498395405 1.4
      vertex -2.778207252018059 -2.863959541623684 1.4
    endloop
  endfacet
  facet normal -0.040156219556854444 -0.013631199748426952 0.9991004295987067
    outer loop
      vertex -5.885819298766931 -8.368253782607582 1.2
      vertex -2.778207252018059 -2.863959541623684 1.4
      vertex -2.8454813220625095 -2.6657765220035734 1.4
    endloop
  endfacet
  facet normal -0.02946517548220259 -0.01968800081975135 0.9993718957713011
    outer loop
      vertex -5.799038105676658 -8.544228634059948 1.2
      vertex -2.569365344465976 -3.2256843362534933 1.4
      vertex -2.685640646055102 -3.0516660498395405 1.4
    endloop
  endfacet
  facet normal -0.04755462290410722 -0.009459202621702835 0.9988238489975145
    outer loop
      vertex -5.9871672920607155 -7.990017922390024 1.2
      vertex -2.8454813220625095 -2.6657765220035734 1.4
      vertex -2.8863117781980967 -2.460507957391623 1.4
    endloop
  endfacet
  facet normal -0.057652279609836654 -0.0037787300448210914 0.9983295727639433
    outer loop
      vertex -5.9871672920607155 -7.990017922390024 1.2
      vertex -2.8863117781980967 -2.460507957391623 1.4
      vertex -2.9000000000000004 -2.2516660498395407 1.4
    endloop
  endfacet
  facet normal -0.072884946720408 0.0047771317951595706 0.9973289144276201
    outer loop
      vertex -5.9871672920607155 -7.5984393457298705 1.2
      vertex -2.9000000000000004 -2.2516660498395407 1.4
      vertex -2.886311778198097 -2.042824142287458 1.4
    endloop
  endfacet
  facet normal -0.09969266933137863 0.019830104867102138 0.9948206565117876
    outer loop
      vertex -5.9488887394336025 -7.4060000664061665 1.2
      vertex -2.886311778198097 -2.042824142287458 1.4
      vertex -2.8454813220625095 -1.837555577675507 1.4
    endloop
  endfacet
  facet normal -0.02521293490699481 -0.022111150476402965 0.9994375442907804
    outer loop
      vertex -5.560660171779821 -8.854888805839769 1.2
      vertex -2.431370849898476 -3.3830368997380162 1.4
      vertex -2.569365344465976 -3.2256843362534933 1.4
    endloop
  endfacet
  facet normal -0.02133640630580554 -0.02432950849443917 0.999476279249474
    outer loop
      vertex -5.41314214351308 -8.9842586444968 1.2
      vertex -2.2740182864139533 -3.5210313943055165 1.4
      vertex -2.431370849898476 -3.3830368997380162 1.4
    endloop
  endfacet
  facet normal -0.017666055772953916 -0.026439120873372874 0.9994943138211793
    outer loop
      vertex -5.41314214351308 -8.9842586444968 1.2
      vertex -2.1 -3.637306695894642 1.4
      vertex -2.2740182864139533 -3.5210313943055165 1.4
    endloop
  endfacet
  facet normal -0.014063922443591361 -0.02851881352073728 0.9994943138211793
    outer loop
      vertex -5.074025148547634 -9.180047932826875 1.2
      vertex -1.9122934917841439 -3.7298733018575994 1.4
      vertex -2.1 -3.637306695894642 1.4
    endloop
  endfacet
  facet normal -0.16241369153427365 0.055132019289031976 0.9851813301374137
    outer loop
      vertex -5.88581929876693 -7.220203485512313 1.2
      vertex -2.8454813220625095 -1.837555577675507 1.4
      vertex -2.778207252018059 -1.6393725580553968 1.4
    endloop
  endfacet
  facet normal -0.47663250019230696 0.23504913736769897 0.8470970208796221
    outer loop
      vertex -5.88581929876693 -7.220203485512313 1.2
      vertex -2.778207252018059 -1.6393725580553968 1.4
      vertex -2.710844930946803 -1.4969402374353928 1.3983809144050137
    endloop
  endfacet
  facet normal 0 0 1
    outer loop
      vertex -2.778207252018059 -2.863959541623684 1.4
      vertex -2.685640646055102 -3.0516660498395405 1.4
      vertex -2.8454813220625095 -2.6657765220035734 1.4
    endloop
  endfacet
  facet normal 0 0 1
    outer loop
      vertex -2.8454813220625095 -2.6657765220035734 1.4
      vertex -2.886311778198097 -2.042824142287458 1.4
      vertex -2.8863117781980967 -2.460507957391623 1.4
    endloop
  endfacet
  facet normal 0 0 1
    outer loop
      vertex -2.8863117781980967 -2.460507957391623 1.4
      vertex -2.886311778198097 -2.042824142287458 1.4
      vertex -2.9000000000000004 -2.2516660498395407 1.4
    endloop
  endfacet
  facet normal 0 0 1
    outer loop
      vertex -2.8454813220625095 -2.6657765220035734 1.4
      vertex -2.7094061677660415 -1.499857760552945 1.4
      vertex -2.886311778198097 -2.042824142287458 1.4
    endloop
  endfacet
  facet normal 0 0 1
    outer loop
      vertex -2.886311778198097 -2.042824142287458 1.4
      vertex -2.778207252018059 -1.6393725580553968 1.4
      vertex -2.8454813220625095 -1.837555577675507 1.4
    endloop
  endfacet
  facet normal 0 0 1
    outer loop
      vertex -2.8454813220625095 -2.6657765220035734 1.4
      vertex -2.68467875173176 -1.55 1.4
      vertex -2.7094061677660415 -1.499857760552945 1.4
    endloop
  endfacet
  facet normal 0 0 1
    outer loop
      vertex -2.886311778198097 -2.042824142287458 1.4
      vertex -2.7094061677660415 -1.499857760552945 1.4
      vertex -2.778207252018059 -1.6393725580553968 1.4
    endloop
  endfacet
  facet normal -0.4766325001923027 0.23504913736769795 0.8470970208796249
    outer loop
      vertex -2.778207252018059 -1.6393725580553968 1.4
      vertex -2.7094061677660415 -1.499857760552945 1.4
      vertex -2.710844930946803 -1.4969402374353928 1.3983809144050137
    endloop
  endfacet
  facet normal 0.0405795908520399 -0.060731649515769696 0.99732891442762
    outer loop
      vertex -3.75 -9.093266739736606 1.2
      vertex -3.58685785648692 -8.9842586444968 1.2
      vertex -0.5000000000000002 -3.637306695894642 1.4
    endloop
  endfacet
  facet normal 0.06701970924030712 -0.07642133177850328 0.9948206565117879
    outer loop
      vertex -3.58685785648692 -8.9842586444968 1.2
      vertex -3.439339828220179 -8.854888805839769 1.2
      vertex -0.325981713586047 -3.521031394305517 1.4
    endloop
  endfacet
  facet normal 0.12895257503337004 -0.11308837314657327 0.985181330137414
    outer loop
      vertex -3.439339828220179 -8.854888805839769 1.2
      vertex -3.3099699895631476 -8.70737077757303 1.2
      vertex -0.16862915010152402 -3.3830368997380167 1.4
    endloop
  endfacet
  facet normal 0.4418747741942148 -0.2952512847519889 0.8470970208796106
    outer loop
      vertex -3.3099699895631476 -8.70737077757303 1.2
      vertex -3.200961894323342 -8.544228634059948 1.2
      vertex -0.11331552437968423 -3.363892403298262 1.394957461776617
    endloop
  endfacet
  facet normal -0.006542350565967962 -0.03289061737162232 0.9994375442907804
    outer loop
      vertex -4.8882285676537816 -9.243117373493549 1.2
      vertex -1.5088419075520825 -3.8379778280376367 1.4
      vertex -1.7141104721640332 -3.7971473719020494 1.4
    endloop
  endfacet
  facet normal -0.002317721118532089 -0.03536159090442962 0.9993718957713011
    outer loop
      vertex -4.695789288330077 -9.281395926120661 1.2
      vertex -1.3 -3.8516660498395403 1.4
      vertex -1.5088419075520825 -3.8379778280376367 1.4
    endloop
  endfacet
  facet normal 0.0025032542118752976 -0.038192278899447714 0.9992672733312232
    outer loop
      vertex -4.304210711669922 -9.281395926120663 1.2
      vertex -1.0911580924479174 -3.837977828037637 1.4
      vertex -1.3 -3.8516660498395403 1.4
    endloop
  endfacet
  facet normal 0.008273144512229415 -0.041591906130394894 0.9991004295987067
    outer loop
      vertex -4.304210711669922 -9.281395926120663 1.2
      vertex -0.8858895278359666 -3.79714737190205 1.4
      vertex -1.0911580924479174 -3.837977828037637 1.4
    endloop
  endfacet
  facet normal 0.015585401682114284 -0.045913112813197286 0.9988238489975145
    outer loop
      vertex -3.9259748514523656 -9.180047932826877 1.2
      vertex -0.6877065082158564 -3.7298733018575994 1.4
      vertex -0.8858895278359666 -3.79714737190205 1.4
    endloop
  endfacet
  facet normal 0.025553663592059874 -0.05181770375061277 0.9983295727639433
    outer loop
      vertex -3.9259748514523656 -9.180047932826877 1.2
      vertex -0.5000000000000002 -3.637306695894642 1.4
      vertex -0.6877065082158564 -3.7298733018575994 1.4
    endloop
  endfacet
  facet normal 0.04057959085203852 -0.06073164951576887 0.9973289144276201
    outer loop
      vertex -3.58685785648692 -8.9842586444968 1.2
      vertex -0.325981713586047 -3.521031394305517 1.4
      vertex -0.5000000000000002 -3.637306695894642 1.4
    endloop
  endfacet
  facet normal 0.06701970924030935 -0.07642133177850466 0.9948206565117876
    outer loop
      vertex -3.439339828220179 -8.854888805839769 1.2
      vertex -0.16862915010152402 -3.3830368997380167 1.4
      vertex -0.325981713586047 -3.521031394305517 1.4
    endloop
  endfacet
  facet normal 0.12895257503337493 -0.11308837314657674 0.9851813301374132
    outer loop
      vertex -3.3099699895631476 -8.70737077757303 1.2
      vertex -0.11331552437968423 -3.363892403298262 1.394957461776617
      vertex -0.14285586176329845 -3.3580164648560933 1.399498557669575
    endloop
  endfacet
  facet normal 0.1289525750333493 -0.11308837314655479 0.9851813301374188
    outer loop
      vertex -3.3099699895631476 -8.70737077757303 1.2
      vertex -0.14285586176329845 -3.3580164648560933 1.399498557669575
      vertex -0.14580798887348684 -3.357014352735834 1.4
    endloop
  endfacet
  facet normal 0.12895257503335936 -0.11308837314656836 0.985181330137416
    outer loop
      vertex -3.3099699895631476 -8.70737077757303 1.2
      vertex -0.14580798887348684 -3.357014352735834 1.4
      vertex -0.16862915010152402 -3.3830368997380167 1.4
    endloop
  endfacet
  facet normal 0.44187477419422433 -0.29525128475199575 0.8470970208796033
    outer loop
      vertex -3.200961894323342 -8.544228634059948 1.2
      vertex -0.10247726407470549 -3.3660482673138024 1.3885524393157593
      vertex -0.11331552437968423 -3.363892403298262 1.394957461776617
    endloop
  endfacet
  facet normal 0 0 1
    outer loop
      vertex -1.9122934917841439 -3.7298733018575994 1.4
      vertex -1.5088419075520825 -3.8379778280376367 1.4
      vertex -2.1 -3.637306695894642 1.4
    endloop
  endfacet
  facet normal 0 0 1
    outer loop
      vertex -1.9122934917841439 -3.7298733018575994 1.4
      vertex -1.7141104721640332 -3.7971473719020494 1.4
      vertex -1.5088419075520825 -3.8379778280376367 1.4
    endloop
  endfacet
  facet normal 0 0 1
    outer loop
      vertex -1.5088419075520825 -3.8379778280376367 1.4
      vertex -0.8858895278359666 -3.79714737190205 1.4
      vertex -2.1 -3.637306695894642 1.4
    endloop
  endfacet
  facet normal 0 0 1
    outer loop
      vertex -1.5088419075520825 -3.8379778280376367 1.4
      vertex -1.3 -3.8516660498395403 1.4
      vertex -0.8858895278359666 -3.79714737190205 1.4
    endloop
  endfacet
  facet normal 0 0 1
    outer loop
      vertex -1.3 -3.8516660498395403 1.4
      vertex -1.0911580924479174 -3.837977828037637 1.4
      vertex -0.8858895278359666 -3.79714737190205 1.4
    endloop
  endfacet
  facet normal 0 0 1
    outer loop
      vertex -0.8858895278359666 -3.79714737190205 1.4
      vertex -0.6877065082158564 -3.7298733018575994 1.4
      vertex -0.325981713586047 -3.521031394305517 1.4
    endloop
  endfacet
  facet normal 0 0 1
    outer loop
      vertex -2.569365344465976 -3.2256843362534933 1.4
      vertex -2.431370849898476 -3.3830368997380162 1.4
      vertex -2.1 -3.637306695894642 1.4
    endloop
  endfacet
  facet normal 0 0 1
    outer loop
      vertex -2.8454813220625095 -2.6657765220035734 1.4
      vertex -2.685640646055102 -3.0516660498395405 1.4
      vertex -2.569365344465976 -3.2256843362534933 1.4
    endloop
  endfacet
  facet normal 0 0 1
    outer loop
      vertex -2.8454813220625095 -2.6657765220035734 1.4
      vertex -2.569365344465976 -3.2256843362534933 1.4
      vertex -2.1 -3.637306695894642 1.4
    endloop
  endfacet
  facet normal 0 0 1
    outer loop
      vertex -2.431370849898476 -3.3830368997380162 1.4
      vertex -2.2740182864139533 -3.5210313943055165 1.4
      vertex -2.1 -3.637306695894642 1.4
    endloop
  endfacet
  facet normal 0 0 1
    outer loop
      vertex -2.1 -3.637306695894642 1.4
      vertex -1.8871604299270341 -2.459395354902829 1.4
      vertex -2.1920310216782974 -2.1920310216782974 1.4
    endloop
  endfacet
  facet normal 0 0 1
    outer loop
      vertex -2.8454813220625095 -2.6657765220035734 1.4
      vertex -2.1 -3.637306695894642 1.4
      vertex -2.68467875173176 -1.55 1.4
    endloop
  endfacet
  facet normal 0 0 1
    outer loop
      vertex -2.1 -3.637306695894642 1.4
      vertex -2.459395354902829 -1.8871604299270341 1.4
      vertex -2.68467875173176 -1.55 1.4
    endloop
  endfacet
  facet normal 0 0 1
    outer loop
      vertex -2.1 -3.637306695894642 1.4
      vertex -2.1920310216782974 -2.1920310216782974 1.4
      vertex -2.459395354902829 -1.8871604299270341 1.4
    endloop
  endfacet
  facet normal 0 0 1
    outer loop
      vertex -2.1 -3.637306695894642 1.4
      vertex -1.55 -2.68467875173176 1.4
      vertex -1.8871604299270341 -2.459395354902829 1.4
    endloop
  endfacet
  facet normal 0 0 1
    outer loop
      vertex -2.1 -3.637306695894642 1.4
      vertex -1.1863186403317783 -2.864026550784989 1.4
      vertex -1.55 -2.68467875173176 1.4
    endloop
  endfacet
  facet normal 0 0 1
    outer loop
      vertex -0.8858895278359666 -3.79714737190205 1.4
      vertex -0.4635764388765271 -3.143717826487885 1.4
      vertex -2.1 -3.637306695894642 1.4
    endloop
  endfacet
  facet normal 0 0 1
    outer loop
      vertex -2.1 -3.637306695894642 1.4
      vertex -0.5210570020824254 -3.050320537523432 1.4
      vertex -0.8023390398178143 -2.9943700614961117 1.4
    endloop
  endfacet
  facet normal 0 0 1
    outer loop
      vertex -2.1 -3.637306695894642 1.4
      vertex -0.5071796769724491 -3.078460969082652 1.4
      vertex -0.5210570020824254 -3.050320537523432 1.4
    endloop
  endfacet
  facet normal 0 0 1
    outer loop
      vertex -2.1 -3.637306695894642 1.4
      vertex -0.8023390398178143 -2.9943700614961117 1.4
      vertex -1.1863186403317783 -2.864026550784989 1.4
    endloop
  endfacet
  facet normal 0 0 1
    outer loop
      vertex -2.1 -3.637306695894642 1.4
      vertex -0.4635764388765271 -3.143717826487885 1.4
      vertex -0.5071796769724491 -3.078460969082652 1.4
    endloop
  endfacet
  facet normal 0 0 1
    outer loop
      vertex -0.6877065082158564 -3.7298733018575994 1.4
      vertex -0.5000000000000002 -3.637306695894642 1.4
      vertex -0.325981713586047 -3.521031394305517 1.4
    endloop
  endfacet
  facet normal 0 0 1
    outer loop
      vertex -0.8858895278359666 -3.79714737190205 1.4
      vertex -0.325981713586047 -3.521031394305517 1.4
      vertex -0.28756443470178605 -3.298076211353316 1.4
    endloop
  endfacet
  facet normal 0 0 1
    outer loop
      vertex -0.8858895278359666 -3.79714737190205 1.4
      vertex -0.28756443470178605 -3.298076211353316 1.4
      vertex -0.3528212921070182 -3.2544729732573936 1.4
    endloop
  endfacet
  facet normal 0 0 1
    outer loop
      vertex -0.8858895278359666 -3.79714737190205 1.4
      vertex -0.4118285034137146 -3.202725037794581 1.4
      vertex -0.4635764388765271 -3.143717826487885 1.4
    endloop
  endfacet
  facet normal 0 0 1
    outer loop
      vertex -0.8858895278359666 -3.79714737190205 1.4
      vertex -0.3528212921070182 -3.2544729732573936 1.4
      vertex -0.4118285034137146 -3.202725037794581 1.4
    endloop
  endfacet
  facet normal 0 0 1
    outer loop
      vertex -0.325981713586047 -3.521031394305517 1.4
      vertex -0.21717449412083978 -3.3327886885894245 1.4
      vertex -0.28756443470178605 -3.298076211353316 1.4
    endloop
  endfacet
  facet normal 0 0 1
    outer loop
      vertex -0.325981713586047 -3.521031394305517 1.4
      vertex -0.16862915010152402 -3.3830368997380167 1.4
      vertex -0.21717449412083978 -3.3327886885894245 1.4
    endloop
  endfacet
  facet normal 0 0 1
    outer loop
      vertex -0.21717449412083978 -3.3327886885894245 1.4
      vertex -0.16862915010152402 -3.3830368997380167 1.4
      vertex -0.14580798887348684 -3.357014352735834 1.4
    endloop
  endfacet
  facet normal 0 0 -1
    outer loop
      vertex 2.6518107390395613 -1.5991904572025069 0
      vertex 2.68467875173176 -0.8862112183588945 0
      vertex 2.9232909999057095 -1.0117312030753993 0
    endloop
  endfacet
  facet normal 0 0 -1
    outer loop
      vertex 2.9232909999057095 -1.0117312030753993 0
      vertex 2.9943700614961117 -0.30939773710246854 0
      vertex 3.0242115149047546 -0.3470464427091834 0
    endloop
  endfacet
  facet normal 0 0 -1
    outer loop
      vertex 2.6518107390395613 -1.5991904572025069 0
      vertex 2.9232909999057095 -1.0117312030753993 0
      vertex 4 -1.578125 0
    endloop
  endfacet
  facet normal 0 0 -1
    outer loop
      vertex 2.9232909999057095 -1.0117312030753993 0
      vertex 3.0242115149047546 -0.3470464427091834 0
      vertex 4 -1.578125 0
    endloop
  endfacet
  facet normal 0 0 -1
    outer loop
      vertex 3.0242115149047546 -0.3470464427091834 0
      vertex 3.064114773003251 0.451708697291049 0
      vertex 4 -1.578125 0
    endloop
  endfacet
  facet normal 0 0 -1
    outer loop
      vertex 3.064114773003251 0.451708697291049 0
      vertex 3.0297655764913345 0.6243937694381982 0
      vertex 4 -1.578125 0
    endloop
  endfacet
  facet normal 0 0 -1
    outer loop
      vertex 3.0297655764913345 0.6243937694381982 0
      vertex 4 1.142857142857143 0
      vertex 4 -1.578125 0
    endloop
  endfacet
  facet normal 0.015623093000542113 -0.9998779520346952 0
    outer loop
      vertex 2.6518107390395613 -1.5991904572025069 0
      vertex 4 -1.578125 0
      vertex 4 -1.578125 0.9246527777777778
    endloop
  endfacet
  facet normal 0.015623093000542114 -0.9998779520346953 0
    outer loop
      vertex 2.6518107390395613 -1.5991904572025069 0
      vertex 4 -1.578125 0.9246527777777778
      vertex 2.6518107390395613 -1.5991904572025069 1.3983809144050137
    endloop
  endfacet
  facet normal 0.03475772599810811 -0.5303004221197033 0.8470970208796068
    outer loop
      vertex 2.6518107390395613 -1.5991904572025069 1.3983809144050137
      vertex 2.8088419075520825 -1.5863117781980967 1.4
      vertex 2.653618006585109 -1.5964856901791618 1.4
    endloop
  endfacet
  facet normal 0 0 1
    outer loop
      vertex 2.653618006585109 -1.5964856901791618 1.4
      vertex 2.8088419075520825 -1.5863117781980967 1.4
      vertex 3.212293491784144 -1.478207252018059 1.4
    endloop
  endfacet
  facet normal 0 0 1
    outer loop
      vertex 2.8088419075520825 -1.5863117781980967 1.4
      vertex 3.0141104721640333 -1.5454813220625094 1.4
      vertex 3.212293491784144 -1.478207252018059 1.4
    endloop
  endfacet
  facet normal 0 0 1
    outer loop
      vertex 2.653618006585109 -1.5964856901791618 1.4
      vertex 3.731370849898476 -1.1313708498984762 1.4
      vertex 2.68467875173176 -1.55 1.4
    endloop
  endfacet
  facet normal 0 0 1
    outer loop
      vertex 2.653618006585109 -1.5964856901791618 1.4
      vertex 3.212293491784144 -1.478207252018059 1.4
      vertex 3.731370849898476 -1.1313708498984762 1.4
    endloop
  endfacet
  facet normal 0 0 1
    outer loop
      vertex 3.212293491784144 -1.478207252018059 1.4
      vertex 3.4000000000000004 -1.3856406460551018 1.4
      vertex 3.574018286413953 -1.2693653444659763 1.4
    endloop
  endfacet
  facet normal 0 0 1
    outer loop
      vertex 2.68467875173176 -1.55 1.4
      vertex 4.2 0 1.4
      vertex 2.864026550784989 -1.1863186403317783 1.4
    endloop
  endfacet
  facet normal 0 0 1
    outer loop
      vertex 3.212293491784144 -1.478207252018059 1.4
      vertex 3.574018286413953 -1.2693653444659763 1.4
      vertex 3.731370849898476 -1.1313708498984762 1.4
    endloop
  endfacet
  facet normal 0 0 1
    outer loop
      vertex 2.68467875173176 -1.55 1.4
      vertex 3.731370849898476 -1.1313708498984762 1.4
      vertex 4.2 0 1.4
    endloop
  endfacet
  facet normal 0 0 1
    outer loop
      vertex 3.731370849898476 -1.1313708498984762 1.4
      vertex 3.8693653444659764 -0.974018286413953 1.4
      vertex 3.985640646055102 -0.8 1.4
    endloop
  endfacet
  facet normal 0 0 1
    outer loop
      vertex 3.731370849898476 -1.1313708498984762 1.4
      vertex 3.985640646055102 -0.8 1.4
      vertex 4.078207252018059 -0.6122934917841437 1.4
    endloop
  endfacet
  facet normal 0 0 1
    outer loop
      vertex 2.864026550784989 -1.1863186403317783 1.4
      vertex 4.2 0 1.4
      vertex 2.9943700614961117 -0.8023390398178143 1.4
    endloop
  endfacet
  facet normal 0 0 1
    outer loop
      vertex 2.9943700614961117 -0.8023390398178143 1.4
      vertex 4.2 0 1.4
      vertex 3.0734790702588124 -0.4046311958821599 1.4
    endloop
  endfacet
  facet normal 0 0 1
    outer loop
      vertex 3.0734790702588124 -0.4046311958821599 1.4
      vertex 4.2 0 1.4
      vertex 3.1 0 1.4
    endloop
  endfacet
  facet normal 0 0 -1
    outer loop
      vertex 2.864251080575262 1.1856571968989442 0
      vertex 2.876012004174741 1.5098736312898806 0
      vertex 2.994401564808422 1.4712158155727604 0
    endloop
  endfacet
  facet normal 0 0 -1
    outer loop
      vertex 2.920067044080616 1.021228670674976 0
      vertex 2.864251080575262 1.1856571968989442 0
      vertex 2.994401564808422 1.4712158155727604 0
    endloop
  endfacet
  facet normal 0 0 -1
    outer loop
      vertex 2.967153380850525 1.5918268794798829 0
      vertex 2.986221756322751 1.5217778721371644 0
      vertex 2.977475011098598 1.5235493648407903 0
    endloop
  endfacet
  facet normal 0 0 -1
    outer loop
      vertex 2.920067044080616 1.021228670674976 0
      vertex 4 1.142857142857143 0
      vertex 2.988801880628992 0.7173850165185602 0
    endloop
  endfacet
  facet normal 0 0 -1
    outer loop
      vertex 2.988801880628992 0.7173850165185602 0
      vertex 4 1.142857142857143 0
      vertex 3.0297655764913345 0.6243937694381982 0
    endloop
  endfacet
  facet normal 0 0 -1
    outer loop
      vertex 2.920067044080616 1.021228670674976 0
      vertex 2.994401564808422 1.4712158155727604 0
      vertex 4 1.142857142857143 0
    endloop
  endfacet
  facet normal 0 0 -1
    outer loop
      vertex 2.994401564808422 1.4712158155727604 0
      vertex 2.986221756322751 1.5217778721371644 0
      vertex 4 1.142857142857143 0
    endloop
  endfacet
  facet normal 0 0 -1
    outer loop
      vertex 2.967153380850525 1.5918268794798829 0
      vertex 4.575 1.2 0
      vertex 2.986221756322751 1.5217778721371644 0
    endloop
  endfacet
  facet normal 0 0 -1
    outer loop
      vertex 2.986221756322751 1.5217778721371644 0
      vertex 4.575 1.2 0
      vertex 4 1.142857142857143 0
    endloop
  endfacet
  facet normal 0 0 1
    outer loop
      vertex 2.9943700614961117 0.8023390398178143 1.4
      vertex 2.919615242270663 1.0999999999999999 1.4
      vertex 2.9021835762219093 1.0739116681385745 1.4
    endloop
  endfacet
  facet normal 0 0 1
    outer loop
      vertex 3 1.4 1.4
      vertex 3.212293491784144 1.478207252018059 1.4
      vertex 2.994866916824286 1.4783157153320308 1.4
    endloop
  endfacet
  facet normal 0 0 1
    outer loop
      vertex 2.994866916824286 1.4783157153320308 1.4
      vertex 3.212293491784144 1.478207252018059 1.4
      vertex 3.0141104721640333 1.5454813220625094 1.4
    endloop
  endfacet
  facet normal 0 0 1
    outer loop
      vertex 2.994866916824286 1.4783157153320308 1.4
      vertex 3.0141104721640333 1.5454813220625094 1.4
      vertex 2.98016370477495 1.5522337539287585 1.4
    endloop
  endfacet
  facet normal 0 0 1
    outer loop
      vertex 3.1 0 1.4
      vertex 4.2 0 1.4
      vertex 3.0734790702588124 0.4046311958821599 1.4
    endloop
  endfacet
  facet normal 0 0 1
    outer loop
      vertex 3.0734790702588124 0.4046311958821599 1.4
      vertex 4.2 0 1.4
      vertex 2.9943700614961117 0.8023390398178143 1.4
    endloop
  endfacet
  facet normal 0 0 1
    outer loop
      vertex 2.9943700614961117 0.8023390398178143 1.4
      vertex 4.2 0 1.4
      vertex 2.919615242270663 1.0999999999999999 1.4
    endloop
  endfacet
  facet normal 0 0 1
    outer loop
      vertex 2.919615242270663 1.0999999999999999 1.4
      vertex 4.2 0 1.4
      vertex 2.954327719506772 1.1703899405809461 1.4
    endloop
  endfacet
  facet normal 0 0 1
    outer loop
      vertex 2.954327719506772 1.1703899405809461 1.4
      vertex 4.2 0 1.4
      vertex 3.731370849898476 1.1313708498984762 1.4
    endloop
  endfacet
  facet normal 0 0 1
    outer loop
      vertex 3.731370849898476 1.1313708498984762 1.4
      vertex 4.078207252018059 0.6122934917841437 1.4
      vertex 3.985640646055102 0.8 1.4
    endloop
  endfacet
  facet normal 0 0 1
    outer loop
      vertex 3.8693653444659764 0.974018286413953 1.4
      vertex 3.731370849898476 1.1313708498984762 1.4
      vertex 3.985640646055102 0.8 1.4
    endloop
  endfacet
  facet normal 0 0 1
    outer loop
      vertex 2.954327719506772 1.1703899405809461 1.4
      vertex 3.731370849898476 1.1313708498984762 1.4
      vertex 2.979555495773441 1.2447085729384875 1.4
    endloop
  endfacet
  facet normal 0 0 1
    outer loop
      vertex 2.979555495773441 1.2447085729384875 1.4
      vertex 3.731370849898476 1.1313708498984762 1.4
      vertex 2.994866916824286 1.321684284667969 1.4
    endloop
  endfacet
  facet normal 0 0 1
    outer loop
      vertex 2.994866916824286 1.321684284667969 1.4
      vertex 3.731370849898476 1.1313708498984762 1.4
      vertex 3 1.4 1.4
    endloop
  endfacet
  facet normal 0 0 1
    outer loop
      vertex 3 1.4 1.4
      vertex 3.731370849898476 1.1313708498984762 1.4
      vertex 3.212293491784144 1.478207252018059 1.4
    endloop
  endfacet
  facet normal 0 0 1
    outer loop
      vertex 3.212293491784144 1.478207252018059 1.4
      vertex 3.574018286413953 1.2693653444659763 1.4
      vertex 3.4000000000000004 1.3856406460551018 1.4
    endloop
  endfacet
  facet normal 0 0 1
    outer loop
      vertex 3.212293491784144 1.478207252018059 1.4
      vertex 3.731370849898476 1.1313708498984762 1.4
      vertex 3.574018286413953 1.2693653444659763 1.4
    endloop
  endfacet
  facet normal 0.015623093000542114 -0.9998779520346953 0
    outer loop
      vertex 4 -1.578125 0.9246527777777778
      vertex 9 -1.5 0.9333333333333333
      vertex 9 -1.5 1.2
    endloop
  endfacet
  facet normal 0.015623093000542114 -0.9998779520346953 0
    outer loop
      vertex 2.6518107390395613 -1.5991904572025069 1.3983809144050137
      vertex 4 -1.578125 0.9246527777777778
      vertex 9 -1.5 1.2
    endloop
  endfacet
  facet normal 0.034757725998108085 -0.530300422119703 0.847097020879607
    outer loop
      vertex 2.6518107390395613 -1.5991904572025069 1.3983809144050137
      vertex 9.195789288330078 -1.4871672920607155 1.2
      vertex 2.8088419075520825 -1.5863117781980967 1.4
    endloop
  endfacet
  facet normal 0.033461116500901396 -0.16822039243560624 0.9851813301374137
    outer loop
      vertex 2.8088419075520825 -1.5863117781980967 1.4
      vertex 9.195789288330078 -1.4871672920607155 1.2
      vertex 3.0141104721640333 -1.5454813220625094 1.4
    endloop
  endfacet
  facet normal 0.03267296009106929 -0.09625143664560583 0.9948206565117877
    outer loop
      vertex 3.0141104721640333 -1.5454813220625094 1.4
      vertex 9.388228567653782 -1.4488887394336025 1.2
      vertex 3.212293491784144 -1.478207252018059 1.4
    endloop
  endfacet
  facet normal 0.0323053558683695 -0.06550878131092873 0.9973289144276201
    outer loop
      vertex 3.212293491784144 -1.478207252018059 1.4
      vertex 9.574025148547635 -1.38581929876693 1.2
      vertex 3.4000000000000004 -1.3856406460551018 1.4
    endloop
  endfacet
  facet normal 0.032098616017776915 -0.04803897370579163 0.9983295727639433
    outer loop
      vertex 3.4000000000000004 -1.3856406460551018 1.4
      vertex 9.913142143513081 -1.1900300104368529 1.2
      vertex 3.574018286413953 -1.2693653444659763 1.4
    endloop
  endfacet
  facet normal 0.031969221221992555 -0.03645391019149465 0.9988238489975145
    outer loop
      vertex 3.574018286413953 -1.2693653444659763 1.4
      vertex 9.913142143513081 -1.1900300104368529 1.2
      vertex 3.731370849898476 -1.1313708498984762 1.4
    endloop
  endfacet
  facet normal 0.03188307504462504 -0.027960706381967865 0.9991004295987067
    outer loop
      vertex 3.731370849898476 -1.1313708498984762 1.4
      vertex 10.190030010436853 -0.913142143513081 1.2
      vertex 3.8693653444659764 -0.974018286413953 1.4
    endloop
  endfacet
  facet normal 0.03182385664940458 -0.021264021189338185 0.9992672733312232
    outer loop
      vertex 3.8693653444659764 -0.974018286413953 1.4
      vertex 10.190030010436853 -0.913142143513081 1.2
      vertex 3.985640646055102 -0.8 1.4
    endloop
  endfacet
  facet normal 0.03178289660073487 -0.015673590084678266 0.9993718957713011
    outer loop
      vertex 3.985640646055102 -0.8 1.4
      vertex 10.299038105676658 -0.75 1.2
      vertex 4.078207252018059 -0.6122934917841437 1.4
    endloop
  endfacet
  facet normal 0.031755285472962684 -0.010779466895219478 0.9994375442907804
    outer loop
      vertex 4.078207252018059 -0.6122934917841437 1.4
      vertex 10.448888739433603 -0.3882285676537811 1.2
      vertex 4.145481322062509 -0.4141104721640332 1.4
    endloop
  endfacet
  facet normal 0.031738175570676375 -0.006313115639074508 0.999476279249474
    outer loop
      vertex 4.145481322062509 -0.4141104721640332 1.4
      vertex 10.487167292060715 -0.19578928833007736 1.2
      vertex 4.186311778198097 -0.20884190755208254 1.4
    endloop
  endfacet
  facet normal 0.03172997821654537 -0.0020796926473644404 0.9994943138211793
    outer loop
      vertex 4.186311778198097 -0.20884190755208254 1.4
      vertex 10.487167292060715 -0.19578928833007736 1.2
      vertex 4.2 0 1.4
    endloop
  endfacet
  facet normal 0.03475772599810807 -0.5303004221197039 0.8470970208796064
    outer loop
      vertex 2.6518107390395613 -1.5991904572025069 1.3983809144050137
      vertex 9 -1.5 1.2
      vertex 9.195789288330078 -1.4871672920607155 1.2
    endloop
  endfacet
  facet normal 0.03346111650090138 -0.16822039243560646 0.9851813301374137
    outer loop
      vertex 3.0141104721640333 -1.5454813220625094 1.4
      vertex 9.195789288330078 -1.4871672920607155 1.2
      vertex 9.388228567653782 -1.4488887394336025 1.2
    endloop
  endfacet
  facet normal 0 0 1
    outer loop
      vertex 3.731370849898476 -1.1313708498984762 1.4
      vertex 4.078207252018059 -0.6122934917841437 1.4
      vertex 4.2 0 1.4
    endloop
  endfacet
  facet normal 0 0 1
    outer loop
      vertex 4.078207252018059 -0.6122934917841437 1.4
      vertex 4.145481322062509 -0.4141104721640332 1.4
      vertex 4.2 0 1.4
    endloop
  endfacet
  facet normal 0 0 1
    outer loop
      vertex 4.145481322062509 -0.4141104721640332 1.4
      vertex 4.186311778198097 -0.20884190755208254 1.4
      vertex 4.2 0 1.4
    endloop
  endfacet
  facet normal 0.0326729600910693 -0.0962514366456054 0.9948206565117879
    outer loop
      vertex 3.212293491784144 -1.478207252018059 1.4
      vertex 9.388228567653782 -1.4488887394336025 1.2
      vertex 9.574025148547635 -1.38581929876693 1.2
    endloop
  endfacet
  facet normal 0.032305355868369495 -0.06550878131092841 0.99732891442762
    outer loop
      vertex 3.4000000000000004 -1.3856406460551018 1.4
      vertex 9.574025148547635 -1.38581929876693 1.2
      vertex 9.75 -1.299038105676658 1.2
    endloop
  endfacet
  facet normal 0.03209861601777693 -0.048038973705791736 0.9983295727639434
    outer loop
      vertex 3.4000000000000004 -1.3856406460551018 1.4
      vertex 9.75 -1.299038105676658 1.2
      vertex 9.913142143513081 -1.1900300104368529 1.2
    endloop
  endfacet
  facet normal 0.031969221221992555 -0.036453910191494514 0.9988238489975145
    outer loop
      vertex 3.731370849898476 -1.1313708498984762 1.4
      vertex 9.913142143513081 -1.1900300104368529 1.2
      vertex 10.060660171779821 -1.0606601717798214 1.2
    endloop
  endfacet
  facet normal 0.031883075044625044 -0.027960706381967983 0.9991004295987066
    outer loop
      vertex 3.731370849898476 -1.1313708498984762 1.4
      vertex 10.060660171779821 -1.0606601717798214 1.2
      vertex 10.190030010436853 -0.913142143513081 1.2
    endloop
  endfacet
  facet normal 0.03182385664940459 -0.021264021189337994 0.9992672733312231
    outer loop
      vertex 3.985640646055102 -0.8 1.4
      vertex 10.190030010436853 -0.913142143513081 1.2
      vertex 10.299038105676658 -0.75 1.2
    endloop
  endfacet
  facet normal 0.03178289660073487 -0.015673590084678217 0.9993718957713013
    outer loop
      vertex 4.078207252018059 -0.6122934917841437 1.4
      vertex 10.299038105676658 -0.75 1.2
      vertex 10.385819298766929 -0.5740251485476346 1.2
    endloop
  endfacet
  facet normal 0.031755285472962684 -0.010779466895219627 0.9994375442907804
    outer loop
      vertex 4.078207252018059 -0.6122934917841437 1.4
      vertex 10.385819298766929 -0.5740251485476346 1.2
      vertex 10.448888739433603 -0.3882285676537811 1.2
    endloop
  endfacet
  facet normal 0.031738175570676375 -0.006313115639074326 0.999476279249474
    outer loop
      vertex 4.145481322062509 -0.4141104721640332 1.4
      vertex 10.448888739433603 -0.3882285676537811 1.2
      vertex 10.487167292060715 -0.19578928833007736 1.2
    endloop
  endfacet
  facet normal 0.031729978216545364 -0.002079692647364621 0.9994943138211793
    outer loop
      vertex 4.2 0 1.4
      vertex 10.487167292060715 -0.19578928833007736 1.2
      vertex 10.5 0 1.2
    endloop
  endfacet
  facet normal 0.031729978216545364 0.002079692647364621 0.9994943138211793
    outer loop
      vertex 4.2 0 1.4
      vertex 10.5 0 1.2
      vertex 10.487167292060715 0.19578928833007736 1.2
    endloop
  endfacet
  facet normal 0 0 -1
    outer loop
      vertex 4 1.142857142857143 0
      vertex 4.575 1.2 0
      vertex 7.547943171313111 0.23237913509642416 0
    endloop
  endfacet
  facet normal 0 0 -1
    outer loop
      vertex 2.9663219418956985 1.5942762196578797 0
      vertex 8.902699916434273 1.4596969857670403 0
      vertex 2.967153380850525 1.5918268794798829 0
    endloop
  endfacet
  facet normal 0 0 -1
    outer loop
      vertex 2.967153380850525 1.5918268794798829 0
      vertex 8.902699916434273 1.4596969857670403 0
      vertex 4.575 1.2 0
    endloop
  endfacet
  facet normal 0 0 -1
    outer loop
      vertex 2.9663219418956985 1.5942762196578797 0
      vertex 9 1.5 0
      vertex 8.902699916434273 1.4596969857670403 0
    endloop
  endfacet
  facet normal 0.015623093000542109 0.9998779520346952 0
    outer loop
      vertex 2.9663219418956985 1.5942762196578797 0
      vertex 2.9663219418956985 1.5942762196578797 1.3885524393157593
      vertex 9 1.5 0
    endloop
  endfacet
  facet normal 0 0 -1
    outer loop
      vertex 4.575 1.2 0
      vertex 8.902699916434273 1.4596969857670403 0
      vertex 8.564620881205174 1.2 0
    endloop
  endfacet
  facet normal 0 0 -1
    outer loop
      vertex 8.902699916434273 1.4596969857670403 0
      vertex 9 1.5 0
      vertex 9.232632227776321 1.4523524352747292 0
    endloop
  endfacet
  facet normal 0.015623093000542109 0.9998779520346952 0
    outer loop
      vertex 2.9663219418956985 1.5942762196578797 1.3885524393157593
      vertex 9 1.5 1.2
      vertex 9 1.5 0
    endloop
  endfacet
  facet normal 0.03267296009106929 0.09625143664560583 0.9948206565117877
    outer loop
      vertex 3.0141104721640333 1.5454813220625094 1.4
      vertex 3.212293491784144 1.478207252018059 1.4
      vertex 9.388228567653782 1.4488887394336025 1.2
    endloop
  endfacet
  facet normal 0.03475772599810807 0.5303004221197019 0.8470970208796077
    outer loop
      vertex 2.9663219418956985 1.5942762196578797 1.3885524393157593
      vertex 2.9698740390436256 1.5838120788931696 1.394957461776617
      vertex 9 1.5 1.2
    endloop
  endfacet
  facet normal 0.033461116500901375 0.1682203924356048 0.985181330137414
    outer loop
      vertex 2.9698740390436256 1.5838120788931696 1.394957461776617
      vertex 2.979555495773441 1.5552914270615124 1.3994985576695749
      vertex 9.195789288330078 1.4871672920607155 1.2
    endloop
  endfacet
  facet normal 0.033461116500901514 0.168220392435631 0.9851813301374095
    outer loop
      vertex 2.98016370477495 1.5522337539287585 1.4
      vertex 9.195789288330078 1.4871672920607155 1.2
      vertex 2.979555495773441 1.5552914270615124 1.3994985576695749
    endloop
  endfacet
  facet normal 0.03346111650090139 0.16822039243560633 0.9851813301374137
    outer loop
      vertex 2.98016370477495 1.5522337539287585 1.4
      vertex 3.0141104721640333 1.5454813220625094 1.4
      vertex 9.195789288330078 1.4871672920607155 1.2
    endloop
  endfacet
  facet normal 0.0323053558683695 0.06550878131092873 0.9973289144276201
    outer loop
      vertex 3.212293491784144 1.478207252018059 1.4
      vertex 3.4000000000000004 1.3856406460551018 1.4
      vertex 9.574025148547635 1.38581929876693 1.2
    endloop
  endfacet
  facet normal 0.032098616017776915 0.04803897370579163 0.9983295727639433
    outer loop
      vertex 3.4000000000000004 1.3856406460551018 1.4
      vertex 3.574018286413953 1.2693653444659763 1.4
      vertex 9.913142143513081 1.1900300104368529 1.2
    endloop
  endfacet
  facet normal 0.03188307504462503 0.02796070638196786 0.9991004295987067
    outer loop
      vertex 3.8693653444659764 0.974018286413953 1.4
      vertex 10.190030010436853 0.913142143513081 1.2
      vertex 3.731370849898476 1.1313708498984762 1.4
    endloop
  endfacet
  facet normal 0.03182385664940458 0.021264021189338185 0.9992672733312232
    outer loop
      vertex 3.8693653444659764 0.974018286413953 1.4
      vertex 3.985640646055102 0.8 1.4
      vertex 10.190030010436853 0.913142143513081 1.2
    endloop
  endfacet
  facet normal 0.03175528547296269 0.01077946689521948 0.9994375442907804
    outer loop
      vertex 4.145481322062509 0.4141104721640332 1.4
      vertex 10.448888739433603 0.3882285676537811 1.2
      vertex 4.078207252018059 0.6122934917841437 1.4
    endloop
  endfacet
  facet normal 0.03172997821654537 0.0020796926473644404 0.9994943138211793
    outer loop
      vertex 4.2 0 1.4
      vertex 10.487167292060715 0.19578928833007736 1.2
      vertex 4.186311778198097 0.20884190755208254 1.4
    endloop
  endfacet
  facet normal 0.03173817557067637 0.006313115639074507 0.999476279249474
    outer loop
      vertex 4.145481322062509 0.4141104721640332 1.4
      vertex 4.186311778198097 0.20884190755208254 1.4
      vertex 10.448888739433603 0.3882285676537811 1.2
    endloop
  endfacet
  facet normal 0.031782896600734876 0.01567359008467827 0.9993718957713011
    outer loop
      vertex 3.985640646055102 0.8 1.4
      vertex 4.078207252018059 0.6122934917841437 1.4
      vertex 10.385819298766929 0.5740251485476346 1.2
    endloop
  endfacet
  facet normal 0.031969221221992555 0.03645391019149465 0.9988238489975145
    outer loop
      vertex 3.574018286413953 1.2693653444659763 1.4
      vertex 3.731370849898476 1.1313708498984762 1.4
      vertex 9.913142143513081 1.1900300104368529 1.2
    endloop
  endfacet
  facet normal 0.03346111650090138 0.16822039243560646 0.9851813301374137
    outer loop
      vertex 3.0141104721640333 1.5454813220625094 1.4
      vertex 9.388228567653782 1.4488887394336025 1.2
      vertex 9.195789288330078 1.4871672920607155 1.2
    endloop
  endfacet
  facet normal 0.034757725998108085 0.5303004221197012 0.8470970208796081
    outer loop
      vertex 2.9698740390436256 1.5838120788931696 1.394957461776617
      vertex 9.195789288330078 1.4871672920607155 1.2
      vertex 9 1.5 1.2
    endloop
  endfacet
  facet normal 0 0 1
    outer loop
      vertex 4.2 0 1.4
      vertex 4.186311778198097 0.20884190755208254 1.4
      vertex 4.078207252018059 0.6122934917841437 1.4
    endloop
  endfacet
  facet normal 0 0 1
    outer loop
      vertex 4.145481322062509 0.4141104721640332 1.4
      vertex 4.078207252018059 0.6122934917841437 1.4
      vertex 4.186311778198097 0.20884190755208254 1.4
    endloop
  endfacet
  facet normal 0 0 1
    outer loop
      vertex 3.731370849898476 1.1313708498984762 1.4
      vertex 4.2 0 1.4
      vertex 4.078207252018059 0.6122934917841437 1.4
    endloop
  endfacet
  facet normal 0.031883075044625044 0.027960706381967983 0.9991004295987066
    outer loop
      vertex 3.731370849898476 1.1313708498984762 1.4
      vertex 10.190030010436853 0.913142143513081 1.2
      vertex 10.060660171779821 1.0606601717798214 1.2
    endloop
  endfacet
  facet normal 0.0326729600910693 0.0962514366456054 0.9948206565117879
    outer loop
      vertex 3.212293491784144 1.478207252018059 1.4
      vertex 9.574025148547635 1.38581929876693 1.2
      vertex 9.388228567653782 1.4488887394336025 1.2
    endloop
  endfacet
  facet normal 0.032305355868369495 0.06550878131092841 0.99732891442762
    outer loop
      vertex 3.4000000000000004 1.3856406460551018 1.4
      vertex 9.75 1.299038105676658 1.2
      vertex 9.574025148547635 1.38581929876693 1.2
    endloop
  endfacet
  facet normal 0.03209861601777693 0.048038973705791736 0.9983295727639434
    outer loop
      vertex 3.4000000000000004 1.3856406460551018 1.4
      vertex 9.913142143513081 1.1900300104368529 1.2
      vertex 9.75 1.299038105676658 1.2
    endloop
  endfacet
  facet normal 0.031969221221992555 0.036453910191494514 0.9988238489975145
    outer loop
      vertex 3.731370849898476 1.1313708498984762 1.4
      vertex 10.060660171779821 1.0606601717798214 1.2
      vertex 9.913142143513081 1.1900300104368529 1.2
    endloop
  endfacet
  facet normal 0.031755285472962684 0.010779466895219627 0.9994375442907804
    outer loop
      vertex 4.078207252018059 0.6122934917841437 1.4
      vertex 10.448888739433603 0.3882285676537811 1.2
      vertex 10.385819298766929 0.5740251485476346 1.2
    endloop
  endfacet
  facet normal 0.031738175570676375 0.006313115639074327 0.999476279249474
    outer loop
      vertex 4.186311778198097 0.20884190755208254 1.4
      vertex 10.487167292060715 0.19578928833007736 1.2
      vertex 10.448888739433603 0.3882285676537811 1.2
    endloop
  endfacet
  facet normal 0.03178289660073487 0.015673590084678016 0.9993718957713013
    outer loop
      vertex 3.985640646055102 0.8 1.4
      vertex 10.385819298766929 0.5740251485476346 1.2
      vertex 10.299038105676658 0.75 1.2
    endloop
  endfacet
  facet normal 0.03182385664940459 0.021264021189337994 0.9992672733312231
    outer loop
      vertex 3.985640646055102 0.8 1.4
      vertex 10.299038105676658 0.75 1.2
      vertex 10.190030010436853 0.913142143513081 1.2
    endloop
  endfacet
  facet normal 0 0 -1
    outer loop
      vertex -2.7124355652982137 1.5786352267461514 0
      vertex -2.7284111244544746 1.6543362795573022 0
      vertex -2.687284828715943 1.5102389487487167 0
    endloop
  endfacet
  facet normal 0 0 -1
    outer loop
      vertex -2.8638446778209934 1.7717720476559224 0
      vertex -5.715484629718965 6.980115797018159 0
      vertex -2.8621392064817512 1.7737167650014964 0
    endloop
  endfacet
  facet normal 0 0 -1
    outer loop
      vertex -2.8366996340101425 1.727298071907958 0
      vertex -3.3267304845413266 3.3620662223138065 0
      vertex -2.784738516598606 1.746970354498567 0
    endloop
  endfacet
  facet normal 0 0 -1
    outer loop
      vertex -2.8366996340101425 1.727298071907958 0
      vertex -2.8621392064817512 1.7737167650014964 0
      vertex -3.3267304845413266 3.3620662223138065 0
    endloop
  endfacet
  facet normal 0 0 -1
    outer loop
      vertex -2.777692422703446 1.7259735172622013 0
      vertex -2.9897433186107873 2.8926730437091828 0
      vertex -2.7284111244544746 1.6543362795573022 0
    endloop
  endfacet
  facet normal 0 0 -1
    outer loop
      vertex -2.784738516598606 1.746970354498567 0
      vertex -2.9897433186107873 2.8926730437091828 0
      vertex -2.777692422703446 1.7259735172622013 0
    endloop
  endfacet
  facet normal 0 0 -1
    outer loop
      vertex -2.7284111244544746 1.6543362795573022 0
      vertex -2.9897433186107873 2.8926730437091828 0
      vertex -2.685954044914518 1.5305427859929646 0
    endloop
  endfacet
  facet normal 0 0 -1
    outer loop
      vertex -2.9897433186107873 2.8926730437091828 0
      vertex -2.468513044358411 1.7480513706256708 0
      vertex -2.685954044914518 1.5305427859929646 0
    endloop
  endfacet
  facet normal 0 0 -1
    outer loop
      vertex -2.784738516598606 1.746970354498567 0
      vertex -3.3267304845413266 3.3620662223138065 0
      vertex -2.9897433186107873 2.8926730437091828 0
    endloop
  endfacet
  facet normal -0.8737312536462756 -0.4864089805931913 0
    outer loop
      vertex -2.8638446778209934 1.7717720476559224 0
      vertex -2.8638446778209934 1.7717720476559224 1.3885524393157593
      vertex -5.799038105676658 7.044228634059947 0
    endloop
  endfacet
  facet normal 0 0 -1
    outer loop
      vertex -2.8638446778209934 1.7717720476559224 0
      vertex -5.799038105676658 7.044228634059947 0
      vertex -5.715484629718965 6.980115797018159 0
    endloop
  endfacet
  facet normal 0 0 -1
    outer loop
      vertex -3.3267304845413266 3.3620662223138065 0
      vertex -5.715484629718965 6.980115797018159 0
      vertex -5.321540925143913 6.817179256906345 0
    endloop
  endfacet
  facet normal 0 0 -1
    outer loop
      vertex -5.799038105676658 7.044228634059947 0
      vertex -5.8740902180842705 7.2695178354158445 0
      vertex -5.715484629718965 6.980115797018159 0
    endloop
  endfacet
  facet normal 0 0 -1
    outer loop
      vertex -2.8621392064817512 1.7737167650014964 0
      vertex -5.715484629718965 6.980115797018159 0
      vertex -3.3267304845413266 3.3620662223138065 0
    endloop
  endfacet
  facet normal 0 0 -1
    outer loop
      vertex -2.9897433186107873 2.8926730437091828 0
      vertex -3.3267304845413266 3.3620662223138065 0
      vertex -3.975217819959515 6.420520965130221 0
    endloop
  endfacet
  facet normal -0.8737312536462756 -0.48640898059319126 0
    outer loop
      vertex -5.799038105676658 7.044228634059947 0
      vertex -2.8638446778209934 1.7717720476559224 1.3885524393157593
      vertex -5.799038105676658 7.044228634059947 1.2
    endloop
  endfacet
  facet normal 0 0 -1
    outer loop
      vertex -2.7284111244544746 1.6543362795573022 0
      vertex -2.685954044914518 1.5305427859929646 0
      vertex -2.687284828715943 1.5102389487487167 0
    endloop
  endfacet
  facet normal 0 0 -1
    outer loop
      vertex -2.685954044914518 1.5305427859929646 0
      vertex -2.468513044358411 1.7480513706256708 0
      vertex -2.68467875173176 1.5248246267882026 0
    endloop
  endfacet
  facet normal 0 0 -1
    outer loop
      vertex -2.468513044358411 1.7480513706256708 0
      vertex -2.34444349391785 2.0182379055900594 0
      vertex -2.459395354902829 1.760497274753032 0
    endloop
  endfacet
  facet normal 0 0 -1
    outer loop
      vertex -2.9897433186107873 2.8926730437091828 0
      vertex -2.34444349391785 2.0182379055900594 0
      vertex -2.468513044358411 1.7480513706256708 0
    endloop
  endfacet
  facet normal 0 0 -1
    outer loop
      vertex -2.9897433186107873 2.8926730437091828 0
      vertex -2.1968232584960674 2.1189156168471723 0
      vertex -2.34444349391785 2.0182379055900594 0
    endloop
  endfacet
  facet normal 0 0 -1
    outer loop
      vertex -2.9897433186107873 2.8926730437091828 0
      vertex -2.0556236545438695 2.311657072034002 0
      vertex -2.1968232584960674 2.1189156168471723 0
    endloop
  endfacet
  facet normal 0 0 -1
    outer loop
      vertex -2.9897433186107873 2.8926730437091828 0
      vertex -0.6333036596526829 4.253164115137754 0
      vertex -2.0556236545438695 2.311657072034002 0
    endloop
  endfacet
  facet normal 0 0 -1
    outer loop
      vertex -1.9616214089274042 1.3233403495353266 0
      vertex -2.0556236545438695 2.311657072034002 0
      vertex -1.2852207954511043 2.8152534053632547 0
    endloop
  endfacet
  facet normal 0 0 -1
    outer loop
      vertex -1.2852207954511043 2.8152534053632547 0
      vertex -1.1 1.905255888325765 0
      vertex -1.2959953935120363 1.7742959532504359 0
    endloop
  endfacet
  facet normal 0 0 -1
    outer loop
      vertex -1.2852207954511043 2.8152534053632547 0
      vertex -0.8419035512031976 2.032534971524831 0
      vertex -1.1 1.905255888325765 0
    endloop
  endfacet
  facet normal 0 0 -1
    outer loop
      vertex -2.0556236545438695 2.311657072034002 0
      vertex -0.6333036596526829 4.253164115137754 0
      vertex -1.2852207954511043 2.8152534053632547 0
    endloop
  endfacet
  facet normal 0 0 -1
    outer loop
      vertex -1.2852207954511043 2.8152534053632547 0
      vertex -0.5694018992255456 2.1250368178359507 0
      vertex -0.8419035512031976 2.032534971524831 0
    endloop
  endfacet
  facet normal 0 0 -1
    outer loop
      vertex 0 2.732050807568877 0
      vertex -0.2871576228841135 2.181178695022383 0
      vertex -0.5694018992255456 2.1250368178359507 0
    endloop
  endfacet
  facet normal 0 0 -1
    outer loop
      vertex -1.2852207954511043 2.8152534053632547 0
      vertex -0.6333036596526829 4.253164115137754 0
      vertex -0.5694018992255456 2.1250368178359507 0
    endloop
  endfacet
  facet normal 0 0 -1
    outer loop
      vertex 0 2.732050807568877 0
      vertex -0.5694018992255456 2.1250368178359507 0
      vertex -0.6333036596526829 4.253164115137754 0
    endloop
  endfacet
  facet normal 0 0 -1
    outer loop
      vertex 0 2.732050807568877 0
      vertex -0.1451110709842658 2.1904889179148634 0
      vertex -0.2871576228841135 2.181178695022383 0
    endloop
  endfacet
  facet normal 0 0 -1
    outer loop
      vertex 0 2.732050807568877 0
      vertex -0.6333036596526829 4.253164115137754 0
      vertex 0.059034191907241386 3.0961306946379 0
    endloop
  endfacet
  facet normal 0.8581081606457335 0.513468971441504 0
    outer loop
      vertex 0.059034191907241386 3.0961306946379 0
      vertex -0.6333036596526829 4.253164115137754 0
      vertex -0.6333036596526829 4.253164115137754 0.9246527777777778
    endloop
  endfacet
  facet normal 0.8581081606457335 0.513468971441504 0
    outer loop
      vertex 0.059034191907241386 3.0961306946379 0
      vertex -0.6333036596526829 4.253164115137754 0.9246527777777778
      vertex 0.059034191907241386 3.0961306946379 1.3983809144050137
    endloop
  endfacet
  facet normal 0.8581081606457335 0.5134689714415038 0
    outer loop
      vertex -3.200961894323342 8.544228634059948 0.9333333333333333
      vertex -3.200961894323342 8.544228634059948 1.2
      vertex -0.6333036596526829 4.253164115137754 0.9246527777777778
    endloop
  endfacet
  facet normal -0.16241369153427246 -0.05513201928903138 0.9851813301374139
    outer loop
      vertex -2.856558514663941 1.7800803244050925 1.394957461776617
      vertex -2.8366996340101425 1.8027250377945812 1.3994985576695749
      vertex -5.88581929876693 7.220203485512313 1.2
    endloop
  endfacet
  facet normal -0.16241369153431093 -0.05513201928905329 0.9851813301374064
    outer loop
      vertex -2.8366996340101425 1.8027250377945812 1.3994985576695749
      vertex -2.8343557159014634 1.8047805988070753 1.4
      vertex -5.88581929876693 7.220203485512313 1.2
    endloop
  endfacet
  facet normal -0.1624136915342679 -0.055132019289028764 0.9851813301374148
    outer loop
      vertex -2.8343557159014634 1.8047805988070753 1.4
      vertex -2.8454813220625095 1.837555577675507 1.4
      vertex -5.88581929876693 7.220203485512313 1.2
    endloop
  endfacet
  facet normal -0.4766325001923103 -0.2350491373677007 0.8470970208796198
    outer loop
      vertex -2.8638446778209934 1.7717720476559224 1.3885524393157593
      vertex -2.856558514663941 1.7800803244050925 1.394957461776617
      vertex -5.799038105676658 7.044228634059947 1.2
    endloop
  endfacet
  facet normal -0.09969266933137809 -0.019830104867101964 0.9948206565117877
    outer loop
      vertex -2.8454813220625095 1.837555577675507 1.4
      vertex -2.886311778198097 2.042824142287458 1.4
      vertex -5.9488887394336025 7.4060000664061665 1.2
    endloop
  endfacet
  facet normal 0 0 1
    outer loop
      vertex -2.8343557159014634 1.8047805988070753 1.4
      vertex -2.777692422703446 1.8544729732573935 1.4
      vertex -2.8454813220625095 1.837555577675507 1.4
    endloop
  endfacet
  facet normal 0 0 1
    outer loop
      vertex -2.8454813220625095 1.837555577675507 1.4
      vertex -2.777692422703446 1.8544729732573935 1.4
      vertex -2.886311778198097 2.042824142287458 1.4
    endloop
  endfacet
  facet normal 0 0 1
    outer loop
      vertex -2.777692422703446 1.8544729732573935 1.4
      vertex -2.7124355652982137 1.898076211353316 1.4
      vertex -2.886311778198097 2.042824142287458 1.4
    endloop
  endfacet
  facet normal 0 0 1
    outer loop
      vertex -2.7124355652982137 1.898076211353316 1.4
      vertex -2.8454813220625095 2.6657765220035734 1.4
      vertex -2.886311778198097 2.042824142287458 1.4
    endloop
  endfacet
  facet normal 0 0 1
    outer loop
      vertex -2.7124355652982137 1.898076211353316 1.4
      vertex -2.6420456247172677 1.9327886885894243 1.4
      vertex -2.8454813220625095 2.6657765220035734 1.4
    endloop
  endfacet
  facet normal 0 0 1
    outer loop
      vertex -2.886311778198097 2.042824142287458 1.4
      vertex -2.8863117781980967 2.460507957391623 1.4
      vertex -2.9000000000000004 2.2516660498395407 1.4
    endloop
  endfacet
  facet normal 0 0 1
    outer loop
      vertex -2.886311778198097 2.042824142287458 1.4
      vertex -2.8454813220625095 2.6657765220035734 1.4
      vertex -2.8863117781980967 2.460507957391623 1.4
    endloop
  endfacet
  facet normal 0 0 1
    outer loop
      vertex -2.8454813220625095 2.6657765220035734 1.4
      vertex -2.685640646055102 3.0516660498395405 1.4
      vertex -2.778207252018059 2.863959541623684 1.4
    endloop
  endfacet
  facet normal -0.16241369153427268 -0.055132019289031824 0.9851813301374138
    outer loop
      vertex -2.8454813220625095 1.837555577675507 1.4
      vertex -5.9488887394336025 7.4060000664061665 1.2
      vertex -5.88581929876693 7.220203485512313 1.2
    endloop
  endfacet
  facet normal -0.4766325001923261 -0.23504913736771124 0.847097020879608
    outer loop
      vertex -2.856558514663941 1.7800803244050925 1.394957461776617
      vertex -5.88581929876693 7.220203485512313 1.2
      vertex -5.799038105676658 7.044228634059947 1.2
    endloop
  endfacet
  facet normal -0.09969266933137783 -0.01983010486710161 0.9948206565117876
    outer loop
      vertex -2.886311778198097 2.042824142287458 1.4
      vertex -5.9871672920607155 7.5984393457298705 1.2
      vertex -5.9488887394336025 7.4060000664061665 1.2
    endloop
  endfacet
  facet normal -0.07288494672040789 -0.004777131795159634 0.9973289144276201
    outer loop
      vertex -2.9000000000000004 2.2516660498395407 1.4
      vertex -6 7.794228634059948 1.2
      vertex -5.9871672920607155 7.5984393457298705 1.2
    endloop
  endfacet
  facet normal -0.057652279609836765 0.0037787300448210433 0.9983295727639434
    outer loop
      vertex -2.9000000000000004 2.2516660498395407 1.4
      vertex -5.9871672920607155 7.990017922390024 1.2
      vertex -6 7.794228634059948 1.2
    endloop
  endfacet
  facet normal -0.04755462290410729 0.009459202621702802 0.9988238489975145
    outer loop
      vertex -2.8454813220625095 2.6657765220035734 1.4
      vertex -5.9488887394336025 8.182457201713728 1.2
      vertex -5.9871672920607155 7.990017922390024 1.2
    endloop
  endfacet
  facet normal -0.040156219556854576 0.013631199748426916 0.9991004295987066
    outer loop
      vertex -2.8454813220625095 2.6657765220035734 1.4
      vertex -5.885819298766931 8.368253782607582 1.2
      vertex -5.9488887394336025 8.182457201713728 1.2
    endloop
  endfacet
  facet normal -0.03432711086127973 0.01692825771010963 0.9992672733312231
    outer loop
      vertex -5.885819298766931 8.368253782607582 1.2
      vertex -2.685640646055102 3.0516660498395405 1.4
      vertex -5.799038105676658 8.544228634059948 1.2
    endloop
  endfacet
  facet normal -0.029465175482202507 0.019688000819751455 0.9993718957713013
    outer loop
      vertex -5.799038105676658 8.544228634059948 1.2
      vertex -2.685640646055102 3.0516660498395405 1.4
      vertex -5.690030010436852 8.707370777573027 1.2
    endloop
  endfacet
  facet normal -0.02521293490699492 0.022111150476402816 0.9994375442907804
    outer loop
      vertex -5.690030010436852 8.707370777573027 1.2
      vertex -2.569365344465976 3.2256843362534933 1.4
      vertex -5.560660171779821 8.854888805839769 1.2
    endloop
  endfacet
  facet normal -0.021336406305805366 0.02432950849443926 0.999476279249474
    outer loop
      vertex -5.560660171779821 8.854888805839769 1.2
      vertex -2.2740182864139533 3.5210313943055165 1.4
      vertex -5.41314214351308 8.9842586444968 1.2
    endloop
  endfacet
  facet normal -0.07288494672040824 -0.004777131795159643 0.9973289144276201
    outer loop
      vertex -2.886311778198097 2.042824142287458 1.4
      vertex -2.9000000000000004 2.2516660498395407 1.4
      vertex -5.9871672920607155 7.5984393457298705 1.2
    endloop
  endfacet
  facet normal -0.05765227960983662 0.0037787300448211326 0.9983295727639433
    outer loop
      vertex -2.9000000000000004 2.2516660498395407 1.4
      vertex -2.8863117781980967 2.460507957391623 1.4
      vertex -5.9871672920607155 7.990017922390024 1.2
    endloop
  endfacet
  facet normal -0.0475546229041071 0.009459202621702828 0.9988238489975145
    outer loop
      vertex -2.8863117781980967 2.460507957391623 1.4
      vertex -2.8454813220625095 2.6657765220035734 1.4
      vertex -5.9871672920607155 7.990017922390024 1.2
    endloop
  endfacet
  facet normal -0.040156219556854396 0.013631199748427006 0.9991004295987067
    outer loop
      vertex -2.8454813220625095 2.6657765220035734 1.4
      vertex -2.778207252018059 2.863959541623684 1.4
      vertex -5.885819298766931 8.368253782607582 1.2
    endloop
  endfacet
  facet normal -0.034327110861279785 0.016928257710109595 0.9992672733312232
    outer loop
      vertex -2.778207252018059 2.863959541623684 1.4
      vertex -2.685640646055102 3.0516660498395405 1.4
      vertex -5.885819298766931 8.368253782607582 1.2
    endloop
  endfacet
  facet normal -0.029465175482202777 0.01968800081975135 0.9993718957713011
    outer loop
      vertex -5.690030010436852 8.707370777573027 1.2
      vertex -2.685640646055102 3.0516660498395405 1.4
      vertex -2.569365344465976 3.2256843362534933 1.4
    endloop
  endfacet
  facet normal -0.02521293490699481 0.022111150476402965 0.9994375442907804
    outer loop
      vertex -5.560660171779821 8.854888805839769 1.2
      vertex -2.569365344465976 3.2256843362534933 1.4
      vertex -2.431370849898476 3.3830368997380162 1.4
    endloop
  endfacet
  facet normal -0.02133640630580554 0.024329508494439087 0.999476279249474
    outer loop
      vertex -5.560660171779821 8.854888805839769 1.2
      vertex -2.431370849898476 3.3830368997380162 1.4
      vertex -2.2740182864139533 3.5210313943055165 1.4
    endloop
  endfacet
  facet normal -0.017666055772953916 0.026439120873372874 0.9994943138211793
    outer loop
      vertex -5.41314214351308 8.9842586444968 1.2
      vertex -2.2740182864139533 3.5210313943055165 1.4
      vertex -2.1 3.637306695894642 1.4
    endloop
  endfacet
  facet normal -0.014063922443591361 0.02851881352073728 0.9994943138211793
    outer loop
      vertex -5.074025148547634 9.180047932826875 1.2
      vertex -2.1 3.637306695894642 1.4
      vertex -1.9122934917841439 3.7298733018575994 1.4
    endloop
  endfacet
  facet normal -0.01040176926487074 0.030642624133513763 0.999476279249474
    outer loop
      vertex -5.074025148547634 9.180047932826875 1.2
      vertex -1.9122934917841439 3.7298733018575994 1.4
      vertex -1.7141104721640332 3.7971473719020494 1.4
    endloop
  endfacet
  facet normal -0.01766605577295422 0.02643912087337279 0.9994943138211793
    outer loop
      vertex -5.41314214351308 8.9842586444968 1.2
      vertex -2.1 3.637306695894642 1.4
      vertex -5.25 9.093266739736606 1.2
    endloop
  endfacet
  facet normal -0.014063922443590974 0.028518813520737585 0.9994943138211793
    outer loop
      vertex -5.25 9.093266739736606 1.2
      vertex -2.1 3.637306695894642 1.4
      vertex -5.074025148547634 9.180047932826875 1.2
    endloop
  endfacet
  facet normal -0.010401769264871054 0.03064262413351354 0.999476279249474
    outer loop
      vertex -5.074025148547634 9.180047932826875 1.2
      vertex -1.7141104721640332 3.7971473719020494 1.4
      vertex -4.8882285676537816 9.243117373493549 1.2
    endloop
  endfacet
  facet normal -0.006542350565967713 0.032890617371622494 0.9994375442907804
    outer loop
      vertex -4.8882285676537816 9.243117373493549 1.2
      vertex -1.5088419075520825 3.8379778280376367 1.4
      vertex -4.695789288330077 9.281395926120661 1.2
    endloop
  endfacet
  facet normal -0.0023177211185326386 0.03536159090442935 0.9993718957713013
    outer loop
      vertex -4.695789288330077 9.281395926120661 1.2
      vertex -1.5088419075520825 3.8379778280376367 1.4
      vertex -4.5 9.294228634059948 1.2
    endloop
  endfacet
  facet normal 0.0025032542118753618 0.03819227889944791 0.9992672733312231
    outer loop
      vertex -4.5 9.294228634059948 1.2
      vertex -1.3 3.8516660498395403 1.4
      vertex -4.304210711669922 9.281395926120663 1.2
    endloop
  endfacet
  facet normal 0.015585401682114917 0.045913112813197696 0.9988238489975145
    outer loop
      vertex -4.1117714323462184 9.24311737349355 1.2
      vertex -0.8858895278359666 3.79714737190205 1.4
      vertex -3.9259748514523656 9.180047932826877 1.2
    endloop
  endfacet
  facet normal 0.008273144512229085 0.04159190613039474 0.9991004295987066
    outer loop
      vertex -4.304210711669922 9.281395926120663 1.2
      vertex -0.8858895278359666 3.79714737190205 1.4
      vertex -4.1117714323462184 9.24311737349355 1.2
    endloop
  endfacet
  facet normal 0.02555366359205934 0.05181770375061247 0.9983295727639434
    outer loop
      vertex -3.9259748514523656 9.180047932826877 1.2
      vertex -0.5000000000000002 3.637306695894642 1.4
      vertex -3.75 9.093266739736606 1.2
    endloop
  endfacet
  facet normal 0 0 1
    outer loop
      vertex -2.8454813220625095 2.6657765220035734 1.4
      vertex -2.6420456247172677 1.9327886885894243 1.4
      vertex -2.5677269923597263 1.9580164648560936 1.4
    endloop
  endfacet
  facet normal 0 0 1
    outer loop
      vertex -2.8454813220625095 2.6657765220035734 1.4
      vertex -2.5677269923597263 1.9580164648560936 1.4
      vertex -2.4907512806302448 1.973327885906939 1.4
    endloop
  endfacet
  facet normal 0 0 1
    outer loop
      vertex -2.412435565298214 1.9784609690826525 1.4
      vertex -2.381126574139484 1.9764088693848574 1.4
      vertex -2.1920310216782974 2.1920310216782974 1.4
    endloop
  endfacet
  facet normal 0 0 1
    outer loop
      vertex -2.4907512806302448 1.973327885906939 1.4
      vertex -2.412435565298214 1.9784609690826525 1.4
      vertex -2.1 3.637306695894642 1.4
    endloop
  endfacet
  facet normal 0 0 1
    outer loop
      vertex -2.8454813220625095 2.6657765220035734 1.4
      vertex -2.4907512806302448 1.973327885906939 1.4
      vertex -2.1 3.637306695894642 1.4
    endloop
  endfacet
  facet normal 0 0 1
    outer loop
      vertex -2.412435565298214 1.9784609690826525 1.4
      vertex -2.1920310216782974 2.1920310216782974 1.4
      vertex -2.1 3.637306695894642 1.4
    endloop
  endfacet
  facet normal 0 0 1
    outer loop
      vertex -2.1920310216782974 2.1920310216782974 1.4
      vertex -1.8871604299270341 2.459395354902829 1.4
      vertex -2.1 3.637306695894642 1.4
    endloop
  endfacet
  facet normal 0 0 1
    outer loop
      vertex -2.8454813220625095 2.6657765220035734 1.4
      vertex -2.569365344465976 3.2256843362534933 1.4
      vertex -2.685640646055102 3.0516660498395405 1.4
    endloop
  endfacet
  facet normal 0 0 1
    outer loop
      vertex -2.8454813220625095 2.6657765220035734 1.4
      vertex -2.1 3.637306695894642 1.4
      vertex -2.569365344465976 3.2256843362534933 1.4
    endloop
  endfacet
  facet normal 0 0 1
    outer loop
      vertex -2.569365344465976 3.2256843362534933 1.4
      vertex -2.2740182864139533 3.5210313943055165 1.4
      vertex -2.431370849898476 3.3830368997380162 1.4
    endloop
  endfacet
  facet normal 0 0 1
    outer loop
      vertex -2.569365344465976 3.2256843362534933 1.4
      vertex -2.1 3.637306695894642 1.4
      vertex -2.2740182864139533 3.5210313943055165 1.4
    endloop
  endfacet
  facet normal 0 0 1
    outer loop
      vertex -2.1 3.637306695894642 1.4
      vertex -1.7141104721640332 3.7971473719020494 1.4
      vertex -1.9122934917841439 3.7298733018575994 1.4
    endloop
  endfacet
  facet normal 0 0 1
    outer loop
      vertex -1.8871604299270341 2.459395354902829 1.4
      vertex -1.55 2.68467875173176 1.4
      vertex -2.1 3.637306695894642 1.4
    endloop
  endfacet
  facet normal 0 0 1
    outer loop
      vertex -2.1 3.637306695894642 1.4
      vertex -1.55 2.68467875173176 1.4
      vertex -1.1863186403317783 2.864026550784989 1.4
    endloop
  endfacet
  facet normal 0 0 1
    outer loop
      vertex -2.1 3.637306695894642 1.4
      vertex -1.5088419075520825 3.8379778280376367 1.4
      vertex -1.7141104721640332 3.7971473719020494 1.4
    endloop
  endfacet
  facet normal 0 0 1
    outer loop
      vertex -2.1 3.637306695894642 1.4
      vertex -0.8858895278359666 3.79714737190205 1.4
      vertex -1.5088419075520825 3.8379778280376367 1.4
    endloop
  endfacet
  facet normal 0 0 1
    outer loop
      vertex -2.1 3.637306695894642 1.4
      vertex -1.1863186403317783 2.864026550784989 1.4
      vertex -0.8023390398178143 2.9943700614961117 1.4
    endloop
  endfacet
  facet normal 0 0 1
    outer loop
      vertex -2.1 3.637306695894642 1.4
      vertex -0.8023390398178143 2.9943700614961117 1.4
      vertex -0.4046311958821599 3.0734790702588124 1.4
    endloop
  endfacet
  facet normal 0 0 1
    outer loop
      vertex -1.5088419075520825 3.8379778280376367 1.4
      vertex -0.8858895278359666 3.79714737190205 1.4
      vertex -1.3 3.8516660498395403 1.4
    endloop
  endfacet
  facet normal 0 0 1
    outer loop
      vertex -1.3 3.8516660498395403 1.4
      vertex -0.8858895278359666 3.79714737190205 1.4
      vertex -1.0911580924479174 3.837977828037637 1.4
    endloop
  endfacet
  facet normal 0 0 1
    outer loop
      vertex -2.1 3.637306695894642 1.4
      vertex -0.4046311958821599 3.0734790702588124 1.4
      vertex 0 3.1 1.4
    endloop
  endfacet
  facet normal 0 0 1
    outer loop
      vertex -2.1 3.637306695894642 1.4
      vertex 0 3.1 1.4
      vertex -0.8858895278359666 3.79714737190205 1.4
    endloop
  endfacet
  facet normal 0 0 1
    outer loop
      vertex -0.8858895278359666 3.79714737190205 1.4
      vertex -0.325981713586047 3.521031394305517 1.4
      vertex -0.6877065082158564 3.7298733018575994 1.4
    endloop
  endfacet
  facet normal 0 0 1
    outer loop
      vertex -0.8858895278359666 3.79714737190205 1.4
      vertex 0 3.1 1.4
      vertex 0.055788161180932175 3.0963434507321073 1.4
    endloop
  endfacet
  facet normal 0 0 1
    outer loop
      vertex -0.6877065082158564 3.7298733018575994 1.4
      vertex -0.325981713586047 3.521031394305517 1.4
      vertex -0.5000000000000002 3.637306695894642 1.4
    endloop
  endfacet
  facet normal 0 0 1
    outer loop
      vertex -0.8858895278359666 3.79714737190205 1.4
      vertex 0.055788161180932175 3.0963434507321073 1.4
      vertex -0.325981713586047 3.521031394305517 1.4
    endloop
  endfacet
  facet normal 0 0 1
    outer loop
      vertex -0.325981713586047 3.521031394305517 1.4
      vertex 0.055788161180932175 3.0963434507321073 1.4
      vertex -0.03063465553402378 3.2256843362534933 1.4
    endloop
  endfacet
  facet normal 0 0 1
    outer loop
      vertex -0.325981713586047 3.521031394305517 1.4
      vertex -0.03063465553402378 3.2256843362534933 1.4
      vertex -0.16862915010152402 3.3830368997380167 1.4
    endloop
  endfacet
  facet normal 0.44187477419422483 0.2952512847519959 0.847097020879603
    outer loop
      vertex -0.03063465553402378 3.2256843362534933 1.4
      vertex 0.055788161180932175 3.0963434507321073 1.4
      vertex 0.059034191907241386 3.0961306946379 1.3983809144050137
    endloop
  endfacet
  facet normal 0.8581081606457335 0.5134689714415039 -4.861944096274814e-16
    outer loop
      vertex -0.6333036596526829 4.253164115137754 0.9246527777777778
      vertex -3.200961894323342 8.544228634059948 1.2
      vertex 0.059034191907241386 3.0961306946379 1.3983809144050137
    endloop
  endfacet
  facet normal -0.006542350565967962 0.03289061737162232 0.9994375442907804
    outer loop
      vertex -4.8882285676537816 9.243117373493549 1.2
      vertex -1.7141104721640332 3.7971473719020494 1.4
      vertex -1.5088419075520825 3.8379778280376367 1.4
    endloop
  endfacet
  facet normal -0.0023177211185322773 0.03536159090442971 0.9993718957713011
    outer loop
      vertex -4.5 9.294228634059948 1.2
      vertex -1.5088419075520825 3.8379778280376367 1.4
      vertex -1.3 3.8516660498395403 1.4
    endloop
  endfacet
  facet normal 0.0025032542118752976 0.038192278899447714 0.9992672733312232
    outer loop
      vertex -4.304210711669922 9.281395926120663 1.2
      vertex -1.3 3.8516660498395403 1.4
      vertex -1.0911580924479174 3.837977828037637 1.4
    endloop
  endfacet
  facet normal 0.008273144512229415 0.041591906130394894 0.9991004295987067
    outer loop
      vertex -4.304210711669922 9.281395926120663 1.2
      vertex -1.0911580924479174 3.837977828037637 1.4
      vertex -0.8858895278359666 3.79714737190205 1.4
    endloop
  endfacet
  facet normal 0.025553663592059874 0.05181770375061277 0.9983295727639433
    outer loop
      vertex -3.9259748514523656 9.180047932826877 1.2
      vertex -0.6877065082158564 3.7298733018575994 1.4
      vertex -0.5000000000000002 3.637306695894642 1.4
    endloop
  endfacet
  facet normal 0.015585401682114284 0.045913112813197286 0.9988238489975145
    outer loop
      vertex -3.9259748514523656 9.180047932826877 1.2
      vertex -0.8858895278359666 3.79714737190205 1.4
      vertex -0.6877065082158564 3.7298733018575994 1.4
    endloop
  endfacet
  facet normal 0.04057959085203852 0.06073164951576887 0.9973289144276201
    outer loop
      vertex -3.58685785648692 8.9842586444968 1.2
      vertex -0.5000000000000002 3.637306695894642 1.4
      vertex -0.325981713586047 3.521031394305517 1.4
    endloop
  endfacet
  facet normal 0.06701970924030935 0.07642133177850466 0.9948206565117876
    outer loop
      vertex -3.439339828220179 8.854888805839769 1.2
      vertex -0.325981713586047 3.521031394305517 1.4
      vertex -0.16862915010152402 3.3830368997380167 1.4
    endloop
  endfacet
  facet normal 0.44187477419423465 0.29525128475199947 0.8470970208795967
    outer loop
      vertex -3.3099699895631476 8.70737077757303 1.2
      vertex -0.03063465553402378 3.2256843362534933 1.4
      vertex 0.059034191907241386 3.0961306946379 1.3983809144050137
    endloop
  endfacet
  facet normal 0.12895257503336816 0.11308837314657151 0.9851813301374145
    outer loop
      vertex -3.3099699895631476 8.70737077757303 1.2
      vertex -0.16862915010152402 3.3830368997380167 1.4
      vertex -0.03063465553402378 3.2256843362534933 1.4
    endloop
  endfacet
  facet normal 0.06701970924030712 0.07642133177850328 0.9948206565117879
    outer loop
      vertex -3.58685785648692 8.9842586444968 1.2
      vertex -0.325981713586047 3.521031394305517 1.4
      vertex -3.439339828220179 8.854888805839769 1.2
    endloop
  endfacet
  facet normal 0.12895257503337004 0.11308837314657327 0.985181330137414
    outer loop
      vertex -3.439339828220179 8.854888805839769 1.2
      vertex -0.16862915010152402 3.3830368997380167 1.4
      vertex -3.3099699895631476 8.70737077757303 1.2
    endloop
  endfacet
  facet normal 0.0405795908520399 0.060731649515769696 0.99732891442762
    outer loop
      vertex -3.58685785648692 8.9842586444968 1.2
      vertex -3.75 9.093266739736606 1.2
      vertex -0.5000000000000002 3.637306695894642 1.4
    endloop
  endfacet
  facet normal 0.44187477419421356 0.29525128475198814 0.8470970208796117
    outer loop
      vertex -3.200961894323342 8.544228634059948 1.2
      vertex -3.3099699895631476 8.70737077757303 1.2
      vertex 0.059034191907241386 3.0961306946379 1.3983809144050137
    endloop
  endfacet
  facet normal 0 0 -1
    outer loop
      vertex -9.145893755077246 -14.599249113217496 0
      vertex -9.335723489674862 -14.214312490920676 0
      vertex -8.823205080756889 -14.88223948547079 0
    endloop
  endfacet
  facet normal 0 0 -1
    outer loop
      vertex -9.145893755077246 -14.599249113217496 0
      vertex -8.823205080756889 -14.88223948547079 0
      vertex -9.051022540062089 -14.707429000613105 0
    endloop
  endfacet
  facet normal 0 0 -1
    outer loop
      vertex -9.145893755077246 -14.599249113217496 0
      vertex -9.225833024919769 -14.479611541307904 0
      vertex -9.289472566519303 -14.350563316909502 0
    endloop
  endfacet
  facet normal 0 0 -1
    outer loop
      vertex -9.145893755077246 -14.599249113217496 0
      vertex -9.289472566519303 -14.350563316909502 0
      vertex -9.335723489674862 -14.214312490920676 0
    endloop
  endfacet
  facet normal 0 0 -1
    outer loop
      vertex -9.335723489674862 -14.214312490920676 0
      vertex -9.289472566519304 -13.508659765706307 0
      vertex -8.823205080756889 -14.88223948547079 0
    endloop
  endfacet
  facet normal 0 0 -1
    outer loop
      vertex -9.051022540062089 -14.707429000613105 0
      vertex -8.823205080756889 -14.88223948547079 0
      vertex -8.94284265266648 -14.802300215628263 0
    endloop
  endfacet
  facet normal 0 0 -1
    outer loop
      vertex -8.823205080756889 -14.88223948547079 0
      vertex -8.416783892198945 -15.020200888819096 0
      vertex -8.694156856358486 -14.945879027070319 0
    endloop
  endfacet
  facet normal 0 0 -1
    outer loop
      vertex -8.694156856358486 -14.945879027070319 0
      vertex -8.416783892198945 -15.020200888819096 0
      vertex -8.55790603036966 -14.992129950225879 0
    endloop
  endfacet
  facet normal 0 0 -1
    outer loop
      vertex -9.335723489674862 -14.214312490920676 0
      vertex -9.36379442826808 -14.073190352749963 0
      vertex -9.373205080756888 -13.929611541307905 0
    endloop
  endfacet
  facet normal 0 0 -1
    outer loop
      vertex -9.335723489674862 -14.214312490920676 0
      vertex -9.373205080756888 -13.929611541307905 0
      vertex -9.36379442826808 -13.786032729865846 0
    endloop
  endfacet
  facet normal 0 0 -1
    outer loop
      vertex -9.335723489674862 -14.214312490920676 0
      vertex -9.36379442826808 -13.786032729865846 0
      vertex -9.289472566519304 -13.508659765706307 0
    endloop
  endfacet
  facet normal 0 0 -1
    outer loop
      vertex -9.36379442826808 -13.786032729865846 0
      vertex -9.335723489674862 -13.644910591695131 0
      vertex -9.289472566519304 -13.508659765706307 0
    endloop
  endfacet
  facet normal 0 0 -1
    outer loop
      vertex -8.823205080756889 -14.88223948547079 0
      vertex -9.289472566519304 -13.508659765706307 0
      vertex -7.632554908742516 -12.91385044452168 0
    endloop
  endfacet
  facet normal 0 0 -1
    outer loop
      vertex -8.823205080756889 -14.88223948547079 0
      vertex -8.12962626931483 -15.020200888819096 0
      vertex -8.416783892198945 -15.020200888819096 0
    endloop
  endfacet
  facet normal 0 0 -1
    outer loop
      vertex -8.416783892198945 -15.020200888819096 0
      vertex -8.12962626931483 -15.020200888819096 0
      vertex -8.273205080756886 -15.029611541307904 0
    endloop
  endfacet
  facet normal 0 0 -1
    outer loop
      vertex -8.823205080756889 -14.88223948547079 0
      vertex -7.495387621451685 -14.707429000613107 0
      vertex -8.12962626931483 -15.020200888819096 0
    endloop
  endfacet
  facet normal 0 0 -1
    outer loop
      vertex -8.12962626931483 -15.020200888819096 0
      vertex -7.852253305155289 -14.94587902707032 0
      vertex -7.988504131144114 -14.992129950225879 0
    endloop
  endfacet
  facet normal 0 0 -1
    outer loop
      vertex -8.12962626931483 -15.020200888819096 0
      vertex -7.7232050807568875 -14.882239485470787 0
      vertex -7.852253305155289 -14.94587902707032 0
    endloop
  endfacet
  facet normal 0 0 -1
    outer loop
      vertex -8.12962626931483 -15.020200888819096 0
      vertex -7.495387621451685 -14.707429000613107 0
      vertex -7.7232050807568875 -14.882239485470787 0
    endloop
  endfacet
  facet normal 0 0 -1
    outer loop
      vertex -9.289472566519304 -13.508659765706307 0
      vertex -9.225833024919769 -13.379611541307904 0
      vertex -8.65086380303625 -12.325929530283002 0
    endloop
  endfacet
  facet normal 0 0 -1
    outer loop
      vertex -9.225833024919769 -13.379611541307904 0
      vertex -8.654700538379252 -12.323714390099912 0
      vertex -8.65086380303625 -12.325929530283002 0
    endloop
  endfacet
  facet normal 0 0 -1
    outer loop
      vertex -9.289472566519304 -13.508659765706307 0
      vertex -8.65086380303625 -12.325929530283002 0
      vertex -7.632554908742516 -12.91385044452168 0
    endloop
  endfacet
  facet normal 0 0 -1
    outer loop
      vertex -7.7232050807568875 -14.882239485470787 0
      vertex -7.495387621451685 -14.707429000613107 0
      vertex -7.603567508847294 -14.802300215628263 0
    endloop
  endfacet
  facet normal 0 0 -1
    outer loop
      vertex -8.823205080756889 -14.88223948547079 0
      vertex -3.3585420096920506 -8.721870270690573 0
      vertex -7.495387621451685 -14.707429000613107 0
    endloop
  endfacet
  facet normal 0 0 -1
    outer loop
      vertex -8.823205080756889 -14.88223948547079 0
      vertex -7.632554908742516 -12.91385044452168 0
      vertex -3.3585420096920506 -8.721870270690573 0
    endloop
  endfacet
  facet normal -0.8314696123025477 -0.5555702330195985 0
    outer loop
      vertex -9.145893755077246 -14.599249113217496 0
      vertex -9.145893755077246 -14.599249113217496 1
      vertex -9.225833024919769 -14.479611541307904 0
    endloop
  endfacet
  facet normal -0.7518398074789738 -0.659345815100073 0
    outer loop
      vertex -9.145893755077246 -14.599249113217496 0
      vertex -9.051022540062089 -14.707429000613105 0
      vertex -9.145893755077246 -14.599249113217496 1
    endloop
  endfacet
  facet normal -0.659345815100073 -0.7518398074789738 0
    outer loop
      vertex -9.051022540062089 -14.707429000613105 0
      vertex -8.94284265266648 -14.802300215628263 0
      vertex -9.051022540062089 -14.707429000613105 1
    endloop
  endfacet
  facet normal -0.8968727415326869 -0.44228869021900424 0
    outer loop
      vertex -9.289472566519303 -14.350563316909502 0
      vertex -9.225833024919769 -14.479611541307904 0
      vertex -9.289472566519303 -14.350563316909502 1
    endloop
  endfacet
  facet normal -0.9469301294951059 -0.3214394653031609 0
    outer loop
      vertex -9.289472566519303 -14.350563316909502 0
      vertex -9.335723489674862 -14.214312490920676 1
      vertex -9.335723489674862 -14.214312490920676 0
    endloop
  endfacet
  facet normal -0.980785280403229 -0.19509032201613621 0
    outer loop
      vertex -9.335723489674862 -14.214312490920676 0
      vertex -9.335723489674862 -14.214312490920676 1
      vertex -9.36379442826808 -14.073190352749963 0
    endloop
  endfacet
  facet normal -0.5555702330196213 -0.8314696123025325 0
    outer loop
      vertex -8.94284265266648 -14.802300215628263 0
      vertex -8.823205080756889 -14.88223948547079 0
      vertex -8.823205080756889 -14.88223948547079 1
    endloop
  endfacet
  facet normal -0.4422886902189795 -0.896872741532699 0
    outer loop
      vertex -8.823205080756889 -14.88223948547079 0
      vertex -8.694156856358486 -14.945879027070319 0
      vertex -8.823205080756889 -14.88223948547079 1
    endloop
  endfacet
  facet normal -0.3214394653031609 -0.9469301294951059 0
    outer loop
      vertex -8.694156856358486 -14.945879027070319 0
      vertex -8.55790603036966 -14.992129950225879 0
      vertex -8.55790603036966 -14.992129950225879 1
    endloop
  endfacet
  facet normal -0.9978589232386036 -0.06540312923014333 0
    outer loop
      vertex -9.36379442826808 -14.073190352749963 0
      vertex -9.373205080756888 -13.929611541307905 1
      vertex -9.373205080756888 -13.929611541307905 0
    endloop
  endfacet
  facet normal -0.9978589232386036 0.06540312923014333 0
    outer loop
      vertex -9.373205080756888 -13.929611541307905 0
      vertex -9.36379442826808 -13.786032729865846 1
      vertex -9.36379442826808 -13.786032729865846 0
    endloop
  endfacet
  facet normal -0.9807852804032294 0.19509032201613385 0
    outer loop
      vertex -9.36379442826808 -13.786032729865846 0
      vertex -9.36379442826808 -13.786032729865846 1
      vertex -9.335723489674862 -13.644910591695131 0
    endloop
  endfacet
  facet normal -0.9469301294951084 0.3214394653031536 0
    outer loop
      vertex -9.335723489674862 -13.644910591695131 0
      vertex -9.289472566519304 -13.508659765706307 1
      vertex -9.289472566519304 -13.508659765706307 0
    endloop
  endfacet
  facet normal -0.8968727415326844 0.44228869021900924 0
    outer loop
      vertex -9.289472566519304 -13.508659765706307 0
      vertex -9.225833024919769 -13.379611541307904 1
      vertex -9.225833024919769 -13.379611541307904 0
    endloop
  endfacet
  facet normal -0.19509032201613385 -0.9807852804032294 0
    outer loop
      vertex -8.55790603036966 -14.992129950225879 0
      vertex -8.416783892198945 -15.020200888819096 0
      vertex -8.55790603036966 -14.992129950225879 1
    endloop
  endfacet
  facet normal -0.06540312923014333 -0.9978589232386036 0
    outer loop
      vertex -8.416783892198945 -15.020200888819096 0
      vertex -8.273205080756886 -15.029611541307904 0
      vertex -8.416783892198945 -15.020200888819096 1
    endloop
  endfacet
  facet normal 0.06540312923014413 -0.9978589232386036 0
    outer loop
      vertex -8.273205080756886 -15.029611541307904 0
      vertex -8.12962626931483 -15.020200888819096 0
      vertex -8.12962626931483 -15.020200888819096 1
    endloop
  endfacet
  facet normal 0.19509032201613263 -0.9807852804032295 0
    outer loop
      vertex -8.12962626931483 -15.020200888819096 0
      vertex -7.988504131144114 -14.992129950225879 0
      vertex -7.988504131144114 -14.992129950225879 1
    endloop
  endfacet
  facet normal 0.3214394653031517 -0.946930129495109 0
    outer loop
      vertex -7.988504131144114 -14.992129950225879 0
      vertex -7.852253305155289 -14.94587902707032 0
      vertex -7.988504131144114 -14.992129950225879 1
    endloop
  endfacet
  facet normal 0.44228869021900424 -0.8968727415326869 0
    outer loop
      vertex -7.852253305155289 -14.94587902707032 0
      vertex -7.7232050807568875 -14.882239485470787 0
      vertex -7.7232050807568875 -14.882239485470787 1
    endloop
  endfacet
  facet normal -0.8795750158946952 0.47576022470762175 0
    outer loop
      vertex -9.225833024919769 -13.379611541307904 0
      vertex -9.225833024919769 -13.379611541307904 1
      vertex -8.654700538379252 -12.323714390099912 0
    endloop
  endfacet
  facet normal 0.5555702330196043 -0.8314696123025439 0
    outer loop
      vertex -7.7232050807568875 -14.882239485470787 0
      vertex -7.603567508847294 -14.802300215628263 0
      vertex -7.7232050807568875 -14.882239485470787 1
    endloop
  endfacet
  facet normal 0.659345815100066 -0.7518398074789799 0
    outer loop
      vertex -7.603567508847294 -14.802300215628263 0
      vertex -7.495387621451685 -14.707429000613107 0
      vertex -7.495387621451685 -14.707429000613107 1
    endloop
  endfacet
  facet normal 0.7518398074789799 -0.659345815100066 0
    outer loop
      vertex -7.495387621451685 -14.707429000613107 0
      vertex -7.400516406436529 -14.599249113217498 0
      vertex -7.495387621451685 -14.707429000613107 1
    endloop
  endfacet
  facet normal 0.8214376141903597 -0.5702983832988219 0
    outer loop
      vertex -7.400516406436529 -14.599249113217498 0
      vertex -6.63161135192137 -13.491745476495991 0
      vertex -6.63161135192137 -13.491745476495991 1.0375942466436
    endloop
  endfacet
  facet normal 0 0 -1
    outer loop
      vertex -7.495387621451685 -14.707429000613107 0
      vertex -3.200961894323342 -8.544228634059948 0
      vertex -7.400516406436529 -14.599249113217498 0
    endloop
  endfacet
  facet normal 0 0 -1
    outer loop
      vertex -7.400516406436529 -14.599249113217498 0
      vertex -3.200961894323342 -8.544228634059948 0
      vertex -6.63161135192137 -13.491745476495991 0
    endloop
  endfacet
  facet normal 0 0 -1
    outer loop
      vertex -6.63161135192137 -13.491745476495991 0
      vertex -3.200961894323342 -8.544228634059948 0
      vertex -5.278985351787418 -11.54347084170767 0
    endloop
  endfacet
  facet normal 0 0 -1
    outer loop
      vertex -7.495387621451685 -14.707429000613107 0
      vertex -3.3585420096920506 -8.721870270690573 0
      vertex -3.200961894323342 -8.544228634059948 0
    endloop
  endfacet
  facet normal 0 0 -1
    outer loop
      vertex -7.632554908742516 -12.91385044452168 0
      vertex -3.660151295512197 -8.739568007216171 0
      vertex -3.3585420096920506 -8.721870270690573 0
    endloop
  endfacet
  facet normal 0 0 -1
    outer loop
      vertex -5.278985351787418 -11.54347084170767 0
      vertex -3.200961894323342 -8.544228634059948 0
      vertex -3.3099699895631476 -8.70737077757303 0
    endloop
  endfacet
  facet normal 0 0 -1
    outer loop
      vertex -3.660151295512197 -8.739568007216171 0
      vertex -3.243079956061261 -8.017179256906346 0
      vertex -3.3585420096920506 -8.721870270690573 0
    endloop
  endfacet
  facet normal 0 0 -1
    outer loop
      vertex -3.3585420096920506 -8.721870270690573 0
      vertex -3.243079956061261 -8.017179256906346 0
      vertex -3.187215286715307 -8.439812782785198 0
    endloop
  endfacet
  facet normal 0.8214376141903594 -0.5702983832988221 0
    outer loop
      vertex -5.278985351787418 -11.54347084170767 0
      vertex -3.3099699895631476 -8.70737077757303 0
      vertex -3.3099699895631476 -8.70737077757303 1.2
    endloop
  endfacet
  facet normal 0.8314696123025446 -0.5555702330196032 0
    outer loop
      vertex -3.3099699895631476 -8.70737077757303 0
      vertex -3.200961894323342 -8.544228634059948 0
      vertex -3.200961894323342 -8.544228634059948 1.2
    endloop
  endfacet
  facet normal -0.7518398074789738 -0.659345815100073 0
    outer loop
      vertex -9.051022540062089 -14.707429000613105 0
      vertex -9.051022540062089 -14.707429000613105 1
      vertex -9.145893755077246 -14.599249113217496 1
    endloop
  endfacet
  facet normal -0.659345815100073 -0.7518398074789738 0
    outer loop
      vertex -8.94284265266648 -14.802300215628263 0
      vertex -8.94284265266648 -14.802300215628263 1
      vertex -9.051022540062089 -14.707429000613105 1
    endloop
  endfacet
  facet normal -0.8314696123025477 -0.5555702330195985 0
    outer loop
      vertex -9.225833024919769 -14.479611541307904 0
      vertex -9.145893755077246 -14.599249113217496 1
      vertex -9.225833024919769 -14.479611541307904 1
    endloop
  endfacet
  facet normal -0.8968727415326869 -0.44228869021900424 0
    outer loop
      vertex -9.225833024919769 -14.479611541307904 0
      vertex -9.225833024919769 -14.479611541307904 1
      vertex -9.289472566519303 -14.350563316909502 1
    endloop
  endfacet
  facet normal -0.9469301294951059 -0.3214394653031609 0
    outer loop
      vertex -9.289472566519303 -14.350563316909502 0
      vertex -9.289472566519303 -14.350563316909502 1
      vertex -9.335723489674862 -14.214312490920676 1
    endloop
  endfacet
  facet normal -0.980785280403229 -0.19509032201613621 0
    outer loop
      vertex -9.36379442826808 -14.073190352749963 0
      vertex -9.335723489674862 -14.214312490920676 1
      vertex -9.36379442826808 -14.073190352749963 1
    endloop
  endfacet
  facet normal -0.5555702330196213 -0.8314696123025325 0
    outer loop
      vertex -8.94284265266648 -14.802300215628263 0
      vertex -8.823205080756889 -14.88223948547079 1
      vertex -8.94284265266648 -14.802300215628263 1
    endloop
  endfacet
  facet normal -0.4422886902189795 -0.896872741532699 0
    outer loop
      vertex -8.694156856358486 -14.945879027070319 0
      vertex -8.694156856358486 -14.945879027070319 1
      vertex -8.823205080756889 -14.88223948547079 1
    endloop
  endfacet
  facet normal -0.3214394653031609 -0.9469301294951059 0
    outer loop
      vertex -8.694156856358486 -14.945879027070319 0
      vertex -8.55790603036966 -14.992129950225879 1
      vertex -8.694156856358486 -14.945879027070319 1
    endloop
  endfacet
  facet normal -0.9978589232386036 -0.06540312923014333 0
    outer loop
      vertex -9.36379442826808 -14.073190352749963 0
      vertex -9.36379442826808 -14.073190352749963 1
      vertex -9.373205080756888 -13.929611541307905 1
    endloop
  endfacet
  facet normal -0.9978589232386036 0.06540312923014333 0
    outer loop
      vertex -9.373205080756888 -13.929611541307905 0
      vertex -9.373205080756888 -13.929611541307905 1
      vertex -9.36379442826808 -13.786032729865846 1
    endloop
  endfacet
  facet normal -0.9807852804032294 0.19509032201613385 0
    outer loop
      vertex -9.335723489674862 -13.644910591695131 0
      vertex -9.36379442826808 -13.786032729865846 1
      vertex -9.335723489674862 -13.644910591695131 1
    endloop
  endfacet
  facet normal -0.9469301294951084 0.3214394653031536 0
    outer loop
      vertex -9.335723489674862 -13.644910591695131 0
      vertex -9.335723489674862 -13.644910591695131 1
      vertex -9.289472566519304 -13.508659765706307 1
    endloop
  endfacet
  facet normal -0.8968727415326844 0.44228869021900924 0
    outer loop
      vertex -9.289472566519304 -13.508659765706307 0
      vertex -9.289472566519304 -13.508659765706307 1
      vertex -9.225833024919769 -13.379611541307904 1
    endloop
  endfacet
  facet normal -0.19509032201613385 -0.9807852804032294 0
    outer loop
      vertex -8.416783892198945 -15.020200888819096 0
      vertex -8.416783892198945 -15.020200888819096 1
      vertex -8.55790603036966 -14.992129950225879 1
    endloop
  endfacet
  facet normal -0.06540312923014333 -0.9978589232386036 0
    outer loop
      vertex -8.273205080756886 -15.029611541307904 0
      vertex -8.273205080756886 -15.029611541307904 1
      vertex -8.416783892198945 -15.020200888819096 1
    endloop
  endfacet
  facet normal 0.06540312923014413 -0.9978589232386036 0
    outer loop
      vertex -8.273205080756886 -15.029611541307904 0
      vertex -8.12962626931483 -15.020200888819096 1
      vertex -8.273205080756886 -15.029611541307904 1
    endloop
  endfacet
  facet normal 0.19509032201613263 -0.9807852804032295 0
    outer loop
      vertex -8.12962626931483 -15.020200888819096 0
      vertex -7.988504131144114 -14.992129950225879 1
      vertex -8.12962626931483 -15.020200888819096 1
    endloop
  endfacet
  facet normal 0.3214394653031517 -0.946930129495109 0
    outer loop
      vertex -7.852253305155289 -14.94587902707032 0
      vertex -7.852253305155289 -14.94587902707032 1
      vertex -7.988504131144114 -14.992129950225879 1
    endloop
  endfacet
  facet normal 0.44228869021900424 -0.8968727415326869 0
    outer loop
      vertex -7.852253305155289 -14.94587902707032 0
      vertex -7.7232050807568875 -14.882239485470787 1
      vertex -7.852253305155289 -14.94587902707032 1
    endloop
  endfacet
  facet normal -0.8795750158946952 0.47576022470762175 0
    outer loop
      vertex -8.654700538379252 -12.323714390099912 0
      vertex -9.225833024919769 -13.379611541307904 1
      vertex -8.654700538379252 -12.323714390099912 0.951851851851852
    endloop
  endfacet
  facet normal 0.5555702330196043 -0.8314696123025439 0
    outer loop
      vertex -7.603567508847294 -14.802300215628263 0
      vertex -7.603567508847294 -14.802300215628263 1
      vertex -7.7232050807568875 -14.882239485470787 1
    endloop
  endfacet
  facet normal 0.659345815100066 -0.7518398074789799 0
    outer loop
      vertex -7.603567508847294 -14.802300215628263 0
      vertex -7.495387621451685 -14.707429000613107 1
      vertex -7.603567508847294 -14.802300215628263 1
    endloop
  endfacet
  facet normal 0.7518398074789799 -0.659345815100066 0
    outer loop
      vertex -7.400516406436529 -14.599249113217498 0
      vertex -7.400516406436529 -14.599249113217498 1
      vertex -7.495387621451685 -14.707429000613107 1
    endloop
  endfacet
  facet normal 0.8214376141903595 -0.5702983832988219 0
    outer loop
      vertex -7.400516406436529 -14.599249113217498 0
      vertex -6.63161135192137 -13.491745476495991 1.0375942466436
      vertex -7.400516406436529 -14.599249113217498 1
    endloop
  endfacet
  facet normal -0.019668718354060345 -0.02242787484505451 0.9995549669469124
    outer loop
      vertex -9.051022540062089 -14.707429000613105 1
      vertex -8.94284265266648 -14.802300215628263 1
      vertex -7.754456231792542 -12.843470682844176 1.06733638833052
    endloop
  endfacet
  facet normal -0.016336787399451394 -0.02444973016545869 0.9995675665368007
    outer loop
      vertex -8.94284265266648 -14.802300215628263 1
      vertex -8.823205080756889 -14.88223948547079 1
      vertex -7.754456231792542 -12.843470682844176 1.06733638833052
    endloop
  endfacet
  facet normal -0.013055890320052723 -0.02647472658344144 0.9995642213386206
    outer loop
      vertex -8.823205080756889 -14.88223948547079 1
      vertex -8.694156856358486 -14.945879027070319 1
      vertex -7.614621009324411 -12.924204586178343 1.0676470588235294
    endloop
  endfacet
  facet normal -0.0097016198438228 -0.028580050450118372 0.9995444258704435
    outer loop
      vertex -8.694156856358486 -14.945879027070319 1
      vertex -8.55790603036966 -14.992129950225879 1
      vertex -7.475323883934585 -13.0046278190195 1.06733638833052
    endloop
  endfacet
  facet normal -0.006137220058132881 -0.030853888770117414 0.9995050635578188
    outer loop
      vertex -8.55790603036966 -14.992129950225879 1
      vertex -8.416783892198945 -15.020200888819096 1
      vertex -7.339361258062657 -13.083125877666387 1.0664115462291976
    endloop
  endfacet
  facet normal -0.0021898741971071783 -0.033411023816063076 0.9994392967752286
    outer loop
      vertex -8.416783892198945 -15.020200888819096 1
      vertex -8.273205080756886 -15.029611541307904 1
      vertex -7.209437151621521 -13.158137595494397 1.0648937646575514
    endloop
  endfacet
  facet normal 0.0023869866437231857 -0.03641837860248354 0.9993337800728688
    outer loop
      vertex -8.273205080756886 -15.029611541307904 1
      vertex -8.12962626931483 -15.020200888819096 1
      vertex -7.08808795421337 -13.228198587283938 1.06281753051736
    endloop
  endfacet
  facet normal -0.01966871835342947 -0.022427874845511803 0.9995549669469146
    outer loop
      vertex -9.051022540062089 -14.707429000613105 1
      vertex -7.754456231792542 -12.843470682844176 1.06733638833052
      vertex -7.754594924938355 -12.843390608319107 1.067335455900562
    endloop
  endfacet
  facet normal -0.01305589032005324 -0.026474726583441167 0.9995642213386204
    outer loop
      vertex -8.694156856358486 -14.945879027070319 1
      vertex -7.475323883934585 -13.0046278190195 1.06733638833052
      vertex -7.614621009324411 -12.924204586178343 1.0676470588235294
    endloop
  endfacet
  facet normal -0.009701619843822316 -0.028580050450118594 0.9995444258704435
    outer loop
      vertex -8.55790603036966 -14.992129950225879 1
      vertex -7.339361258062657 -13.083125877666387 1.0664115462291976
      vertex -7.475323883934585 -13.0046278190195 1.06733638833052
    endloop
  endfacet
  facet normal -0.01633678739945097 -0.024449730165458858 0.9995675665368007
    outer loop
      vertex -8.823205080756889 -14.88223948547079 1
      vertex -7.614621009324411 -12.924204586178343 1.0676470588235294
      vertex -7.754456231792542 -12.843470682844176 1.06733638833052
    endloop
  endfacet
  facet normal -0.03677500477323054 -0.012483431989994052 0.9992455969128312
    outer loop
      vertex -9.289472566519303 -14.350563316909502 1
      vertex -5.885819298766931 -8.368253782607582 1.2
      vertex -9.335723489674862 -14.214312490920676 1
    endloop
  endfacet
  facet normal -0.023183017600626864 -0.0203309607768968 0.9995244868080109
    outer loop
      vertex -9.145893755077246 -14.599249113217496 1
      vertex -9.051022540062089 -14.707429000613105 1
      vertex -5.560660171779821 -8.854888805839769 1.2
    endloop
  endfacet
  facet normal -0.03145784853709689 -0.015513294118855011 0.9993846814270263
    outer loop
      vertex -9.289472566519303 -14.350563316909502 1
      vertex -9.225833024919769 -14.479611541307904 1
      vertex -5.799038105676658 -8.544228634059948 1.2
    endloop
  endfacet
  facet normal -0.027039438954153915 -0.018067175490488425 0.9994710830788656
    outer loop
      vertex -9.145893755077246 -14.599249113217496 1
      vertex -5.799038105676658 -8.544228634059948 1.2
      vertex -9.225833024919769 -14.479611541307904 1
    endloop
  endfacet
  facet normal -0.043561822477423934 -0.00866498523635716 0.9990131558960067
    outer loop
      vertex -9.335723489674862 -14.214312490920676 1
      vertex -5.9871672920607155 -7.990017922390024 1.2
      vertex -9.36379442826808 -14.073190352749963 1
    endloop
  endfacet
  facet normal -0.05290087399647877 -0.003467306467681823 0.9985937488870376
    outer loop
      vertex -9.36379442826808 -14.073190352749963 1
      vertex -5.9871672920607155 -7.990017922390024 1.2
      vertex -9.373205080756888 -13.929611541307905 1
    endloop
  endfacet
  facet normal -0.06716314416492553 0.004402105042128298 0.9977322955267508
    outer loop
      vertex -9.373205080756888 -13.929611541307905 1
      vertex -6 -7.794228634059948 1.2
      vertex -9.36379442826808 -13.786032729865846 1
    endloop
  endfacet
  facet normal -0.09278565338032659 0.01845621397274968 0.9955150379037867
    outer loop
      vertex -9.36379442826808 -13.786032729865846 1
      vertex -5.9488887394336025 -7.4060000664061665 1.2
      vertex -9.335723489674862 -13.644910591695131 1
    endloop
  endfacet
  facet normal -0.15546462376620784 0.05277312864003018 0.9864308123993158
    outer loop
      vertex -9.335723489674862 -13.644910591695131 1
      vertex -5.9488887394336025 -7.4060000664061665 1.2
      vertex -9.289472566519304 -13.508659765706307 1
    endloop
  endfacet
  facet normal -0.532148342690746 0.26242652116808624 0.8049537019972691
    outer loop
      vertex -9.289472566519304 -13.508659765706307 1
      vertex -5.88581929876693 -7.220203485512313 1.2
      vertex -9.225833024919769 -13.379611541307904 1
    endloop
  endfacet
  facet normal 0.007985149423936926 -0.04014405704948314 0.999161994909877
    outer loop
      vertex -8.12962626931483 -15.020200888819096 1
      vertex -7.988504131144114 -14.992129950225879 1
      vertex -6.977615703614968 -13.29197977090491 1.0602293031091812
    endloop
  endfacet
  facet normal 0.015297389699835363 -0.04506465687323371 0.9988669413737093
    outer loop
      vertex -7.988504131144114 -14.992129950225879 1
      vertex -7.852253305155289 -14.94587902707032 1
      vertex -6.880032934375232 -13.34831920899374 1.057185846066333
    endloop
  endfacet
  facet normal 0.025710824560026088 -0.052136394667470345 0.9983089450924105
    outer loop
      vertex -7.852253305155289 -14.94587902707032 1
      vertex -7.7232050807568875 -14.882239485470787 1
      vertex -6.797021142584295 -13.396246089330152 1.0537522834925674
    endloop
  endfacet
  facet normal 0.042513403214922495 -0.0636258042419742 0.9970678851420536
    outer loop
      vertex -7.7232050807568875 -14.882239485470787 1
      vertex -7.603567508847294 -14.802300215628263 1
      vertex -6.729903810567666 -13.434996299037241 1.05
    endloop
  endfacet
  facet normal 0.07590096653555986 -0.08654846479749517 0.9933521060128502
    outer loop
      vertex -7.603567508847294 -14.802300215628263 1
      vertex -7.495387621451685 -14.707429000613107 1
      vertex -6.679633858385608 -13.464019669461702 1.046004502711255
    endloop
  endfacet
  facet normal 0.18036333156695633 -0.15817439657117802 0.9707986036740123
    outer loop
      vertex -7.495387621451685 -14.707429000613107 1
      vertex -7.400516406436529 -14.599249113217498 1
      vertex -6.64679444921655 -13.482979511185487 1.0418433517302836
    endloop
  endfacet
  facet normal 0.07590096653556144 -0.08654846479749626 0.99335210601285
    outer loop
      vertex -7.495387621451685 -14.707429000613107 1
      vertex -6.64679444921655 -13.482979511185487 1.0418433517302836
      vertex -6.679633858385608 -13.464019669461702 1.046004502711255
    endloop
  endfacet
  facet normal 0.18036333156695258 -0.1581743965711754 0.9707986036740134
    outer loop
      vertex -7.400516406436529 -14.599249113217498 1
      vertex -6.63161135192137 -13.491745476495991 1.0375942466436
      vertex -6.64679444921655 -13.482979511185487 1.0418433517302836
    endloop
  endfacet
  facet normal -0.006137220058133668 -0.030853888770116963 0.9995050635578187
    outer loop
      vertex -8.416783892198945 -15.020200888819096 1
      vertex -7.209437151621521 -13.158137595494397 1.0648937646575514
      vertex -7.339361258062657 -13.083125877666387 1.0664115462291976
    endloop
  endfacet
  facet normal -0.0021898741971068123 -0.03341102381606328 0.9994392967752285
    outer loop
      vertex -8.273205080756886 -15.029611541307904 1
      vertex -7.08808795421337 -13.228198587283938 1.06281753051736
      vertex -7.209437151621521 -13.158137595494397 1.0648937646575514
    endloop
  endfacet
  facet normal 0.002386986643723213 -0.03641837860248355 0.9993337800728687
    outer loop
      vertex -8.12962626931483 -15.020200888819096 1
      vertex -6.977615703614968 -13.29197977090491 1.0602293031091812
      vertex -7.08808795421337 -13.228198587283938 1.06281753051736
    endloop
  endfacet
  facet normal 0.007985149423936765 -0.04014405704948302 0.999161994909877
    outer loop
      vertex -7.988504131144114 -14.992129950225879 1
      vertex -6.880032934375232 -13.34831920899374 1.057185846066333
      vertex -6.977615703614968 -13.29197977090491 1.0602293031091812
    endloop
  endfacet
  facet normal 0.015297389699835053 -0.04506465687323349 0.9988669413737092
    outer loop
      vertex -7.852253305155289 -14.94587902707032 1
      vertex -6.797021142584295 -13.396246089330152 1.0537522834925674
      vertex -6.880032934375232 -13.34831920899374 1.057185846066333
    endloop
  endfacet
  facet normal 0.02571082456002621 -0.0521363946674704 0.9983089450924104
    outer loop
      vertex -7.7232050807568875 -14.882239485470787 1
      vertex -6.729903810567666 -13.434996299037241 1.05
      vertex -6.797021142584295 -13.396246089330152 1.0537522834925674
    endloop
  endfacet
  facet normal 0.042513403214923216 -0.06362580424197478 0.9970678851420536
    outer loop
      vertex -7.603567508847294 -14.802300215628263 1
      vertex -6.679633858385608 -13.464019669461702 1.046004502711255
      vertex -6.729903810567666 -13.434996299037241 1.05
    endloop
  endfacet
  facet normal -0.019668718354061355 -0.022427874845053916 0.9995549669469125
    outer loop
      vertex -9.051022540062089 -14.707429000613105 1
      vertex -7.754594924938355 -12.843390608319107 1.067335455900562
      vertex -5.41314214351308 -8.9842586444968 1.2
    endloop
  endfacet
  facet normal -0.8795750158946949 0.47576022470762214 1.2863532323489845e-14
    outer loop
      vertex -9.225833024919769 -13.379611541307904 1
      vertex -5.799038105676658 -7.044228634059947 1.2
      vertex -8.654700538379252 -12.323714390099912 0.951851851851852
    endloop
  endfacet
  facet normal -0.8795750158946948 0.47576022470762264 0
    outer loop
      vertex -8.654700538379252 -12.323714390099912 0.951851851851852
      vertex -5.799038105676658 -7.044228634059947 1.2
      vertex -5.799038105676658 -7.044228634059947 0.9333333333333333
    endloop
  endfacet
  facet normal 0.8214376141903593 -0.5702983832988221 0
    outer loop
      vertex -5.278985351787418 -11.54347084170767 0
      vertex -3.3099699895631476 -8.70737077757303 1.2
      vertex -5.278985351787418 -11.54347084170767 1.1
    endloop
  endfacet
  facet normal 0.8314696123025446 -0.5555702330196032 0
    outer loop
      vertex -3.3099699895631476 -8.70737077757303 0
      vertex -3.200961894323342 -8.544228634059948 1.2
      vertex -3.3099699895631476 -8.70737077757303 1.2
    endloop
  endfacet
  facet normal -0.01966871835346291 -0.022427874845417105 0.999554966946916
    outer loop
      vertex -7.754132025279613 -12.8429362899219 1.0673547585300363
      vertex -5.41314214351308 -8.9842586444968 1.2
      vertex -7.754594924938355 -12.843390608319107 1.067335455900562
    endloop
  endfacet
  facet normal -0.01633678739945126 -0.024449730165458785 0.9995675665368007
    outer loop
      vertex -7.754132025279613 -12.8429362899219 1.0673547585300363
      vertex -7.259927857925748 -12.34956390921208 1.0875000000000001
      vertex -5.41314214351308 -8.9842586444968 1.2
    endloop
  endfacet
  facet normal -0.02703943895415362 -0.018067175490488554 0.9994710830788656
    outer loop
      vertex -9.145893755077246 -14.599249113217496 1
      vertex -5.690030010436852 -8.707370777573027 1.2
      vertex -5.799038105676658 -8.544228634059948 1.2
    endloop
  endfacet
  facet normal -0.03145784853709702 -0.015513294118854996 0.9993846814270262
    outer loop
      vertex -9.289472566519303 -14.350563316909502 1
      vertex -5.799038105676658 -8.544228634059948 1.2
      vertex -5.885819298766931 -8.368253782607582 1.2
    endloop
  endfacet
  facet normal -0.043561822477424544 -0.008664985236356837 0.9990131558960067
    outer loop
      vertex -9.335723489674862 -14.214312490920676 1
      vertex -5.9488887394336025 -8.182457201713728 1.2
      vertex -5.9871672920607155 -7.990017922390024 1.2
    endloop
  endfacet
  facet normal -0.052900873996478616 -0.00346730646768196 0.9985937488870377
    outer loop
      vertex -9.373205080756888 -13.929611541307905 1
      vertex -5.9871672920607155 -7.990017922390024 1.2
      vertex -6 -7.794228634059948 1.2
    endloop
  endfacet
  facet normal -0.036775004773230584 -0.012483431989993956 0.999245596912831
    outer loop
      vertex -9.335723489674862 -14.214312490920676 1
      vertex -5.885819298766931 -8.368253782607582 1.2
      vertex -5.9488887394336025 -8.182457201713728 1.2
    endloop
  endfacet
  facet normal -0.06716314416492539 0.004402105042128426 0.9977322955267508
    outer loop
      vertex -9.36379442826808 -13.786032729865846 1
      vertex -6 -7.794228634059948 1.2
      vertex -5.9871672920607155 -7.5984393457298705 1.2
    endloop
  endfacet
  facet normal -0.09278565338032477 0.0184562139727486 0.9955150379037869
    outer loop
      vertex -9.36379442826808 -13.786032729865846 1
      vertex -5.9871672920607155 -7.5984393457298705 1.2
      vertex -5.9488887394336025 -7.4060000664061665 1.2
    endloop
  endfacet
  facet normal -0.15546462376621514 0.052773128640034465 0.9864308123993144
    outer loop
      vertex -9.289472566519304 -13.508659765706307 1
      vertex -5.9488887394336025 -7.4060000664061665 1.2
      vertex -5.88581929876693 -7.220203485512313 1.2
    endloop
  endfacet
  facet normal -0.019668718354059977 -0.022427874845054745 0.9995549669469125
    outer loop
      vertex -9.051022540062089 -14.707429000613105 1
      vertex -5.41314214351308 -8.9842586444968 1.2
      vertex -5.560660171779821 -8.854888805839769 1.2
    endloop
  endfacet
  facet normal -0.013055890320053748 -0.026474726583440845 0.9995642213386206
    outer loop
      vertex -7.259927857925748 -12.34956390921208 1.0875000000000001
      vertex -6.946722826859237 -12.032076882218696 1.1
      vertex -5.25 -9.093266739736606 1.2
    endloop
  endfacet
  facet normal -0.023183017600627 -0.020330960776896587 0.9995244868080109
    outer loop
      vertex -9.145893755077246 -14.599249113217496 1
      vertex -5.560660171779821 -8.854888805839769 1.2
      vertex -5.690030010436852 -8.707370777573027 1.2
    endloop
  endfacet
  facet normal -0.013055890320052454 -0.026474726583441636 0.9995642213386206
    outer loop
      vertex -6.946722826859237 -12.032076882218696 1.1
      vertex -6.884091002453059 -12.062963479948596 1.1
      vertex -5.074025148547634 -9.180047932826875 1.2
    endloop
  endfacet
  facet normal -0.009701619843822139 -0.02858005045011875 0.9995444258704436
    outer loop
      vertex -6.884091002453059 -12.062963479948596 1.1
      vertex -6.723067299011717 -12.117623661859708 1.1
      vertex -5.074025148547634 -9.180047932826875 1.2
    endloop
  endfacet
  facet normal -0.006137220058133641 -0.030853888770116994 0.9995050635578189
    outer loop
      vertex -6.723067299011717 -12.117623661859708 1.1
      vertex -6.556286590264509 -12.150798407469878 1.1
      vertex -4.8882285676537816 -9.243117373493549 1.2
    endloop
  endfacet
  facet normal -0.5321483426906481 0.2624265211680312 0.8049537019973516
    outer loop
      vertex -9.225833024919769 -13.379611541307904 1
      vertex -5.88581929876693 -7.220203485512313 1.2
      vertex -5.799038105676658 -7.044228634059947 1.2
    endloop
  endfacet
  facet normal -0.0021898741971071037 -0.03341102381606305 0.9994392967752286
    outer loop
      vertex -6.556286590264509 -12.150798407469878 1.1
      vertex -6.386602540378442 -12.161920087683924 1.1
      vertex -4.695789288330077 -9.281395926120661 1.2
    endloop
  endfacet
  facet normal 0.002386986643723458 -0.03641837860248371 0.9993337800728689
    outer loop
      vertex -6.386602540378442 -12.161920087683924 1.1
      vertex -6.216918490492374 -12.150798407469876 1.1
      vertex -4.5 -9.294228634059948 1.2
    endloop
  endfacet
  facet normal 0.007985149423936674 -0.04014405704948299 0.9991619949098771
    outer loop
      vertex -6.216918490492374 -12.150798407469876 1.1
      vertex -6.050137781745165 -12.117623661859712 1.1
      vertex -4.304210711669922 -9.281395926120663 1.2
    endloop
  endfacet
  facet normal 0.015297389699835892 -0.045064656873234084 0.9988669413737092
    outer loop
      vertex -6.050137781745165 -12.117623661859712 1.1
      vertex -5.889114078303825 -12.062963479948596 1.1
      vertex -4.1117714323462184 -9.24311737349355 1.2
    endloop
  endfacet
  facet normal -0.016336787399451012 -0.02444973016545891 0.9995675665368006
    outer loop
      vertex -7.259927857925748 -12.34956390921208 1.0875000000000001
      vertex -5.25 -9.093266739736606 1.2
      vertex -5.41314214351308 -8.9842586444968 1.2
    endloop
  endfacet
  facet normal -0.013055890320052976 -0.026474726583441268 0.9995642213386206
    outer loop
      vertex -6.946722826859237 -12.032076882218696 1.1
      vertex -5.074025148547634 -9.180047932826875 1.2
      vertex -5.25 -9.093266739736606 1.2
    endloop
  endfacet
  facet normal -0.009701619843822968 -0.028580050450118275 0.9995444258704436
    outer loop
      vertex -6.723067299011717 -12.117623661859708 1.1
      vertex -4.8882285676537816 -9.243117373493549 1.2
      vertex -5.074025148547634 -9.180047932826875 1.2
    endloop
  endfacet
  facet normal -0.006137220058132483 -0.030853888770117587 0.9995050635578188
    outer loop
      vertex -6.556286590264509 -12.150798407469878 1.1
      vertex -4.695789288330077 -9.281395926120661 1.2
      vertex -4.8882285676537816 -9.243117373493549 1.2
    endloop
  endfacet
  facet normal 0.025710824560025453 -0.052136394667469874 0.9983089450924105
    outer loop
      vertex -5.889114078303825 -12.062963479948596 1.1
      vertex -5.736602540378443 -11.987753112603695 1.1
      vertex -3.9259748514523656 -9.180047932826877 1.2
    endloop
  endfacet
  facet normal 0.042513403214923945 -0.06362580424197518 0.9970678851420535
    outer loop
      vertex -5.736602540378443 -11.987753112603695 1.1
      vertex -5.5952126826671025 -11.893279430062526 1.1
      vertex -3.75 -9.093266739736606 1.2
    endloop
  endfacet
  facet normal 0.07590096653556315 -0.08654846479749743 0.9933521060128496
    outer loop
      vertex -5.5952126826671025 -11.893279430062526 1.1
      vertex -5.467363724835929 -11.781158903226432 1.1
      vertex -3.58685785648692 -8.9842586444968 1.2
    endloop
  endfacet
  facet normal 0.18036333156694437 -0.15817439657117005 0.9707986036740158
    outer loop
      vertex -5.467363724835929 -11.781158903226432 1.1
      vertex -5.355243197999836 -11.653309945395259 1.1
      vertex -3.439339828220179 -8.854888805839769 1.2
    endloop
  endfacet
  facet normal 0.8214376141903605 -0.5702983832988205 -6.642289836313301e-14
    outer loop
      vertex -5.355243197999836 -11.653309945395259 1.1
      vertex -5.278985351787418 -11.54347084170767 1.1
      vertex -3.3099699895631476 -8.70737077757303 1.2
    endloop
  endfacet
  facet normal -0.002189874197107612 -0.03341102381606274 0.9994392967752285
    outer loop
      vertex -6.386602540378442 -12.161920087683924 1.1
      vertex -4.5 -9.294228634059948 1.2
      vertex -4.695789288330077 -9.281395926120661 1.2
    endloop
  endfacet
  facet normal 0.0023869866437233353 -0.036418378602483606 0.9993337800728688
    outer loop
      vertex -6.216918490492374 -12.150798407469876 1.1
      vertex -4.304210711669922 -9.281395926120663 1.2
      vertex -4.5 -9.294228634059948 1.2
    endloop
  endfacet
  facet normal 0.007985149423936501 -0.040144057049482824 0.9991619949098771
    outer loop
      vertex -6.050137781745165 -12.117623661859712 1.1
      vertex -4.1117714323462184 -9.24311737349355 1.2
      vertex -4.304210711669922 -9.281395926120663 1.2
    endloop
  endfacet
  facet normal 0.015297389699836546 -0.045064656873234375 0.9988669413737091
    outer loop
      vertex -5.889114078303825 -12.062963479948596 1.1
      vertex -3.9259748514523656 -9.180047932826877 1.2
      vertex -4.1117714323462184 -9.24311737349355 1.2
    endloop
  endfacet
  facet normal 0.02571082456002527 -0.052136394667469624 0.9983089450924105
    outer loop
      vertex -5.736602540378443 -11.987753112603695 1.1
      vertex -3.75 -9.093266739736606 1.2
      vertex -3.9259748514523656 -9.180047932826877 1.2
    endloop
  endfacet
  facet normal 0.04251340321492335 -0.06362580424197473 0.9970678851420536
    outer loop
      vertex -5.5952126826671025 -11.893279430062526 1.1
      vertex -3.58685785648692 -8.9842586444968 1.2
      vertex -3.75 -9.093266739736606 1.2
    endloop
  endfacet
  facet normal 0.0759009665355593 -0.08654846479749492 0.9933521060128503
    outer loop
      vertex -5.467363724835929 -11.781158903226432 1.1
      vertex -3.439339828220179 -8.854888805839769 1.2
      vertex -3.58685785648692 -8.9842586444968 1.2
    endloop
  endfacet
  facet normal 0.18036333156694723 -0.15817439657117158 0.9707986036740149
    outer loop
      vertex -5.355243197999836 -11.653309945395259 1.1
      vertex -3.3099699895631476 -8.70737077757303 1.2
      vertex -3.439339828220179 -8.854888805839769 1.2
    endloop
  endfacet
  facet normal 0 0 -1
    outer loop
      vertex 15 -1.3333333333333333 0
      vertex 15 -1.3289030529671513 0
      vertex 16.2 -1.3 0
    endloop
  endfacet
  facet normal 0 0 -1
    outer loop
      vertex 15 -1.3289030529671513 0
      vertex 15 -0.15306122448979592 0
      vertex 16.343578811442057 -1.2905893475111914 0
    endloop
  endfacet
  facet normal 0 0 -1
    outer loop
      vertex 15 -1.3289030529671513 0
      vertex 16.343578811442057 -1.2905893475111914 0
      vertex 16.2 -1.3 0
    endloop
  endfacet
  facet normal 0 0 -1
    outer loop
      vertex 15 -0.15306122448979592 0
      vertex 17.3 -0.2 0
      vertex 16.343578811442057 -1.2905893475111914 0
    endloop
  endfacet
  facet normal 0 0 -1
    outer loop
      vertex 16.343578811442057 -1.2905893475111914 0
      vertex 16.620951775601597 -1.2162674857624154 0
      vertex 16.484700949612773 -1.2625184089179753 0
    endloop
  endfacet
  facet normal 0 0 -1
    outer loop
      vertex 16.343578811442057 -1.2905893475111914 0
      vertex 16.9778174593052 -0.9778174593052025 0
      vertex 16.620951775601597 -1.2162674857624154 0
    endloop
  endfacet
  facet normal 0 0 -1
    outer loop
      vertex 16.620951775601597 -1.2162674857624154 0
      vertex 16.9778174593052 -0.9778174593052025 0
      vertex 16.75 -1.1526279441628826 0
    endloop
  endfacet
  facet normal 0 0 -1
    outer loop
      vertex 16.75 -1.1526279441628826 0
      vertex 16.9778174593052 -0.9778174593052025 0
      vertex 16.869637571909593 -1.0726886743203587 0
    endloop
  endfacet
  facet normal 0 0 -1
    outer loop
      vertex 16.343578811442057 -1.2905893475111914 0
      vertex 17.3 -0.2 0
      vertex 16.9778174593052 -0.9778174593052025 0
    endloop
  endfacet
  facet normal 0 0 -1
    outer loop
      vertex 16.9778174593052 -0.9778174593052025 0
      vertex 17.216267485762415 -0.6209517756015988 0
      vertex 17.072688674320357 -0.8696375719095928 0
    endloop
  endfacet
  facet normal 0 0 -1
    outer loop
      vertex 17.072688674320357 -0.8696375719095928 0
      vertex 17.216267485762415 -0.6209517756015988 0
      vertex 17.15262794416288 -0.75 0
    endloop
  endfacet
  facet normal 0 0 -1
    outer loop
      vertex 16.9778174593052 -0.9778174593052025 0
      vertex 17.3 -0.2 0
      vertex 17.216267485762415 -0.6209517756015988 0
    endloop
  endfacet
  facet normal 0 0 -1
    outer loop
      vertex 17.216267485762415 -0.6209517756015988 0
      vertex 17.3 -0.2 0
      vertex 17.262518408917973 -0.4847009496127728 0
    endloop
  endfacet
  facet normal 0 0 -1
    outer loop
      vertex 17.262518408917973 -0.4847009496127728 0
      vertex 17.3 -0.2 0
      vertex 17.29058934751119 -0.34357881144205676 0
    endloop
  endfacet
  facet normal 0 0 -1
    outer loop
      vertex 17.3 -0.2 0
      vertex 17.216267485762415 0.2209517756015988 0
      vertex 17.29058934751119 -0.05642118855794326 0
    endloop
  endfacet
  facet normal 0 0 -1
    outer loop
      vertex 17.29058934751119 -0.05642118855794326 0
      vertex 17.216267485762415 0.2209517756015988 0
      vertex 17.262518408917973 0.0847009496127728 0
    endloop
  endfacet
  facet normal 0.027767067240353206 -0.9996144206527183 0
    outer loop
      vertex 15 -1.3333333333333333 0
      vertex 16.2 -1.3 0
      vertex 16.2 -1.3 1
    endloop
  endfacet
  facet normal 0.06540312923014333 -0.9978589232386036 0
    outer loop
      vertex 16.2 -1.3 0
      vertex 16.343578811442057 -1.2905893475111914 0
      vertex 16.2 -1.3 1
    endloop
  endfacet
  facet normal 0.1950903220161279 -0.9807852804032305 0
    outer loop
      vertex 16.343578811442057 -1.2905893475111914 0
      vertex 16.484700949612773 -1.2625184089179753 0
      vertex 16.343578811442057 -1.2905893475111914 1
    endloop
  endfacet
  facet normal 0.321439465303166 -0.9469301294951041 0
    outer loop
      vertex 16.484700949612773 -1.2625184089179753 0
      vertex 16.620951775601597 -1.2162674857624154 0
      vertex 16.620951775601597 -1.2162674857624154 1
    endloop
  endfacet
  facet normal 0.44228869021899564 -0.8968727415326911 0
    outer loop
      vertex 16.620951775601597 -1.2162674857624154 0
      vertex 16.75 -1.1526279441628826 0
      vertex 16.620951775601597 -1.2162674857624154 1
    endloop
  endfacet
  facet normal 0.5555702330196027 -0.8314696123025448 0
    outer loop
      vertex 16.75 -1.1526279441628826 0
      vertex 16.869637571909593 -1.0726886743203587 0
      vertex 16.75 -1.1526279441628826 1
    endloop
  endfacet
  facet normal 0.6593458151000756 -0.7518398074789715 0
    outer loop
      vertex 16.869637571909593 -1.0726886743203587 0
      vertex 16.9778174593052 -0.9778174593052025 0
      vertex 16.9778174593052 -0.9778174593052025 1
    endloop
  endfacet
  facet normal 0.7518398074789752 -0.6593458151000715 0
    outer loop
      vertex 16.9778174593052 -0.9778174593052025 0
      vertex 17.072688674320357 -0.8696375719095928 0
      vertex 16.9778174593052 -0.9778174593052025 1
    endloop
  endfacet
  facet normal 0.8314696123025482 -0.5555702330195978 0
    outer loop
      vertex 17.072688674320357 -0.8696375719095928 0
      vertex 17.15262794416288 -0.75 0
      vertex 17.072688674320357 -0.8696375719095928 1
    endloop
  endfacet
  facet normal 0.8968727415326819 -0.4422886902190141 0
    outer loop
      vertex 17.15262794416288 -0.75 0
      vertex 17.216267485762415 -0.6209517756015988 0
      vertex 17.216267485762415 -0.6209517756015988 1
    endloop
  endfacet
  facet normal 0.9469301294951095 -0.32143946530315043 0
    outer loop
      vertex 17.216267485762415 -0.6209517756015988 0
      vertex 17.262518408917973 -0.4847009496127728 0
      vertex 17.216267485762415 -0.6209517756015988 1
    endloop
  endfacet
  facet normal 0.9807852804032295 -0.1950903220161325 0
    outer loop
      vertex 17.262518408917973 -0.4847009496127728 0
      vertex 17.29058934751119 -0.34357881144205676 0
      vertex 17.262518408917973 -0.4847009496127728 1
    endloop
  endfacet
  facet normal 0.9978589232386028 -0.06540312923015627 0
    outer loop
      vertex 17.29058934751119 -0.34357881144205676 0
      vertex 17.3 -0.2 0
      vertex 17.3 -0.2 1
    endloop
  endfacet
  facet normal 0.9978589232386028 0.06540312923015627 0
    outer loop
      vertex 17.3 -0.2 0
      vertex 17.29058934751119 -0.05642118855794326 0
      vertex 17.3 -0.2 1
    endloop
  endfacet
  facet normal 0.9807852804032295 0.1950903220161325 0
    outer loop
      vertex 17.29058934751119 -0.05642118855794326 0
      vertex 17.262518408917973 0.0847009496127728 0
      vertex 17.262518408917973 0.0847009496127728 1
    endloop
  endfacet
  facet normal 0.0277670672403533 -0.9996144206527183 0
    outer loop
      vertex 9 -1.5 0.9333333333333333
      vertex 15 -1.3333333333333333 0.951851851851852
      vertex 9 -1.5 1.2
    endloop
  endfacet
  facet normal 0.02776706724035325 -0.9996144206527184 -1.1823099562031104e-15
    outer loop
      vertex 15 -1.3333333333333333 0.951851851851852
      vertex 16.2 -1.3 1
      vertex 9 -1.5 1.2
    endloop
  endfacet
  facet normal 0.038806137387035027 -0.5920672439359248 0.8049537019973365
    outer loop
      vertex 16.2 -1.3 1
      vertex 16.343578811442057 -1.2905893475111914 1
      vertex 9.195789288330078 -1.4871672920607155 1.2
    endloop
  endfacet
  facet normal 0.02776706724035321 -0.9996144206527183 0
    outer loop
      vertex 15 -1.3333333333333333 0
      vertex 16.2 -1.3 1
      vertex 15 -1.3333333333333333 0.951851851851852
    endloop
  endfacet
  facet normal 0.06540312923014333 -0.9978589232386036 0
    outer loop
      vertex 16.343578811442057 -1.2905893475111914 0
      vertex 16.343578811442057 -1.2905893475111914 1
      vertex 16.2 -1.3 1
    endloop
  endfacet
  facet normal 0.1950903220161279 -0.9807852804032305 0
    outer loop
      vertex 16.484700949612773 -1.2625184089179753 0
      vertex 16.484700949612773 -1.2625184089179753 1
      vertex 16.343578811442057 -1.2905893475111914 1
    endloop
  endfacet
  facet normal 0.321439465303166 -0.9469301294951041 0
    outer loop
      vertex 16.484700949612773 -1.2625184089179753 0
      vertex 16.620951775601597 -1.2162674857624154 1
      vertex 16.484700949612773 -1.2625184089179753 1
    endloop
  endfacet
  facet normal 0.44228869021899564 -0.8968727415326911 0
    outer loop
      vertex 16.75 -1.1526279441628826 0
      vertex 16.75 -1.1526279441628826 1
      vertex 16.620951775601597 -1.2162674857624154 1
    endloop
  endfacet
  facet normal 0.5555702330196027 -0.8314696123025448 0
    outer loop
      vertex 16.869637571909593 -1.0726886743203587 0
      vertex 16.869637571909593 -1.0726886743203587 1
      vertex 16.75 -1.1526279441628826 1
    endloop
  endfacet
  facet normal 0.6593458151000756 -0.7518398074789715 0
    outer loop
      vertex 16.869637571909593 -1.0726886743203587 0
      vertex 16.9778174593052 -0.9778174593052025 1
      vertex 16.869637571909593 -1.0726886743203587 1
    endloop
  endfacet
  facet normal 0.7518398074789752 -0.6593458151000715 0
    outer loop
      vertex 17.072688674320357 -0.8696375719095928 0
      vertex 17.072688674320357 -0.8696375719095928 1
      vertex 16.9778174593052 -0.9778174593052025 1
    endloop
  endfacet
  facet normal 0.8314696123025482 -0.5555702330195978 0
    outer loop
      vertex 17.15262794416288 -0.75 0
      vertex 17.15262794416288 -0.75 1
      vertex 17.072688674320357 -0.8696375719095928 1
    endloop
  endfacet
  facet normal 0.8968727415326819 -0.4422886902190141 0
    outer loop
      vertex 17.15262794416288 -0.75 0
      vertex 17.216267485762415 -0.6209517756015988 1
      vertex 17.15262794416288 -0.75 1
    endloop
  endfacet
  facet normal 0.9469301294951095 -0.32143946530315043 0
    outer loop
      vertex 17.262518408917973 -0.4847009496127728 0
      vertex 17.262518408917973 -0.4847009496127728 1
      vertex 17.216267485762415 -0.6209517756015988 1
    endloop
  endfacet
  facet normal 0.9807852804032295 -0.1950903220161325 0
    outer loop
      vertex 17.29058934751119 -0.34357881144205676 0
      vertex 17.29058934751119 -0.34357881144205676 1
      vertex 17.262518408917973 -0.4847009496127728 1
    endloop
  endfacet
  facet normal 0.9978589232386028 -0.06540312923015627 0
    outer loop
      vertex 17.29058934751119 -0.34357881144205676 0
      vertex 17.3 -0.2 1
      vertex 17.29058934751119 -0.34357881144205676 1
    endloop
  endfacet
  facet normal 0.9978589232386028 0.06540312923015627 0
    outer loop
      vertex 17.29058934751119 -0.05642118855794326 0
      vertex 17.29058934751119 -0.05642118855794326 1
      vertex 17.3 -0.2 1
    endloop
  endfacet
  facet normal 0.9807852804032295 0.1950903220161325 0
    outer loop
      vertex 17.29058934751119 -0.05642118855794326 0
      vertex 17.262518408917973 0.0847009496127728 1
      vertex 17.29058934751119 -0.05642118855794326 1
    endloop
  endfacet
  facet normal 0.03202944184365384 -0.16102287789134942 0.9864308123993146
    outer loop
      vertex 16.343578811442057 -1.2905893475111914 1
      vertex 16.484700949612773 -1.2625184089179753 1
      vertex 9.388228567653782 -1.4488887394336025 1.2
    endloop
  endfacet
  facet normal 0.030409276532080677 -0.08958283992047185 0.9955150379037871
    outer loop
      vertex 16.484700949612773 -1.2625184089179753 1
      vertex 16.620951775601597 -1.2162674857624154 1
      vertex 9.388228567653782 -1.4488887394336025 1.2
    endloop
  endfacet
  facet normal 0.02976923728585211 -0.06036604156592721 0.9977322955267508
    outer loop
      vertex 16.620951775601597 -1.2162674857624154 1
      vertex 16.75 -1.1526279441628826 1
      vertex 9.75 -1.299038105676658 1.2
    endloop
  endfacet
  facet normal 0.029453212481957935 -0.04407984752950929 0.9985937488870376
    outer loop
      vertex 16.75 -1.1526279441628826 1
      vertex 16.869637571909593 -1.0726886743203587 1
      vertex 9.913142143513081 -1.1900300104368529 1.2
    endloop
  endfacet
  facet normal 0.029285008576814375 -0.03339315228241846 0.9990131558960067
    outer loop
      vertex 16.869637571909593 -1.0726886743203587 1
      vertex 16.9778174593052 -0.9778174593052025 1
      vertex 9.913142143513081 -1.1900300104368529 1.2
    endloop
  endfacet
  facet normal 0.02919847161636545 -0.025606372362914753 0.9992455969128312
    outer loop
      vertex 16.9778174593052 -0.9778174593052025 1
      vertex 17.072688674320357 -0.8696375719095928 1
      vertex 10.190030010436853 -0.913142143513081 1.2
    endloop
  endfacet
  facet normal 0.02925746854574532 -0.005819672331971392 0.9995549669469125
    outer loop
      vertex 15 -0.293980896894944 1.067335455900562
      vertex 10.487167292060715 -0.19578928833007736 1.2
      vertex 17.262518408917973 -0.4847009496127728 1
    endloop
  endfacet
  facet normal 0.029163831071856612 -0.019486648922101456 0.9993846814270263
    outer loop
      vertex 17.072688674320357 -0.8696375719095928 1
      vertex 17.15262794416288 -0.75 1
      vertex 10.299038105676658 -0.75 1.2
    endloop
  endfacet
  facet normal 0.0291663524264715 -0.014383253293131969 0.9994710830788655
    outer loop
      vertex 17.15262794416288 -0.75 1
      vertex 17.216267485762415 -0.6209517756015988 1
      vertex 10.299038105676658 -0.75 1.2
    endloop
  endfacet
  facet normal 0.02919863731645106 -0.00991160179007602 0.9995244868080108
    outer loop
      vertex 17.216267485762415 -0.6209517756015988 1
      vertex 17.262518408917973 -0.4847009496127728 1
      vertex 10.448888739433603 -0.3882285676537811 1.2
    endloop
  endfacet
  facet normal 0.02925746854580342 -0.005819672331283021 0.9995549669469148
    outer loop
      vertex 15 -0.2938207478448037 1.06733638833052
      vertex 15 -0.293980896894944 1.067335455900562
      vertex 17.262518408917973 -0.4847009496127728 1
    endloop
  endfacet
  facet normal 0.029342481138687627 -0.0019232078214205682 0.9995675665368006
    outer loop
      vertex 15 -0.2938207478448037 1.06733638833052
      vertex 17.3 -0.2 1
      vertex 15 -0.13235294117647056 1.0676470588235294
    endloop
  endfacet
  facet normal 0.029455730939533874 0.0019306306055311682 0.9995642213386206
    outer loop
      vertex 15 -0.13235294117647056 1.0676470588235294
      vertex 17.29058934751119 -0.05642118855794326 1
      vertex 15 0.028493524505843762 1.06733638833052
    endloop
  endfacet
  facet normal 0.02960185965315477 0.005888175982449965 0.9995444258704435
    outer loop
      vertex 15 0.028493524505843762 1.06733638833052
      vertex 17.262518408917973 0.0847009496127728 1
      vertex 15 0.1854896417996163 1.0664115462291976
    endloop
  endfacet
  facet normal 0.029257468545745364 -0.005819672331970196 0.9995549669469124
    outer loop
      vertex 15 -0.2938207478448037 1.06733638833052
      vertex 17.262518408917973 -0.4847009496127728 1
      vertex 17.29058934751119 -0.34357881144205676 1
    endloop
  endfacet
  facet normal 0.02934248113868764 -0.0019232078214208284 0.9995675665368007
    outer loop
      vertex 15 -0.2938207478448037 1.06733638833052
      vertex 17.29058934751119 -0.34357881144205676 1
      vertex 17.3 -0.2 1
    endloop
  endfacet
  facet normal 0.029455730939533867 0.001930630605531412 0.9995642213386206
    outer loop
      vertex 15 -0.13235294117647056 1.0676470588235294
      vertex 17.3 -0.2 1
      vertex 17.29058934751119 -0.05642118855794326 1
    endloop
  endfacet
  facet normal 0.029601859653154785 0.005888175982449508 0.9995444258704435
    outer loop
      vertex 15 0.028493524505843762 1.06733638833052
      vertex 17.29058934751119 -0.05642118855794326 1
      vertex 17.262518408917973 0.0847009496127728 1
    endloop
  endfacet
  facet normal 0.038806137387034985 -0.5920672439359219 0.8049537019973385
    outer loop
      vertex 16.2 -1.3 1
      vertex 9.195789288330078 -1.4871672920607155 1.2
      vertex 9 -1.5 1.2
    endloop
  endfacet
  facet normal 0.03202944184365385 -0.16102287789135014 0.9864308123993143
    outer loop
      vertex 16.343578811442057 -1.2905893475111914 1
      vertex 9.388228567653782 -1.4488887394336025 1.2
      vertex 9.195789288330078 -1.4871672920607155 1.2
    endloop
  endfacet
  facet normal 0.030409276532080715 -0.08958283992047349 0.9955150379037869
    outer loop
      vertex 16.620951775601597 -1.2162674857624154 1
      vertex 9.574025148547635 -1.38581929876693 1.2
      vertex 9.388228567653782 -1.4488887394336025 1.2
    endloop
  endfacet
  facet normal 0.029769237285852113 -0.06036604156592592 0.9977322955267507
    outer loop
      vertex 16.620951775601597 -1.2162674857624154 1
      vertex 9.75 -1.299038105676658 1.2
      vertex 9.574025148547635 -1.38581929876693 1.2
    endloop
  endfacet
  facet normal 0.02945321248195794 -0.04407984752950937 0.9985937488870374
    outer loop
      vertex 16.75 -1.1526279441628826 1
      vertex 9.913142143513081 -1.1900300104368529 1.2
      vertex 9.75 -1.299038105676658 1.2
    endloop
  endfacet
  facet normal 0.029455730939533846 0.0019306306055311474 0.9995642213386206
    outer loop
      vertex 10.5 0 1.2
      vertex 13.893445653718475 0 1.1
      vertex 10.487167292060715 0.19578928833007736 1.2
    endloop
  endfacet
  facet normal 0.029342481138687624 -0.0019232078214205526 0.9995675665368007
    outer loop
      vertex 14.324999999999998 -0.1124999999999999 1.0875000000000001
      vertex 10.5 0 1.2
      vertex 10.487167292060715 -0.19578928833007736 1.2
    endloop
  endfacet
  facet normal 0.029285008576814393 -0.03339315228241899 0.9990131558960067
    outer loop
      vertex 16.9778174593052 -0.9778174593052025 1
      vertex 10.060660171779821 -1.0606601717798214 1.2
      vertex 9.913142143513081 -1.1900300104368529 1.2
    endloop
  endfacet
  facet normal 0.029198471616365435 -0.025606372362914638 0.999245596912831
    outer loop
      vertex 16.9778174593052 -0.9778174593052025 1
      vertex 10.190030010436853 -0.913142143513081 1.2
      vertex 10.060660171779821 -1.0606601717798214 1.2
    endloop
  endfacet
  facet normal 0.02916383107185661 -0.019486648922101505 0.9993846814270264
    outer loop
      vertex 17.072688674320357 -0.8696375719095928 1
      vertex 10.299038105676658 -0.75 1.2
      vertex 10.190030010436853 -0.913142143513081 1.2
    endloop
  endfacet
  facet normal 0.029166352426471493 -0.014383253293131195 0.9994710830788656
    outer loop
      vertex 17.216267485762415 -0.6209517756015988 1
      vertex 10.385819298766929 -0.5740251485476346 1.2
      vertex 10.299038105676658 -0.75 1.2
    endloop
  endfacet
  facet normal 0.02919863731645105 -0.00991160179007654 0.9995244868080109
    outer loop
      vertex 17.216267485762415 -0.6209517756015988 1
      vertex 10.448888739433603 -0.3882285676537811 1.2
      vertex 10.385819298766929 -0.5740251485476346 1.2
    endloop
  endfacet
  facet normal 0.02925746854574538 -0.005819672331969965 0.9995549669469125
    outer loop
      vertex 17.262518408917973 -0.4847009496127728 1
      vertex 10.487167292060715 -0.19578928833007736 1.2
      vertex 10.448888739433603 -0.3882285676537811 1.2
    endloop
  endfacet
  facet normal 0.029455730939533867 0.0019306306055315993 0.9995642213386206
    outer loop
      vertex 13.893445653718475 0 1.1
      vertex 13.88887831978595 0.06968404988606713 1.1
      vertex 10.487167292060715 0.19578928833007736 1.2
    endloop
  endfacet
  facet normal 0.02945573093953384 0.0019306306055310138 0.9995642213386206
    outer loop
      vertex 14.324999999999998 -0.1124999999999999 1.0875000000000001
      vertex 13.893445653718475 0 1.1
      vertex 10.5 0 1.2
    endloop
  endfacet
  facet normal 0.029342481138687634 -0.0019232078214210771 0.9995675665368006
    outer loop
      vertex 14.324999999999998 -0.1124999999999999 1.0875000000000001
      vertex 10.487167292060715 -0.19578928833007736 1.2
      vertex 14.999375098897241 -0.29380717322967387 1.0673547585300363
    endloop
  endfacet
  facet normal 0.029257468545761188 -0.005819672331246932 0.9995549669469161
    outer loop
      vertex 14.999375098897241 -0.29380717322967387 1.0673547585300363
      vertex 10.487167292060715 -0.19578928833007736 1.2
      vertex 15 -0.293980896894944 1.067335455900562
    endloop
  endfacet
  facet normal 0 0 -1
    outer loop
      vertex 8.564620881205174 1.2 0
      vertex 8.902699916434273 1.4596969857670403 0
      vertex 9.232632227776321 1.4523524352747292 0
    endloop
  endfacet
  facet normal 0 0 -1
    outer loop
      vertex 8.564620881205174 1.2 0
      vertex 9.232632227776321 1.4523524352747292 0
      vertex 9.398763560107046 1.2 0
    endloop
  endfacet
  facet normal 0 0 -1
    outer loop
      vertex 9 1.5 0
      vertex 9.195789288330078 1.4871672920607155 0
      vertex 12.636431672657489 1.2 0
    endloop
  endfacet
  facet normal 0.0654031292301435 0.9978589232386035 0
    outer loop
      vertex 9 1.5 0
      vertex 9 1.5 1.2
      vertex 9.195789288330078 1.4871672920607155 0
    endloop
  endfacet
  facet normal 0.083174080578795 0.9965350331623432 0
    outer loop
      vertex 9.195789288330078 1.4871672920607155 0
      vertex 9.195789288330078 1.4871672920607155 1.2
      vertex 12.636431672657489 1.2 0
    endloop
  endfacet
  facet normal 0.0654031292301435 0.9978589232386035 0
    outer loop
      vertex 9.195789288330078 1.4871672920607155 0
      vertex 9 1.5 1.2
      vertex 9.195789288330078 1.4871672920607155 1.2
    endloop
  endfacet
  facet normal 0 0 -1
    outer loop
      vertex 15 -0.15306122448979592 0
      vertex 9.398763560107046 1.2 0
      vertex 9.232632227776321 1.4523524352747292 0
    endloop
  endfacet
  facet normal 0 0 -1
    outer loop
      vertex 9 1.5 0
      vertex 16.484700949612773 0.8625184089179754 0
      vertex 9.232632227776321 1.4523524352747292 0
    endloop
  endfacet
  facet normal 0 0 -1
    outer loop
      vertex 9 1.5 0
      vertex 12.636431672657489 1.2 0
      vertex 15 1.002728839458825 0
    endloop
  endfacet
  facet normal 0 0 -1
    outer loop
      vertex 15 -0.15306122448979592 0
      vertex 9.232632227776321 1.4523524352747292 0
      vertex 17.3 -0.2 0
    endloop
  endfacet
  facet normal 0 0 -1
    outer loop
      vertex 9 1.5 0
      vertex 15 1.002728839458825 0
      vertex 16.343578811442057 0.8905893475111915 0
    endloop
  endfacet
  facet normal 0 0 -1
    outer loop
      vertex 9 1.5 0
      vertex 16.343578811442057 0.8905893475111915 0
      vertex 16.484700949612773 0.8625184089179754 0
    endloop
  endfacet
  facet normal 0 0 -1
    outer loop
      vertex 17.3 -0.2 0
      vertex 9.232632227776321 1.4523524352747292 0
      vertex 16.484700949612773 0.8625184089179754 0
    endloop
  endfacet
  facet normal 0 0 -1
    outer loop
      vertex 16.484700949612773 0.8625184089179754 0
      vertex 16.620951775601597 0.8162674857624155 0
      vertex 16.75 0.7526279441628825 0
    endloop
  endfacet
  facet normal 0 0 -1
    outer loop
      vertex 16.484700949612773 0.8625184089179754 0
      vertex 16.75 0.7526279441628825 0
      vertex 17.072688674320357 0.4696375719095927 0
    endloop
  endfacet
  facet normal 0 0 -1
    outer loop
      vertex 17.3 -0.2 0
      vertex 16.484700949612773 0.8625184089179754 0
      vertex 17.072688674320357 0.4696375719095927 0
    endloop
  endfacet
  facet normal 0 0 -1
    outer loop
      vertex 17.3 -0.2 0
      vertex 17.072688674320357 0.4696375719095927 0
      vertex 17.216267485762415 0.2209517756015988 0
    endloop
  endfacet
  facet normal 0 0 -1
    outer loop
      vertex 17.072688674320357 0.4696375719095927 0
      vertex 17.15262794416288 0.35000000000000003 0
      vertex 17.216267485762415 0.2209517756015988 0
    endloop
  endfacet
  facet normal 0 0 -1
    outer loop
      vertex 16.75 0.7526279441628825 0
      vertex 16.869637571909593 0.6726886743203588 0
      vertex 17.072688674320357 0.4696375719095927 0
    endloop
  endfacet
  facet normal 0 0 -1
    outer loop
      vertex 16.869637571909593 0.6726886743203588 0
      vertex 16.9778174593052 0.5778174593052023 0
      vertex 17.072688674320357 0.4696375719095927 0
    endloop
  endfacet
  facet normal 0.08317408057879497 0.996535033162343 0
    outer loop
      vertex 15 1.002728839458825 0
      vertex 15 1.002728839458825 1.0375942466436
      vertex 16.343578811442057 0.8905893475111915 0
    endloop
  endfacet
  facet normal 0.1950903220161279 0.9807852804032305 0
    outer loop
      vertex 16.343578811442057 0.8905893475111915 0
      vertex 16.484700949612773 0.8625184089179754 1
      vertex 16.484700949612773 0.8625184089179754 0
    endloop
  endfacet
  facet normal 0.321439465303166 0.9469301294951041 0
    outer loop
      vertex 16.484700949612773 0.8625184089179754 0
      vertex 16.484700949612773 0.8625184089179754 1
      vertex 16.620951775601597 0.8162674857624155 0
    endloop
  endfacet
  facet normal 0.4422886902189968 0.8968727415326905 0
    outer loop
      vertex 16.620951775601597 0.8162674857624155 0
      vertex 16.75 0.7526279441628825 1
      vertex 16.75 0.7526279441628825 0
    endloop
  endfacet
  facet normal 0.5555702330196017 0.8314696123025456 0
    outer loop
      vertex 16.75 0.7526279441628825 0
      vertex 16.75 0.7526279441628825 1
      vertex 16.869637571909593 0.6726886743203588 0
    endloop
  endfacet
  facet normal 0.7518398074789749 0.6593458151000716 0
    outer loop
      vertex 17.072688674320357 0.4696375719095927 0
      vertex 16.9778174593052 0.5778174593052023 0
      vertex 16.9778174593052 0.5778174593052023 1
    endloop
  endfacet
  facet normal 0.8968727415326819 0.4422886902190141 0
    outer loop
      vertex 17.216267485762415 0.2209517756015988 0
      vertex 17.15262794416288 0.35000000000000003 0
      vertex 17.216267485762415 0.2209517756015988 1
    endloop
  endfacet
  facet normal 0.9469301294951095 0.3214394653031503 0
    outer loop
      vertex 17.262518408917973 0.0847009496127728 0
      vertex 17.216267485762415 0.2209517756015988 0
      vertex 17.262518408917973 0.0847009496127728 1
    endloop
  endfacet
  facet normal 0.831469612302548 0.5555702330195982 0
    outer loop
      vertex 17.072688674320357 0.4696375719095927 0
      vertex 17.072688674320357 0.4696375719095927 1
      vertex 17.15262794416288 0.35000000000000003 0
    endloop
  endfacet
  facet normal 0.6593458151000765 0.7518398074789707 0
    outer loop
      vertex 16.869637571909593 0.6726886743203588 0
      vertex 16.9778174593052 0.5778174593052023 1
      vertex 16.9778174593052 0.5778174593052023 0
    endloop
  endfacet
  facet normal 0.083174080578795 0.996535033162343 0
    outer loop
      vertex 12.636431672657489 1.2 0
      vertex 9.195789288330078 1.4871672920607155 1.2
      vertex 12.636431672657489 1.2 1.1
    endloop
  endfacet
  facet normal 0.08317408057879497 0.996535033162343 0
    outer loop
      vertex 16.343578811442057 0.8905893475111915 0
      vertex 15 1.002728839458825 1.0375942466436
      vertex 16.343578811442057 0.8905893475111915 1
    endloop
  endfacet
  facet normal 0.1950903220161279 0.9807852804032305 0
    outer loop
      vertex 16.343578811442057 0.8905893475111915 0
      vertex 16.343578811442057 0.8905893475111915 1
      vertex 16.484700949612773 0.8625184089179754 1
    endloop
  endfacet
  facet normal 0.4422886902189968 0.8968727415326905 0
    outer loop
      vertex 16.620951775601597 0.8162674857624155 0
      vertex 16.620951775601597 0.8162674857624155 1
      vertex 16.75 0.7526279441628825 1
    endloop
  endfacet
  facet normal 0.321439465303166 0.9469301294951041 0
    outer loop
      vertex 16.620951775601597 0.8162674857624155 0
      vertex 16.484700949612773 0.8625184089179754 1
      vertex 16.620951775601597 0.8162674857624155 1
    endloop
  endfacet
  facet normal 0.5555702330196017 0.8314696123025456 0
    outer loop
      vertex 16.869637571909593 0.6726886743203588 0
      vertex 16.75 0.7526279441628825 1
      vertex 16.869637571909593 0.6726886743203588 1
    endloop
  endfacet
  facet normal 0.7518398074789749 0.6593458151000716 0
    outer loop
      vertex 17.072688674320357 0.4696375719095927 0
      vertex 16.9778174593052 0.5778174593052023 1
      vertex 17.072688674320357 0.4696375719095927 1
    endloop
  endfacet
  facet normal 0.8968727415326819 0.4422886902190141 0
    outer loop
      vertex 17.15262794416288 0.35000000000000003 0
      vertex 17.15262794416288 0.35000000000000003 1
      vertex 17.216267485762415 0.2209517756015988 1
    endloop
  endfacet
  facet normal 0.9469301294951095 0.3214394653031503 0
    outer loop
      vertex 17.262518408917973 0.0847009496127728 1
      vertex 17.216267485762415 0.2209517756015988 0
      vertex 17.216267485762415 0.2209517756015988 1
    endloop
  endfacet
  facet normal 0.831469612302548 0.5555702330195982 0
    outer loop
      vertex 17.15262794416288 0.35000000000000003 0
      vertex 17.072688674320357 0.4696375719095927 1
      vertex 17.15262794416288 0.35000000000000003 1
    endloop
  endfacet
  facet normal 0.6593458151000765 0.7518398074789707 0
    outer loop
      vertex 16.869637571909593 0.6726886743203588 0
      vertex 16.869637571909593 0.6726886743203588 1
      vertex 16.9778174593052 0.5778174593052023 1
    endloop
  endfacet
  facet normal 0.04680137987543571 0.23528642533376212 0.9707986036740138
    outer loop
      vertex 15 1.002728839458825 1.0375942466436
      vertex 15 0.985196908837816 1.0418433517302836
      vertex 16.343578811442057 0.8905893475111915 1
    endloop
  endfacet
  facet normal 0.037002685905394184 0.10900639759033655 0.99335210601285
    outer loop
      vertex 15 0.985196908837816 1.0418433517302836
      vertex 15 0.9472772253902476 1.046004502711255
      vertex 16.484700949612773 0.8625184089179754 1
    endloop
  endfacet
  facet normal 0.031378442815131746 0.03578025652826481 0.9988669413737091
    outer loop
      vertex 15 0.7158763044543237 1.057185846066333
      vertex 16.869637571909593 0.6726886743203588 1
      vertex 15 0.8117300651271459 1.0537522834925674
    endloop
  endfacet
  facet normal 0.033844861202304226 0.06863058930644274 0.9970678851420534
    outer loop
      vertex 15 0.9472772253902476 1.046004502711255
      vertex 15 0.8892304845413264 1.05
      vertex 16.620951775601597 0.8162674857624155 1
    endloop
  endfacet
  facet normal 0.03229602996374778 0.04833442455496206 0.9983089450924104
    outer loop
      vertex 15 0.8117300651271459 1.0537522834925674
      vertex 16.75 0.7526279441628825 1
      vertex 15 0.8892304845413264 1.05
    endloop
  endfacet
  facet normal 0.04680137987543573 0.23528642533376243 0.9707986036740138
    outer loop
      vertex 15 0.985196908837816 1.0418433517302836
      vertex 16.484700949612773 0.8625184089179754 1
      vertex 16.343578811442057 0.8905893475111915 1
    endloop
  endfacet
  facet normal 0.03700268590539406 0.10900639759033458 0.9933521060128502
    outer loop
      vertex 15 0.9472772253902476 1.046004502711255
      vertex 16.620951775601597 0.8162674857624155 1
      vertex 16.484700949612773 0.8625184089179754 1
    endloop
  endfacet
  facet normal 0.030029732489711147 0.014809025222245161 0.9994392967752286
    outer loop
      vertex 15 0.33551307745563824 1.0648937646575514
      vertex 17.216267485762415 0.2209517756015988 1
      vertex 17.15262794416288 0.35000000000000003 1
    endloop
  endfacet
  facet normal 0.03077319850385574 0.026987370778885626 0.999161994909877
    outer loop
      vertex 15 0.6031974282766629 1.0602293031091812
      vertex 17.072688674320357 0.4696375719095927 1
      vertex 16.9778174593052 0.5778174593052023 1
    endloop
  endfacet
  facet normal 0.030345747712528785 0.020276380373199957 0.9993337800728688
    outer loop
      vertex 15 0.47563506103471986 1.06281753051736
      vertex 17.15262794416288 0.35000000000000003 1
      vertex 17.072688674320357 0.4696375719095927 1
    endloop
  endfacet
  facet normal 0.032296029963747794 0.04833442455496229 0.9983089450924105
    outer loop
      vertex 15 0.8117300651271459 1.0537522834925674
      vertex 16.869637571909593 0.6726886743203588 1
      vertex 16.75 0.7526279441628825 1
    endloop
  endfacet
  facet normal 0.03384486120230418 0.06863058930644159 0.9970678851420536
    outer loop
      vertex 15 0.8892304845413264 1.05
      vertex 16.75 0.7526279441628825 1
      vertex 16.620951775601597 0.8162674857624155 1
    endloop
  endfacet
  facet normal 0.031378442815131746 0.0357802565282648 0.9988669413737093
    outer loop
      vertex 15 0.7158763044543237 1.057185846066333
      vertex 16.9778174593052 0.5778174593052023 1
      vertex 16.869637571909593 0.6726886743203588 1
    endloop
  endfacet
  facet normal 0.029788861509527528 0.01011195590609919 0.9995050635578187
    outer loop
      vertex 15 0.33551307745563824 1.0648937646575514
      vertex 15 0.1854896417996163 1.0664115462291976
      vertex 17.216267485762415 0.2209517756015988 1
    endloop
  endfacet
  facet normal 0.03002973248971114 0.014809025222245132 0.9994392967752285
    outer loop
      vertex 15 0.33551307745563824 1.0648937646575514
      vertex 17.15262794416288 0.35000000000000003 1
      vertex 15 0.47563506103471986 1.06281753051736
    endloop
  endfacet
  facet normal 0.030345747712528796 0.02027638037320021 0.9993337800728687
    outer loop
      vertex 15 0.47563506103471986 1.06281753051736
      vertex 17.072688674320357 0.4696375719095927 1
      vertex 15 0.6031974282766629 1.0602293031091812
    endloop
  endfacet
  facet normal 0.03077319850385574 0.026987370778885526 0.999161994909877
    outer loop
      vertex 15 0.6031974282766629 1.0602293031091812
      vertex 16.9778174593052 0.5778174593052023 1
      vertex 15 0.7158763044543237 1.057185846066333
    endloop
  endfacet
  facet normal 0.029788861509527524 0.010111955906100013 0.9995050635578188
    outer loop
      vertex 17.262518408917973 0.0847009496127728 1
      vertex 17.216267485762415 0.2209517756015988 1
      vertex 15 0.1854896417996163 1.0664115462291976
    endloop
  endfacet
  facet normal 0.04680137987543595 0.2352864253337645 0.9707986036740134
    outer loop
      vertex 9.195789288330078 1.4871672920607155 1.2
      vertex 9.388228567653782 1.4488887394336025 1.2
      vertex 12.769684049886063 1.1888783197859538 1.1
    endloop
  endfacet
  facet normal 0.03077319850385572 0.02698737077888555 0.9991619949098771
    outer loop
      vertex 10.190030010436853 0.913142143513081 1.2
      vertex 13.519238815542508 0.8192388155425121 1.1
      vertex 10.060660171779821 1.0606601717798214 1.2
    endloop
  endfacet
  facet normal 0.030345747712528775 0.020276380373200058 0.9993337800728688
    outer loop
      vertex 10.190030010436853 0.913142143513081 1.2
      vertex 10.299038105676658 0.75 1.2
      vertex 13.631359342378602 0.6913898577113371 1.1
    endloop
  endfacet
  facet normal 0.033844861202304094 0.06863058930644045 0.9970678851420537
    outer loop
      vertex 9.574025148547635 1.38581929876693 1.2
      vertex 9.75 1.299038105676658 1.2
      vertex 13.097488462074608 1.1010433922646734 1.1
    endloop
  endfacet
  facet normal 0.03700268590539425 0.10900639759033653 0.9933521060128498
    outer loop
      vertex 9.388228567653782 1.4488887394336025 1.2
      vertex 9.574025148547635 1.38581929876693 1.2
      vertex 12.93646475863327 1.1557035741757895 1.1
    endloop
  endfacet
  facet normal 0.032296029963747745 0.04833442455496225 0.9983089450924105
    outer loop
      vertex 9.75 1.299038105676658 1.2
      vertex 9.913142143513081 1.1900300104368529 1.2
      vertex 13.249999999999998 1.0258330249197705 1.1
    endloop
  endfacet
  facet normal 0.03137844281513176 0.03578025652826538 0.9988669413737091
    outer loop
      vertex 9.913142143513081 1.1900300104368529 1.2
      vertex 10.060660171779821 1.0606601717798214 1.2
      vertex 13.391389857711333 0.9313593423786061 1.1
    endloop
  endfacet
  facet normal 0.029601859653154813 0.00588817598244924 0.9995444258704436
    outer loop
      vertex 10.487167292060715 0.19578928833007736 1.2
      vertex 13.85570357417578 0.23646475863327726 1.1
      vertex 10.448888739433603 0.3882285676537811 1.2
    endloop
  endfacet
  facet normal 0.02978886150952756 0.010111955906100598 0.9995050635578188
    outer loop
      vertex 10.448888739433603 0.3882285676537811 1.2
      vertex 13.80104339226467 0.3974884620746168 1.1
      vertex 10.385819298766929 0.5740251485476346 1.2
    endloop
  endfacet
  facet normal 0.03002973248971107 0.014809025222244478 0.9994392967752285
    outer loop
      vertex 10.299038105676658 0.75 1.2
      vertex 10.385819298766929 0.5740251485476346 1.2
      vertex 13.725833024919767 0.5500000000000002 1.1
    endloop
  endfacet
  facet normal 0.08317408057879516 0.996535033162343 0
    outer loop
      vertex 9.195789288330078 1.4871672920607155 1.2
      vertex 12.769684049886063 1.1888783197859538 1.1
      vertex 12.636431672657489 1.2 1.1
    endloop
  endfacet
  facet normal 0.046801379875435756 0.2352864253337628 0.9707986036740138
    outer loop
      vertex 9.388228567653782 1.4488887394336025 1.2
      vertex 12.93646475863327 1.1557035741757895 1.1
      vertex 12.769684049886063 1.1888783197859538 1.1
    endloop
  endfacet
  facet normal 0.037002685905394135 0.10900639759033454 0.99335210601285
    outer loop
      vertex 9.574025148547635 1.38581929876693 1.2
      vertex 13.097488462074608 1.1010433922646734 1.1
      vertex 12.93646475863327 1.1557035741757895 1.1
    endloop
  endfacet
  facet normal 0.03384486120230429 0.06863058930644365 0.9970678851420535
    outer loop
      vertex 9.75 1.299038105676658 1.2
      vertex 13.249999999999998 1.0258330249197705 1.1
      vertex 13.097488462074608 1.1010433922646734 1.1
    endloop
  endfacet
  facet normal 0.032296029963747724 0.04833442455496159 0.9983089450924105
    outer loop
      vertex 9.913142143513081 1.1900300104368529 1.2
      vertex 13.391389857711333 0.9313593423786061 1.1
      vertex 13.249999999999998 1.0258330249197705 1.1
    endloop
  endfacet
  facet normal 0.02978886150952756 0.010111955906099397 0.9995050635578187
    outer loop
      vertex 10.448888739433603 0.3882285676537811 1.2
      vertex 13.85570357417578 0.23646475863327726 1.1
      vertex 13.80104339226467 0.3974884620746168 1.1
    endloop
  endfacet
  facet normal 0.030029732489711067 0.01480902522224473 0.9994392967752286
    outer loop
      vertex 10.385819298766929 0.5740251485476346 1.2
      vertex 13.80104339226467 0.3974884620746168 1.1
      vertex 13.725833024919767 0.5500000000000002 1.1
    endloop
  endfacet
  facet normal 0.03077319850385571 0.026987370778885335 0.9991619949098771
    outer loop
      vertex 10.190030010436853 0.913142143513081 1.2
      vertex 13.631359342378602 0.6913898577113371 1.1
      vertex 13.519238815542508 0.8192388155425121 1.1
    endloop
  endfacet
  facet normal 0.03137844281513176 0.035780256528265324 0.9988669413737092
    outer loop
      vertex 10.060660171779821 1.0606601717798214 1.2
      vertex 13.519238815542508 0.8192388155425121 1.1
      vertex 13.391389857711333 0.9313593423786061 1.1
    endloop
  endfacet
  facet normal 0.030345747712528782 0.020276380373200308 0.9993337800728689
    outer loop
      vertex 10.299038105676658 0.75 1.2
      vertex 13.725833024919767 0.5500000000000002 1.1
      vertex 13.631359342378602 0.6913898577113371 1.1
    endloop
  endfacet
  facet normal 0.0296018596531548 0.0058881759824503015 0.9995444258704436
    outer loop
      vertex 13.88887831978595 0.06968404988606713 1.1
      vertex 13.85570357417578 0.23646475863327726 1.1
      vertex 10.487167292060715 0.19578928833007736 1.2
    endloop
  endfacet
  facet normal 0 0 -1
    outer loop
      vertex -5.715484629718965 6.980115797018159 0
      vertex -5.8740902180842705 7.2695178354158445 0
      vertex -5.321540925143913 6.817179256906345 0
    endloop
  endfacet
  facet normal 0 0 -1
    outer loop
      vertex -5.8740902180842705 7.2695178354158445 0
      vertex -5.738612264594849 7.539568007216172 0
      vertex -5.321540925143913 6.817179256906345 0
    endloop
  endfacet
  facet normal -0.8968727415326889 -0.44228869021900014 0
    outer loop
      vertex -5.799038105676658 7.044228634059947 0
      vertex -5.799038105676658 7.044228634059947 1.2
      vertex -5.88581929876693 7.220203485512313 0
    endloop
  endfacet
  facet normal -0.8968727415326889 -0.44228869021900014 0
    outer loop
      vertex -5.88581929876693 7.220203485512313 0
      vertex -5.799038105676658 7.044228634059947 1.2
      vertex -5.88581929876693 7.220203485512313 1.2
    endloop
  endfacet
  facet normal 0 0 -1
    outer loop
      vertex -5.799038105676658 7.044228634059947 0
      vertex -8.989313328161087 13.844910591695132 0
      vertex -5.8740902180842705 7.2695178354158445 0
    endloop
  endfacet
  facet normal 0 0 -1
    outer loop
      vertex -5.799038105676658 7.044228634059947 0
      vertex -5.88581929876693 7.220203485512313 0
      vertex -7.3574463208700704 10.34347084170767 0
    endloop
  endfacet
  facet normal 0 0 -1
    outer loop
      vertex -5.8740902180842705 7.2695178354158445 0
      vertex -7.367445091257484 13.066911669011477 0
      vertex -5.738612264594849 7.539568007216172 0
    endloop
  endfacet
  facet normal 0 0 -1
    outer loop
      vertex -5.799038105676658 7.044228634059947 0
      vertex -7.3574463208700704 10.34347084170767 0
      vertex -8.36838864807863 12.489016637037166 0
    endloop
  endfacet
  facet normal 0 0 -1
    outer loop
      vertex -5.799038105676658 7.044228634059947 0
      vertex -8.36838864807863 12.489016637037166 0
      vertex -8.943062405005527 13.708659765706306 0
    endloop
  endfacet
  facet normal -0.9046116947691546 -0.42623664986352117 0
    outer loop
      vertex -5.88581929876693 7.220203485512313 0
      vertex -5.88581929876693 7.220203485512313 1.2
      vertex -7.3574463208700704 10.34347084170767 0
    endloop
  endfacet
  facet normal 0 0 -1
    outer loop
      vertex -5.799038105676658 7.044228634059947 0
      vertex -8.943062405005527 13.708659765706306 0
      vertex -8.989313328161087 13.844910591695132 0
    endloop
  endfacet
  facet normal 0 0 -1
    outer loop
      vertex -5.8740902180842705 7.2695178354158445 0
      vertex -8.989313328161087 13.844910591695132 0
      vertex -8.476794919243112 15.082239485470788 0
    endloop
  endfacet
  facet normal 0 0 -1
    outer loop
      vertex -8.989313328161087 13.844910591695132 0
      vertex -9.017384266754302 13.986032729865846 0
      vertex -9.026794919243113 14.129611541307906 0
    endloop
  endfacet
  facet normal 0 0 -1
    outer loop
      vertex -8.989313328161087 13.844910591695132 0
      vertex -9.026794919243113 14.129611541307906 0
      vertex -8.943062405005527 14.550563316909502 0
    endloop
  endfacet
  facet normal 0 0 -1
    outer loop
      vertex -9.026794919243113 14.129611541307906 0
      vertex -9.017384266754304 14.273190352749962 0
      vertex -8.943062405005527 14.550563316909502 0
    endloop
  endfacet
  facet normal 0 0 -1
    outer loop
      vertex -9.017384266754304 14.273190352749962 0
      vertex -8.989313328161087 14.414312490920677 0
      vertex -8.943062405005527 14.550563316909502 0
    endloop
  endfacet
  facet normal 0 0 -1
    outer loop
      vertex -8.989313328161087 13.844910591695132 0
      vertex -8.943062405005527 14.550563316909502 0
      vertex -8.476794919243112 15.082239485470788 0
    endloop
  endfacet
  facet normal 0 0 -1
    outer loop
      vertex -8.943062405005527 14.550563316909502 0
      vertex -8.879422863405994 14.679611541307903 0
      vertex -8.79948359356347 14.799249113217497 0
    endloop
  endfacet
  facet normal 0 0 -1
    outer loop
      vertex -8.943062405005527 14.550563316909502 0
      vertex -8.79948359356347 14.799249113217497 0
      vertex -8.476794919243112 15.082239485470788 0
    endloop
  endfacet
  facet normal 0 0 -1
    outer loop
      vertex -8.79948359356347 14.799249113217497 0
      vertex -8.704612378548314 14.907429000613105 0
      vertex -8.596432491152704 15.002300215628264 0
    endloop
  endfacet
  facet normal 0 0 -1
    outer loop
      vertex -8.79948359356347 14.799249113217497 0
      vertex -8.596432491152704 15.002300215628264 0
      vertex -8.476794919243112 15.082239485470788 0
    endloop
  endfacet
  facet normal 0 0 -1
    outer loop
      vertex -8.476794919243112 15.082239485470788 0
      vertex -8.34774669484471 15.14587902707032 0
      vertex -8.211495868855884 15.192129950225878 0
    endloop
  endfacet
  facet normal 0 0 -1
    outer loop
      vertex -8.476794919243112 15.082239485470788 0
      vertex -8.211495868855884 15.192129950225878 0
      vertex -8.07037373068517 15.220200888819097 0
    endloop
  endfacet
  facet normal 0 0 -1
    outer loop
      vertex -8.476794919243112 15.082239485470788 0
      vertex -8.07037373068517 15.220200888819097 0
      vertex -7.642093969630338 15.19212995022588 0
    endloop
  endfacet
  facet normal 0 0 -1
    outer loop
      vertex -8.07037373068517 15.220200888819097 0
      vertex -7.926794919243111 15.229611541307904 0
      vertex -7.783216107801055 15.220200888819095 0
    endloop
  endfacet
  facet normal 0 0 -1
    outer loop
      vertex -8.07037373068517 15.220200888819097 0
      vertex -7.783216107801055 15.220200888819095 0
      vertex -7.642093969630338 15.19212995022588 0
    endloop
  endfacet
  facet normal 0 0 -1
    outer loop
      vertex -8.476794919243112 15.082239485470788 0
      vertex -7.642093969630338 15.19212995022588 0
      vertex -7.054106244922754 14.799249113217497 0
    endloop
  endfacet
  facet normal 0 0 -1
    outer loop
      vertex -5.8740902180842705 7.2695178354158445 0
      vertex -8.476794919243112 15.082239485470788 0
      vertex -7.367445091257484 13.066911669011477 0
    endloop
  endfacet
  facet normal 0 0 -1
    outer loop
      vertex -7.367445091257484 13.066911669011477 0
      vertex -7.054106244922754 14.799249113217497 0
      vertex -6.34913619696375 13.654832583250155 0
    endloop
  endfacet
  facet normal 0 0 -1
    outer loop
      vertex -8.476794919243112 15.082239485470788 0
      vertex -7.054106244922754 14.799249113217497 0
      vertex -7.367445091257484 13.066911669011477 0
    endloop
  endfacet
  facet normal 0 0 -1
    outer loop
      vertex -7.642093969630338 15.19212995022588 0
      vertex -7.505843143641513 15.14587902707032 0
      vertex -7.376794919243112 15.082239485470788 0
    endloop
  endfacet
  facet normal 0 0 -1
    outer loop
      vertex -7.642093969630338 15.19212995022588 0
      vertex -7.376794919243112 15.082239485470788 0
      vertex -7.257157347333519 15.002300215628262 0
    endloop
  endfacet
  facet normal 0 0 -1
    outer loop
      vertex -7.642093969630338 15.19212995022588 0
      vertex -7.257157347333519 15.002300215628262 0
      vertex -7.054106244922754 14.799249113217497 0
    endloop
  endfacet
  facet normal 0 0 -1
    outer loop
      vertex -7.1489774599379095 14.907429000613108 0
      vertex -7.054106244922754 14.799249113217497 0
      vertex -7.257157347333519 15.002300215628262 0
    endloop
  endfacet
  facet normal 0 0 -1
    outer loop
      vertex -6.974166975080229 14.679611541307905 0
      vertex -6.3452994616207485 13.657047723433244 0
      vertex -6.34913619696375 13.654832583250155 0
    endloop
  endfacet
  facet normal 0 0 -1
    outer loop
      vertex -6.974166975080229 14.679611541307905 0
      vertex -6.34913619696375 13.654832583250155 0
      vertex -7.054106244922754 14.799249113217497 0
    endloop
  endfacet
  facet normal -0.9046116947691547 -0.4262366498635208 0
    outer loop
      vertex -8.36838864807863 12.489016637037166 0
      vertex -8.36838864807863 12.489016637037166 1.0375942466436
      vertex -8.943062405005527 13.708659765706306 0
    endloop
  endfacet
  facet normal -0.9469301294951059 -0.3214394653031609 0
    outer loop
      vertex -8.989313328161087 13.844910591695132 0
      vertex -8.943062405005527 13.708659765706306 0
      vertex -8.989313328161087 13.844910591695132 1
    endloop
  endfacet
  facet normal -0.9807852804032312 -0.1950903220161243 0
    outer loop
      vertex -8.989313328161087 13.844910591695132 0
      vertex -8.989313328161087 13.844910591695132 1
      vertex -9.017384266754302 13.986032729865846 0
    endloop
  endfacet
  facet normal -0.9978589232386028 -0.06540312923015482 0
    outer loop
      vertex -9.017384266754302 13.986032729865846 0
      vertex -9.026794919243113 14.129611541307906 1
      vertex -9.026794919243113 14.129611541307906 0
    endloop
  endfacet
  facet normal -0.9978589232386036 0.06540312923014413 0
    outer loop
      vertex -9.026794919243113 14.129611541307906 0
      vertex -9.026794919243113 14.129611541307906 1
      vertex -9.017384266754304 14.273190352749962 0
    endloop
  endfacet
  facet normal -0.9807852804032294 0.19509032201613385 0
    outer loop
      vertex -9.017384266754304 14.273190352749962 0
      vertex -8.989313328161087 14.414312490920677 1
      vertex -8.989313328161087 14.414312490920677 0
    endloop
  endfacet
  facet normal -0.9469301294951046 0.32143946530316464 0
    outer loop
      vertex -8.989313328161087 14.414312490920677 0
      vertex -8.989313328161087 14.414312490920677 1
      vertex -8.943062405005527 14.550563316909502 0
    endloop
  endfacet
  facet normal -0.8968727415326869 0.44228869021900424 0
    outer loop
      vertex -8.943062405005527 14.550563316909502 0
      vertex -8.943062405005527 14.550563316909502 1
      vertex -8.879422863405994 14.679611541307903 0
    endloop
  endfacet
  facet normal -0.8314696123025516 0.5555702330195929 0
    outer loop
      vertex -8.879422863405994 14.679611541307903 0
      vertex -8.79948359356347 14.799249113217497 1
      vertex -8.79948359356347 14.799249113217497 0
    endloop
  endfacet
  facet normal -0.7518398074789684 0.6593458151000791 0
    outer loop
      vertex -8.79948359356347 14.799249113217497 0
      vertex -8.704612378548314 14.907429000613105 1
      vertex -8.704612378548314 14.907429000613105 0
    endloop
  endfacet
  facet normal -0.6593458151000801 0.7518398074789677 0
    outer loop
      vertex -8.704612378548314 14.907429000613105 0
      vertex -8.704612378548314 14.907429000613105 1
      vertex -8.596432491152704 15.002300215628264 0
    endloop
  endfacet
  facet normal -0.5555702330196072 0.831469612302542 0
    outer loop
      vertex -8.596432491152704 15.002300215628264 0
      vertex -8.476794919243112 15.082239485470788 1
      vertex -8.476794919243112 15.082239485470788 0
    endloop
  endfacet
  facet normal -0.4422886902189943 0.8968727415326917 0
    outer loop
      vertex -8.476794919243112 15.082239485470788 0
      vertex -8.476794919243112 15.082239485470788 1
      vertex -8.34774669484471 15.14587902707032 0
    endloop
  endfacet
  facet normal -0.3214394653031498 0.9469301294951096 0
    outer loop
      vertex -8.34774669484471 15.14587902707032 0
      vertex -8.211495868855884 15.192129950225878 1
      vertex -8.211495868855884 15.192129950225878 0
    endloop
  endfacet
  facet normal -0.1950903220161457 0.9807852804032269 0
    outer loop
      vertex -8.211495868855884 15.192129950225878 0
      vertex -8.07037373068517 15.220200888819097 1
      vertex -8.07037373068517 15.220200888819097 0
    endloop
  endfacet
  facet normal -0.06540312923013103 0.9978589232386044 0
    outer loop
      vertex -8.07037373068517 15.220200888819097 0
      vertex -8.07037373068517 15.220200888819097 1
      vertex -7.926794919243111 15.229611541307904 0
    endloop
  endfacet
  facet normal 0.06540312923014413 0.9978589232386036 0
    outer loop
      vertex -7.926794919243111 15.229611541307904 0
      vertex -7.783216107801055 15.220200888819095 1
      vertex -7.783216107801055 15.220200888819095 0
    endloop
  endfacet
  facet normal 0.19509032201611962 0.9807852804032323 0
    outer loop
      vertex -7.783216107801055 15.220200888819095 0
      vertex -7.642093969630338 15.19212995022588 1
      vertex -7.642093969630338 15.19212995022588 0
    endloop
  endfacet
  facet normal 0.32143946530316464 0.9469301294951046 0
    outer loop
      vertex -7.642093969630338 15.19212995022588 0
      vertex -7.642093969630338 15.19212995022588 1
      vertex -7.505843143641513 15.14587902707032 0
    endloop
  endfacet
  facet normal 0.4422886902189943 0.8968727415326917 0
    outer loop
      vertex -7.505843143641513 15.14587902707032 0
      vertex -7.376794919243112 15.082239485470788 1
      vertex -7.376794919243112 15.082239485470788 0
    endloop
  endfacet
  facet normal 0.5555702330196127 0.8314696123025381 0
    outer loop
      vertex -7.376794919243112 15.082239485470788 0
      vertex -7.257157347333519 15.002300215628262 1
      vertex -7.257157347333519 15.002300215628262 0
    endloop
  endfacet
  facet normal 0.831469612302542 0.5555702330196072 0
    outer loop
      vertex -6.974166975080229 14.679611541307905 0
      vertex -7.054106244922754 14.799249113217497 0
      vertex -6.974166975080229 14.679611541307905 1
    endloop
  endfacet
  facet normal 0.659345815100059 0.7518398074789859 0
    outer loop
      vertex -7.1489774599379095 14.907429000613108 0
      vertex -7.257157347333519 15.002300215628262 0
      vertex -7.257157347333519 15.002300215628262 1
    endloop
  endfacet
  facet normal 0.7518398074789853 0.6593458151000599 0
    outer loop
      vertex -7.1489774599379095 14.907429000613108 0
      vertex -7.054106244922754 14.799249113217497 1
      vertex -7.054106244922754 14.799249113217497 0
    endloop
  endfacet
  facet normal 0.8518079486543418 0.5238541959450953 0
    outer loop
      vertex -6.974166975080229 14.679611541307905 0
      vertex -6.974166975080229 14.679611541307905 1
      vertex -6.3452994616207485 13.657047723433244 0
    endloop
  endfacet
  facet normal -0.9046116947691546 -0.4262366498635211 0
    outer loop
      vertex -7.3574463208700704 10.34347084170767 0
      vertex -5.88581929876693 7.220203485512313 1.2
      vertex -7.3574463208700704 10.34347084170767 1.1
    endloop
  endfacet
  facet normal -0.9046116947691547 -0.4262366498635207 0
    outer loop
      vertex -8.943062405005527 13.708659765706306 0
      vertex -8.36838864807863 12.489016637037166 1.0375942466436
      vertex -8.943062405005527 13.708659765706306 1
    endloop
  endfacet
  facet normal -0.9469301294951059 -0.3214394653031609 0
    outer loop
      vertex -8.943062405005527 13.708659765706306 0
      vertex -8.943062405005527 13.708659765706306 1
      vertex -8.989313328161087 13.844910591695132 1
    endloop
  endfacet
  facet normal -0.9978589232386028 -0.06540312923015482 0
    outer loop
      vertex -9.017384266754302 13.986032729865846 0
      vertex -9.017384266754302 13.986032729865846 1
      vertex -9.026794919243113 14.129611541307906 1
    endloop
  endfacet
  facet normal -0.9807852804032312 -0.1950903220161243 0
    outer loop
      vertex -9.017384266754302 13.986032729865846 0
      vertex -8.989313328161087 13.844910591695132 1
      vertex -9.017384266754302 13.986032729865846 1
    endloop
  endfacet
  facet normal -0.9978589232386036 0.06540312923014413 0
    outer loop
      vertex -9.017384266754304 14.273190352749962 0
      vertex -9.026794919243113 14.129611541307906 1
      vertex -9.017384266754304 14.273190352749962 1
    endloop
  endfacet
  facet normal -0.9807852804032294 0.19509032201613385 0
    outer loop
      vertex -9.017384266754304 14.273190352749962 0
      vertex -9.017384266754304 14.273190352749962 1
      vertex -8.989313328161087 14.414312490920677 1
    endloop
  endfacet
  facet normal -0.9469301294951046 0.32143946530316464 0
    outer loop
      vertex -8.943062405005527 14.550563316909502 0
      vertex -8.989313328161087 14.414312490920677 1
      vertex -8.943062405005527 14.550563316909502 1
    endloop
  endfacet
  facet normal -0.8968727415326869 0.44228869021900424 0
    outer loop
      vertex -8.879422863405994 14.679611541307903 0
      vertex -8.943062405005527 14.550563316909502 1
      vertex -8.879422863405994 14.679611541307903 1
    endloop
  endfacet
  facet normal -0.8314696123025516 0.5555702330195929 0
    outer loop
      vertex -8.879422863405994 14.679611541307903 0
      vertex -8.879422863405994 14.679611541307903 1
      vertex -8.79948359356347 14.799249113217497 1
    endloop
  endfacet
  facet normal -0.7518398074789684 0.6593458151000791 0
    outer loop
      vertex -8.79948359356347 14.799249113217497 0
      vertex -8.79948359356347 14.799249113217497 1
      vertex -8.704612378548314 14.907429000613105 1
    endloop
  endfacet
  facet normal -0.6593458151000801 0.7518398074789677 0
    outer loop
      vertex -8.596432491152704 15.002300215628264 0
      vertex -8.704612378548314 14.907429000613105 1
      vertex -8.596432491152704 15.002300215628264 1
    endloop
  endfacet
  facet normal -0.5555702330196072 0.831469612302542 0
    outer loop
      vertex -8.596432491152704 15.002300215628264 0
      vertex -8.596432491152704 15.002300215628264 1
      vertex -8.476794919243112 15.082239485470788 1
    endloop
  endfacet
  facet normal -0.4422886902189943 0.8968727415326917 0
    outer loop
      vertex -8.34774669484471 15.14587902707032 0
      vertex -8.476794919243112 15.082239485470788 1
      vertex -8.34774669484471 15.14587902707032 1
    endloop
  endfacet
  facet normal -0.3214394653031498 0.9469301294951096 0
    outer loop
      vertex -8.34774669484471 15.14587902707032 0
      vertex -8.34774669484471 15.14587902707032 1
      vertex -8.211495868855884 15.192129950225878 1
    endloop
  endfacet
  facet normal -0.1950903220161457 0.9807852804032269 0
    outer loop
      vertex -8.211495868855884 15.192129950225878 0
      vertex -8.211495868855884 15.192129950225878 1
      vertex -8.07037373068517 15.220200888819097 1
    endloop
  endfacet
  facet normal -0.06540312923013103 0.9978589232386044 0
    outer loop
      vertex -7.926794919243111 15.229611541307904 0
      vertex -8.07037373068517 15.220200888819097 1
      vertex -7.926794919243111 15.229611541307904 1
    endloop
  endfacet
  facet normal 0.06540312923014413 0.9978589232386036 0
    outer loop
      vertex -7.926794919243111 15.229611541307904 0
      vertex -7.926794919243111 15.229611541307904 1
      vertex -7.783216107801055 15.220200888819095 1
    endloop
  endfacet
  facet normal 0.19509032201611962 0.9807852804032323 0
    outer loop
      vertex -7.783216107801055 15.220200888819095 0
      vertex -7.783216107801055 15.220200888819095 1
      vertex -7.642093969630338 15.19212995022588 1
    endloop
  endfacet
  facet normal 0.32143946530316464 0.9469301294951046 0
    outer loop
      vertex -7.505843143641513 15.14587902707032 0
      vertex -7.642093969630338 15.19212995022588 1
      vertex -7.505843143641513 15.14587902707032 1
    endloop
  endfacet
  facet normal 0.4422886902189943 0.8968727415326917 0
    outer loop
      vertex -7.505843143641513 15.14587902707032 0
      vertex -7.505843143641513 15.14587902707032 1
      vertex -7.376794919243112 15.082239485470788 1
    endloop
  endfacet
  facet normal 0.5555702330196127 0.8314696123025381 0
    outer loop
      vertex -7.376794919243112 15.082239485470788 0
      vertex -7.376794919243112 15.082239485470788 1
      vertex -7.257157347333519 15.002300215628262 1
    endloop
  endfacet
  facet normal 0.7518398074789853 0.6593458151000599 0
    outer loop
      vertex -7.1489774599379095 14.907429000613108 0
      vertex -7.1489774599379095 14.907429000613108 1
      vertex -7.054106244922754 14.799249113217497 1
    endloop
  endfacet
  facet normal 0.659345815100059 0.7518398074789859 0
    outer loop
      vertex -7.1489774599379095 14.907429000613108 0
      vertex -7.257157347333519 15.002300215628262 1
      vertex -7.1489774599379095 14.907429000613108 1
    endloop
  endfacet
  facet normal 0.831469612302542 0.5555702330196072 0
    outer loop
      vertex -7.054106244922754 14.799249113217497 0
      vertex -7.054106244922754 14.799249113217497 1
      vertex -6.974166975080229 14.679611541307905 1
    endloop
  endfacet
  facet normal 0.8518079486543418 0.5238541959450953 0
    outer loop
      vertex -6.3452994616207485 13.657047723433244 0
      vertex -6.974166975080229 14.679611541307905 1
      vertex -6.3452994616207485 13.657047723433244 0.951851851851852
    endloop
  endfacet
  facet normal -0.22716471144238623 -0.07711202876258774 0.9707986036740138
    outer loop
      vertex -8.36838864807863 12.489016637037166 1.0375942466436
      vertex -8.35320555078345 12.49778260234767 1.0418433517302836
      vertex -8.943062405005527 13.708659765706306 1
    endloop
  endfacet
  facet normal -0.11290365244095453 -0.022457932792840085 0.99335210601285
    outer loop
      vertex -8.35320555078345 12.49778260234767 1.0418433517302836
      vertex -8.320366141614391 12.516742444071454 1.046004502711255
      vertex -8.989313328161087 13.844910591695132 1
    endloop
  endfacet
  facet normal -0.07635826441722804 -0.005004785064467499 0.9970678851420536
    outer loop
      vertex -8.320366141614391 12.516742444071454 1.046004502711255
      vertex -8.270096189432333 12.545765814495915 1.05
      vertex -9.017384266754302 13.986032729865846 1
    endloop
  endfacet
  facet normal -0.058006854523773396 0.003801970112507936 0.9983089450924104
    outer loop
      vertex -8.270096189432333 12.545765814495915 1.05
      vertex -8.202978857415705 12.584516024203005 1.0537522834925674
      vertex -9.026794919243113 14.129611541307906 1
    endloop
  endfacet
  facet normal -0.04667583251496732 0.009284400344968899 0.9988669413737091
    outer loop
      vertex -8.202978857415705 12.584516024203005 1.0537522834925674
      vertex -8.119967065624767 12.632442904539417 1.057185846066333
      vertex -9.017384266754304 14.273190352749962 1
    endloop
  endfacet
  facet normal -0.038758347927792966 0.013156686270597368 0.9991619949098771
    outer loop
      vertex -8.119967065624767 12.632442904539417 1.057185846066333
      vertex -8.022384296385033 12.688782342628247 1.0602293031091812
      vertex -8.989313328161087 14.414312490920677 1
    endloop
  endfacet
  facet normal -0.03273273435625186 0.01614199822928342 0.9993337800728687
    outer loop
      vertex -8.022384296385033 12.688782342628247 1.0602293031091812
      vertex -7.91191204578663 12.752563526249219 1.06281753051736
      vertex -8.943062405005527 14.550563316909502 1
    endloop
  endfacet
  facet normal -0.22716471144238554 -0.07711202876258749 0.9707986036740143
    outer loop
      vertex -8.35320555078345 12.49778260234767 1.0418433517302836
      vertex -8.989313328161087 13.844910591695132 1
      vertex -8.943062405005527 13.708659765706306 1
    endloop
  endfacet
  facet normal -0.11290365244095395 -0.022457932792839853 0.9933521060128501
    outer loop
      vertex -8.320366141614391 12.516742444071454 1.046004502711255
      vertex -9.017384266754302 13.986032729865846 1
      vertex -8.989313328161087 13.844910591695132 1
    endloop
  endfacet
  facet normal -0.07635826441722843 -0.005004785064467633 0.9970678851420535
    outer loop
      vertex -8.270096189432333 12.545765814495915 1.05
      vertex -9.026794919243113 14.129611541307906 1
      vertex -9.017384266754302 13.986032729865846 1
    endloop
  endfacet
  facet normal -0.058006854523773424 0.003801970112507941 0.9983089450924105
    outer loop
      vertex -8.202978857415705 12.584516024203005 1.0537522834925674
      vertex -9.017384266754304 14.273190352749962 1
      vertex -9.026794919243113 14.129611541307906 1
    endloop
  endfacet
  facet normal -0.04667583251496739 0.009284400344968895 0.9988669413737091
    outer loop
      vertex -8.119967065624767 12.632442904539417 1.057185846066333
      vertex -8.989313328161087 14.414312490920677 1
      vertex -9.017384266754304 14.273190352749962 1
    endloop
  endfacet
  facet normal -0.03875834792779231 0.013156686270597738 0.999161994909877
    outer loop
      vertex -8.022384296385033 12.688782342628247 1.0602293031091812
      vertex -8.943062405005527 14.550563316909502 1
      vertex -8.989313328161087 14.414312490920677 1
    endloop
  endfacet
  facet normal -0.03273273435625182 0.016141998229283472 0.9993337800728688
    outer loop
      vertex -7.91191204578663 12.752563526249219 1.06281753051736
      vertex -8.879422863405994 14.679611541307903 1
      vertex -8.943062405005527 14.550563316909502 1
    endloop
  endfacet
  facet normal -0.027839858292604328 0.018601998593818198 0.9994392967752284
    outer loop
      vertex -7.790562848378479 12.82262451803876 1.0648937646575514
      vertex -8.79948359356347 14.799249113217497 1
      vertex -8.879422863405994 14.679611541307903 1
    endloop
  endfacet
  facet normal -0.023651641451394412 0.020741932864017317 0.9995050635578188
    outer loop
      vertex -8.79948359356347 14.799249113217497 1
      vertex -7.660638741937343 12.89763623586677 1.0664115462291976
      vertex -8.704612378548314 14.907429000613105 1
    endloop
  endfacet
  facet normal -0.027839858292604366 0.018601998593818198 0.9994392967752285
    outer loop
      vertex -7.91191204578663 12.752563526249219 1.06281753051736
      vertex -7.790562848378479 12.82262451803876 1.0648937646575514
      vertex -8.879422863405994 14.679611541307903 1
    endloop
  endfacet
  facet normal -0.023651641451393583 0.02074193286401781 0.9995050635578189
    outer loop
      vertex -7.790562848378479 12.82262451803876 1.0648937646575514
      vertex -7.660638741937343 12.89763623586677 1.0664115462291976
      vertex -8.79948359356347 14.799249113217497 1
    endloop
  endfacet
  facet normal -0.019900239809332466 0.022691874467668613 0.9995444258704435
    outer loop
      vertex -8.704612378548314 14.907429000613105 1
      vertex -7.660638741937343 12.89763623586677 1.0664115462291976
      vertex -7.524676116065415 12.976134294513656 1.06733638833052
    endloop
  endfacet
  facet normal -0.01639984061948068 0.024544095977910015 0.9995642213386204
    outer loop
      vertex -8.596432491152704 15.002300215628264 1
      vertex -7.524676116065415 12.976134294513656 1.06733638833052
      vertex -7.385378990675589 13.056557527354814 1.0676470588235294
    endloop
  endfacet
  facet normal -0.019900239809332365 0.02269187446766873 0.9995444258704435
    outer loop
      vertex -8.704612378548314 14.907429000613105 1
      vertex -7.524676116065415 12.976134294513656 1.06733638833052
      vertex -8.596432491152704 15.002300215628264 1
    endloop
  endfacet
  facet normal -0.016399840619480657 0.02454409597791 0.9995642213386206
    outer loop
      vertex -8.596432491152704 15.002300215628264 1
      vertex -7.385378990675589 13.056557527354814 1.0676470588235294
      vertex -8.476794919243112 15.082239485470788 1
    endloop
  endfacet
  facet normal -0.013005693739236627 0.026372937986879556 0.9995675665368007
    outer loop
      vertex -8.476794919243112 15.082239485470788 1
      vertex -7.245543768207458 13.13729143068898 1.06733638833052
      vertex -8.34774669484471 15.14587902707032 1
    endloop
  endfacet
  facet normal -0.009588750191684828 0.028247547177024865 0.9995549669469124
    outer loop
      vertex -8.34774669484471 15.14587902707032 1
      vertex -7.245543768207458 13.13729143068898 1.06733638833052
      vertex -8.211495868855884 15.192129950225878 1
    endloop
  endfacet
  facet normal -0.006015619715824551 0.030242562566972823 0.9995244868080108
    outer loop
      vertex -8.211495868855884 15.192129950225878 1
      vertex -4.8882285676537816 9.243117373493549 1.2
      vertex -8.07037373068517 15.220200888819097 1
    endloop
  endfacet
  facet normal -0.009588750191683995 0.02824754717702529 0.9995549669469125
    outer loop
      vertex -8.211495868855884 15.192129950225878 1
      vertex -7.245405075061645 13.13737150521405 1.067335455900562
      vertex -5.074025148547634 9.180047932826875 1.2
    endloop
  endfacet
  facet normal -0.0021269134723173517 0.03245042878362017 0.9994710830788655
    outer loop
      vertex -8.07037373068517 15.220200888819097 1
      vertex -4.5 9.294228634059948 1.2
      vertex -7.926794919243111 15.229611541307904 1
    endloop
  endfacet
  facet normal 0.0022940174652404353 0.034999943040956646 0.9993846814270263
    outer loop
      vertex -7.926794919243111 15.229611541307904 1
      vertex -4.5 9.294228634059948 1.2
      vertex -7.783216107801055 15.220200888819095 1
    endloop
  endfacet
  facet normal 0.007576533156864663 0.0380898043529084 0.9992455969128311
    outer loop
      vertex -7.783216107801055 15.220200888819095 1
      vertex -4.304210711669922 9.281395926120663 1.2
      vertex -7.642093969630338 15.19212995022588 1
    endloop
  endfacet
  facet normal 0.014276813900610226 0.04205813751877608 0.9990131558960067
    outer loop
      vertex -7.642093969630338 15.19212995022588 1
      vertex -3.9259748514523656 9.180047932826877 1.2
      vertex -7.505843143641513 15.14587902707032 1
    endloop
  endfacet
  facet normal 0.02344766151452021 0.047547153997190776 0.9985937488870376
    outer loop
      vertex -7.505843143641513 15.14587902707032 1
      vertex -3.9259748514523656 9.180047932826877 1.2
      vertex -7.376794919243112 15.082239485470788 1
    endloop
  endfacet
  facet normal 0.03739390687907514 0.05596393652379898 0.9977322955267507
    outer loop
      vertex -7.376794919243112 15.082239485470788 1
      vertex -3.75 9.093266739736606 1.2
      vertex -7.257157347333519 15.002300215628262 1
    endloop
  endfacet
  facet normal -0.01300569373923674 0.02637293798687947 0.9995675665368007
    outer loop
      vertex -8.476794919243112 15.082239485470788 1
      vertex -7.385378990675589 13.056557527354814 1.0676470588235294
      vertex -7.245543768207458 13.13729143068898 1.06733638833052
    endloop
  endfacet
  facet normal -0.009588750192137358 0.02824754717679899 0.9995549669469146
    outer loop
      vertex -8.211495868855884 15.192129950225878 1
      vertex -7.245543768207458 13.13729143068898 1.06733638833052
      vertex -7.245405075061645 13.13737150521405 1.067335455900562
    endloop
  endfacet
  facet normal 0.8518079486543414 0.523854195945096 0
    outer loop
      vertex -6.3452994616207485 13.657047723433244 0.951851851851852
      vertex -3.200961894323342 8.544228634059948 1.2
      vertex -3.200961894323342 8.544228634059948 0.9333333333333333
    endloop
  endfacet
  facet normal 0.8518079486543416 0.5238541959450956 -1.0593497207579867e-14
    outer loop
      vertex -6.3452994616207485 13.657047723433244 0.951851851851852
      vertex -6.974166975080229 14.679611541307905 1
      vertex -3.200961894323342 8.544228634059948 1.2
    endloop
  endfacet
  facet normal 0.12343518192257057 0.10824974925132082 0.9864308123993127
    outer loop
      vertex -7.1489774599379095 14.907429000613108 1
      vertex -3.439339828220179 8.854888805839769 1.2
      vertex -7.054106244922754 14.799249113217497 1
    endloop
  endfacet
  facet normal 0.4933422053035842 0.3296407227678562 0.8049537019973766
    outer loop
      vertex -6.974166975080229 14.679611541307905 1
      vertex -7.054106244922754 14.799249113217497 1
      vertex -3.3099699895631476 8.70737077757303 1.2
    endloop
  endfacet
  facet normal 0.062376376848240725 0.07112662594772234 0.9955150379037873
    outer loop
      vertex -7.1489774599379095 14.907429000613108 1
      vertex -7.257157347333519 15.002300215628262 1
      vertex -3.439339828220179 8.854888805839769 1.2
    endloop
  endfacet
  facet normal -0.904611694769154 -0.4262366498635223 -6.642289836313285e-14
    outer loop
      vertex -5.88581929876693 7.220203485512313 1.2
      vertex -7.414440851886227 10.464431625609306 1.1
      vertex -7.3574463208700704 10.34347084170767 1.1
    endloop
  endfacet
  facet normal -0.22716471144238193 -0.07711202876258597 0.970798603674015
    outer loop
      vertex -5.9488887394336025 7.4060000664061665 1.2
      vertex -7.469101033797342 10.625455329050643 1.1
      vertex -7.414440851886227 10.464431625609306 1.1
    endloop
  endfacet
  facet normal -0.11290365244095525 -0.022457932792840373 0.99335210601285
    outer loop
      vertex -5.9488887394336025 7.4060000664061665 1.2
      vertex -5.9871672920607155 7.5984393457298705 1.2
      vertex -7.469101033797342 10.625455329050643 1.1
    endloop
  endfacet
  facet normal -0.22716471144238765 -0.0771120287625885 0.9707986036740135
    outer loop
      vertex -5.9488887394336025 7.4060000664061665 1.2
      vertex -7.414440851886227 10.464431625609306 1.1
      vertex -5.88581929876693 7.220203485512313 1.2
    endloop
  endfacet
  facet normal -0.07635826441722633 -0.005004785064466636 0.9970678851420537
    outer loop
      vertex -5.9871672920607155 7.5984393457298705 1.2
      vertex -6 7.794228634059948 1.2
      vertex -7.502275779407506 10.792236037797851 1.1
    endloop
  endfacet
  facet normal -0.05800685452377358 0.003801970112507959 0.9983089450924105
    outer loop
      vertex -7.513397459621555 10.961920087683925 1.1
      vertex -6 7.794228634059948 1.2
      vertex -5.9871672920607155 7.990017922390024 1.2
    endloop
  endfacet
  facet normal -0.04667583251496781 0.009284400344968673 0.9988669413737092
    outer loop
      vertex -7.502275779407508 11.13160413756999 1.1
      vertex -5.9871672920607155 7.990017922390024 1.2
      vertex -5.9488887394336025 8.182457201713728 1.2
    endloop
  endfacet
  facet normal -0.03875834792779257 0.01315668627059754 0.9991619949098771
    outer loop
      vertex -7.469101033797343 11.2983848463172 1.1
      vertex -5.9488887394336025 8.182457201713728 1.2
      vertex -5.885819298766931 8.368253782607582 1.2
    endloop
  endfacet
  facet normal -0.032732734356251895 0.016141998229283396 0.9993337800728688
    outer loop
      vertex -7.414440851886227 11.45940854975854 1.1
      vertex -5.885819298766931 8.368253782607582 1.2
      vertex -5.799038105676658 8.544228634059948 1.2
    endloop
  endfacet
  facet normal -0.11290365244095368 -0.022457932792839762 0.9933521060128502
    outer loop
      vertex -5.9871672920607155 7.5984393457298705 1.2
      vertex -7.502275779407506 10.792236037797851 1.1
      vertex -7.469101033797342 10.625455329050643 1.1
    endloop
  endfacet
  facet normal -0.07635826441722908 -0.005004785064468026 0.9970678851420535
    outer loop
      vertex -7.502275779407506 10.792236037797851 1.1
      vertex -6 7.794228634059948 1.2
      vertex -7.513397459621555 10.961920087683925 1.1
    endloop
  endfacet
  facet normal -0.058006854523773056 0.003801970112508086 0.9983089450924105
    outer loop
      vertex -7.513397459621555 10.961920087683925 1.1
      vertex -5.9871672920607155 7.990017922390024 1.2
      vertex -7.502275779407508 11.13160413756999 1.1
    endloop
  endfacet
  facet normal -0.04667583251496753 0.009284400344968814 0.9988669413737092
    outer loop
      vertex -7.502275779407508 11.13160413756999 1.1
      vertex -5.9488887394336025 8.182457201713728 1.2
      vertex -7.469101033797343 11.2983848463172 1.1
    endloop
  endfacet
  facet normal -0.03875834792779264 0.013156686270597533 0.9991619949098771
    outer loop
      vertex -7.469101033797343 11.2983848463172 1.1
      vertex -5.885819298766931 8.368253782607582 1.2
      vertex -7.414440851886227 11.45940854975854 1.1
    endloop
  endfacet
  facet normal -0.027839858292603627 0.01860199859381848 0.9994392967752285
    outer loop
      vertex -7.339230484541325 11.611920087683924 1.1
      vertex -5.799038105676658 8.544228634059948 1.2
      vertex -5.690030010436852 8.707370777573027 1.2
    endloop
  endfacet
  facet normal -0.023651641451394975 0.02074193286401705 0.9995050635578188
    outer loop
      vertex -7.244756802000161 11.753309945395262 1.1
      vertex -5.690030010436852 8.707370777573027 1.2
      vertex -5.560660171779821 8.854888805839769 1.2
    endloop
  endfacet
  facet normal -0.03273273435625193 0.01614199822928334 0.9993337800728688
    outer loop
      vertex -7.414440851886227 11.45940854975854 1.1
      vertex -5.799038105676658 8.544228634059948 1.2
      vertex -7.339230484541325 11.611920087683924 1.1
    endloop
  endfacet
  facet normal -0.027839858292604203 0.018601998593818204 0.9994392967752286
    outer loop
      vertex -7.339230484541325 11.611920087683924 1.1
      vertex -5.690030010436852 8.707370777573027 1.2
      vertex -7.244756802000161 11.753309945395262 1.1
    endloop
  endfacet
  facet normal -0.023651641451393552 0.02074193286401785 0.9995050635578189
    outer loop
      vertex -7.244756802000161 11.753309945395262 1.1
      vertex -5.560660171779821 8.854888805839769 1.2
      vertex -7.132636275164064 11.88115890322643 1.1
    endloop
  endfacet
  facet normal -0.01990023980933292 0.022691874467668436 0.9995444258704436
    outer loop
      vertex -7.132636275164064 11.88115890322643 1.1
      vertex -5.41314214351308 8.9842586444968 1.2
      vertex -7.004787317332892 11.993279430062529 1.1
    endloop
  endfacet
  facet normal -0.01639984061948138 0.024544095977909623 0.9995642213386206
    outer loop
      vertex -7.004787317332892 11.993279430062529 1.1
      vertex -5.41314214351308 8.9842586444968 1.2
      vertex -6.946722826859237 12.032076882218696 1.1
    endloop
  endfacet
  facet normal -0.016399840619480365 0.024544095977910154 0.9995642213386206
    outer loop
      vertex -7.06507214207425 12.46206390921208 1.0875000000000001
      vertex -6.946722826859237 12.032076882218696 1.1
      vertex -5.25 9.093266739736606 1.2
    endloop
  endfacet
  facet normal -0.00958875019168529 0.028247547177024553 0.9995549669469124
    outer loop
      vertex -8.211495868855884 15.192129950225878 1
      vertex -5.074025148547634 9.180047932826875 1.2
      vertex -4.8882285676537816 9.243117373493549 1.2
    endloop
  endfacet
  facet normal -0.01300569373923615 0.02637293798687983 0.9995675665368007
    outer loop
      vertex -7.06507214207425 12.46206390921208 1.0875000000000001
      vertex -5.074025148547634 9.180047932826875 1.2
      vertex -7.245243073617628 13.136743463151573 1.0673547585300363
    endloop
  endfacet
  facet normal -0.0095887501922871 0.0282475471766945 0.9995549669469159
    outer loop
      vertex -7.245243073617628 13.136743463151573 1.0673547585300363
      vertex -5.074025148547634 9.180047932826875 1.2
      vertex -7.245405075061645 13.13737150521405 1.067335455900562
    endloop
  endfacet
  facet normal -0.019900239809331914 0.022691874467669074 0.9995444258704436
    outer loop
      vertex -7.132636275164064 11.88115890322643 1.1
      vertex -5.560660171779821 8.854888805839769 1.2
      vertex -5.41314214351308 8.9842586444968 1.2
    endloop
  endfacet
  facet normal -0.016399840619480716 0.02454409597790998 0.9995642213386206
    outer loop
      vertex -6.946722826859237 12.032076882218696 1.1
      vertex -5.41314214351308 8.9842586444968 1.2
      vertex -5.25 9.093266739736606 1.2
    endloop
  endfacet
  facet normal -0.013005693739236514 0.026372937986879647 0.9995675665368006
    outer loop
      vertex -7.06507214207425 12.46206390921208 1.0875000000000001
      vertex -5.25 9.093266739736606 1.2
      vertex -5.074025148547634 9.180047932826875 1.2
    endloop
  endfacet
  facet normal -0.006015619715823899 0.030242562566973247 0.9995244868080106
    outer loop
      vertex -8.07037373068517 15.220200888819097 1
      vertex -4.8882285676537816 9.243117373493549 1.2
      vertex -4.695789288330077 9.281395926120661 1.2
    endloop
  endfacet
  facet normal -0.002126913472318069 0.03245042878361968 0.9994710830788656
    outer loop
      vertex -8.07037373068517 15.220200888819097 1
      vertex -4.695789288330077 9.281395926120661 1.2
      vertex -4.5 9.294228634059948 1.2
    endloop
  endfacet
  facet normal 0.0022940174652405767 0.03499994304095664 0.9993846814270264
    outer loop
      vertex -7.783216107801055 15.220200888819095 1
      vertex -4.5 9.294228634059948 1.2
      vertex -4.304210711669922 9.281395926120663 1.2
    endloop
  endfacet
  facet normal 0.01427681390061032 0.04205813751877604 0.9990131558960067
    outer loop
      vertex -7.642093969630338 15.19212995022588 1
      vertex -4.1117714323462184 9.24311737349355 1.2
      vertex -3.9259748514523656 9.180047932826877 1.2
    endloop
  endfacet
  facet normal 0.007576533156864861 0.03808980435290854 0.9992455969128311
    outer loop
      vertex -7.642093969630338 15.19212995022588 1
      vertex -4.304210711669922 9.281395926120663 1.2
      vertex -4.1117714323462184 9.24311737349355 1.2
    endloop
  endfacet
  facet normal 0.02344766151452063 0.047547153997191005 0.9985937488870376
    outer loop
      vertex -7.376794919243112 15.082239485470788 1
      vertex -3.9259748514523656 9.180047932826877 1.2
      vertex -3.75 9.093266739736606 1.2
    endloop
  endfacet
  facet normal 0.03739390687907427 0.05596393652379836 0.9977322955267506
    outer loop
      vertex -7.257157347333519 15.002300215628262 1
      vertex -3.75 9.093266739736606 1.2
      vertex -3.58685785648692 8.9842586444968 1.2
    endloop
  endfacet
  facet normal 0.0623763768482432 0.07112662594772397 0.9955150379037869
    outer loop
      vertex -7.257157347333519 15.002300215628262 1
      vertex -3.58685785648692 8.9842586444968 1.2
      vertex -3.439339828220179 8.854888805839769 1.2
    endloop
  endfacet
  facet normal 0.12343518192255919 0.10824974925131367 0.9864308123993148
    outer loop
      vertex -7.054106244922754 14.799249113217497 1
      vertex -3.439339828220179 8.854888805839769 1.2
      vertex -3.3099699895631476 8.70737077757303 1.2
    endloop
  endfacet
  facet normal 0.49334220530361467 0.329640722767873 0.8049537019973511
    outer loop
      vertex -6.974166975080229 14.679611541307905 1
      vertex -3.3099699895631476 8.70737077757303 1.2
      vertex -3.200961894323342 8.544228634059948 1.2
    endloop
  endfacet
  facet normal 0 0 -1
    outer loop
      vertex -6.63161135192137 -13.491745476495991 0
      vertex -5.278985351787418 -11.54347084170767 0
      vertex -6.460769515458674 -13.590381056766578 0
    endloop
  endfacet
  facet normal 0 0 -1
    outer loop
      vertex -8.65086380303625 -12.325929530283002 0
      vertex -3.660151295512197 -8.739568007216171 0
      vertex -7.632554908742516 -12.91385044452168 0
    endloop
  endfacet
  facet normal -0.5000000000000019 -0.8660254037844375 0
    outer loop
      vertex -8.654700538379252 -12.323714390099912 0
      vertex -9.05884572681199 -12.090381056766578 0.9
      vertex -9.05884572681199 -12.090381056766578 0
    endloop
  endfacet
  facet normal -0.4999999999999981 -0.8660254037844397 0
    outer loop
      vertex -6.63161135192137 -13.491745476495991 0
      vertex -6.460769515458674 -13.590381056766578 0
      vertex -6.63161135192137 -13.491745476495991 1.0375942466436
    endloop
  endfacet
  facet normal 0.8660254037844386 -0.5000000000000001 0
    outer loop
      vertex -6.460769515458674 -13.590381056766578 0
      vertex -5.278985351787418 -11.54347084170767 0
      vertex -6.460769515458674 -13.590381056766578 1.1
    endloop
  endfacet
  facet normal 0 0 -1
    outer loop
      vertex -8.654700538379252 -12.323714390099912 0
      vertex -9.05884572681199 -12.090381056766578 0
      vertex -3.660151295512197 -8.739568007216171 0
    endloop
  endfacet
  facet normal 0 0 -1
    outer loop
      vertex -8.654700538379252 -12.323714390099912 0
      vertex -3.660151295512197 -8.739568007216171 0
      vertex -8.65086380303625 -12.325929530283002 0
    endloop
  endfacet
  facet normal 0 0 -1
    outer loop
      vertex -9.05884572681199 -12.090381056766578 0
      vertex -3.243079956061261 -8.017179256906346 0
      vertex -3.660151295512197 -8.739568007216171 0
    endloop
  endfacet
  facet normal 0 0 -1
    outer loop
      vertex -9.05884572681199 -12.090381056766578 0
      vertex -1.2482695154586738 -4.562066222313806 0
      vertex -3.243079956061261 -8.017179256906346 0
    endloop
  endfacet
  facet normal 0 0 -1
    outer loop
      vertex -9.05884572681199 -12.090381056766578 0
      vertex -3.572725351353596 -6.6529001002266455 0
      vertex -1.2482695154586738 -4.562066222313806 0
    endloop
  endfacet
  facet normal -0.5000000000000019 -0.8660254037844376 0
    outer loop
      vertex -8.654700538379252 -12.323714390099912 0
      vertex -8.654700538379252 -12.323714390099912 0.951851851851852
      vertex -9.05884572681199 -12.090381056766578 0.9
    endloop
  endfacet
  facet normal -0.49999999999999806 -0.8660254037844397 0
    outer loop
      vertex -6.460769515458674 -13.590381056766578 0
      vertex -6.460769515458674 -13.590381056766578 1.1
      vertex -6.63161135192137 -13.491745476495991 1.0375942466436
    endloop
  endfacet
  facet normal -0.4999999999999999 -0.8660254037844388 1.0329284508385184e-14
    outer loop
      vertex -7.339361258062657 -13.083125877666387 1.0664115462291976
      vertex -6.460769515458674 -13.590381056766578 1.1
      vertex -7.5 -12.990381056766578 1.1
    endloop
  endfacet
  facet normal -0.4999999999999959 -0.866025403784441 -1.3078600200241696e-13
    outer loop
      vertex -7.209437151621521 -13.158137595494397 1.0648937646575514
      vertex -6.460769515458674 -13.590381056766578 1.1
      vertex -7.339361258062657 -13.083125877666387 1.0664115462291976
    endloop
  endfacet
  facet normal -0.5000000000000007 -0.8660254037844384 6.200947468956921e-15
    outer loop
      vertex -7.209437151621521 -13.158137595494397 1.0648937646575514
      vertex -7.08808795421337 -13.228198587283938 1.06281753051736
      vertex -6.460769515458674 -13.590381056766578 1.1
    endloop
  endfacet
  facet normal -0.5000000000000064 -0.8660254037844349 4.102370958417549e-14
    outer loop
      vertex -6.679633858385608 -13.464019669461702 1.046004502711255
      vertex -6.460769515458674 -13.590381056766578 1.1
      vertex -6.729903810567666 -13.434996299037241 1.05
    endloop
  endfacet
  facet normal -0.49999999999998124 -0.8660254037844495 -6.160752151940962e-14
    outer loop
      vertex -6.63161135192137 -13.491745476495991 1.0375942466436
      vertex -6.460769515458674 -13.590381056766578 1.1
      vertex -6.64679444921655 -13.482979511185487 1.0418433517302836
    endloop
  endfacet
  facet normal -0.5000000000000104 -0.8660254037844326 6.29717578616755e-14
    outer loop
      vertex -6.679633858385608 -13.464019669461702 1.046004502711255
      vertex -6.64679444921655 -13.482979511185487 1.0418433517302836
      vertex -6.460769515458674 -13.590381056766578 1.1
    endloop
  endfacet
  facet normal -0.49999999999999895 -0.8660254037844392 -2.258732855231073e-14
    outer loop
      vertex -6.977615703614968 -13.29197977090491 1.0602293031091812
      vertex -6.880032934375232 -13.34831920899374 1.057185846066333
      vertex -6.460769515458674 -13.590381056766578 1.1
    endloop
  endfacet
  facet normal -0.5000000000000064 -0.8660254037844349 7.340622507241712e-14
    outer loop
      vertex -6.880032934375232 -13.34831920899374 1.057185846066333
      vertex -6.797021142584295 -13.396246089330152 1.0537522834925674
      vertex -6.460769515458674 -13.590381056766578 1.1
    endloop
  endfacet
  facet normal -0.5000000000000007 -0.8660254037844384 5.242515484497814e-15
    outer loop
      vertex -7.08808795421337 -13.228198587283938 1.06281753051736
      vertex -6.977615703614968 -13.29197977090491 1.0602293031091812
      vertex -6.460769515458674 -13.590381056766578 1.1
    endloop
  endfacet
  facet normal -0.49999999999999345 -0.8660254037844425 -5.161724234155284e-14
    outer loop
      vertex -6.797021142584295 -13.396246089330152 1.0537522834925674
      vertex -6.729903810567666 -13.434996299037241 1.05
      vertex -6.460769515458674 -13.590381056766578 1.1
    endloop
  endfacet
  facet normal -0.5000000000000022 -0.8660254037844373 6.694103527741627e-15
    outer loop
      vertex -7.754456231792542 -12.843470682844176 1.06733638833052
      vertex -7.614621009324411 -12.924204586178343 1.0676470588235294
      vertex -7.5 -12.990381056766578 1.1
    endloop
  endfacet
  facet normal -0.500000000000001 -0.8660254037844382 3.307401228212406e-16
    outer loop
      vertex -7.614621009324411 -12.924204586178343 1.0676470588235294
      vertex -7.475323883934585 -13.0046278190195 1.06733638833052
      vertex -7.5 -12.990381056766578 1.1
    endloop
  endfacet
  facet normal -0.0956365069594114 0.055215763037577976 0.9938837346736189
    outer loop
      vertex -7.754132025279613 -12.8429362899219 1.0673547585300363
      vertex -7.754594924938355 -12.843390608319107 1.067335455900562
      vertex -7.5 -12.990381056766578 1.1
    endloop
  endfacet
  facet normal -0.49999999999601363 -0.8660254037867402 -4.14231288816475e-11
    outer loop
      vertex -7.754456231792542 -12.843470682844176 1.06733638833052
      vertex -7.5 -12.990381056766578 1.1
      vertex -7.754594924938355 -12.843390608319107 1.067335455900562
    endloop
  endfacet
  facet normal -0.09563650695950109 0.05521576303742338 0.9938837346736188
    outer loop
      vertex -7.754132025279613 -12.8429362899219 1.0673547585300363
      vertex -7.5 -12.990381056766578 1.1
      vertex -7.259927857925748 -12.34956390921208 1.0875000000000001
    endloop
  endfacet
  facet normal -0.5000000000000016 -0.8660254037844377 -1.2751048830449387e-16
    outer loop
      vertex -7.475323883934585 -13.0046278190195 1.06733638833052
      vertex -7.339361258062657 -13.083125877666387 1.0664115462291976
      vertex -7.5 -12.990381056766578 1.1
    endloop
  endfacet
  facet normal -0.09563650695950021 0.05521576303742306 0.9938837346736188
    outer loop
      vertex -7.259927857925748 -12.34956390921208 1.0875000000000001
      vertex -7.5 -12.990381056766578 1.1
      vertex -6.946722826859237 -12.032076882218696 1.1
    endloop
  endfacet
  facet normal -0.8660254037844386 0.5000000000000001 0
    outer loop
      vertex -9.05884572681199 -12.090381056766578 0
      vertex -9.05884572681199 -12.090381056766578 0.9
      vertex -3.5588457268119895 -2.5641016151377545 0.9
    endloop
  endfacet
  facet normal -0.09563650695950082 0.05521576303742336 0.9938837346736189
    outer loop
      vertex -8.654700538379252 -12.323714390099912 0.951851851851852
      vertex -5.799038105676658 -7.044228634059947 0.9333333333333333
      vertex -9.05884572681199 -12.090381056766578 0.9
    endloop
  endfacet
  facet normal 0.8660254037844386 -0.5000000000000001 0
    outer loop
      vertex -5.278985351787418 -11.54347084170767 0
      vertex -5.278985351787418 -11.54347084170767 1.1
      vertex -6.460769515458674 -13.590381056766578 1.1
    endloop
  endfacet
  facet normal 0 0 -1
    outer loop
      vertex -9.05884572681199 -12.090381056766578 0
      vertex -3.5588457268119895 -2.5641016151377545 0
      vertex -3.572725351353596 -6.6529001002266455 0
    endloop
  endfacet
  facet normal 0 0 -1
    outer loop
      vertex -3.572725351353596 -6.6529001002266455 0
      vertex -3.5588457268119895 -2.5641016151377545 0
      vertex -3.366696340347317 -2.6750391151377544 0
    endloop
  endfacet
  facet normal -0.8660254037844386 0.5000000000000001 0
    outer loop
      vertex -9.05884572681199 -12.090381056766578 0
      vertex -3.5588457268119895 -2.5641016151377545 0.9
      vertex -3.5588457268119895 -2.5641016151377545 0
    endloop
  endfacet
  facet normal 0.4999999999999996 0.8660254037844388 0
    outer loop
      vertex -3.5588457268119895 -2.5641016151377545 0
      vertex -3.366696340347317 -2.6750391151377544 0.9246527777777778
      vertex -3.366696340347317 -2.6750391151377544 0
    endloop
  endfacet
  facet normal -0.09563650695950068 0.055215763037423246 0.9938837346736189
    outer loop
      vertex -9.05884572681199 -12.090381056766578 0.9
      vertex -5.799038105676658 -7.044228634059947 0.9333333333333333
      vertex -3.5588457268119895 -2.5641016151377545 0.9
    endloop
  endfacet
  facet normal -0.09563650695950043 0.05521576303742312 0.9938837346736189
    outer loop
      vertex -5.799038105676658 -7.044228634059947 0.9333333333333333
      vertex -3.366696340347317 -2.6750391151377544 0.9246527777777778
      vertex -3.5588457268119895 -2.5641016151377545 0.9
    endloop
  endfacet
  facet normal 0.49999999999999956 0.8660254037844389 0
    outer loop
      vertex -3.5588457268119895 -2.5641016151377545 0
      vertex -3.5588457268119895 -2.5641016151377545 0.9
      vertex -3.366696340347317 -2.6750391151377544 0.9246527777777778
    endloop
  endfacet
  facet normal 0 0 -1
    outer loop
      vertex -3.572725351353596 -6.6529001002266455 0
      vertex -3.366696340347317 -2.6750391151377544 0
      vertex -1.0102566813892129 -4.035530186566326 0
    endloop
  endfacet
  facet normal 0 0 1
    outer loop
      vertex -6.460769515458674 -13.590381056766578 1.1
      vertex -6.723067299011717 -12.117623661859708 1.1
      vertex -7.5 -12.990381056766578 1.1
    endloop
  endfacet
  facet normal 0 0 1
    outer loop
      vertex -7.5 -12.990381056766578 1.1
      vertex -6.884091002453059 -12.062963479948596 1.1
      vertex -6.946722826859237 -12.032076882218696 1.1
    endloop
  endfacet
  facet normal 0 0 1
    outer loop
      vertex -7.5 -12.990381056766578 1.1
      vertex -6.723067299011717 -12.117623661859708 1.1
      vertex -6.884091002453059 -12.062963479948596 1.1
    endloop
  endfacet
  facet normal 0 0 1
    outer loop
      vertex -6.460769515458674 -13.590381056766578 1.1
      vertex -6.556286590264509 -12.150798407469878 1.1
      vertex -6.723067299011717 -12.117623661859708 1.1
    endloop
  endfacet
  facet normal 0 0 1
    outer loop
      vertex -6.460769515458674 -13.590381056766578 1.1
      vertex -6.386602540378442 -12.161920087683924 1.1
      vertex -6.556286590264509 -12.150798407469878 1.1
    endloop
  endfacet
  facet normal 0 0 1
    outer loop
      vertex -6.460769515458674 -13.590381056766578 1.1
      vertex -6.216918490492374 -12.150798407469876 1.1
      vertex -6.386602540378442 -12.161920087683924 1.1
    endloop
  endfacet
  facet normal 0 0 1
    outer loop
      vertex -6.460769515458674 -13.590381056766578 1.1
      vertex -6.050137781745165 -12.117623661859712 1.1
      vertex -6.216918490492374 -12.150798407469876 1.1
    endloop
  endfacet
  facet normal 0 0 1
    outer loop
      vertex -6.460769515458674 -13.590381056766578 1.1
      vertex -5.889114078303825 -12.062963479948596 1.1
      vertex -6.050137781745165 -12.117623661859712 1.1
    endloop
  endfacet
  facet normal 0 0 1
    outer loop
      vertex -6.460769515458674 -13.590381056766578 1.1
      vertex -5.736602540378443 -11.987753112603695 1.1
      vertex -5.889114078303825 -12.062963479948596 1.1
    endloop
  endfacet
  facet normal 0 0 1
    outer loop
      vertex -6.460769515458674 -13.590381056766578 1.1
      vertex -5.5952126826671025 -11.893279430062526 1.1
      vertex -5.736602540378443 -11.987753112603695 1.1
    endloop
  endfacet
  facet normal 0 0 1
    outer loop
      vertex -6.460769515458674 -13.590381056766578 1.1
      vertex -5.467363724835929 -11.781158903226432 1.1
      vertex -5.5952126826671025 -11.893279430062526 1.1
    endloop
  endfacet
  facet normal 0 0 1
    outer loop
      vertex -6.460769515458674 -13.590381056766578 1.1
      vertex -5.355243197999836 -11.653309945395259 1.1
      vertex -5.467363724835929 -11.781158903226432 1.1
    endloop
  endfacet
  facet normal 0 0 1
    outer loop
      vertex -6.460769515458674 -13.590381056766578 1.1
      vertex -5.278985351787418 -11.54347084170767 1.1
      vertex -5.355243197999836 -11.653309945395259 1.1
    endloop
  endfacet
  facet normal 0 0 -1
    outer loop
      vertex 4 -1.8 0
      vertex 4 -1.578125 0
      vertex 7.547943171313111 0.23237913509642416 0
    endloop
  endfacet
  facet normal 0 0 -1
    outer loop
      vertex 4 -1.578125 0
      vertex 4 1.142857142857143 0
      vertex 7.547943171313111 0.23237913509642416 0
    endloop
  endfacet
  facet normal -1 0 0
    outer loop
      vertex 4 -1.8 0
      vertex 4 -1.578125 0.9246527777777778
      vertex 4 -1.578125 0
    endloop
  endfacet
  facet normal 0 0 -1
    outer loop
      vertex 4 -1.8 0
      vertex 7.547943171313111 0.23237913509642416 0
      vertex 15 -1.8 0
    endloop
  endfacet
  facet normal 0 0 -1
    outer loop
      vertex 15 -1.8 0
      vertex 7.547943171313111 0.23237913509642416 0
      vertex 4.575 1.2 0
    endloop
  endfacet
  facet normal 0 -1 0
    outer loop
      vertex 4 -1.8 0
      vertex 15 -1.8 0
      vertex 4 -1.8 0.9
    endloop
  endfacet
  facet normal -1 0 0
    outer loop
      vertex 4 -1.8 0
      vertex 4 -1.8 0.9
      vertex 4 -1.578125 0.9246527777777778
    endloop
  endfacet
  facet normal -7.770652155176701e-18 -0.11043152607484637 0.9938837346736189
    outer loop
      vertex 4 -1.8 0.9
      vertex 9 -1.5 0.9333333333333333
      vertex 4 -1.578125 0.9246527777777778
    endloop
  endfacet
  facet normal 0 -0.11043152607484649 0.9938837346736189
    outer loop
      vertex 4 -1.8 0.9
      vertex 15 -1.8 0.9
      vertex 9 -1.5 0.9333333333333333
    endloop
  endfacet
  facet normal 0 0 -1
    outer loop
      vertex 15 -1.8 0
      vertex 9.398763560107046 1.2 0
      vertex 15 -1.3333333333333333 0
    endloop
  endfacet
  facet normal 0 0 -1
    outer loop
      vertex 15 -1.3333333333333333 0
      vertex 9.398763560107046 1.2 0
      vertex 15 -1.3289030529671513 0
    endloop
  endfacet
  facet normal 0 0 -1
    outer loop
      vertex 15 -1.3289030529671513 0
      vertex 9.398763560107046 1.2 0
      vertex 15 -0.15306122448979592 0
    endloop
  endfacet
  facet normal 1 0 0
    outer loop
      vertex 15 -1.8 0
      vertex 15 -1.3333333333333333 0
      vertex 15 -1.8 0.9
    endloop
  endfacet
  facet normal 0 -1 0
    outer loop
      vertex 4 -1.8 0.9
      vertex 15 -1.8 0
      vertex 15 -1.8 0.9
    endloop
  endfacet
  facet normal -8.620567234649152e-18 -0.11043152607484667 0.9938837346736189
    outer loop
      vertex 9 -1.5 0.9333333333333333
      vertex 15 -1.8 0.9
      vertex 15 -1.3333333333333333 0.951851851851852
    endloop
  endfacet
  facet normal 1 0 0
    outer loop
      vertex 15 -1.3333333333333333 0
      vertex 15 -1.3333333333333333 0.951851851851852
      vertex 15 -1.8 0.9
    endloop
  endfacet
  facet normal 0 -0.11043152607484624 0.9938837346736188
    outer loop
      vertex 14.324999999999998 -0.1124999999999999 1.0875000000000001
      vertex 15 0 1.1
      vertex 13.893445653718475 0 1.1
    endloop
  endfacet
  facet normal 9.131517350302405e-17 -0.1104315260748468 0.9938837346736188
    outer loop
      vertex 14.324999999999998 -0.1124999999999999 1.0875000000000001
      vertex 14.999375098897241 -0.29380717322967387 1.0673547585300363
      vertex 15 0 1.1
    endloop
  endfacet
  facet normal -1.569333832202802e-13 -0.11043152607484645 0.993883734673619
    outer loop
      vertex 14.999375098897241 -0.29380717322967387 1.0673547585300363
      vertex 15 -0.293980896894944 1.067335455900562
      vertex 15 0 1.1
    endloop
  endfacet
  facet normal 1 0 0
    outer loop
      vertex 15 -0.2938207478448037 1.06733638833052
      vertex 15 0 1.1
      vertex 15 -0.293980896894944 1.067335455900562
    endloop
  endfacet
  facet normal 1 0 0
    outer loop
      vertex 15 -0.2938207478448037 1.06733638833052
      vertex 15 -0.13235294117647056 1.0676470588235294
      vertex 15 0 1.1
    endloop
  endfacet
  facet normal 1 0 0
    outer loop
      vertex 15 -0.13235294117647056 1.0676470588235294
      vertex 15 0.028493524505843762 1.06733638833052
      vertex 15 0 1.1
    endloop
  endfacet
  facet normal 1 0 0
    outer loop
      vertex 15 0.028493524505843762 1.06733638833052
      vertex 15 0.1854896417996163 1.0664115462291976
      vertex 15 0 1.1
    endloop
  endfacet
  facet normal 0 0 1
    outer loop
      vertex 13.893445653718475 0 1.1
      vertex 15 0 1.1
      vertex 13.88887831978595 0.06968404988606713 1.1
    endloop
  endfacet
  facet normal 0 0 -1
    outer loop
      vertex 15 -1.8 0
      vertex 4.575 1.2 0
      vertex 8.564620881205174 1.2 0
    endloop
  endfacet
  facet normal 0 0 -1
    outer loop
      vertex 15 -1.8 0
      vertex 8.564620881205174 1.2 0
      vertex 9.398763560107046 1.2 0
    endloop
  endfacet
  facet normal 0 0 -1
    outer loop
      vertex 12.636431672657489 1.2 0
      vertex 15 1.2 0
      vertex 15 1.002728839458825 0
    endloop
  endfacet
  facet normal 0 1 0
    outer loop
      vertex 12.636431672657489 1.2 0
      vertex 15 1.2 1.1
      vertex 15 1.2 0
    endloop
  endfacet
  facet normal 1 0 0
    outer loop
      vertex 15 1.002728839458825 0
      vertex 15 1.2 0
      vertex 15 1.002728839458825 1.0375942466436
    endloop
  endfacet
  facet normal 0 1 0
    outer loop
      vertex 12.636431672657489 1.2 0
      vertex 12.636431672657489 1.2 1.1
      vertex 15 1.2 1.1
    endloop
  endfacet
  facet normal 1 0 0
    outer loop
      vertex 15 1.2 0
      vertex 15 1.2 1.1
      vertex 15 1.002728839458825 1.0375942466436
    endloop
  endfacet
  facet normal 1 0 0
    outer loop
      vertex 15 0 1.1
      vertex 15 0.1854896417996163 1.0664115462291976
      vertex 15 1.2 1.1
    endloop
  endfacet
  facet normal 1 0 0
    outer loop
      vertex 15 0.9472772253902476 1.046004502711255
      vertex 15 1.2 1.1
      vertex 15 0.8892304845413264 1.05
    endloop
  endfacet
  facet normal 1 0 0
    outer loop
      vertex 15 0.985196908837816 1.0418433517302836
      vertex 15 1.2 1.1
      vertex 15 0.9472772253902476 1.046004502711255
    endloop
  endfacet
  facet normal 1 0 0
    outer loop
      vertex 15 0.33551307745563824 1.0648937646575514
      vertex 15 1.2 1.1
      vertex 15 0.1854896417996163 1.0664115462291976
    endloop
  endfacet
  facet normal 1 0 0
    outer loop
      vertex 15 0.33551307745563824 1.0648937646575514
      vertex 15 0.47563506103471986 1.06281753051736
      vertex 15 1.2 1.1
    endloop
  endfacet
  facet normal 1 0 0
    outer loop
      vertex 15 0.47563506103471986 1.06281753051736
      vertex 15 0.6031974282766629 1.0602293031091812
      vertex 15 1.2 1.1
    endloop
  endfacet
  facet normal 1 0 0
    outer loop
      vertex 15 0.6031974282766629 1.0602293031091812
      vertex 15 0.7158763044543237 1.057185846066333
      vertex 15 1.2 1.1
    endloop
  endfacet
  facet normal 1 0 0
    outer loop
      vertex 15 0.7158763044543237 1.057185846066333
      vertex 15 0.8117300651271459 1.0537522834925674
      vertex 15 1.2 1.1
    endloop
  endfacet
  facet normal 1 0 0
    outer loop
      vertex 15 0.8117300651271459 1.0537522834925674
      vertex 15 0.8892304845413264 1.05
      vertex 15 1.2 1.1
    endloop
  endfacet
  facet normal 1 0 0
    outer loop
      vertex 15 1.002728839458825 1.0375942466436
      vertex 15 1.2 1.1
      vertex 15 0.985196908837816 1.0418433517302836
    endloop
  endfacet
  facet normal 0 0 1
    outer loop
      vertex 12.636431672657489 1.2 1.1
      vertex 12.769684049886063 1.1888783197859538 1.1
      vertex 15 1.2 1.1
    endloop
  endfacet
  facet normal 0 0 1
    outer loop
      vertex 12.769684049886063 1.1888783197859538 1.1
      vertex 12.93646475863327 1.1557035741757895 1.1
      vertex 15 1.2 1.1
    endloop
  endfacet
  facet normal 0 0 1
    outer loop
      vertex 12.93646475863327 1.1557035741757895 1.1
      vertex 13.097488462074608 1.1010433922646734 1.1
      vertex 15 1.2 1.1
    endloop
  endfacet
  facet normal 0 0 1
    outer loop
      vertex 13.097488462074608 1.1010433922646734 1.1
      vertex 13.249999999999998 1.0258330249197705 1.1
      vertex 15 1.2 1.1
    endloop
  endfacet
  facet normal 0 0 1
    outer loop
      vertex 13.249999999999998 1.0258330249197705 1.1
      vertex 13.391389857711333 0.9313593423786061 1.1
      vertex 15 1.2 1.1
    endloop
  endfacet
  facet normal 0 0 1
    outer loop
      vertex 13.88887831978595 0.06968404988606713 1.1
      vertex 15 0 1.1
      vertex 13.85570357417578 0.23646475863327726 1.1
    endloop
  endfacet
  facet normal 0 0 1
    outer loop
      vertex 13.519238815542508 0.8192388155425121 1.1
      vertex 13.631359342378602 0.6913898577113371 1.1
      vertex 15 1.2 1.1
    endloop
  endfacet
  facet normal 0 0 1
    outer loop
      vertex 13.391389857711333 0.9313593423786061 1.1
      vertex 13.519238815542508 0.8192388155425121 1.1
      vertex 15 1.2 1.1
    endloop
  endfacet
  facet normal 0 0 1
    outer loop
      vertex 13.725833024919767 0.5500000000000002 1.1
      vertex 15 1.2 1.1
      vertex 13.631359342378602 0.6913898577113371 1.1
    endloop
  endfacet
  facet normal 0 0 1
    outer loop
      vertex 13.85570357417578 0.23646475863327726 1.1
      vertex 15 1.2 1.1
      vertex 13.80104339226467 0.3974884620746168 1.1
    endloop
  endfacet
  facet normal 0 0 1
    outer loop
      vertex 13.725833024919767 0.5500000000000002 1.1
      vertex 13.80104339226467 0.3974884620746168 1.1
      vertex 15 1.2 1.1
    endloop
  endfacet
  facet normal 0 0 1
    outer loop
      vertex 15 0 1.1
      vertex 15 1.2 1.1
      vertex 13.85570357417578 0.23646475863327726 1.1
    endloop
  endfacet
  facet normal 0 0 -1
    outer loop
      vertex -5.738612264594849 7.539568007216172 0
      vertex -7.367445091257484 13.066911669011477 0
      vertex -6.34913619696375 13.654832583250155 0
    endloop
  endfacet
  facet normal 0 0 -1
    outer loop
      vertex -7.3574463208700704 10.34347084170767 0
      vertex -8.539230484541326 12.390381056766579 0
      vertex -8.36838864807863 12.489016637037166 0
    endloop
  endfacet
  facet normal 0 0 -1
    outer loop
      vertex -5.738612264594849 7.539568007216172 0
      vertex -6.34913619696375 13.654832583250155 0
      vertex -6.3452994616207485 13.657047723433244 0
    endloop
  endfacet
  facet normal -0.8660254037844386 -0.5000000000000001 0
    outer loop
      vertex -7.3574463208700704 10.34347084170767 0
      vertex -8.539230484541326 12.390381056766579 1.1
      vertex -8.539230484541326 12.390381056766579 0
    endloop
  endfacet
  facet normal -0.4999999999999981 0.8660254037844397 0
    outer loop
      vertex -8.539230484541326 12.390381056766579 0
      vertex -8.36838864807863 12.489016637037166 1.0375942466436
      vertex -8.36838864807863 12.489016637037166 0
    endloop
  endfacet
  facet normal -0.5000000000000011 0.8660254037844379 0
    outer loop
      vertex -6.3452994616207485 13.657047723433244 0
      vertex -5.94115427318801 13.890381056766579 0.9
      vertex -5.94115427318801 13.890381056766579 0
    endloop
  endfacet
  facet normal 0 0 -1
    outer loop
      vertex -5.738612264594849 7.539568007216172 0
      vertex -5.94115427318801 13.890381056766579 0
      vertex -5.321540925143913 6.817179256906345 0
    endloop
  endfacet
  facet normal 0 0 -1
    outer loop
      vertex -3.3267304845413266 3.3620662223138065 0
      vertex -5.321540925143913 6.817179256906345 0
      vertex -5.94115427318801 13.890381056766579 0
    endloop
  endfacet
  facet normal 0 0 -1
    outer loop
      vertex -3.3267304845413266 3.3620662223138065 0
      vertex -5.94115427318801 13.890381056766579 0
      vertex -3.975217819959515 6.420520965130221 0
    endloop
  endfacet
  facet normal 0 0 -1
    outer loop
      vertex -3.975217819959515 6.420520965130221 0
      vertex -5.94115427318801 13.890381056766579 0
      vertex -0.4411542731880105 4.364101615137755 0
    endloop
  endfacet
  facet normal 0 0 -1
    outer loop
      vertex -5.738612264594849 7.539568007216172 0
      vertex -6.3452994616207485 13.657047723433244 0
      vertex -5.94115427318801 13.890381056766579 0
    endloop
  endfacet
  facet normal -0.8660254037844386 -0.5000000000000001 0
    outer loop
      vertex -7.3574463208700704 10.34347084170767 0
      vertex -7.3574463208700704 10.34347084170767 1.1
      vertex -8.539230484541326 12.390381056766579 1.1
    endloop
  endfacet
  facet normal -0.49999999999999806 0.8660254037844397 0
    outer loop
      vertex -8.539230484541326 12.390381056766579 0
      vertex -8.539230484541326 12.390381056766579 1.1
      vertex -8.36838864807863 12.489016637037166 1.0375942466436
    endloop
  endfacet
  facet normal -0.5000000000000011 0.8660254037844379 0
    outer loop
      vertex -6.3452994616207485 13.657047723433244 0
      vertex -6.3452994616207485 13.657047723433244 0.951851851851852
      vertex -5.94115427318801 13.890381056766579 0.9
    endloop
  endfacet
  facet normal -0.49999999999998124 0.8660254037844495 6.160752151940962e-14
    outer loop
      vertex -8.36838864807863 12.489016637037166 1.0375942466436
      vertex -8.539230484541326 12.390381056766579 1.1
      vertex -8.35320555078345 12.49778260234767 1.0418433517302836
    endloop
  endfacet
  facet normal -0.5000000000000031 0.8660254037844368 -3.2185565129300345e-14
    outer loop
      vertex -8.35320555078345 12.49778260234767 1.0418433517302836
      vertex -8.539230484541326 12.390381056766579 1.1
      vertex -8.320366141614391 12.516742444071454 1.046004502711255
    endloop
  endfacet
  facet normal -0.5000000000000061 0.8660254037844353 -4.7093544165507546e-14
    outer loop
      vertex -8.320366141614391 12.516742444071454 1.046004502711255
      vertex -8.539230484541326 12.390381056766579 1.1
      vertex -8.270096189432333 12.545765814495915 1.05
    endloop
  endfacet
  facet normal -0.4999999999999932 0.8660254037844427 4.50790583116228e-14
    outer loop
      vertex -8.270096189432333 12.545765814495915 1.05
      vertex -8.539230484541326 12.390381056766579 1.1
      vertex -8.202978857415705 12.584516024203005 1.0537522834925674
    endloop
  endfacet
  facet normal -0.5000000000000062 0.8660254037844352 -8.122819987521564e-14
    outer loop
      vertex -8.202978857415705 12.584516024203005 1.0537522834925674
      vertex -8.539230484541326 12.390381056766579 1.1
      vertex -8.119967065624767 12.632442904539417 1.057185846066333
    endloop
  endfacet
  facet normal -0.5000000000000041 0.8660254037844363 -5.343831389205276e-14
    outer loop
      vertex -8.119967065624767 12.632442904539417 1.057185846066333
      vertex -8.539230484541326 12.390381056766579 1.1
      vertex -8.022384296385033 12.688782342628247 1.0602293031091812
    endloop
  endfacet
  facet normal -0.4999999999999985 0.8660254037844396 4.2988626972881887e-14
    outer loop
      vertex -8.022384296385033 12.688782342628247 1.0602293031091812
      vertex -8.539230484541326 12.390381056766579 1.1
      vertex -7.91191204578663 12.752563526249219 1.06281753051736
    endloop
  endfacet
  facet normal -0.5000000000000007 0.8660254037844384 -5.167456224130767e-15
    outer loop
      vertex -7.91191204578663 12.752563526249219 1.06281753051736
      vertex -8.539230484541326 12.390381056766579 1.1
      vertex -7.790562848378479 12.82262451803876 1.0648937646575514
    endloop
  endfacet
  facet normal -0.4999999999999959 0.866025403784441 1.3078600200241696e-13
    outer loop
      vertex -7.790562848378479 12.82262451803876 1.0648937646575514
      vertex -8.539230484541326 12.390381056766579 1.1
      vertex -7.660638741937343 12.89763623586677 1.0664115462291976
    endloop
  endfacet
  facet normal -0.4999999999999999 0.8660254037844388 -1.0329284508385184e-14
    outer loop
      vertex -7.660638741937343 12.89763623586677 1.0664115462291976
      vertex -8.539230484541326 12.390381056766579 1.1
      vertex -7.5 12.990381056766578 1.1
    endloop
  endfacet
  facet normal -0.5000000000000017 0.8660254037844377 3.4002796881198366e-16
    outer loop
      vertex -7.660638741937343 12.89763623586677 1.0664115462291976
      vertex -7.5 12.990381056766578 1.1
      vertex -7.524676116065415 12.976134294513656 1.06733638833052
    endloop
  endfacet
  facet normal -0.500000000000001 0.866025403784438 -4.9611018423186075e-16
    outer loop
      vertex -7.524676116065415 12.976134294513656 1.06733638833052
      vertex -7.5 12.990381056766578 1.1
      vertex -7.385378990675589 13.056557527354814 1.0676470588235294
    endloop
  endfacet
  facet normal -0.5000000000000022 0.8660254037844375 -6.694103527741627e-15
    outer loop
      vertex -7.385378990675589 13.056557527354814 1.0676470588235294
      vertex -7.5 12.990381056766578 1.1
      vertex -7.245543768207458 13.13729143068898 1.06733638833052
    endloop
  endfacet
  facet normal 0.09563650695957243 0.055215763037299075 0.9938837346736189
    outer loop
      vertex -7.245243073617628 13.136743463151573 1.0673547585300363
      vertex -7.245405075061645 13.13737150521405 1.067335455900562
      vertex -7.5 12.990381056766578 1.1
    endloop
  endfacet
  facet normal -0.49999999999601363 0.8660254037867402 4.14231288816475e-11
    outer loop
      vertex -7.245543768207458 13.13729143068898 1.06733638833052
      vertex -7.5 12.990381056766578 1.1
      vertex -7.245405075061645 13.13737150521405 1.067335455900562
    endloop
  endfacet
  facet normal 0.09563650695950097 0.0552157630374235 0.9938837346736188
    outer loop
      vertex -7.06507214207425 12.46206390921208 1.0875000000000001
      vertex -7.5 12.990381056766578 1.1
      vertex -6.946722826859237 12.032076882218696 1.1
    endloop
  endfacet
  facet normal 0.09563650695950096 0.05521576303742348 0.9938837346736189
    outer loop
      vertex -7.06507214207425 12.46206390921208 1.0875000000000001
      vertex -7.245243073617628 13.136743463151573 1.0673547585300363
      vertex -7.5 12.990381056766578 1.1
    endloop
  endfacet
  facet normal 0.8660254037844386 0.5000000000000001 0
    outer loop
      vertex -5.94115427318801 13.890381056766579 0
      vertex -5.94115427318801 13.890381056766579 0.9
      vertex -0.4411542731880105 4.364101615137755 0.9
    endloop
  endfacet
  facet normal 0.0956365069595008 0.05521576303742331 0.9938837346736189
    outer loop
      vertex -3.200961894323342 8.544228634059948 0.9333333333333333
      vertex -0.4411542731880105 4.364101615137755 0.9
      vertex -5.94115427318801 13.890381056766579 0.9
    endloop
  endfacet
  facet normal 0.0956365069595007 0.055215763037423246 0.9938837346736189
    outer loop
      vertex -6.3452994616207485 13.657047723433244 0.951851851851852
      vertex -3.200961894323342 8.544228634059948 0.9333333333333333
      vertex -5.94115427318801 13.890381056766579 0.9
    endloop
  endfacet
  facet normal 0 0 -1
    outer loop
      vertex -2.9897433186107873 2.8926730437091828 0
      vertex -3.975217819959515 6.420520965130221 0
      vertex -0.6333036596526829 4.253164115137754 0
    endloop
  endfacet
  facet normal 0 0 -1
    outer loop
      vertex -3.975217819959515 6.420520965130221 0
      vertex -0.4411542731880105 4.364101615137755 0
      vertex -0.6333036596526829 4.253164115137754 0
    endloop
  endfacet
  facet normal 0.8660254037844386 0.5000000000000001 0
    outer loop
      vertex -5.94115427318801 13.890381056766579 0
      vertex -0.4411542731880105 4.364101615137755 0.9
      vertex -0.4411542731880105 4.364101615137755 0
    endloop
  endfacet
  facet normal 0.5000000000000011 -0.866025403784438 0
    outer loop
      vertex -0.6333036596526829 4.253164115137754 0
      vertex -0.4411542731880105 4.364101615137755 0
      vertex -0.6333036596526829 4.253164115137754 0.9246527777777778
    endloop
  endfacet
  facet normal 0.500000000000001 -0.8660254037844379 0
    outer loop
      vertex -0.4411542731880105 4.364101615137755 0
      vertex -0.4411542731880105 4.364101615137755 0.9
      vertex -0.6333036596526829 4.253164115137754 0.9246527777777778
    endloop
  endfacet
  facet normal 0.09563650695950063 0.055215763037423184 0.9938837346736189
    outer loop
      vertex -3.200961894323342 8.544228634059948 0.9333333333333333
      vertex -0.6333036596526829 4.253164115137754 0.9246527777777778
      vertex -0.4411542731880105 4.364101615137755 0.9
    endloop
  endfacet
  facet normal 0 0 1
    outer loop
      vertex -7.414440851886227 10.464431625609306 1.1
      vertex -8.539230484541326 12.390381056766579 1.1
      vertex -7.3574463208700704 10.34347084170767 1.1
    endloop
  endfacet
  facet normal 0 0 1
    outer loop
      vertex -7.414440851886227 10.464431625609306 1.1
      vertex -7.469101033797342 10.625455329050643 1.1
      vertex -8.539230484541326 12.390381056766579 1.1
    endloop
  endfacet
  facet normal 0 0 1
    outer loop
      vertex -7.502275779407506 10.792236037797851 1.1
      vertex -8.539230484541326 12.390381056766579 1.1
      vertex -7.469101033797342 10.625455329050643 1.1
    endloop
  endfacet
  facet normal 0 0 1
    outer loop
      vertex -7.502275779407506 10.792236037797851 1.1
      vertex -7.513397459621555 10.961920087683925 1.1
      vertex -8.539230484541326 12.390381056766579 1.1
    endloop
  endfacet
  facet normal 0 0 1
    outer loop
      vertex -7.513397459621555 10.961920087683925 1.1
      vertex -7.502275779407508 11.13160413756999 1.1
      vertex -8.539230484541326 12.390381056766579 1.1
    endloop
  endfacet
  facet normal 0 0 1
    outer loop
      vertex -7.502275779407508 11.13160413756999 1.1
      vertex -7.469101033797343 11.2983848463172 1.1
      vertex -8.539230484541326 12.390381056766579 1.1
    endloop
  endfacet
  facet normal 0 0 1
    outer loop
      vertex -7.469101033797343 11.2983848463172 1.1
      vertex -7.414440851886227 11.45940854975854 1.1
      vertex -8.539230484541326 12.390381056766579 1.1
    endloop
  endfacet
  facet normal 0 0 1
    outer loop
      vertex -8.539230484541326 12.390381056766579 1.1
      vertex -7.414440851886227 11.45940854975854 1.1
      vertex -7.339230484541325 11.611920087683924 1.1
    endloop
  endfacet
  facet normal 0 0 1
    outer loop
      vertex -8.539230484541326 12.390381056766579 1.1
      vertex -7.339230484541325 11.611920087683924 1.1
      vertex -7.244756802000161 11.753309945395262 1.1
    endloop
  endfacet
  facet normal 0 0 1
    outer loop
      vertex -8.539230484541326 12.390381056766579 1.1
      vertex -7.132636275164064 11.88115890322643 1.1
      vertex -7.5 12.990381056766578 1.1
    endloop
  endfacet
  facet normal 0 0 1
    outer loop
      vertex -8.539230484541326 12.390381056766579 1.1
      vertex -7.244756802000161 11.753309945395262 1.1
      vertex -7.132636275164064 11.88115890322643 1.1
    endloop
  endfacet
  facet normal 0 0 1
    outer loop
      vertex -7.132636275164064 11.88115890322643 1.1
      vertex -7.004787317332892 11.993279430062529 1.1
      vertex -7.5 12.990381056766578 1.1
    endloop
  endfacet
  facet normal 0 0 1
    outer loop
      vertex -7.004787317332892 11.993279430062529 1.1
      vertex -6.946722826859237 12.032076882218696 1.1
      vertex -7.5 12.990381056766578 1.1
    endloop
  endfacet
  facet normal 0 0 -1
    outer loop
      vertex 2.4261759175531004 1.9250399383876886 0
      vertex 2.362588144107006 1.9975478974144285 0
      vertex 2.4 2 0
    endloop
  endfacet
  facet normal 0 0 -1
    outer loop
      vertex 2.4261759175531004 1.9250399383876886 0
      vertex 2.4 2 0
      vertex 2.4783157153320308 1.994866916824286 0
    endloop
  endfacet
  facet normal 0 0 -1
    outer loop
      vertex 2.459395354902829 1.8299093258538381 0
      vertex 2.4261759175531004 1.9250399383876886 0
      vertex 2.4783157153320308 1.994866916824286 0
    endloop
  endfacet
  facet normal 0 0 -1
    outer loop
      vertex 2.459395354902829 1.8299093258538381 0
      vertex 2.4783157153320308 1.994866916824286 0
      vertex 2.5105947462014586 1.8105351258645397 0
    endloop
  endfacet
  facet normal 0 0 -1
    outer loop
      vertex 2.6765640040244714 1.4261928747926627 0
      vertex 2.610395652165476 1.6611725148795546 0
      vertex 2.6296100594190537 1.954327719506772 0
    endloop
  endfacet
  facet normal 0 0 -1
    outer loop
      vertex 2.610395652165476 1.6611725148795546 0
      vertex 2.5105947462014586 1.8105351258645397 0
      vertex 2.6296100594190537 1.954327719506772 0
    endloop
  endfacet
  facet normal 0 0 -1
    outer loop
      vertex 2.5105947462014586 1.8105351258645397 0
      vertex 2.4783157153320308 1.994866916824286 0
      vertex 2.5552914270615124 1.979555495773441 0
    endloop
  endfacet
  facet normal 0 0 -1
    outer loop
      vertex 2.5105947462014586 1.8105351258645397 0
      vertex 2.5552914270615124 1.979555495773441 0
      vertex 2.6296100594190537 1.954327719506772 0
    endloop
  endfacet
  facet normal 0 0 -1
    outer loop
      vertex 2.8610740672520625 1.141272446461166 0
      vertex 2.864251080575262 1.1856571968989442 0
      vertex 2.864026550784989 1.1794675258751488 0
    endloop
  endfacet
  facet normal 0 0 -1
    outer loop
      vertex 2.8610740672520625 1.141272446461166 0
      vertex 2.876012004174741 1.5098736312898806 0
      vertex 2.864251080575262 1.1856571968989442 0
    endloop
  endfacet
  facet normal 0 0 -1
    outer loop
      vertex 2.8538707989266485 1.031371809295875 0
      vertex 2.68467875173176 1.407771672966072 0
      vertex 2.6765640040244714 1.4261928747926627 0
    endloop
  endfacet
  facet normal 0 0 -1
    outer loop
      vertex 2.8538707989266485 1.031371809295875 0
      vertex 2.6765640040244714 1.4261928747926627 0
      vertex 2.6296100594190537 1.954327719506772 0
    endloop
  endfacet
  facet normal 0 0 -1
    outer loop
      vertex 2.8538707989266485 1.031371809295875 0
      vertex 2.8242640687119285 1.8242640687119285 0
      vertex 2.8610740672520625 1.141272446461166 0
    endloop
  endfacet
  facet normal 0 0 -1
    outer loop
      vertex 2.8610740672520625 1.141272446461166 0
      vertex 2.876012004174741 1.7652568574052323 0
      vertex 2.876012004174741 1.5098736312898806 0
    endloop
  endfacet
  facet normal 0 0 -1
    outer loop
      vertex 2.876012004174741 1.5098736312898806 0
      vertex 2.977475011098598 1.5235493648407903 0
      vertex 2.994401564808422 1.4712158155727604 0
    endloop
  endfacet
  facet normal 0 0 -1
    outer loop
      vertex 2.994401564808422 1.4712158155727604 0
      vertex 2.977475011098598 1.5235493648407903 0
      vertex 2.986221756322751 1.5217778721371644 0
    endloop
  endfacet
  facet normal 0 0 -1
    outer loop
      vertex 2.8538707989266485 1.031371809295875 0
      vertex 2.6296100594190537 1.954327719506772 0
      vertex 2.6999999999999997 1.919615242270663 0
    endloop
  endfacet
  facet normal 0 0 -1
    outer loop
      vertex 2.8538707989266485 1.031371809295875 0
      vertex 2.765256857405232 1.876012004174741 0
      vertex 2.8242640687119285 1.8242640687119285 0
    endloop
  endfacet
  facet normal 0 0 -1
    outer loop
      vertex 2.8538707989266485 1.031371809295875 0
      vertex 2.6999999999999997 1.919615242270663 0
      vertex 2.765256857405232 1.876012004174741 0
    endloop
  endfacet
  facet normal 0 0 -1
    outer loop
      vertex 2.8610740672520625 1.141272446461166 0
      vertex 2.8242640687119285 1.8242640687119285 0
      vertex 2.876012004174741 1.7652568574052323 0
    endloop
  endfacet
  facet normal 0 0 -1
    outer loop
      vertex 2.876012004174741 1.5098736312898806 0
      vertex 2.919615242270663 1.7 0
      vertex 2.954327719506772 1.6296100594190537 0
    endloop
  endfacet
  facet normal 0 0 -1
    outer loop
      vertex 2.876012004174741 1.5098736312898806 0
      vertex 2.876012004174741 1.7652568574052323 0
      vertex 2.919615242270663 1.7 0
    endloop
  endfacet
  facet normal 0 0 -1
    outer loop
      vertex 2.876012004174741 1.5098736312898806 0
      vertex 2.967153380850525 1.5918268794798829 0
      vertex 2.977475011098598 1.5235493648407903 0
    endloop
  endfacet
  facet normal 0 0 -1
    outer loop
      vertex 2.876012004174741 1.5098736312898806 0
      vertex 2.9663219418956985 1.5942762196578797 0
      vertex 2.967153380850525 1.5918268794798829 0
    endloop
  endfacet
  facet normal 0 0 -1
    outer loop
      vertex 2.876012004174741 1.5098736312898806 0
      vertex 2.954327719506772 1.6296100594190537 0
      vertex 2.9663219418956985 1.5942762196578797 0
    endloop
  endfacet
  facet normal 0.9469301294951069 0.321439465303158 0
    outer loop
      vertex 2.9663219418956985 1.5942762196578797 0
      vertex 2.954327719506772 1.6296100594190537 0
      vertex 2.9663219418956985 1.5942762196578797 1.3885524393157593
    endloop
  endfacet
  facet normal 0.19509032201612655 0.9807852804032308 0
    outer loop
      vertex 2.5552914270615124 1.979555495773441 0
      vertex 2.4783157153320308 1.994866916824286 0
      vertex 2.4783157153320308 1.994866916824286 1.6
    endloop
  endfacet
  facet normal 0.321439465303161 0.9469301294951059 0
    outer loop
      vertex 2.5552914270615124 1.979555495773441 0
      vertex 2.5552914270615124 1.979555495773441 1.6
      vertex 2.6296100594190537 1.954327719506772 0
    endloop
  endfacet
  facet normal 0.44228869021900463 0.8968727415326866 0
    outer loop
      vertex 2.6296100594190537 1.954327719506772 0
      vertex 2.6296100594190537 1.954327719506772 1.6
      vertex 2.6999999999999997 1.919615242270663 0
    endloop
  endfacet
  facet normal 0.8314696123025448 0.555570233019603 0
    outer loop
      vertex 2.919615242270663 1.7 0
      vertex 2.876012004174741 1.7652568574052323 0
      vertex 2.919615242270663 1.7 1.6
    endloop
  endfacet
  facet normal 0.6593458151000667 0.751839807478979 0
    outer loop
      vertex 2.765256857405232 1.876012004174741 0
      vertex 2.765256857405232 1.876012004174741 1.6
      vertex 2.8242640687119285 1.8242640687119285 0
    endloop
  endfacet
  facet normal 0.5555702330196011 0.8314696123025461 0
    outer loop
      vertex 2.6999999999999997 1.919615242270663 0
      vertex 2.6999999999999997 1.919615242270663 1.6
      vertex 2.765256857405232 1.876012004174741 0
    endloop
  endfacet
  facet normal 0.7518398074789793 0.6593458151000666 0
    outer loop
      vertex 2.8242640687119285 1.8242640687119285 0
      vertex 2.876012004174741 1.7652568574052323 1.6
      vertex 2.876012004174741 1.7652568574052323 0
    endloop
  endfacet
  facet normal 0.8968727415326871 0.44228869021900347 0
    outer loop
      vertex 2.919615242270663 1.7 0
      vertex 2.954327719506772 1.6296100594190537 1.6
      vertex 2.954327719506772 1.6296100594190537 0
    endloop
  endfacet
  facet normal -0.06540312923014294 0.9978589232386036 0
    outer loop
      vertex 2.362588144107006 1.9975478974144285 0
      vertex 2.362588144107006 1.9975478974144285 1.6
      vertex 2.4 2 0
    endloop
  endfacet
  facet normal 0.06540312923014535 0.9978589232386035 0
    outer loop
      vertex 2.4 2 0
      vertex 2.4 2 1.6
      vertex 2.4783157153320308 1.994866916824286 0
    endloop
  endfacet
  facet normal 0.9469301294951069 0.321439465303158 0
    outer loop
      vertex 2.954327719506772 1.6296100594190537 0
      vertex 2.954327719506772 1.6296100594190537 1.6
      vertex 2.9663219418956985 1.5942762196578797 1.3885524393157593
    endloop
  endfacet
  facet normal 0.19509032201612655 0.9807852804032308 0
    outer loop
      vertex 2.5552914270615124 1.979555495773441 0
      vertex 2.4783157153320308 1.994866916824286 1.6
      vertex 2.5552914270615124 1.979555495773441 1.6
    endloop
  endfacet
  facet normal 0.321439465303161 0.9469301294951059 0
    outer loop
      vertex 2.6296100594190537 1.954327719506772 0
      vertex 2.5552914270615124 1.979555495773441 1.6
      vertex 2.6296100594190537 1.954327719506772 1.6
    endloop
  endfacet
  facet normal 0.44228869021900463 0.8968727415326866 0
    outer loop
      vertex 2.6999999999999997 1.919615242270663 0
      vertex 2.6296100594190537 1.954327719506772 1.6
      vertex 2.6999999999999997 1.919615242270663 1.6
    endloop
  endfacet
  facet normal 0.8314696123025448 0.555570233019603 0
    outer loop
      vertex 2.876012004174741 1.7652568574052323 0
      vertex 2.876012004174741 1.7652568574052323 1.6
      vertex 2.919615242270663 1.7 1.6
    endloop
  endfacet
  facet normal 0.6593458151000667 0.751839807478979 0
    outer loop
      vertex 2.8242640687119285 1.8242640687119285 0
      vertex 2.765256857405232 1.876012004174741 1.6
      vertex 2.8242640687119285 1.8242640687119285 1.6
    endloop
  endfacet
  facet normal 0.5555702330196011 0.8314696123025461 0
    outer loop
      vertex 2.765256857405232 1.876012004174741 0
      vertex 2.6999999999999997 1.919615242270663 1.6
      vertex 2.765256857405232 1.876012004174741 1.6
    endloop
  endfacet
  facet normal 0.7518398074789793 0.6593458151000666 0
    outer loop
      vertex 2.8242640687119285 1.8242640687119285 0
      vertex 2.8242640687119285 1.8242640687119285 1.6
      vertex 2.876012004174741 1.7652568574052323 1.6
    endloop
  endfacet
  facet normal 0.8968727415326871 0.44228869021900347 0
    outer loop
      vertex 2.919615242270663 1.7 0
      vertex 2.919615242270663 1.7 1.6
      vertex 2.954327719506772 1.6296100594190537 1.6
    endloop
  endfacet
  facet normal -0.06540312923014294 0.9978589232386036 0
    outer loop
      vertex 2.4 2 0
      vertex 2.362588144107006 1.9975478974144285 1.6
      vertex 2.4 2 1.6
    endloop
  endfacet
  facet normal 0.06540312923014535 0.9978589232386035 0
    outer loop
      vertex 2.4783157153320308 1.994866916824286 0
      vertex 2.4 2 1.6
      vertex 2.4783157153320308 1.994866916824286 1.6
    endloop
  endfacet
  facet normal 0.8314696123025475 -0.5555702330195988 0
    outer loop
      vertex 2.9021835762219093 1.0739116681385745 1.4
      vertex 2.919615242270663 1.0999999999999999 1.4
      vertex 2.919615242270663 1.0999999999999999 1.6
    endloop
  endfacet
  facet normal 0.8968727415326871 -0.44228869021900347 0
    outer loop
      vertex 2.919615242270663 1.0999999999999999 1.4
      vertex 2.954327719506772 1.1703899405809461 1.4
      vertex 2.954327719506772 1.1703899405809461 1.6
    endloop
  endfacet
  facet normal 0.9469301294951058 -0.3214394653031609 0
    outer loop
      vertex 2.954327719506772 1.1703899405809461 1.4
      vertex 2.979555495773441 1.2447085729384875 1.4
      vertex 2.979555495773441 1.2447085729384875 1.6
    endloop
  endfacet
  facet normal 0.9807852804032313 -0.19509032201612383 0
    outer loop
      vertex 2.979555495773441 1.2447085729384875 1.4
      vertex 2.994866916824286 1.321684284667969 1.4
      vertex 2.994866916824286 1.321684284667969 1.6
    endloop
  endfacet
  facet normal 0.9978589232386033 -0.06540312923014817 0
    outer loop
      vertex 2.994866916824286 1.321684284667969 1.4
      vertex 3 1.4 1.4
      vertex 3 1.4 1.6
    endloop
  endfacet
  facet normal 0.9978589232386033 0.06540312923014817 0
    outer loop
      vertex 3 1.4 1.4
      vertex 2.994866916824286 1.4783157153320308 1.4
      vertex 2.994866916824286 1.4783157153320308 1.6
    endloop
  endfacet
  facet normal 0.9469301294950978 0.3214394653031845 -4.956665329947794e-15
    outer loop
      vertex 2.9663219418956985 1.5942762196578797 1.3885524393157593
      vertex 2.954327719506772 1.6296100594190537 1.6
      vertex 2.9698740390436256 1.5838120788931696 1.394957461776617
    endloop
  endfacet
  facet normal 0.9469301294951079 0.3214394653031553 2.3395222239187314e-15
    outer loop
      vertex 2.9698740390436256 1.5838120788931696 1.394957461776617
      vertex 2.954327719506772 1.6296100594190537 1.6
      vertex 2.979555495773441 1.5552914270615124 1.3994985576695749
    endloop
  endfacet
  facet normal 0.9807852804032312 0.19509032201612483 -3.884163852618195e-16
    outer loop
      vertex 2.994866916824286 1.4783157153320308 1.4
      vertex 2.98016370477495 1.5522337539287585 1.4
      vertex 2.979555495773441 1.5552914270615124 1.6
    endloop
  endfacet
  facet normal 0.9807852804032361 0.19509032201610033 0
    outer loop
      vertex 2.98016370477495 1.5522337539287585 1.4
      vertex 2.979555495773441 1.5552914270615124 1.3994985576695749
      vertex 2.979555495773441 1.5552914270615124 1.6
    endloop
  endfacet
  facet normal 0.8314696123025475 -0.5555702330195988 0
    outer loop
      vertex 2.9021835762219093 1.0739116681385745 1.4
      vertex 2.919615242270663 1.0999999999999999 1.6
      vertex 2.9021835762219093 1.0739116681385745 1.6
    endloop
  endfacet
  facet normal 0.8968727415326871 -0.44228869021900347 0
    outer loop
      vertex 2.919615242270663 1.0999999999999999 1.4
      vertex 2.954327719506772 1.1703899405809461 1.6
      vertex 2.919615242270663 1.0999999999999999 1.6
    endloop
  endfacet
  facet normal 0.9469301294951058 -0.3214394653031609 0
    outer loop
      vertex 2.954327719506772 1.1703899405809461 1.4
      vertex 2.979555495773441 1.2447085729384875 1.6
      vertex 2.954327719506772 1.1703899405809461 1.6
    endloop
  endfacet
  facet normal 0.9807852804032313 -0.19509032201612383 0
    outer loop
      vertex 2.979555495773441 1.2447085729384875 1.4
      vertex 2.994866916824286 1.321684284667969 1.6
      vertex 2.979555495773441 1.2447085729384875 1.6
    endloop
  endfacet
  facet normal 0.9978589232386033 -0.06540312923014817 0
    outer loop
      vertex 2.994866916824286 1.321684284667969 1.4
      vertex 3 1.4 1.6
      vertex 2.994866916824286 1.321684284667969 1.6
    endloop
  endfacet
  facet normal 0.9978589232386033 0.06540312923014817 0
    outer loop
      vertex 3 1.4 1.4
      vertex 2.994866916824286 1.4783157153320308 1.6
      vertex 3 1.4 1.6
    endloop
  endfacet
  facet normal 0.9807852804032313 0.19509032201612383 0
    outer loop
      vertex 2.994866916824286 1.4783157153320308 1.4
      vertex 2.979555495773441 1.5552914270615124 1.6
      vertex 2.994866916824286 1.4783157153320308 1.6
    endloop
  endfacet
  facet normal 0.9469301294951059 0.321439465303161 0
    outer loop
      vertex 2.979555495773441 1.5552914270615124 1.3994985576695749
      vertex 2.954327719506772 1.6296100594190537 1.6
      vertex 2.979555495773441 1.5552914270615124 1.6
    endloop
  endfacet
  facet normal 0 0 1
    outer loop
      vertex 2.459395354902829 1.8871604299270341 1.6
      vertex 2.4 2 1.6
      vertex 2.362588144107006 1.9975478974144285 1.6
    endloop
  endfacet
  facet normal 0 0 1
    outer loop
      vertex 2.459395354902829 1.8871604299270341 1.6
      vertex 2.4783157153320308 1.994866916824286 1.6
      vertex 2.4 2 1.6
    endloop
  endfacet
  facet normal 0 0 1
    outer loop
      vertex 2.459395354902829 1.8871604299270341 1.6
      vertex 2.68467875173176 1.55 1.6
      vertex 2.4783157153320308 1.994866916824286 1.6
    endloop
  endfacet
  facet normal 0 0 1
    outer loop
      vertex 2.68467875173176 1.55 1.6
      vertex 2.5552914270615124 1.979555495773441 1.6
      vertex 2.4783157153320308 1.994866916824286 1.6
    endloop
  endfacet
  facet normal 0 0 1
    outer loop
      vertex 2.68467875173176 1.55 1.6
      vertex 2.6296100594190537 1.954327719506772 1.6
      vertex 2.5552914270615124 1.979555495773441 1.6
    endloop
  endfacet
  facet normal 0 0 1
    outer loop
      vertex 2.68467875173176 1.55 1.6
      vertex 2.6999999999999997 1.919615242270663 1.6
      vertex 2.6296100594190537 1.954327719506772 1.6
    endloop
  endfacet
  facet normal 0 0 1
    outer loop
      vertex 2.9021835762219093 1.0739116681385745 1.6
      vertex 2.8242640687119285 1.8242640687119285 1.6
      vertex 2.864026550784989 1.1863186403317783 1.6
    endloop
  endfacet
  facet normal 0 0 1
    outer loop
      vertex 2.9021835762219093 1.0739116681385745 1.6
      vertex 2.919615242270663 1.0999999999999999 1.6
      vertex 2.876012004174741 1.7652568574052323 1.6
    endloop
  endfacet
  facet normal 0 0 1
    outer loop
      vertex 2.919615242270663 1.0999999999999999 1.6
      vertex 2.954327719506772 1.1703899405809461 1.6
      vertex 2.919615242270663 1.7 1.6
    endloop
  endfacet
  facet normal 0 0 1
    outer loop
      vertex 2.954327719506772 1.1703899405809461 1.6
      vertex 2.979555495773441 1.2447085729384875 1.6
      vertex 2.954327719506772 1.6296100594190537 1.6
    endloop
  endfacet
  facet normal 0 0 1
    outer loop
      vertex 2.979555495773441 1.2447085729384875 1.6
      vertex 2.994866916824286 1.321684284667969 1.6
      vertex 2.979555495773441 1.5552914270615124 1.6
    endloop
  endfacet
  facet normal 0 0 1
    outer loop
      vertex 2.994866916824286 1.321684284667969 1.6
      vertex 3 1.4 1.6
      vertex 2.994866916824286 1.4783157153320308 1.6
    endloop
  endfacet
  facet normal 0 0 1
    outer loop
      vertex 2.954327719506772 1.1703899405809461 1.6
      vertex 2.954327719506772 1.6296100594190537 1.6
      vertex 2.919615242270663 1.7 1.6
    endloop
  endfacet
  facet normal 0 0 1
    outer loop
      vertex 2.979555495773441 1.2447085729384875 1.6
      vertex 2.979555495773441 1.5552914270615124 1.6
      vertex 2.954327719506772 1.6296100594190537 1.6
    endloop
  endfacet
  facet normal 0 0 1
    outer loop
      vertex 2.994866916824286 1.321684284667969 1.6
      vertex 2.994866916824286 1.4783157153320308 1.6
      vertex 2.979555495773441 1.5552914270615124 1.6
    endloop
  endfacet
  facet normal 0 0 1
    outer loop
      vertex 2.68467875173176 1.55 1.6
      vertex 2.864026550784989 1.1863186403317783 1.6
      vertex 2.6999999999999997 1.919615242270663 1.6
    endloop
  endfacet
  facet normal 0 0 1
    outer loop
      vertex 2.6999999999999997 1.919615242270663 1.6
      vertex 2.864026550784989 1.1863186403317783 1.6
      vertex 2.765256857405232 1.876012004174741 1.6
    endloop
  endfacet
  facet normal 0 0 1
    outer loop
      vertex 2.9021835762219093 1.0739116681385745 1.6
      vertex 2.876012004174741 1.7652568574052323 1.6
      vertex 2.8242640687119285 1.8242640687119285 1.6
    endloop
  endfacet
  facet normal 0 0 1
    outer loop
      vertex 2.864026550784989 1.1863186403317783 1.6
      vertex 2.8242640687119285 1.8242640687119285 1.6
      vertex 2.765256857405232 1.876012004174741 1.6
    endloop
  endfacet
  facet normal 0 0 1
    outer loop
      vertex 2.919615242270663 1.0999999999999999 1.6
      vertex 2.919615242270663 1.7 1.6
      vertex 2.876012004174741 1.7652568574052323 1.6
    endloop
  endfacet
  facet normal 0 0 -1
    outer loop
      vertex -2.864026550784989 0.9853572768779696 0
      vertex -2.8762822854010492 0.9993322638168851 0
      vertex -2.8791259733301797 1.1418371758901493 0
    endloop
  endfacet
  facet normal 0 0 -1
    outer loop
      vertex -2.966763284804986 1.1488509096635986 0
      vertex -2.991991061071655 1.2231695420211401 0
      vertex -2.966763284804986 1.6080710285017061 0
    endloop
  endfacet
  facet normal 0 0 -1
    outer loop
      vertex -2.991991061071655 1.2231695420211401 0
      vertex -3.0073024821225003 1.3001452537506213 0
      vertex -2.991991061071655 1.533752396144165 0
    endloop
  endfacet
  facet normal 0 0 -1
    outer loop
      vertex -3.0073024821225003 1.3001452537506213 0
      vertex -3.0124355652982135 1.3784609690826526 0
      vertex -3.0073024821225003 1.4567766844146837 0
    endloop
  endfacet
  facet normal 0 0 -1
    outer loop
      vertex -2.966763284804986 1.1488509096635986 0
      vertex -2.932050807568877 1.6784609690826522 0
      vertex -2.932050807568877 1.0784609690826525 0
    endloop
  endfacet
  facet normal 0 0 -1
    outer loop
      vertex -3.0073024821225003 1.3001452537506213 0
      vertex -3.0073024821225003 1.4567766844146837 0
      vertex -2.991991061071655 1.533752396144165 0
    endloop
  endfacet
  facet normal 0 0 -1
    outer loop
      vertex -2.991991061071655 1.2231695420211401 0
      vertex -2.991991061071655 1.533752396144165 0
      vertex -2.966763284804986 1.6080710285017061 0
    endloop
  endfacet
  facet normal 0 0 -1
    outer loop
      vertex -2.966763284804986 1.1488509096635986 0
      vertex -2.966763284804986 1.6080710285017061 0
      vertex -2.932050807568877 1.6784609690826522 0
    endloop
  endfacet
  facet normal 0 0 -1
    outer loop
      vertex -2.932050807568877 1.0784609690826525 0
      vertex -2.932050807568877 1.6784609690826522 0
      vertex -2.8884475694729552 1.7437178264878852 0
    endloop
  endfacet
  facet normal 0 0 -1
    outer loop
      vertex -2.932050807568877 1.0784609690826525 0
      vertex -2.8884475694729552 1.1143766391627927 0
      vertex -2.9112212964905897 1.0472874027693833 0
    endloop
  endfacet
  facet normal 0 0 -1
    outer loop
      vertex -2.864026550784989 0.9853572768779696 0
      vertex -2.8791259733301797 1.1418371758901493 0
      vertex -2.8366996340101425 1.2417321458260215 0
    endloop
  endfacet
  facet normal 0 0 -1
    outer loop
      vertex -2.932050807568877 1.0784609690826525 0
      vertex -2.8884475694729552 1.7437178264878852 0
      vertex -2.8884475694729552 1.1143766391627927 0
    endloop
  endfacet
  facet normal 0 0 -1
    outer loop
      vertex -2.8884475694729552 1.1143766391627927 0
      vertex -2.8366996340101425 1.727298071907958 0
      vertex -2.8791259733301797 1.1418371758901493 0
    endloop
  endfacet
  facet normal 0 0 -1
    outer loop
      vertex -2.8791259733301797 1.1418371758901493 0
      vertex -2.8366996340101425 1.727298071907958 0
      vertex -2.8366996340101425 1.2417321458260215 0
    endloop
  endfacet
  facet normal 0 0 -1
    outer loop
      vertex -2.7124355652982137 1.1265128607150634 0
      vertex -2.7226250612696905 1.4730524962112859 0
      vertex -2.7124355652982137 1.5786352267461514 0
    endloop
  endfacet
  facet normal 0 0 -1
    outer loop
      vertex -2.8366996340101425 1.2417321458260215 0
      vertex -2.7124355652982137 1.5786352267461514 0
      vertex -2.7226250612696905 1.4730524962112859 0
    endloop
  endfacet
  facet normal 0 0 -1
    outer loop
      vertex -2.8366996340101425 1.2417321458260215 0
      vertex -2.7284111244544746 1.6543362795573022 0
      vertex -2.7124355652982137 1.5786352267461514 0
    endloop
  endfacet
  facet normal 0 0 -1
    outer loop
      vertex -2.8884475694729552 1.1143766391627927 0
      vertex -2.8621392064817512 1.7737167650014964 0
      vertex -2.8366996340101425 1.727298071907958 0
    endloop
  endfacet
  facet normal 0 0 -1
    outer loop
      vertex -2.8884475694729552 1.1143766391627927 0
      vertex -2.8884475694729552 1.7437178264878852 0
      vertex -2.8638446778209934 1.7717720476559224 0
    endloop
  endfacet
  facet normal 0 0 -1
    outer loop
      vertex -2.8884475694729552 1.1143766391627927 0
      vertex -2.8638446778209934 1.7717720476559224 0
      vertex -2.8621392064817512 1.7737167650014964 0
    endloop
  endfacet
  facet normal 0 0 -1
    outer loop
      vertex -2.8366996340101425 1.2417321458260215 0
      vertex -2.8366996340101425 1.727298071907958 0
      vertex -2.784738516598606 1.746970354498567 0
    endloop
  endfacet
  facet normal 0 0 -1
    outer loop
      vertex -2.8366996340101425 1.2417321458260215 0
      vertex -2.784738516598606 1.746970354498567 0
      vertex -2.777692422703446 1.7259735172622013 0
    endloop
  endfacet
  facet normal 0 0 -1
    outer loop
      vertex -2.8366996340101425 1.2417321458260215 0
      vertex -2.777692422703446 1.7259735172622013 0
      vertex -2.7284111244544746 1.6543362795573022 0
    endloop
  endfacet
  facet normal -0.7518398074789773 0.659345815100069 0
    outer loop
      vertex -2.8884475694729552 1.7437178264878852 0
      vertex -2.8638446778209934 1.7717720476559224 1.3885524393157593
      vertex -2.8638446778209934 1.7717720476559224 0
    endloop
  endfacet
  facet normal -0.831469612302545 -0.5555702330196026 0
    outer loop
      vertex -2.932050807568877 1.0784609690826525 0
      vertex -2.9112212964905897 1.0472874027693833 0
      vertex -2.9112212964905897 1.0472874027693833 1.6
    endloop
  endfacet
  facet normal -0.8968727415326866 -0.44228869021900463 0
    outer loop
      vertex -2.966763284804986 1.1488509096635986 0
      vertex -2.932050807568877 1.0784609690826525 0
      vertex -2.966763284804986 1.1488509096635986 1.6
    endloop
  endfacet
  facet normal -0.9469301294951062 -0.3214394653031601 0
    outer loop
      vertex -2.966763284804986 1.1488509096635986 0
      vertex -2.991991061071655 1.2231695420211401 1.6
      vertex -2.991991061071655 1.2231695420211401 0
    endloop
  endfacet
  facet normal -0.98078528040323 -0.19509032201613036 0
    outer loop
      vertex -2.991991061071655 1.2231695420211401 0
      vertex -3.0073024821225003 1.3001452537506213 1.6
      vertex -3.0073024821225003 1.3001452537506213 0
    endloop
  endfacet
  facet normal -0.9978589232386039 -0.06540312923013651 0
    outer loop
      vertex -3.0073024821225003 1.3001452537506213 0
      vertex -3.0124355652982135 1.3784609690826526 1.6
      vertex -3.0124355652982135 1.3784609690826526 0
    endloop
  endfacet
  facet normal -0.9978589232386039 0.0654031292301367 0
    outer loop
      vertex -3.0124355652982135 1.3784609690826526 0
      vertex -3.0073024821225003 1.4567766844146837 1.6
      vertex -3.0073024821225003 1.4567766844146837 0
    endloop
  endfacet
  facet normal -0.9807852804032302 0.19509032201612986 0
    outer loop
      vertex -3.0073024821225003 1.4567766844146837 0
      vertex -2.991991061071655 1.533752396144165 1.6
      vertex -2.991991061071655 1.533752396144165 0
    endloop
  endfacet
  facet normal -0.9469301294951057 0.3214394653031618 0
    outer loop
      vertex -2.991991061071655 1.533752396144165 0
      vertex -2.966763284804986 1.6080710285017061 1.6
      vertex -2.966763284804986 1.6080710285017061 0
    endloop
  endfacet
  facet normal -0.8968727415326866 0.44228869021900463 0
    outer loop
      vertex -2.966763284804986 1.6080710285017061 0
      vertex -2.932050807568877 1.6784609690826522 1.6
      vertex -2.932050807568877 1.6784609690826522 0
    endloop
  endfacet
  facet normal -0.83146961230255 0.5555702330195951 0
    outer loop
      vertex -2.932050807568877 1.6784609690826522 0
      vertex -2.8884475694729552 1.7437178264878852 1.6
      vertex -2.8884475694729552 1.7437178264878852 0
    endloop
  endfacet
  facet normal -0.7518398074789773 0.659345815100069 0
    outer loop
      vertex -2.8884475694729552 1.7437178264878852 0
      vertex -2.8884475694729552 1.7437178264878852 1.6
      vertex -2.8638446778209934 1.7717720476559224 1.3885524393157593
    endloop
  endfacet
  facet normal -0.8968727415326866 -0.44228869021900463 0
    outer loop
      vertex -2.932050807568877 1.0784609690826525 0
      vertex -2.932050807568877 1.0784609690826525 1.6
      vertex -2.966763284804986 1.1488509096635986 1.6
    endloop
  endfacet
  facet normal -0.831469612302545 -0.5555702330196026 0
    outer loop
      vertex -2.932050807568877 1.0784609690826525 0
      vertex -2.9112212964905897 1.0472874027693833 1.6
      vertex -2.932050807568877 1.0784609690826525 1.6
    endloop
  endfacet
  facet normal -0.9469301294951062 -0.3214394653031601 0
    outer loop
      vertex -2.966763284804986 1.1488509096635986 0
      vertex -2.966763284804986 1.1488509096635986 1.6
      vertex -2.991991061071655 1.2231695420211401 1.6
    endloop
  endfacet
  facet normal -0.98078528040323 -0.19509032201613036 0
    outer loop
      vertex -2.991991061071655 1.2231695420211401 0
      vertex -2.991991061071655 1.2231695420211401 1.6
      vertex -3.0073024821225003 1.3001452537506213 1.6
    endloop
  endfacet
  facet normal -0.9978589232386039 -0.06540312923013651 0
    outer loop
      vertex -3.0073024821225003 1.3001452537506213 0
      vertex -3.0073024821225003 1.3001452537506213 1.6
      vertex -3.0124355652982135 1.3784609690826526 1.6
    endloop
  endfacet
  facet normal -0.9978589232386039 0.0654031292301367 0
    outer loop
      vertex -3.0124355652982135 1.3784609690826526 0
      vertex -3.0124355652982135 1.3784609690826526 1.6
      vertex -3.0073024821225003 1.4567766844146837 1.6
    endloop
  endfacet
  facet normal -0.9807852804032302 0.19509032201612986 0
    outer loop
      vertex -3.0073024821225003 1.4567766844146837 0
      vertex -3.0073024821225003 1.4567766844146837 1.6
      vertex -2.991991061071655 1.533752396144165 1.6
    endloop
  endfacet
  facet normal -0.9469301294951057 0.3214394653031618 0
    outer loop
      vertex -2.991991061071655 1.533752396144165 0
      vertex -2.991991061071655 1.533752396144165 1.6
      vertex -2.966763284804986 1.6080710285017061 1.6
    endloop
  endfacet
  facet normal -0.8968727415326866 0.44228869021900463 0
    outer loop
      vertex -2.966763284804986 1.6080710285017061 0
      vertex -2.966763284804986 1.6080710285017061 1.6
      vertex -2.932050807568877 1.6784609690826522 1.6
    endloop
  endfacet
  facet normal -0.83146961230255 0.5555702330195951 0
    outer loop
      vertex -2.932050807568877 1.6784609690826522 0
      vertex -2.932050807568877 1.6784609690826522 1.6
      vertex -2.8884475694729552 1.7437178264878852 1.6
    endloop
  endfacet
  facet normal 0 0 -1
    outer loop
      vertex -2.7124355652982137 1.1265128607150634 0
      vertex -2.7124355652982137 1.5786352267461514 0
      vertex -2.687284828715943 1.5102389487487167 0
    endloop
  endfacet
  facet normal -0.7518398074789625 0.6593458151000858 3.96743700507488e-15
    outer loop
      vertex -2.8638446778209934 1.7717720476559224 1.3885524393157593
      vertex -2.8884475694729552 1.7437178264878852 1.6
      vertex -2.856558514663941 1.7800803244050925 1.394957461776617
    endloop
  endfacet
  facet normal -0.7518398074789779 0.6593458151000682 -1.5596814826124851e-15
    outer loop
      vertex -2.856558514663941 1.7800803244050925 1.394957461776617
      vertex -2.8884475694729552 1.7437178264878852 1.6
      vertex -2.8366996340101425 1.8027250377945812 1.3994985576695749
    endloop
  endfacet
  facet normal -0.6593458151000899 0.7518398074789588 0
    outer loop
      vertex -2.8366996340101425 1.8027250377945812 1.3994985576695749
      vertex -2.8366996340101425 1.8027250377945812 1.6
      vertex -2.8343557159014634 1.8047805988070753 1.4
    endloop
  endfacet
  facet normal -0.6593458151000643 0.7518398074789815 5.331734177320789e-16
    outer loop
      vertex -2.8343557159014634 1.8047805988070753 1.4
      vertex -2.8366996340101425 1.8027250377945812 1.6
      vertex -2.777692422703446 1.8544729732573935 1.4
    endloop
  endfacet
  facet normal -0.5555702330196068 0.831469612302542 0
    outer loop
      vertex -2.777692422703446 1.8544729732573935 1.4
      vertex -2.777692422703446 1.8544729732573935 1.6
      vertex -2.7124355652982137 1.898076211353316 1.4
    endloop
  endfacet
  facet normal -0.7518398074789753 0.6593458151000713 0
    outer loop
      vertex -2.8366996340101425 1.8027250377945812 1.3994985576695749
      vertex -2.8884475694729552 1.7437178264878852 1.6
      vertex -2.8366996340101425 1.8027250377945812 1.6
    endloop
  endfacet
  facet normal -0.6593458151000653 0.7518398074789806 0
    outer loop
      vertex -2.777692422703446 1.8544729732573935 1.4
      vertex -2.8366996340101425 1.8027250377945812 1.6
      vertex -2.777692422703446 1.8544729732573935 1.6
    endloop
  endfacet
  facet normal -0.5555702330196068 0.831469612302542 0
    outer loop
      vertex -2.7124355652982137 1.898076211353316 1.4
      vertex -2.777692422703446 1.8544729732573935 1.6
      vertex -2.7124355652982137 1.898076211353316 1.6
    endloop
  endfacet
  facet normal 0 0 1
    outer loop
      vertex -2.966763284804986 1.1488509096635986 1.6
      vertex -2.932050807568877 1.0784609690826525 1.6
      vertex -2.966763284804986 1.6080710285017061 1.6
    endloop
  endfacet
  facet normal 0 0 1
    outer loop
      vertex -2.991991061071655 1.2231695420211401 1.6
      vertex -3.0073024821225003 1.4567766844146837 1.6
      vertex -3.0073024821225003 1.3001452537506213 1.6
    endloop
  endfacet
  facet normal 0 0 1
    outer loop
      vertex -2.966763284804986 1.1488509096635986 1.6
      vertex -2.991991061071655 1.533752396144165 1.6
      vertex -2.991991061071655 1.2231695420211401 1.6
    endloop
  endfacet
  facet normal 0 0 1
    outer loop
      vertex -3.0073024821225003 1.3001452537506213 1.6
      vertex -3.0073024821225003 1.4567766844146837 1.6
      vertex -3.0124355652982135 1.3784609690826526 1.6
    endloop
  endfacet
  facet normal 0 0 1
    outer loop
      vertex -2.991991061071655 1.2231695420211401 1.6
      vertex -2.991991061071655 1.533752396144165 1.6
      vertex -3.0073024821225003 1.4567766844146837 1.6
    endloop
  endfacet
  facet normal 0 0 1
    outer loop
      vertex -2.966763284804986 1.1488509096635986 1.6
      vertex -2.966763284804986 1.6080710285017061 1.6
      vertex -2.991991061071655 1.533752396144165 1.6
    endloop
  endfacet
  facet normal 0 0 1
    outer loop
      vertex -2.932050807568877 1.0784609690826525 1.6
      vertex -2.932050807568877 1.6784609690826522 1.6
      vertex -2.966763284804986 1.6080710285017061 1.6
    endloop
  endfacet
  facet normal 0 0 1
    outer loop
      vertex -2.932050807568877 1.0784609690826525 1.6
      vertex -2.9112212964905897 1.0472874027693833 1.6
      vertex -2.864026550784989 1.1863186403317783 1.6
    endloop
  endfacet
  facet normal 0 0 1
    outer loop
      vertex -2.932050807568877 1.0784609690826525 1.6
      vertex -2.864026550784989 1.1863186403317783 1.6
      vertex -2.932050807568877 1.6784609690826522 1.6
    endloop
  endfacet
  facet normal 0 0 1
    outer loop
      vertex -2.864026550784989 1.1863186403317783 1.6
      vertex -2.68467875173176 1.55 1.6
      vertex -2.8884475694729552 1.7437178264878852 1.6
    endloop
  endfacet
  facet normal 0 0 1
    outer loop
      vertex -2.864026550784989 1.1863186403317783 1.6
      vertex -2.8884475694729552 1.7437178264878852 1.6
      vertex -2.932050807568877 1.6784609690826522 1.6
    endloop
  endfacet
  facet normal 0 0 1
    outer loop
      vertex -2.8884475694729552 1.7437178264878852 1.6
      vertex -2.68467875173176 1.55 1.6
      vertex -2.8366996340101425 1.8027250377945812 1.6
    endloop
  endfacet
  facet normal 0 0 1
    outer loop
      vertex -2.8366996340101425 1.8027250377945812 1.6
      vertex -2.68467875173176 1.55 1.6
      vertex -2.777692422703446 1.8544729732573935 1.6
    endloop
  endfacet
  facet normal 0 0 1
    outer loop
      vertex -2.777692422703446 1.8544729732573935 1.6
      vertex -2.68467875173176 1.55 1.6
      vertex -2.7124355652982137 1.898076211353316 1.6
    endloop
  endfacet
  facet normal -0.4422886902189956 0.8968727415326911 0
    outer loop
      vertex -2.7124355652982137 1.898076211353316 1.4
      vertex -2.7124355652982137 1.898076211353316 1.6
      vertex -2.6420456247172677 1.9327886885894243 1.4
    endloop
  endfacet
  facet normal -0.321439465303166 0.9469301294951041 0
    outer loop
      vertex -2.6420456247172677 1.9327886885894243 1.4
      vertex -2.6420456247172677 1.9327886885894243 1.6
      vertex -2.5677269923597263 1.9580164648560936 1.4
    endloop
  endfacet
  facet normal -0.19509032201612928 0.9807852804032302 0
    outer loop
      vertex -2.5677269923597263 1.9580164648560936 1.4
      vertex -2.5677269923597263 1.9580164648560936 1.6
      vertex -2.4907512806302448 1.973327885906939 1.4
    endloop
  endfacet
  facet normal -0.0654031292301397 0.9978589232386037 0
    outer loop
      vertex -2.4907512806302448 1.973327885906939 1.4
      vertex -2.4907512806302448 1.973327885906939 1.6
      vertex -2.412435565298214 1.9784609690826525 1.4
    endloop
  endfacet
  facet normal 0.06540312923015067 0.9978589232386029 0
    outer loop
      vertex -2.412435565298214 1.9784609690826525 1.4
      vertex -2.412435565298214 1.9784609690826525 1.6
      vertex -2.381126574139484 1.9764088693848574 1.4
    endloop
  endfacet
  facet normal -0.4422886902189956 0.8968727415326911 0
    outer loop
      vertex -2.7124355652982137 1.898076211353316 1.6
      vertex -2.6420456247172677 1.9327886885894243 1.6
      vertex -2.6420456247172677 1.9327886885894243 1.4
    endloop
  endfacet
  facet normal -0.321439465303166 0.9469301294951041 0
    outer loop
      vertex -2.5677269923597263 1.9580164648560936 1.4
      vertex -2.6420456247172677 1.9327886885894243 1.6
      vertex -2.5677269923597263 1.9580164648560936 1.6
    endloop
  endfacet
  facet normal -0.19509032201612928 0.9807852804032302 0
    outer loop
      vertex -2.4907512806302448 1.973327885906939 1.4
      vertex -2.5677269923597263 1.9580164648560936 1.6
      vertex -2.4907512806302448 1.973327885906939 1.6
    endloop
  endfacet
  facet normal -0.0654031292301397 0.9978589232386037 0
    outer loop
      vertex -2.412435565298214 1.9784609690826525 1.4
      vertex -2.4907512806302448 1.973327885906939 1.6
      vertex -2.412435565298214 1.9784609690826525 1.6
    endloop
  endfacet
  facet normal 0.06540312923015067 0.9978589232386029 0
    outer loop
      vertex -2.381126574139484 1.9764088693848574 1.4
      vertex -2.412435565298214 1.9784609690826525 1.6
      vertex -2.381126574139484 1.9764088693848574 1.6
    endloop
  endfacet
  facet normal 0 0 1
    outer loop
      vertex -2.7124355652982137 1.898076211353316 1.6
      vertex -2.68467875173176 1.55 1.6
      vertex -2.459395354902829 1.8871604299270341 1.6
    endloop
  endfacet
  facet normal 0 0 1
    outer loop
      vertex -2.7124355652982137 1.898076211353316 1.6
      vertex -2.459395354902829 1.8871604299270341 1.6
      vertex -2.6420456247172677 1.9327886885894243 1.6
    endloop
  endfacet
  facet normal 0 0 1
    outer loop
      vertex -2.6420456247172677 1.9327886885894243 1.6
      vertex -2.459395354902829 1.8871604299270341 1.6
      vertex -2.5677269923597263 1.9580164648560936 1.6
    endloop
  endfacet
  facet normal 0 0 1
    outer loop
      vertex -2.5677269923597263 1.9580164648560936 1.6
      vertex -2.459395354902829 1.8871604299270341 1.6
      vertex -2.4907512806302448 1.973327885906939 1.6
    endloop
  endfacet
  facet normal 0 0 1
    outer loop
      vertex -2.459395354902829 1.8871604299270341 1.6
      vertex -2.381126574139484 1.9764088693848574 1.6
      vertex -2.4907512806302448 1.973327885906939 1.6
    endloop
  endfacet
  facet normal 0 0 1
    outer loop
      vertex -2.4907512806302448 1.973327885906939 1.6
      vertex -2.381126574139484 1.9764088693848574 1.6
      vertex -2.412435565298214 1.9784609690826525 1.6
    endloop
  endfacet
  facet normal 0 0 -1
    outer loop
      vertex -0.223834984888768 -3.329504098032097 0
      vertex -0.25891137584784757 -3.0830300518646743 0
      vertex -0.21652932382781925 -3.322945292081077 0
    endloop
  endfacet
  facet normal 0 0 -1
    outer loop
      vertex -0.21652932382781925 -3.322945292081077 0
      vertex -0.1394843683253472 -3.3065774152066227 0
      vertex -0.17521258197356393 -3.347032838377868 0
    endloop
  endfacet
  facet normal 0 0 -1
    outer loop
      vertex -0.21652932382781925 -3.322945292081077 0
      vertex -0.015239037218942365 -3.0990011807307 0
      vertex -0.1394843683253472 -3.3065774152066227 0
    endloop
  endfacet
  facet normal 0 0 -1
    outer loop
      vertex -0.10247726407470549 -3.3660482673138024 0
      vertex -0.10501417436877397 -3.365543644481379 0
      vertex -0.015239037218942365 -3.0990011807307 0
    endloop
  endfacet
  facet normal 0 0 -1
    outer loop
      vertex -0.10247726407470549 -3.3660482673138024 0
      vertex -0.015239037218942365 -3.0990011807307 0
      vertex -0.06588015003381709 -3.3733278859069387 0
    endloop
  endfacet
  facet normal 0 0 -1
    outer loop
      vertex -0.10501417436877397 -3.365543644481379 0
      vertex -0.1394843683253472 -3.3065774152066227 0
      vertex -0.015239037218942365 -3.0990011807307 0
    endloop
  endfacet
  facet normal 0 0 -1
    outer loop
      vertex -0.06588015003381709 -3.3733278859069387 0
      vertex -0.015239037218942365 -3.0990011807307 0
      vertex 0.012435565298214213 -3.3784609690826524 0
    endloop
  endfacet
  facet normal 0 0 -1
    outer loop
      vertex 0.012435565298214213 -3.3784609690826524 0
      vertex 0.38949034558645523 -3.07447145401716 0
      vertex 0.09075128063024507 -3.373327885906938 0
    endloop
  endfacet
  facet normal 0 0 -1
    outer loop
      vertex -0.21652932382781925 -3.322945292081077 0
      vertex -0.25891137584784757 -3.0830300518646743 0
      vertex -0.015239037218942365 -3.0990011807307 0
    endloop
  endfacet
  facet normal 0 0 -1
    outer loop
      vertex -0.015239037218942365 -3.0990011807307 0
      vertex 0 -2.7320508075688776 0
      vertex 0.019376860623709746 -2.804366235907743 0
    endloop
  endfacet
  facet normal 0 0 -1
    outer loop
      vertex 0.012435565298214213 -3.3784609690826524 0
      vertex -0.015239037218942365 -3.0990011807307 0
      vertex 0.030819259329758195 -3.097979999022127 0
    endloop
  endfacet
  facet normal 0 0 -1
    outer loop
      vertex -0.015239037218942365 -3.0990011807307 0
      vertex 0.019376860623709746 -2.804366235907743 0
      vertex 0.030819259329758195 -3.097979999022127 0
    endloop
  endfacet
  facet normal 0 0 -1
    outer loop
      vertex 0.012435565298214213 -3.3784609690826524 0
      vertex 0.030819259329758195 -3.097979999022127 0
      vertex 0.38949034558645523 -3.07447145401716 0
    endloop
  endfacet
  facet normal 0 0 -1
    outer loop
      vertex 0.09075128063024507 -3.373327885906938 0
      vertex 0.38949034558645523 -3.07447145401716 0
      vertex 0.16772699235972643 -3.3580164648560933 0
    endloop
  endfacet
  facet normal 0 0 -1
    outer loop
      vertex 0.16772699235972643 -3.3580164648560933 0
      vertex 0.38949034558645523 -3.07447145401716 0
      vertex 0.24204562471726798 -3.3327886885894245 0
    endloop
  endfacet
  facet normal 0 0 -1
    outer loop
      vertex 0.24204562471726798 -3.3327886885894245 0
      vertex 0.38949034558645523 -3.07447145401716 0
      vertex 0.3124355652982138 -3.2980762113533153 0
    endloop
  endfacet
  facet normal 0 0 -1
    outer loop
      vertex 0.3124355652982138 -3.2980762113533153 0
      vertex 0.38949034558645523 -3.07447145401716 0
      vertex 0.3776924227034466 -3.2544729732573936 0
    endloop
  endfacet
  facet normal 0 0 -1
    outer loop
      vertex 0.3776924227034466 -3.2544729732573936 0
      vertex 0.38949034558645523 -3.07447145401716 0
      vertex 0.43669963401014256 -3.202725037794581 0
    endloop
  endfacet
  facet normal 0 0 -1
    outer loop
      vertex 0.38949034558645523 -3.07447145401716 0
      vertex 0.4046311958821599 -2.8434667184513023 0
      vertex 0.43669963401014256 -3.0671002613126075 0
    endloop
  endfacet
  facet normal 0 0 -1
    outer loop
      vertex 0.38949034558645523 -3.07447145401716 0
      vertex 0.43669963401014256 -3.0671002613126075 0
      vertex 0.43669963401014256 -3.202725037794581 0
    endloop
  endfacet
  facet normal 0 0 -1
    outer loop
      vertex 0.43669963401014256 -3.202725037794581 0
      vertex 0.5486331523835837 -3.0448353001838115 0
      vertex 0.4884475694729551 -3.1437178264878844 0
    endloop
  endfacet
  facet normal 0 0 -1
    outer loop
      vertex 0.43669963401014256 -3.202725037794581 0
      vertex 0.43669963401014256 -3.0671002613126075 0
      vertex 0.5486331523835837 -3.0448353001838115 0
    endloop
  endfacet
  facet normal 0 0 -1
    outer loop
      vertex 0.4884475694729551 -3.1437178264878844 0
      vertex 0.5486331523835837 -3.0448353001838115 0
      vertex 0.5320508075688772 -3.0784609690826525 0
    endloop
  endfacet
  facet normal 0 0 -1
    outer loop
      vertex 0.4046311958821599 -2.8434667184513023 0
      vertex 0.43669963401014256 -2.5842092521782356 0
      vertex 0.43669963401014256 -3.0671002613126075 0
    endloop
  endfacet
  facet normal -0.19509032201612495 -0.9807852804032311 0
    outer loop
      vertex -0.10247726407470549 -3.3660482673138024 0
      vertex -0.06588015003381709 -3.3733278859069387 0
      vertex -0.10247726407470549 -3.3660482673138024 1.3885524393157593
    endloop
  endfacet
  facet normal -0.06540312923014215 -0.9978589232386035 0
    outer loop
      vertex -0.06588015003381709 -3.3733278859069387 0
      vertex 0.012435565298214213 -3.3784609690826524 0
      vertex 0.012435565298214213 -3.3784609690826524 1.6
    endloop
  endfacet
  facet normal 0.06540312923014817 -0.9978589232386033 0
    outer loop
      vertex 0.012435565298214213 -3.3784609690826524 0
      vertex 0.09075128063024507 -3.373327885906938 0
      vertex 0.09075128063024507 -3.373327885906938 1.6
    endloop
  endfacet
  facet normal 0.19509032201612442 -0.9807852804032313 0
    outer loop
      vertex 0.09075128063024507 -3.373327885906938 0
      vertex 0.16772699235972643 -3.3580164648560933 0
      vertex 0.16772699235972643 -3.3580164648560933 1.6
    endloop
  endfacet
  facet normal 0.3214394653031601 -0.9469301294951062 0
    outer loop
      vertex 0.16772699235972643 -3.3580164648560933 0
      vertex 0.24204562471726798 -3.3327886885894245 0
      vertex 0.24204562471726798 -3.3327886885894245 1.6
    endloop
  endfacet
  facet normal 0.44228869021900574 -0.896872741532686 0
    outer loop
      vertex 0.24204562471726798 -3.3327886885894245 0
      vertex 0.3124355652982138 -3.2980762113533153 0
      vertex 0.3124355652982138 -3.2980762113533153 1.6
    endloop
  endfacet
  facet normal 0.5555702330195964 -0.8314696123025492 0
    outer loop
      vertex 0.3124355652982138 -3.2980762113533153 0
      vertex 0.3776924227034466 -3.2544729732573936 0
      vertex 0.3776924227034466 -3.2544729732573936 1.6
    endloop
  endfacet
  facet normal 0.6593458151000712 -0.7518398074789753 0
    outer loop
      vertex 0.3776924227034466 -3.2544729732573936 0
      vertex 0.43669963401014256 -3.202725037794581 0
      vertex 0.43669963401014256 -3.202725037794581 1.6
    endloop
  endfacet
  facet normal 0.751839807478979 -0.6593458151000667 0
    outer loop
      vertex 0.43669963401014256 -3.202725037794581 0
      vertex 0.4884475694729551 -3.1437178264878844 0
      vertex 0.43669963401014256 -3.202725037794581 1.6
    endloop
  endfacet
  facet normal 0.831469612302543 -0.5555702330196055 0
    outer loop
      vertex 0.4884475694729551 -3.1437178264878844 0
      vertex 0.5320508075688772 -3.0784609690826525 0
      vertex 0.4884475694729551 -3.1437178264878844 1.6
    endloop
  endfacet
  facet normal 0.8968727415326891 -0.44228869021899964 0
    outer loop
      vertex 0.5320508075688772 -3.0784609690826525 0
      vertex 0.5486331523835837 -3.0448353001838115 0
      vertex 0.5486331523835837 -3.0448353001838115 1.6
    endloop
  endfacet
  facet normal -0.19509032201612495 -0.980785280403231 0
    outer loop
      vertex -0.06588015003381709 -3.3733278859069387 0
      vertex -0.06588015003381709 -3.3733278859069387 1.6
      vertex -0.10247726407470549 -3.3660482673138024 1.3885524393157593
    endloop
  endfacet
  facet normal -0.06540312923014215 -0.9978589232386035 0
    outer loop
      vertex -0.06588015003381709 -3.3733278859069387 0
      vertex 0.012435565298214213 -3.3784609690826524 1.6
      vertex -0.06588015003381709 -3.3733278859069387 1.6
    endloop
  endfacet
  facet normal 0.06540312923014817 -0.9978589232386033 0
    outer loop
      vertex 0.012435565298214213 -3.3784609690826524 0
      vertex 0.09075128063024507 -3.373327885906938 1.6
      vertex 0.012435565298214213 -3.3784609690826524 1.6
    endloop
  endfacet
  facet normal 0.19509032201612442 -0.9807852804032313 0
    outer loop
      vertex 0.09075128063024507 -3.373327885906938 0
      vertex 0.16772699235972643 -3.3580164648560933 1.6
      vertex 0.09075128063024507 -3.373327885906938 1.6
    endloop
  endfacet
  facet normal 0.3214394653031601 -0.9469301294951062 0
    outer loop
      vertex 0.16772699235972643 -3.3580164648560933 0
      vertex 0.24204562471726798 -3.3327886885894245 1.6
      vertex 0.16772699235972643 -3.3580164648560933 1.6
    endloop
  endfacet
  facet normal 0.44228869021900574 -0.896872741532686 0
    outer loop
      vertex 0.24204562471726798 -3.3327886885894245 0
      vertex 0.3124355652982138 -3.2980762113533153 1.6
      vertex 0.24204562471726798 -3.3327886885894245 1.6
    endloop
  endfacet
  facet normal 0.5555702330195964 -0.8314696123025492 0
    outer loop
      vertex 0.3124355652982138 -3.2980762113533153 0
      vertex 0.3776924227034466 -3.2544729732573936 1.6
      vertex 0.3124355652982138 -3.2980762113533153 1.6
    endloop
  endfacet
  facet normal 0.6593458151000712 -0.7518398074789753 0
    outer loop
      vertex 0.3776924227034466 -3.2544729732573936 0
      vertex 0.43669963401014256 -3.202725037794581 1.6
      vertex 0.3776924227034466 -3.2544729732573936 1.6
    endloop
  endfacet
  facet normal 0.751839807478979 -0.6593458151000667 0
    outer loop
      vertex 0.4884475694729551 -3.1437178264878844 0
      vertex 0.4884475694729551 -3.1437178264878844 1.6
      vertex 0.43669963401014256 -3.202725037794581 1.6
    endloop
  endfacet
  facet normal 0.831469612302543 -0.5555702330196055 0
    outer loop
      vertex 0.5320508075688772 -3.0784609690826525 0
      vertex 0.5320508075688772 -3.0784609690826525 1.6
      vertex 0.4884475694729551 -3.1437178264878844 1.6
    endloop
  endfacet
  facet normal 0.8968727415326891 -0.44228869021899964 0
    outer loop
      vertex 0.5320508075688772 -3.0784609690826525 0
      vertex 0.5486331523835837 -3.0448353001838115 1.6
      vertex 0.5320508075688772 -3.0784609690826525 1.6
    endloop
  endfacet
  facet normal -0.6593458151000684 -0.7518398074789777 0
    outer loop
      vertex -0.3528212921070182 -3.2544729732573936 1.4
      vertex -0.3528212921070182 -3.2544729732573936 1.6
      vertex -0.4118285034137146 -3.202725037794581 1.4
    endloop
  endfacet
  facet normal -0.5555702330196082 -0.8314696123025411 0
    outer loop
      vertex -0.3528212921070182 -3.2544729732573936 1.4
      vertex -0.28756443470178605 -3.298076211353316 1.4
      vertex -0.28756443470178605 -3.298076211353316 1.6
    endloop
  endfacet
  facet normal -0.44228869021899436 -0.8968727415326917 0
    outer loop
      vertex -0.21717449412083978 -3.3327886885894245 1.4
      vertex -0.21717449412083978 -3.3327886885894245 1.6
      vertex -0.28756443470178605 -3.298076211353316 1.4
    endloop
  endfacet
  facet normal -0.8314696123025471 -0.5555702330195993 0
    outer loop
      vertex -0.4635764388765271 -3.143717826487885 1.4
      vertex -0.4635764388765271 -3.143717826487885 1.6
      vertex -0.5071796769724491 -3.078460969082652 1.4
    endloop
  endfacet
  facet normal -0.7518398074789767 -0.6593458151000696 0
    outer loop
      vertex -0.4635764388765271 -3.143717826487885 1.4
      vertex -0.4118285034137146 -3.202725037794581 1.4
      vertex -0.4118285034137146 -3.202725037794581 1.6
    endloop
  endfacet
  facet normal -0.8968727415326881 -0.44228869021900163 0
    outer loop
      vertex -0.5210570020824254 -3.050320537523432 1.4
      vertex -0.5071796769724491 -3.078460969082652 1.4
      vertex -0.5071796769724491 -3.078460969082652 1.6
    endloop
  endfacet
  facet normal -0.3214394653031609 -0.9469301294951058 2.8771584093468074e-17
    outer loop
      vertex -0.21717449412083978 -3.3327886885894245 1.4
      vertex -0.14580798887348684 -3.357014352735834 1.4
      vertex -0.14285586176329845 -3.3580164648560933 1.6
    endloop
  endfacet
  facet normal -0.1950903220161276 -0.9807852804032307 -8.815590988679209e-16
    outer loop
      vertex -0.11331552437968423 -3.363892403298262 1.394957461776617
      vertex -0.06588015003381709 -3.3733278859069387 1.6
      vertex -0.14285586176329845 -3.3580164648560933 1.399498557669575
    endloop
  endfacet
  facet normal -0.3214394653031589 -0.9469301294951065 0
    outer loop
      vertex -0.14285586176329845 -3.3580164648560933 1.399498557669575
      vertex -0.14285586176329845 -3.3580164648560933 1.6
      vertex -0.14580798887348684 -3.357014352735834 1.4
    endloop
  endfacet
  facet normal -0.19509032201615017 -0.980785280403226 4.535717106597655e-15
    outer loop
      vertex -0.10247726407470549 -3.3660482673138024 1.3885524393157593
      vertex -0.06588015003381709 -3.3733278859069387 1.6
      vertex -0.11331552437968423 -3.363892403298262 1.394957461776617
    endloop
  endfacet
  facet normal -0.6593458151000684 -0.7518398074789777 0
    outer loop
      vertex -0.4118285034137146 -3.202725037794581 1.4
      vertex -0.3528212921070182 -3.2544729732573936 1.6
      vertex -0.4118285034137146 -3.202725037794581 1.6
    endloop
  endfacet
  facet normal -0.5555702330196082 -0.8314696123025411 0
    outer loop
      vertex -0.3528212921070182 -3.2544729732573936 1.4
      vertex -0.28756443470178605 -3.298076211353316 1.6
      vertex -0.3528212921070182 -3.2544729732573936 1.6
    endloop
  endfacet
  facet normal -0.44228869021899436 -0.8968727415326917 0
    outer loop
      vertex -0.28756443470178605 -3.298076211353316 1.4
      vertex -0.21717449412083978 -3.3327886885894245 1.6
      vertex -0.28756443470178605 -3.298076211353316 1.6
    endloop
  endfacet
  facet normal -0.8314696123025471 -0.5555702330195993 0
    outer loop
      vertex -0.5071796769724491 -3.078460969082652 1.4
      vertex -0.4635764388765271 -3.143717826487885 1.6
      vertex -0.5071796769724491 -3.078460969082652 1.6
    endloop
  endfacet
  facet normal -0.7518398074789767 -0.6593458151000696 0
    outer loop
      vertex -0.4635764388765271 -3.143717826487885 1.4
      vertex -0.4118285034137146 -3.202725037794581 1.6
      vertex -0.4635764388765271 -3.143717826487885 1.6
    endloop
  endfacet
  facet normal -0.8968727415326881 -0.44228869021900163 0
    outer loop
      vertex -0.5210570020824254 -3.050320537523432 1.4
      vertex -0.5071796769724491 -3.078460969082652 1.6
      vertex -0.5210570020824254 -3.050320537523432 1.6
    endloop
  endfacet
  facet normal 0 0 1
    outer loop
      vertex -0.21717449412083978 -3.3327886885894245 1.6
      vertex -0.4046311958821599 -3.0734790702588124 1.6
      vertex -0.28756443470178605 -3.298076211353316 1.6
    endloop
  endfacet
  facet normal 0 0 1
    outer loop
      vertex -0.21717449412083978 -3.3327886885894245 1.6
      vertex -0.14285586176329845 -3.3580164648560933 1.6
      vertex -0.4046311958821599 -3.0734790702588124 1.6
    endloop
  endfacet
  facet normal 0 0 1
    outer loop
      vertex -0.4046311958821599 -3.0734790702588124 1.6
      vertex -0.14285586176329845 -3.3580164648560933 1.6
      vertex -0.06588015003381709 -3.3733278859069387 1.6
    endloop
  endfacet
  facet normal 0 0 1
    outer loop
      vertex -0.5210570020824254 -3.050320537523432 1.6
      vertex -0.4635764388765271 -3.143717826487885 1.6
      vertex -0.4118285034137146 -3.202725037794581 1.6
    endloop
  endfacet
  facet normal 0 0 1
    outer loop
      vertex -0.5210570020824254 -3.050320537523432 1.6
      vertex -0.4118285034137146 -3.202725037794581 1.6
      vertex -0.4046311958821599 -3.0734790702588124 1.6
    endloop
  endfacet
  facet normal 0 0 1
    outer loop
      vertex -0.5210570020824254 -3.050320537523432 1.6
      vertex -0.5071796769724491 -3.078460969082652 1.6
      vertex -0.4635764388765271 -3.143717826487885 1.6
    endloop
  endfacet
  facet normal 0 0 1
    outer loop
      vertex -0.3528212921070182 -3.2544729732573936 1.6
      vertex -0.4046311958821599 -3.0734790702588124 1.6
      vertex -0.4118285034137146 -3.202725037794581 1.6
    endloop
  endfacet
  facet normal 0 0 1
    outer loop
      vertex -0.3528212921070182 -3.2544729732573936 1.6
      vertex -0.28756443470178605 -3.298076211353316 1.6
      vertex -0.4046311958821599 -3.0734790702588124 1.6
    endloop
  endfacet
  facet normal -0.3214394653031609 -0.9469301294951058 0
    outer loop
      vertex -0.21717449412083978 -3.3327886885894245 1.4
      vertex -0.14285586176329845 -3.3580164648560933 1.6
      vertex -0.21717449412083978 -3.3327886885894245 1.6
    endloop
  endfacet
  facet normal -0.19509032201612986 -0.9807852804032302 0
    outer loop
      vertex -0.14285586176329845 -3.3580164648560933 1.399498557669575
      vertex -0.06588015003381709 -3.3733278859069387 1.6
      vertex -0.14285586176329845 -3.3580164648560933 1.6
    endloop
  endfacet
  facet normal 0 0 1
    outer loop
      vertex -0.4046311958821599 -3.0734790702588124 1.6
      vertex -0.06588015003381709 -3.3733278859069387 1.6
      vertex 0.012435565298214213 -3.3784609690826524 1.6
    endloop
  endfacet
  facet normal 0 0 1
    outer loop
      vertex 0.012435565298214213 -3.3784609690826524 1.6
      vertex 0.09075128063024507 -3.373327885906938 1.6
      vertex 0 -3.1 1.6
    endloop
  endfacet
  facet normal 0 0 1
    outer loop
      vertex 0.09075128063024507 -3.373327885906938 1.6
      vertex 0.16772699235972643 -3.3580164648560933 1.6
      vertex 0 -3.1 1.6
    endloop
  endfacet
  facet normal 0 0 1
    outer loop
      vertex 0.16772699235972643 -3.3580164648560933 1.6
      vertex 0.24204562471726798 -3.3327886885894245 1.6
      vertex 0 -3.1 1.6
    endloop
  endfacet
  facet normal 0 0 1
    outer loop
      vertex 0 -3.1 1.6
      vertex 0.24204562471726798 -3.3327886885894245 1.6
      vertex 0.3124355652982138 -3.2980762113533153 1.6
    endloop
  endfacet
  facet normal 0 0 1
    outer loop
      vertex -0.4046311958821599 -3.0734790702588124 1.6
      vertex 0.012435565298214213 -3.3784609690826524 1.6
      vertex 0 -3.1 1.6
    endloop
  endfacet
  facet normal 0 0 1
    outer loop
      vertex 0 -3.1 1.6
      vertex 0.3124355652982138 -3.2980762113533153 1.6
      vertex 0.3776924227034466 -3.2544729732573936 1.6
    endloop
  endfacet
  facet normal 0 0 1
    outer loop
      vertex 0 -3.1 1.6
      vertex 0.3776924227034466 -3.2544729732573936 1.6
      vertex 0.43669963401014256 -3.202725037794581 1.6
    endloop
  endfacet
  facet normal 0 0 1
    outer loop
      vertex 0 -3.1 1.6
      vertex 0.43669963401014256 -3.202725037794581 1.6
      vertex 0.4046311958821599 -3.0734790702588124 1.6
    endloop
  endfacet
  facet normal 0 0 1
    outer loop
      vertex 0.4046311958821599 -3.0734790702588124 1.6
      vertex 0.43669963401014256 -3.202725037794581 1.6
      vertex 0.4884475694729551 -3.1437178264878844 1.6
    endloop
  endfacet
  facet normal 0 0 1
    outer loop
      vertex 0.4046311958821599 -3.0734790702588124 1.6
      vertex 0.4884475694729551 -3.1437178264878844 1.6
      vertex 0.5320508075688772 -3.0784609690826525 1.6
    endloop
  endfacet
  facet normal 0 0 1
    outer loop
      vertex 0.4046311958821599 -3.0734790702588124 1.6
      vertex 0.5320508075688772 -3.0784609690826525 1.6
      vertex 0.5486331523835837 -3.0448353001838115 1.6
    endloop
  endfacet
  facet normal 0 0 -1
    outer loop
      vertex -2.710844930946803 -1.4969402374353928 0
      vertex -2.864026550784989 -1.1863186403317783 0
      vertex -2.68467875173176 -1.4514083110323965 0
    endloop
  endfacet
  facet normal 0 0 -1
    outer loop
      vertex -2.9943700614961117 -0.8023390398178143 0
      vertex -3.0734790702588124 -0.4046311958821599 0
      vertex -2.9943700614961117 0.8023390398178143 0
    endloop
  endfacet
  facet normal 0 0 -1
    outer loop
      vertex -3.0734790702588124 -0.4046311958821599 0
      vertex -3.1 0 0
      vertex -3.0734790702588124 0.4046311958821599 0
    endloop
  endfacet
  facet normal 0 0 -1
    outer loop
      vertex -2.864026550784989 -1.1863186403317783 0
      vertex -2.9943700614961117 -0.8023390398178143 0
      vertex -2.864026550784989 0.9853572768779696 0
    endloop
  endfacet
  facet normal 0 0 -1
    outer loop
      vertex -2.864026550784989 -1.1863186403317783 0
      vertex -2.68467875173176 1.5248246267882026 0
      vertex -2.68467875173176 -1.4514083110323965 0
    endloop
  endfacet
  facet normal -0.9469301294951058 -0.32143946530316125 0
    outer loop
      vertex -2.864026550784989 -1.1863186403317783 0
      vertex -2.9943700614961117 -0.8023390398178143 2.2
      vertex -2.9943700614961117 -0.8023390398178143 0
    endloop
  endfacet
  facet normal -0.8968727415326884 -0.44228869021900136 0
    outer loop
      vertex -2.710844930946803 -1.4969402374353928 0
      vertex -2.864026550784989 -1.1863186403317783 2.2
      vertex -2.864026550784989 -1.1863186403317783 0
    endloop
  endfacet
  facet normal -0.9807852804032303 -0.19509032201612844 0
    outer loop
      vertex -2.9943700614961117 -0.8023390398178143 0
      vertex -3.0734790702588124 -0.4046311958821599 2.2
      vertex -3.0734790702588124 -0.4046311958821599 0
    endloop
  endfacet
  facet normal -0.9978589232386036 -0.06540312923014299 0
    outer loop
      vertex -3.0734790702588124 -0.4046311958821599 0
      vertex -3.1 0 2.2
      vertex -3.1 0 0
    endloop
  endfacet
  facet normal 0 0 -1
    outer loop
      vertex -1.747607832120238 -2.5526414196234737 0
      vertex -1.8380691344925633 -1.7104069230151928 0
      vertex -1.163012789670814 -2.5084479826116612 0
    endloop
  endfacet
  facet normal 0 0 -1
    outer loop
      vertex -1.163012789670814 -2.5084479826116612 0
      vertex -1.8380691344925633 -1.7104069230151928 0
      vertex -1.3392751438191854 -1.7453773486407176 0
    endloop
  endfacet
  facet normal 0 0 -1
    outer loop
      vertex -1.163012789670814 -2.5084479826116612 0
      vertex -1.3392751438191854 -1.7453773486407176 0
      vertex -1.1 -1.905255888325765 0
    endloop
  endfacet
  facet normal 0 0 -1
    outer loop
      vertex -2.337830423617543 -2.0257786670350577 0
      vertex -2.426296867299521 -1.3821750937599464 0
      vertex -1.8380691344925633 -1.7104069230151928 0
    endloop
  endfacet
  facet normal 0 0 -1
    outer loop
      vertex -2.426296867299521 -1.3821750937599464 0
      vertex -1.7453773486407176 -1.3392751438191854 0
      vertex -1.8380691344925633 -1.7104069230151928 0
    endloop
  endfacet
  facet normal 0 0 -1
    outer loop
      vertex -2.426296867299521 -1.3821750937599464 0
      vertex -2.032534971524831 -0.8419035512031976 0
      vertex -1.905255888325765 -1.1 0
    endloop
  endfacet
  facet normal 0 0 -1
    outer loop
      vertex -2.426296867299521 -1.3821750937599464 0
      vertex -2.1250368178359507 -0.5694018992255456 0
      vertex -2.032534971524831 -0.8419035512031976 0
    endloop
  endfacet
  facet normal 0 0 -1
    outer loop
      vertex -2.426296867299521 -1.3821750937599464 0
      vertex -1.905255888325765 -1.1 0
      vertex -1.7453773486407176 -1.3392751438191854 0
    endloop
  endfacet
  facet normal 0 0 -1
    outer loop
      vertex -2.68467875173176 -1.4514083110323965 0
      vertex -2.68467875173176 1.5248246267882026 0
      vertex -2.426296867299521 -1.3821750937599464 0
    endloop
  endfacet
  facet normal 0 0 -1
    outer loop
      vertex -2.426296867299521 -1.3821750937599464 0
      vertex -2.181178695022383 -0.2871576228841135 0
      vertex -2.1250368178359507 -0.5694018992255456 0
    endloop
  endfacet
  facet normal 0 0 -1
    outer loop
      vertex -2.426296867299521 -1.3821750937599464 0
      vertex -2.2 0 0
      vertex -2.181178695022383 -0.2871576228841135 0
    endloop
  endfacet
  facet normal 0 0 -1
    outer loop
      vertex -1.8380691344925633 -1.7104069230151928 0
      vertex -1.7453773486407176 -1.3392751438191854 0
      vertex -1.5556349186104048 -1.5556349186104048 0
    endloop
  endfacet
  facet normal 0 0 -1
    outer loop
      vertex -1.8380691344925633 -1.7104069230151928 0
      vertex -1.5556349186104048 -1.5556349186104048 0
      vertex -1.3392751438191854 -1.7453773486407176 0
    endloop
  endfacet
  facet normal 0 0 -1
    outer loop
      vertex -0.3997309162290574 -2.998715250304471 0
      vertex 0 -2.7320508075688776 0
      vertex -0.3169043061098501 -3.0792289943965003 0
    endloop
  endfacet
  facet normal 0 0 -1
    outer loop
      vertex -1.163012789670814 -2.5084479826116612 0
      vertex -0.8419035512031976 -2.032534971524831 0
      vertex -0.9741419219474644 -2.9360508414721993 0
    endloop
  endfacet
  facet normal 0 0 -1
    outer loop
      vertex -0.9741419219474644 -2.9360508414721993 0
      vertex -0.8419035512031976 -2.032534971524831 0
      vertex -0.5694018992255456 -2.1250368178359507 0
    endloop
  endfacet
  facet normal 0 0 -1
    outer loop
      vertex -1.163012789670814 -2.5084479826116612 0
      vertex -1.1 -1.905255888325765 0
      vertex -0.8419035512031976 -2.032534971524831 0
    endloop
  endfacet
  facet normal 0 0 -1
    outer loop
      vertex -0.9741419219474644 -2.9360508414721993 0
      vertex -0.2871576228841135 -2.181178695022383 0
      vertex -0.3997309162290574 -2.998715250304471 0
    endloop
  endfacet
  facet normal 0 0 -1
    outer loop
      vertex -0.9741419219474644 -2.9360508414721993 0
      vertex -0.5694018992255456 -2.1250368178359507 0
      vertex -0.2871576228841135 -2.181178695022383 0
    endloop
  endfacet
  facet normal 0 0 -1
    outer loop
      vertex -0.3997309162290574 -2.998715250304471 0
      vertex -0.2871576228841135 -2.181178695022383 0
      vertex 0 -2.2 0
    endloop
  endfacet
  facet normal 0 0 -1
    outer loop
      vertex -0.3169043061098501 -3.0792289943965003 0
      vertex 0 -2.7320508075688776 0
      vertex -0.25891137584784757 -3.0830300518646743 0
    endloop
  endfacet
  facet normal 0 0 -1
    outer loop
      vertex -0.25891137584784757 -3.0830300518646743 0
      vertex 0 -2.7320508075688776 0
      vertex -0.015239037218942365 -3.0990011807307 0
    endloop
  endfacet
  facet normal 0 0 -1
    outer loop
      vertex 0.030819259329758195 -3.097979999022127 0
      vertex 0.019376860623709746 -2.804366235907743 0
      vertex 0.38949034558645523 -3.07447145401716 0
    endloop
  endfacet
  facet normal 0 0 -1
    outer loop
      vertex 0.019376860623709746 -2.804366235907743 0
      vertex 0.4046311958821599 -2.8434667184513023 0
      vertex 0.38949034558645523 -3.07447145401716 0
    endloop
  endfacet
  facet normal 0 0 -1
    outer loop
      vertex 0.43669963401014256 -3.0671002613126075 0
      vertex 0.43669963401014256 -2.5842092521782356 0
      vertex 0.5486331523835837 -3.0448353001838115 0
    endloop
  endfacet
  facet normal 0 0 -1
    outer loop
      vertex 0.5486331523835837 -3.0448353001838115 0
      vertex 0.43669963401014256 -2.5842092521782356 0
      vertex 0.8023390398178143 -2.9943700614961117 0
    endloop
  endfacet
  facet normal 0 0 -1
    outer loop
      vertex -0.3997309162290574 -2.998715250304471 0
      vertex 0 -2.2 0
      vertex 0 -2.7320508075688776 0
    endloop
  endfacet
  facet normal 0 0 -1
    outer loop
      vertex 0.019376860623709746 -2.804366235907743 0
      vertex 0 -2.7320508075688776 0
      vertex 0.2871576228841135 -2.181178695022383 0
    endloop
  endfacet
  facet normal 0 0 -1
    outer loop
      vertex 0 -2.7320508075688776 0
      vertex 0 -2.2 0
      vertex 0.2871576228841135 -2.181178695022383 0
    endloop
  endfacet
  facet normal 0 0 -1
    outer loop
      vertex 0.019376860623709746 -2.804366235907743 0
      vertex 0.2871576228841135 -2.181178695022383 0
      vertex 0.4046311958821599 -2.8434667184513023 0
    endloop
  endfacet
  facet normal 0 0 -1
    outer loop
      vertex 0.4046311958821599 -2.8434667184513023 0
      vertex 0.2871576228841135 -2.181178695022383 0
      vertex 0.43669963401014256 -2.5842092521782356 0
    endloop
  endfacet
  facet normal 0 0 -1
    outer loop
      vertex 0.43669963401014256 -2.5842092521782356 0
      vertex 0.5694018992255456 -2.1250368178359507 0
      vertex 0.8023390398178143 -2.9943700614961117 0
    endloop
  endfacet
  facet normal 0 0 -1
    outer loop
      vertex 0.43669963401014256 -2.5842092521782356 0
      vertex 0.2871576228841135 -2.181178695022383 0
      vertex 0.5694018992255456 -2.1250368178359507 0
    endloop
  endfacet
  facet normal 0 0 -1
    outer loop
      vertex 0.8023390398178143 -2.9943700614961117 0
      vertex 0.5694018992255456 -2.1250368178359507 0
      vertex 0.8419035512031976 -2.032534971524831 0
    endloop
  endfacet
  facet normal 0 0 -1
    outer loop
      vertex 0.8023390398178143 -2.9943700614961117 0
      vertex 1.1 -1.905255888325765 0
      vertex 1.1863186403317783 -2.864026550784989 0
    endloop
  endfacet
  facet normal 0 0 -1
    outer loop
      vertex 0.8023390398178143 -2.9943700614961117 0
      vertex 0.8419035512031976 -2.032534971524831 0
      vertex 1.1 -1.905255888325765 0
    endloop
  endfacet
  facet normal 0 0 -1
    outer loop
      vertex 1.1863186403317783 -2.864026550784989 0
      vertex 1.3392751438191854 -1.7453773486407176 0
      vertex 1.55 -2.68467875173176 0
    endloop
  endfacet
  facet normal 0 0 -1
    outer loop
      vertex 1.1863186403317783 -2.864026550784989 0
      vertex 1.1 -1.905255888325765 0
      vertex 1.3392751438191854 -1.7453773486407176 0
    endloop
  endfacet
  facet normal 0 0 -1
    outer loop
      vertex 1.55 -2.68467875173176 0
      vertex 1.3392751438191854 -1.7453773486407176 0
      vertex 1.5556349186104048 -1.5556349186104048 0
    endloop
  endfacet
  facet normal 0 0 -1
    outer loop
      vertex 1.55 -2.68467875173176 0
      vertex 1.5556349186104048 -1.5556349186104048 0
      vertex 1.7453773486407176 -1.3392751438191854 0
    endloop
  endfacet
  facet normal 0 0 -1
    outer loop
      vertex 1.55 -2.68467875173176 0
      vertex 1.7453773486407176 -1.3392751438191854 0
      vertex 1.8871604299270341 -2.459395354902829 0
    endloop
  endfacet
  facet normal 0 0 -1
    outer loop
      vertex 1.8871604299270341 -2.459395354902829 0
      vertex 2.032534971524831 -0.8419035512031976 0
      vertex 2.1920310216782974 -2.1920310216782974 0
    endloop
  endfacet
  facet normal 0 0 -1
    outer loop
      vertex 1.8871604299270341 -2.459395354902829 0
      vertex 1.7453773486407176 -1.3392751438191854 0
      vertex 1.905255888325765 -1.1 0
    endloop
  endfacet
  facet normal 0 0 -1
    outer loop
      vertex 1.8871604299270341 -2.459395354902829 0
      vertex 1.905255888325765 -1.1 0
      vertex 2.032534971524831 -0.8419035512031976 0
    endloop
  endfacet
  facet normal 0 0 -1
    outer loop
      vertex 2.1920310216782974 -2.1920310216782974 0
      vertex 2.032534971524831 -0.8419035512031976 0
      vertex 2.1250368178359507 -0.5694018992255456 0
    endloop
  endfacet
  facet normal 0 0 -1
    outer loop
      vertex 2.1920310216782974 -2.1920310216782974 0
      vertex 2.1250368178359507 -0.5694018992255456 0
      vertex 2.181178695022383 -0.2871576228841135 0
    endloop
  endfacet
  facet normal 0 0 -1
    outer loop
      vertex 2.1920310216782974 -2.1920310216782974 0
      vertex 2.181178695022383 -0.2871576228841135 0
      vertex 2.2 0 0
    endloop
  endfacet
  facet normal 0 0 -1
    outer loop
      vertex 2.1920310216782974 -2.1920310216782974 0
      vertex 2.2 0 0
      vertex 2.362588144107006 1.9975478974144285 0
    endloop
  endfacet
  facet normal 0 0 -1
    outer loop
      vertex 2.1920310216782974 -2.1920310216782974 0
      vertex 2.4261759175531004 1.9250399383876886 0
      vertex 2.459395354902829 -1.8871604299270341 0
    endloop
  endfacet
  facet normal 0 0 -1
    outer loop
      vertex 2.459395354902829 -1.8871604299270341 0
      vertex 2.6765640040244714 1.4261928747926627 0
      vertex 2.6518107390395613 -1.5991904572025069 0
    endloop
  endfacet
  facet normal 0 0 -1
    outer loop
      vertex 2.6518107390395613 -1.5991904572025069 0
      vertex 2.6765640040244714 1.4261928747926627 0
      vertex 2.68467875173176 -0.8862112183588945 0
    endloop
  endfacet
  facet normal 0 0 -1
    outer loop
      vertex 2.68467875173176 -0.8862112183588945 0
      vertex 2.8538707989266485 1.031371809295875 0
      vertex 2.9232909999057095 -1.0117312030753993 0
    endloop
  endfacet
  facet normal 0 0 -1
    outer loop
      vertex 2.9232909999057095 -1.0117312030753993 0
      vertex 2.988801880628992 0.7173850165185602 0
      vertex 2.9943700614961117 -0.30939773710246854 0
    endloop
  endfacet
  facet normal 0 0 -1
    outer loop
      vertex 3.0242115149047546 -0.3470464427091834 0
      vertex 2.9943700614961117 -0.30939773710246854 0
      vertex 3.064114773003251 0.451708697291049 0
    endloop
  endfacet
  facet normal 0.19509032201612816 -0.9807852804032305 0
    outer loop
      vertex 0.5486331523835837 -3.0448353001838115 0
      vertex 0.8023390398178143 -2.9943700614961117 0
      vertex 0.5486331523835837 -3.0448353001838115 1.6
    endloop
  endfacet
  facet normal 0.32143946530316125 -0.9469301294951058 0
    outer loop
      vertex 0.8023390398178143 -2.9943700614961117 0
      vertex 1.1863186403317783 -2.864026550784989 0
      vertex 1.1863186403317783 -2.864026550784989 2.2
    endloop
  endfacet
  facet normal 0.4422886902190015 -0.8968727415326883 0
    outer loop
      vertex 1.1863186403317783 -2.864026550784989 0
      vertex 1.55 -2.68467875173176 0
      vertex 1.55 -2.68467875173176 2.2
    endloop
  endfacet
  facet normal 0.555570233019602 -0.8314696123025453 0
    outer loop
      vertex 1.55 -2.68467875173176 0
      vertex 1.8871604299270341 -2.459395354902829 0
      vertex 1.8871604299270341 -2.459395354902829 2.2
    endloop
  endfacet
  facet normal 0.659345815100069 -0.7518398074789774 0
    outer loop
      vertex 1.8871604299270341 -2.459395354902829 0
      vertex 2.1920310216782974 -2.1920310216782974 0
      vertex 2.1920310216782974 -2.1920310216782974 2.2
    endloop
  endfacet
  facet normal 0.7518398074789774 -0.659345815100069 0
    outer loop
      vertex 2.1920310216782974 -2.1920310216782974 0
      vertex 2.459395354902829 -1.8871604299270341 0
      vertex 2.1920310216782974 -2.1920310216782974 2.2
    endloop
  endfacet
  facet normal 0.8314696123025453 -0.555570233019602 0
    outer loop
      vertex 2.459395354902829 -1.8871604299270341 0
      vertex 2.6518107390395613 -1.5991904572025069 0
      vertex 2.459395354902829 -1.8871604299270341 2.2
    endloop
  endfacet
  facet normal -0.8968727415326883 -0.4422886902190013 0
    outer loop
      vertex -2.710844930946803 -1.4969402374353928 0
      vertex -2.710844930946803 -1.4969402374353928 1.3983809144050137
      vertex -2.864026550784989 -1.1863186403317783 2.2
    endloop
  endfacet
  facet normal -0.9469301294951058 -0.32143946530316125 0
    outer loop
      vertex -2.864026550784989 -1.1863186403317783 0
      vertex -2.864026550784989 -1.1863186403317783 2.2
      vertex -2.9943700614961117 -0.8023390398178143 2.2
    endloop
  endfacet
  facet normal -0.9807852804032303 -0.19509032201612844 0
    outer loop
      vertex -2.9943700614961117 -0.8023390398178143 0
      vertex -2.9943700614961117 -0.8023390398178143 2.2
      vertex -3.0734790702588124 -0.4046311958821599 2.2
    endloop
  endfacet
  facet normal -0.9978589232386036 -0.06540312923014299 0
    outer loop
      vertex -3.0734790702588124 -0.4046311958821599 0
      vertex -3.0734790702588124 -0.4046311958821599 2.2
      vertex -3.1 0 2.2
    endloop
  endfacet
  facet normal -0.8968727415326881 -0.44228869021900147 9.606042306189177e-17
    outer loop
      vertex -2.710844930946803 -1.4969402374353928 1.3983809144050137
      vertex -2.68467875173176 -1.55 2.2
      vertex -2.864026550784989 -1.1863186403317783 2.2
    endloop
  endfacet
  facet normal 0 0 1
    outer loop
      vertex -2.864026550784989 -1.1863186403317783 2.2
      vertex -2.9943700614961117 0.8023390398178143 2.2
      vertex -2.9943700614961117 -0.8023390398178143 2.2
    endloop
  endfacet
  facet normal 0 0 1
    outer loop
      vertex -2.864026550784989 -1.1863186403317783 2.2
      vertex -2.68467875173176 -1.55 2.2
      vertex -2.864026550784989 1.1863186403317783 2.2
    endloop
  endfacet
  facet normal 0 0 1
    outer loop
      vertex -2.9943700614961117 -0.8023390398178143 2.2
      vertex -3.0734790702588124 0.4046311958821599 2.2
      vertex -3.0734790702588124 -0.4046311958821599 2.2
    endloop
  endfacet
  facet normal 0 0 1
    outer loop
      vertex -3.0734790702588124 -0.4046311958821599 2.2
      vertex -3.0734790702588124 0.4046311958821599 2.2
      vertex -3.1 0 2.2
    endloop
  endfacet
  facet normal 0.19509032201612816 -0.9807852804032304 0
    outer loop
      vertex 0.8023390398178143 -2.9943700614961117 0
      vertex 0.8023390398178143 -2.9943700614961117 2.2
      vertex 0.5486331523835837 -3.0448353001838115 1.6
    endloop
  endfacet
  facet normal 0.8314696123025453 -0.5555702330196021 0
    outer loop
      vertex 2.6518107390395613 -1.5991904572025069 0
      vertex 2.6518107390395613 -1.5991904572025069 1.3983809144050137
      vertex 2.459395354902829 -1.8871604299270341 2.2
    endloop
  endfacet
  facet normal 0.32143946530316125 -0.9469301294951058 0
    outer loop
      vertex 0.8023390398178143 -2.9943700614961117 0
      vertex 1.1863186403317783 -2.864026550784989 2.2
      vertex 0.8023390398178143 -2.9943700614961117 2.2
    endloop
  endfacet
  facet normal 0.4422886902190015 -0.8968727415326883 0
    outer loop
      vertex 1.1863186403317783 -2.864026550784989 0
      vertex 1.55 -2.68467875173176 2.2
      vertex 1.1863186403317783 -2.864026550784989 2.2
    endloop
  endfacet
  facet normal 0.555570233019602 -0.8314696123025453 0
    outer loop
      vertex 1.55 -2.68467875173176 0
      vertex 1.8871604299270341 -2.459395354902829 2.2
      vertex 1.55 -2.68467875173176 2.2
    endloop
  endfacet
  facet normal 0.659345815100069 -0.7518398074789774 0
    outer loop
      vertex 1.8871604299270341 -2.459395354902829 0
      vertex 2.1920310216782974 -2.1920310216782974 2.2
      vertex 1.8871604299270341 -2.459395354902829 2.2
    endloop
  endfacet
  facet normal 0.7518398074789774 -0.659345815100069 0
    outer loop
      vertex 2.459395354902829 -1.8871604299270341 0
      vertex 2.459395354902829 -1.8871604299270341 2.2
      vertex 2.1920310216782974 -2.1920310216782974 2.2
    endloop
  endfacet
  facet normal -0.6593458151000688 -0.7518398074789774 0
    outer loop
      vertex -1.8871604299270341 -2.459395354902829 1.4
      vertex -1.8871604299270341 -2.459395354902829 2.2
      vertex -2.1920310216782974 -2.1920310216782974 1.4
    endloop
  endfacet
  facet normal -0.7518398074789774 -0.6593458151000688 0
    outer loop
      vertex -2.459395354902829 -1.8871604299270341 1.4
      vertex -2.1920310216782974 -2.1920310216782974 1.4
      vertex -2.1920310216782974 -2.1920310216782974 2.2
    endloop
  endfacet
  facet normal -0.44228869021900147 -0.8968727415326881 0
    outer loop
      vertex -1.1863186403317783 -2.864026550784989 1.4
      vertex -1.1863186403317783 -2.864026550784989 2.2
      vertex -1.55 -2.68467875173176 1.4
    endloop
  endfacet
  facet normal -0.555570233019602 -0.8314696123025455 0
    outer loop
      vertex -1.8871604299270341 -2.459395354902829 1.4
      vertex -1.55 -2.68467875173176 1.4
      vertex -1.55 -2.68467875173176 2.2
    endloop
  endfacet
  facet normal -0.8314696123025455 -0.555570233019602 0
    outer loop
      vertex -2.459395354902829 -1.8871604299270341 1.4
      vertex -2.68467875173176 -1.55 2.2
      vertex -2.68467875173176 -1.55 1.4
    endloop
  endfacet
  facet normal -0.8968727415326879 -0.4422886902190019 0
    outer loop
      vertex -2.7094061677660415 -1.499857760552945 1.4
      vertex -2.68467875173176 -1.55 1.4
      vertex -2.68467875173176 -1.55 2.2
    endloop
  endfacet
  facet normal -0.896872741532681 -0.4422886902190158 -1.0844711238474295e-15
    outer loop
      vertex -2.710844930946803 -1.4969402374353928 1.3983809144050137
      vertex -2.7094061677660415 -1.499857760552945 1.4
      vertex -2.68467875173176 -1.55 2.2
    endloop
  endfacet
  facet normal -0.32143946530316125 -0.9469301294951058 0
    outer loop
      vertex -1.1863186403317783 -2.864026550784989 1.4
      vertex -0.8023390398178143 -2.9943700614961117 1.4
      vertex -0.8023390398178143 -2.9943700614961117 2.2
    endloop
  endfacet
  facet normal -0.19509032201612792 -0.9807852804032305 0
    outer loop
      vertex -0.8023390398178143 -2.9943700614961117 1.4
      vertex -0.5210570020824254 -3.050320537523432 1.4
      vertex -0.8023390398178143 -2.9943700614961117 2.2
    endloop
  endfacet
  facet normal -0.19509032201612794 -0.9807852804032305 0
    outer loop
      vertex -0.5210570020824254 -3.050320537523432 1.4
      vertex -0.5210570020824254 -3.050320537523432 1.6
      vertex -0.8023390398178143 -2.9943700614961117 2.2
    endloop
  endfacet
  facet normal -0.1950903220161297 -0.9807852804032301 0
    outer loop
      vertex -0.5210570020824254 -3.050320537523432 1.6
      vertex -0.4046311958821599 -3.0734790702588124 1.6
      vertex -0.4046311958821599 -3.0734790702588124 2.2
    endloop
  endfacet
  facet normal -0.06540312923014299 -0.9978589232386035 0
    outer loop
      vertex -0.4046311958821599 -3.0734790702588124 1.6
      vertex 0 -3.1 1.6
      vertex 0 -3.1 2.2
    endloop
  endfacet
  facet normal 0.06540312923014299 -0.9978589232386035 0
    outer loop
      vertex 0 -3.1 1.6
      vertex 0.4046311958821599 -3.0734790702588124 1.6
      vertex 0.4046311958821599 -3.0734790702588124 2.2
    endloop
  endfacet
  facet normal 0.19509032201612903 -0.9807852804032302 -3.741434555327492e-16
    outer loop
      vertex 0.4046311958821599 -3.0734790702588124 1.6
      vertex 0.5486331523835837 -3.0448353001838115 1.6
      vertex 0.8023390398178143 -2.9943700614961117 2.2
    endloop
  endfacet
  facet normal -0.7518398074789774 -0.6593458151000688 0
    outer loop
      vertex -2.459395354902829 -1.8871604299270341 1.4
      vertex -2.1920310216782974 -2.1920310216782974 2.2
      vertex -2.459395354902829 -1.8871604299270341 2.2
    endloop
  endfacet
  facet normal -0.6593458151000688 -0.7518398074789774 0
    outer loop
      vertex -2.1920310216782974 -2.1920310216782974 1.4
      vertex -1.8871604299270341 -2.459395354902829 2.2
      vertex -2.1920310216782974 -2.1920310216782974 2.2
    endloop
  endfacet
  facet normal -0.44228869021900147 -0.8968727415326881 0
    outer loop
      vertex -1.55 -2.68467875173176 1.4
      vertex -1.1863186403317783 -2.864026550784989 2.2
      vertex -1.55 -2.68467875173176 2.2
    endloop
  endfacet
  facet normal -0.32143946530316125 -0.9469301294951058 0
    outer loop
      vertex -1.1863186403317783 -2.864026550784989 1.4
      vertex -0.8023390398178143 -2.9943700614961117 2.2
      vertex -1.1863186403317783 -2.864026550784989 2.2
    endloop
  endfacet
  facet normal -0.555570233019602 -0.8314696123025455 0
    outer loop
      vertex -1.8871604299270341 -2.459395354902829 1.4
      vertex -1.55 -2.68467875173176 2.2
      vertex -1.8871604299270341 -2.459395354902829 2.2
    endloop
  endfacet
  facet normal 0 0 1
    outer loop
      vertex -1.8871604299270341 -2.459395354902829 2.2
      vertex -1.55 -2.68467875173176 2.2
      vertex -1.6436558583235459 -1.255766480380547 2.2
    endloop
  endfacet
  facet normal 0 0 1
    outer loop
      vertex -1.1863186403317783 -2.864026550784989 2.2
      vertex -1.3487006784950997 -1.0348944293148252 2.2
      vertex -1.55 -2.68467875173176 2.2
    endloop
  endfacet
  facet normal 0 0 1
    outer loop
      vertex -1.1863186403317783 -2.864026550784989 2.2
      vertex -1.034894429314825 -1.3487006784950994 2.2
      vertex -1.2020815280171306 -1.2020815280171306 2.2
    endloop
  endfacet
  facet normal -0.8314696123025455 -0.555570233019602 0
    outer loop
      vertex -2.459395354902829 -1.8871604299270341 1.4
      vertex -2.459395354902829 -1.8871604299270341 2.2
      vertex -2.68467875173176 -1.55 2.2
    endloop
  endfacet
  facet normal 0 0 1
    outer loop
      vertex -2.459395354902829 -1.8871604299270341 2.2
      vertex -2.1920310216782974 -2.1920310216782974 2.2
      vertex -2.3382685902179845 0.039123120297982705 2.2
    endloop
  endfacet
  facet normal 0 0 1
    outer loop
      vertex -2.459395354902829 -1.8871604299270341 2.2
      vertex -2.3382685902179845 0.039123120297982705 2.2
      vertex -2.68467875173176 -1.55 2.2
    endloop
  endfacet
  facet normal 0 0 1
    outer loop
      vertex -1.8871604299270341 -2.459395354902829 2.2
      vertex -1.8871604299270341 1.5731078164970416 2.2
      vertex -2.1920310216782974 -2.1920310216782974 2.2
    endloop
  endfacet
  facet normal 0 0 1
    outer loop
      vertex -2.68467875173176 -1.55 2.2
      vertex -2.3382685902179845 0.039123120297982705 2.2
      vertex -2.459395354902829 0.4980373096290519 2.2
    endloop
  endfacet
  facet normal 0 0 1
    outer loop
      vertex -2.1920310216782974 -2.1920310216782974 2.2
      vertex -1.8871604299270341 1.5731078164970416 2.2
      vertex -2.3382685902179845 0.039123120297982705 2.2
    endloop
  endfacet
  facet normal 0 0 1
    outer loop
      vertex -1.55 -2.68467875173176 2.2
      vertex -1.5705952052691872 -0.6505618350206525 2.2
      vertex -1.6436558583235459 -1.255766480380547 2.2
    endloop
  endfacet
  facet normal 0 0 1
    outer loop
      vertex -1.55 -2.68467875173176 2.2
      vertex -1.3487006784950997 -1.0348944293148252 2.2
      vertex -1.4722431864335457 -0.85 2.2
    endloop
  endfacet
  facet normal 0 0 1
    outer loop
      vertex -1.55 -2.68467875173176 2.2
      vertex -1.4722431864335457 -0.85 2.2
      vertex -1.5705952052691872 -0.6505618350206525 2.2
    endloop
  endfacet
  facet normal 0 0 1
    outer loop
      vertex -1.1863186403317783 -2.864026550784989 2.2
      vertex -1.2020815280171306 -1.2020815280171306 2.2
      vertex -1.3487006784950997 -1.0348944293148252 2.2
    endloop
  endfacet
  facet normal 0 0 1
    outer loop
      vertex -1.8871604299270341 -2.459395354902829 2.2
      vertex -1.6436558583235459 -1.255766480380547 2.2
      vertex -1.8871604299270341 1.5731078164970416 2.2
    endloop
  endfacet
  facet normal 0 0 1
    outer loop
      vertex -1.6436558583235459 -1.255766480380547 2.2
      vertex -1.5705952052691872 -0.6505618350206525 2.2
      vertex -1.642073904691416 -0.4399923766742852 2.2
    endloop
  endfacet
  facet normal 0 0 1
    outer loop
      vertex -1.6436558583235459 -1.255766480380547 2.2
      vertex -1.642073904691416 -0.4399923766742852 2.2
      vertex -1.6854562643354773 -0.2218945267740876 2.2
    endloop
  endfacet
  facet normal -0.19509032201612844 -0.9807852804032304 -2.5667956165580414e-16
    outer loop
      vertex -0.5210570020824254 -3.050320537523432 1.6
      vertex -0.4046311958821599 -3.0734790702588124 2.2
      vertex -0.8023390398178143 -2.9943700614961117 2.2
    endloop
  endfacet
  facet normal -0.06540312923014299 -0.9978589232386035 0
    outer loop
      vertex -0.4046311958821599 -3.0734790702588124 1.6
      vertex 0 -3.1 2.2
      vertex -0.4046311958821599 -3.0734790702588124 2.2
    endloop
  endfacet
  facet normal 0.06540312923014299 -0.9978589232386035 0
    outer loop
      vertex 0 -3.1 1.6
      vertex 0.4046311958821599 -3.0734790702588124 2.2
      vertex 0 -3.1 2.2
    endloop
  endfacet
  facet normal 0.19509032201612847 -0.9807852804032304 0
    outer loop
      vertex 0.4046311958821599 -3.0734790702588124 1.6
      vertex 0.8023390398178143 -2.9943700614961117 2.2
      vertex 0.4046311958821599 -3.0734790702588124 2.2
    endloop
  endfacet
  facet normal 0 0 1
    outer loop
      vertex -1.1863186403317783 -2.864026550784989 2.2
      vertex -0.8023390398178143 -2.9943700614961117 2.2
      vertex -0.8499999999999999 -1.4722431864335452 2.2
    endloop
  endfacet
  facet normal 0 0 1
    outer loop
      vertex -1.1863186403317783 -2.864026550784989 2.2
      vertex -0.8499999999999999 -1.4722431864335452 2.2
      vertex -1.034894429314825 -1.3487006784950994 2.2
    endloop
  endfacet
  facet normal 0 0 1
    outer loop
      vertex -0.8023390398178143 -2.9943700614961117 2.2
      vertex -0.4399923766742852 -1.6420739046914161 2.2
      vertex -0.6505618350206526 -1.5705952052691872 2.2
    endloop
  endfacet
  facet normal 0 0 1
    outer loop
      vertex -0.8023390398178143 -2.9943700614961117 2.2
      vertex -0.6505618350206526 -1.5705952052691872 2.2
      vertex -0.8499999999999999 -1.4722431864335452 2.2
    endloop
  endfacet
  facet normal 0 0 1
    outer loop
      vertex -0.8023390398178143 -2.9943700614961117 2.2
      vertex -0.4046311958821599 -3.0734790702588124 2.2
      vertex -0.4399923766742852 -1.6420739046914161 2.2
    endloop
  endfacet
  facet normal 0 0 1
    outer loop
      vertex -0.4046311958821599 -3.0734790702588124 2.2
      vertex -0.22189452677408766 -1.6854562643354773 2.2
      vertex -0.4399923766742852 -1.6420739046914161 2.2
    endloop
  endfacet
  facet normal 0 0 1
    outer loop
      vertex -0.4046311958821599 -3.0734790702588124 2.2
      vertex 0 -1.6999999999999997 2.2
      vertex -0.22189452677408766 -1.6854562643354773 2.2
    endloop
  endfacet
  facet normal 0 0 1
    outer loop
      vertex -0.4046311958821599 -3.0734790702588124 2.2
      vertex 0 -3.1 2.2
      vertex 0.4046311958821599 -3.0734790702588124 2.2
    endloop
  endfacet
  facet normal 0 0 1
    outer loop
      vertex -0.4046311958821599 -3.0734790702588124 2.2
      vertex 0.4046311958821599 -3.0734790702588124 2.2
      vertex 0 -1.6999999999999997 2.2
    endloop
  endfacet
  facet normal 0 0 1
    outer loop
      vertex 0.4046311958821599 -3.0734790702588124 2.2
      vertex 0.22189452677408766 -1.6854562643354773 2.2
      vertex 0 -1.6999999999999997 2.2
    endloop
  endfacet
  facet normal 0 0 1
    outer loop
      vertex 0.4046311958821599 -3.0734790702588124 2.2
      vertex 0.8023390398178143 -2.9943700614961117 2.2
      vertex 0.6505618350206527 -1.5705952052691872 2.2
    endloop
  endfacet
  facet normal 0 0 1
    outer loop
      vertex 0.4046311958821599 -3.0734790702588124 2.2
      vertex 0.4399923766742852 -1.6420739046914161 2.2
      vertex 0.22189452677408766 -1.6854562643354773 2.2
    endloop
  endfacet
  facet normal 0 0 1
    outer loop
      vertex 0.4046311958821599 -3.0734790702588124 2.2
      vertex 0.6505618350206527 -1.5705952052691872 2.2
      vertex 0.4399923766742852 -1.6420739046914161 2.2
    endloop
  endfacet
  facet normal 0.8314696123025462 -0.555570233019601 0
    outer loop
      vertex 2.653618006585109 -1.5964856901791618 1.4
      vertex 2.68467875173176 -1.55 1.4
      vertex 2.68467875173176 -1.55 2.2
    endloop
  endfacet
  facet normal 0.8314696123025357 -0.5555702330196165 1.31647240904869e-15
    outer loop
      vertex 2.6518107390395613 -1.5991904572025069 1.3983809144050137
      vertex 2.653618006585109 -1.5964856901791618 1.4
      vertex 2.68467875173176 -1.55 2.2
    endloop
  endfacet
  facet normal 0.8968727415326881 -0.44228869021900147 0
    outer loop
      vertex 2.68467875173176 -1.55 1.4
      vertex 2.864026550784989 -1.1863186403317783 1.4
      vertex 2.68467875173176 -1.55 2.2
    endloop
  endfacet
  facet normal 0.9469301294951058 -0.32143946530316125 0
    outer loop
      vertex 2.864026550784989 -1.1863186403317783 1.4
      vertex 2.9943700614961117 -0.8023390398178143 1.4
      vertex 2.864026550784989 -1.1863186403317783 2.2
    endloop
  endfacet
  facet normal 0.9807852804032304 -0.19509032201612847 0
    outer loop
      vertex 2.9943700614961117 -0.8023390398178143 1.4
      vertex 3.0734790702588124 -0.4046311958821599 1.4
      vertex 2.9943700614961117 -0.8023390398178143 2.2
    endloop
  endfacet
  facet normal 0.9978589232386036 -0.06540312923014299 0
    outer loop
      vertex 3.0734790702588124 -0.4046311958821599 1.4
      vertex 3.1 0 1.4
      vertex 3.1 0 2.2
    endloop
  endfacet
  facet normal 0 0 1
    outer loop
      vertex 0.8023390398178143 -2.9943700614961117 2.2
      vertex 1.1863186403317783 -2.864026550784989 2.2
      vertex 0.8499999999999999 -1.4722431864335452 2.2
    endloop
  endfacet
  facet normal 0 0 1
    outer loop
      vertex 0.8023390398178143 -2.9943700614961117 2.2
      vertex 0.8499999999999999 -1.4722431864335452 2.2
      vertex 0.6505618350206527 -1.5705952052691872 2.2
    endloop
  endfacet
  facet normal 0 0 1
    outer loop
      vertex 1.1863186403317783 -2.864026550784989 2.2
      vertex 1.034894429314825 -1.3487006784950997 2.2
      vertex 0.8499999999999999 -1.4722431864335452 2.2
    endloop
  endfacet
  facet normal 0 0 1
    outer loop
      vertex 1.1863186403317783 -2.864026550784989 2.2
      vertex 1.2020815280171306 -1.2020815280171306 2.2
      vertex 1.034894429314825 -1.3487006784950997 2.2
    endloop
  endfacet
  facet normal 0 0 1
    outer loop
      vertex 1.1863186403317783 -2.864026550784989 2.2
      vertex 1.55 -2.68467875173176 2.2
      vertex 1.2020815280171306 -1.2020815280171306 2.2
    endloop
  endfacet
  facet normal 0 0 1
    outer loop
      vertex 1.55 -2.68467875173176 2.2
      vertex 1.3487006784950994 -1.034894429314825 2.2
      vertex 1.2020815280171306 -1.2020815280171306 2.2
    endloop
  endfacet
  facet normal 0 0 1
    outer loop
      vertex 1.55 -2.68467875173176 2.2
      vertex 1.4722431864335455 -0.85 2.2
      vertex 1.3487006784950994 -1.034894429314825 2.2
    endloop
  endfacet
  facet normal 0 0 1
    outer loop
      vertex 1.55 -2.68467875173176 2.2
      vertex 1.5705952052691872 -0.6505618350206525 2.2
      vertex 1.4722431864335455 -0.85 2.2
    endloop
  endfacet
  facet normal 0 0 1
    outer loop
      vertex 1.55 -2.68467875173176 2.2
      vertex 1.642073904691416 -0.4399923766742852 2.2
      vertex 1.5705952052691872 -0.6505618350206525 2.2
    endloop
  endfacet
  facet normal 0 0 1
    outer loop
      vertex 1.55 -2.68467875173176 2.2
      vertex 1.6854562643354773 -0.22189452677408764 2.2
      vertex 1.642073904691416 -0.4399923766742852 2.2
    endloop
  endfacet
  facet normal 0 0 1
    outer loop
      vertex 1.55 -2.68467875173176 2.2
      vertex 1.8871604299270341 -2.459395354902829 2.2
      vertex 1.8871604299270341 2.459395354902829 2.2
    endloop
  endfacet
  facet normal 0 0 1
    outer loop
      vertex 1.8871604299270341 -2.459395354902829 2.2
      vertex 2.1920310216782974 -2.1920310216782974 2.2
      vertex 2.1920310216782974 0.8811541419762795 2.2
    endloop
  endfacet
  facet normal 0 0 1
    outer loop
      vertex 1.55 -2.68467875173176 2.2
      vertex 1.8871604299270341 2.459395354902829 2.2
      vertex 1.6854562643354773 -0.22189452677408764 2.2
    endloop
  endfacet
  facet normal 0 0 1
    outer loop
      vertex 2.1920310216782974 -2.1920310216782974 2.2
      vertex 2.3382685902179845 -0.039123120297982705 2.2
      vertex 2.1920310216782974 0.8811541419762795 2.2
    endloop
  endfacet
  facet normal 0.8314696123025453 -0.555570233019602 2.1346760680420396e-17
    outer loop
      vertex 2.6518107390395613 -1.5991904572025069 1.3983809144050137
      vertex 2.68467875173176 -1.55 2.2
      vertex 2.459395354902829 -1.8871604299270341 2.2
    endloop
  endfacet
  facet normal 0.8968727415326881 -0.44228869021900147 0
    outer loop
      vertex 2.864026550784989 -1.1863186403317783 1.4
      vertex 2.864026550784989 -1.1863186403317783 2.2
      vertex 2.68467875173176 -1.55 2.2
    endloop
  endfacet
  facet normal 0.9469301294951058 -0.32143946530316125 0
    outer loop
      vertex 2.9943700614961117 -0.8023390398178143 1.4
      vertex 2.9943700614961117 -0.8023390398178143 2.2
      vertex 2.864026550784989 -1.1863186403317783 2.2
    endloop
  endfacet
  facet normal 0.9807852804032304 -0.19509032201612847 0
    outer loop
      vertex 3.0734790702588124 -0.4046311958821599 1.4
      vertex 3.0734790702588124 -0.4046311958821599 2.2
      vertex 2.9943700614961117 -0.8023390398178143 2.2
    endloop
  endfacet
  facet normal 0.9978589232386036 -0.06540312923014299 0
    outer loop
      vertex 3.0734790702588124 -0.4046311958821599 1.4
      vertex 3.1 0 2.2
      vertex 3.0734790702588124 -0.4046311958821599 2.2
    endloop
  endfacet
  facet normal 0 0 1
    outer loop
      vertex 2.1920310216782974 -2.1920310216782974 2.2
      vertex 2.459395354902829 -1.8871604299270341 2.2
      vertex 2.3382685902179845 -0.039123120297982705 2.2
    endloop
  endfacet
  facet normal 0 0 1
    outer loop
      vertex 2.459395354902829 -1.8871604299270341 2.2
      vertex 2.68467875173176 -1.55 2.2
      vertex 2.68467875173176 1.55 2.2
    endloop
  endfacet
  facet normal 0 0 1
    outer loop
      vertex 2.459395354902829 -1.8871604299270341 2.2
      vertex 2.459395354902829 1.8871604299270341 2.2
      vertex 2.3382685902179845 -0.039123120297982705 2.2
    endloop
  endfacet
  facet normal 0 0 1
    outer loop
      vertex 2.68467875173176 -1.55 2.2
      vertex 2.864026550784989 -1.1863186403317783 2.2
      vertex 2.68467875173176 1.55 2.2
    endloop
  endfacet
  facet normal 0 0 1
    outer loop
      vertex 2.864026550784989 -1.1863186403317783 2.2
      vertex 2.9943700614961117 -0.8023390398178143 2.2
      vertex 2.864026550784989 1.1863186403317783 2.2
    endloop
  endfacet
  facet normal 0 0 1
    outer loop
      vertex 2.9943700614961117 -0.8023390398178143 2.2
      vertex 3.0734790702588124 -0.4046311958821599 2.2
      vertex 2.9943700614961117 0.8023390398178143 2.2
    endloop
  endfacet
  facet normal 0 0 1
    outer loop
      vertex 3.0734790702588124 -0.4046311958821599 2.2
      vertex 3.1 0 2.2
      vertex 3.0734790702588124 0.4046311958821599 2.2
    endloop
  endfacet
  facet normal 0 0 -1
    outer loop
      vertex -3.0734790702588124 -0.4046311958821599 0
      vertex -3.0734790702588124 0.4046311958821599 0
      vertex -2.9943700614961117 0.8023390398178143 0
    endloop
  endfacet
  facet normal 0 0 -1
    outer loop
      vertex -2.9943700614961117 -0.8023390398178143 0
      vertex -2.9943700614961117 0.8023390398178143 0
      vertex -2.8762822854010492 0.9993322638168851 0
    endloop
  endfacet
  facet normal 0 0 -1
    outer loop
      vertex -2.864026550784989 -1.1863186403317783 0
      vertex -2.864026550784989 0.9853572768779696 0
      vertex -2.7124355652982137 1.1265128607150634 0
    endloop
  endfacet
  facet normal 0 0 -1
    outer loop
      vertex -2.9943700614961117 -0.8023390398178143 0
      vertex -2.8762822854010492 0.9993322638168851 0
      vertex -2.864026550784989 0.9853572768779696 0
    endloop
  endfacet
  facet normal 0 0 -1
    outer loop
      vertex -2.864026550784989 -1.1863186403317783 0
      vertex -2.7124355652982137 1.1265128607150634 0
      vertex -2.68467875173176 1.5248246267882026 0
    endloop
  endfacet
  facet normal 0 0 -1
    outer loop
      vertex -2.9943700614961117 0.8023390398178143 0
      vertex -2.9112212964905897 1.0472874027693833 0
      vertex -2.8762822854010492 0.9993322638168851 0
    endloop
  endfacet
  facet normal 0 0 -1
    outer loop
      vertex -2.8762822854010492 0.9993322638168851 0
      vertex -2.9112212964905897 1.0472874027693833 0
      vertex -2.8884475694729552 1.1143766391627927 0
    endloop
  endfacet
  facet normal 0 0 -1
    outer loop
      vertex -2.8762822854010492 0.9993322638168851 0
      vertex -2.8884475694729552 1.1143766391627927 0
      vertex -2.8791259733301797 1.1418371758901493 0
    endloop
  endfacet
  facet normal 0 0 -1
    outer loop
      vertex -2.864026550784989 0.9853572768779696 0
      vertex -2.8366996340101425 1.2417321458260215 0
      vertex -2.7124355652982137 1.1265128607150634 0
    endloop
  endfacet
  facet normal 0 0 -1
    outer loop
      vertex -2.8366996340101425 1.2417321458260215 0
      vertex -2.7226250612696905 1.4730524962112859 0
      vertex -2.7124355652982137 1.1265128607150634 0
    endloop
  endfacet
  facet normal -0.9469301294951057 0.32143946530316164 0
    outer loop
      vertex -2.9943700614961117 0.8023390398178143 0
      vertex -2.9112212964905897 1.0472874027693833 1.6
      vertex -2.9112212964905897 1.0472874027693833 0
    endloop
  endfacet
  facet normal -0.9978589232386036 0.06540312923014299 0
    outer loop
      vertex -3.1 0 0
      vertex -3.0734790702588124 0.4046311958821599 2.2
      vertex -3.0734790702588124 0.4046311958821599 0
    endloop
  endfacet
  facet normal -0.9807852804032303 0.19509032201612844 0
    outer loop
      vertex -3.0734790702588124 0.4046311958821599 0
      vertex -2.9943700614961117 0.8023390398178143 2.2
      vertex -2.9943700614961117 0.8023390398178143 0
    endloop
  endfacet
  facet normal 0 0 -1
    outer loop
      vertex -2.426296867299521 -1.3821750937599464 0
      vertex -2.68467875173176 1.5248246267882026 0
      vertex -2.468513044358411 1.7480513706256708 0
    endloop
  endfacet
  facet normal 0 0 -1
    outer loop
      vertex -2.426296867299521 -1.3821750937599464 0
      vertex -2.468513044358411 1.7480513706256708 0
      vertex -2.459395354902829 1.760497274753032 0
    endloop
  endfacet
  facet normal 0 0 -1
    outer loop
      vertex -2.426296867299521 -1.3821750937599464 0
      vertex -2.459395354902829 1.760497274753032 0
      vertex -2.34444349391785 2.0182379055900594 0
    endloop
  endfacet
  facet normal 0 0 -1
    outer loop
      vertex -2.426296867299521 -1.3821750937599464 0
      vertex -2.34444349391785 2.0182379055900594 0
      vertex -2.1968232584960674 2.1189156168471723 0
    endloop
  endfacet
  facet normal 0 0 -1
    outer loop
      vertex -2.426296867299521 -1.3821750937599464 0
      vertex -2.1968232584960674 2.1189156168471723 0
      vertex -2.2 0 0
    endloop
  endfacet
  facet normal 0 0 -1
    outer loop
      vertex -2.1968232584960674 2.1189156168471723 0
      vertex -2.181178695022383 0.2871576228841135 0
      vertex -2.2 0 0
    endloop
  endfacet
  facet normal 0 0 -1
    outer loop
      vertex -2.1968232584960674 2.1189156168471723 0
      vertex -2.1250368178359507 0.5694018992255456 0
      vertex -2.181178695022383 0.2871576228841135 0
    endloop
  endfacet
  facet normal 0 0 -1
    outer loop
      vertex -2.7124355652982137 1.1265128607150634 0
      vertex -2.687284828715943 1.5102389487487167 0
      vertex -2.68467875173176 1.5248246267882026 0
    endloop
  endfacet
  facet normal 0 0 -1
    outer loop
      vertex -2.687284828715943 1.5102389487487167 0
      vertex -2.685954044914518 1.5305427859929646 0
      vertex -2.68467875173176 1.5248246267882026 0
    endloop
  endfacet
  facet normal 0 0 -1
    outer loop
      vertex -2.1968232584960674 2.1189156168471723 0
      vertex -2.032534971524831 0.8419035512031976 0
      vertex -2.1250368178359507 0.5694018992255456 0
    endloop
  endfacet
  facet normal 0 0 -1
    outer loop
      vertex -1.9616214089274042 1.3233403495353266 0
      vertex -1.905255888325765 1.1 0
      vertex -2.032534971524831 0.8419035512031976 0
    endloop
  endfacet
  facet normal 0 0 -1
    outer loop
      vertex -1.9616214089274042 1.3233403495353266 0
      vertex -2.032534971524831 0.8419035512031976 0
      vertex -2.1968232584960674 2.1189156168471723 0
    endloop
  endfacet
  facet normal 0 0 -1
    outer loop
      vertex -1.9616214089274042 1.3233403495353266 0
      vertex -2.1968232584960674 2.1189156168471723 0
      vertex -2.0556236545438695 2.311657072034002 0
    endloop
  endfacet
  facet normal 0 0 -1
    outer loop
      vertex -1.9616214089274042 1.3233403495353266 0
      vertex -1.7453773486407176 1.3392751438191854 0
      vertex -1.905255888325765 1.1 0
    endloop
  endfacet
  facet normal 0 0 -1
    outer loop
      vertex -1.9616214089274042 1.3233403495353266 0
      vertex -1.2852207954511043 2.8152534053632547 0
      vertex -1.7453773486407176 1.3392751438191854 0
    endloop
  endfacet
  facet normal 0 0 -1
    outer loop
      vertex -1.2852207954511043 2.8152534053632547 0
      vertex -1.5556349186104048 1.5556349186104048 0
      vertex -1.7453773486407176 1.3392751438191854 0
    endloop
  endfacet
  facet normal 0 0 -1
    outer loop
      vertex -1.2852207954511043 2.8152534053632547 0
      vertex -1.3392751438191854 1.7453773486407176 0
      vertex -1.5556349186104048 1.5556349186104048 0
    endloop
  endfacet
  facet normal 0 0 -1
    outer loop
      vertex -1.2852207954511043 2.8152534053632547 0
      vertex -1.2959953935120363 1.7742959532504359 0
      vertex -1.3392751438191854 1.7453773486407176 0
    endloop
  endfacet
  facet normal 0 0 -1
    outer loop
      vertex 0 2.732050807568877 0
      vertex 0 2.2 0
      vertex -0.1451110709842658 2.1904889179148634 0
    endloop
  endfacet
  facet normal 0 0 -1
    outer loop
      vertex 0 2.732050807568877 0
      vertex 0.4046311958821599 3.0734790702588124 0
      vertex 0 2.2 0
    endloop
  endfacet
  facet normal 0 0 -1
    outer loop
      vertex 0.8023390398178143 2.9943700614961117 0
      vertex 0.5694018992255456 2.1250368178359507 0
      vertex 0.2871576228841135 2.181178695022383 0
    endloop
  endfacet
  facet normal 0 0 -1
    outer loop
      vertex 0.4046311958821599 3.0734790702588124 0
      vertex 0.2871576228841135 2.181178695022383 0
      vertex 0 2.2 0
    endloop
  endfacet
  facet normal 0 0 -1
    outer loop
      vertex 0.4046311958821599 3.0734790702588124 0
      vertex 0.8023390398178143 2.9943700614961117 0
      vertex 0.2871576228841135 2.181178695022383 0
    endloop
  endfacet
  facet normal 0 0 -1
    outer loop
      vertex 0 2.732050807568877 0
      vertex 0.059034191907241386 3.0961306946379 0
      vertex 0.4046311958821599 3.0734790702588124 0
    endloop
  endfacet
  facet normal 0.06540312923014288 0.9978589232386035 0
    outer loop
      vertex 0.059034191907241386 3.0961306946379 0
      vertex 0.059034191907241386 3.0961306946379 1.3983809144050137
      vertex 0.4046311958821599 3.0734790702588124 0
    endloop
  endfacet
  facet normal 0 0 -1
    outer loop
      vertex 2.362588144107006 1.9975478974144285 0
      vertex 2.2 0 0
      vertex 2.181178695022383 0.2871576228841135 0
    endloop
  endfacet
  facet normal 0 0 -1
    outer loop
      vertex 2.1920310216782974 2.1920310216782974 0
      vertex 2.181178695022383 0.2871576228841135 0
      vertex 2.1250368178359507 0.5694018992255456 0
    endloop
  endfacet
  facet normal 0 0 -1
    outer loop
      vertex 1.8871604299270341 2.459395354902829 0
      vertex 1.5556349186104048 1.5556349186104048 0
      vertex 1.3392751438191854 1.7453773486407176 0
    endloop
  endfacet
  facet normal 0 0 -1
    outer loop
      vertex 1.8871604299270341 2.459395354902829 0
      vertex 1.7453773486407176 1.3392751438191854 0
      vertex 1.5556349186104048 1.5556349186104048 0
    endloop
  endfacet
  facet normal 0 0 -1
    outer loop
      vertex 2.1920310216782974 2.1920310216782974 0
      vertex 2.032534971524831 0.8419035512031976 0
      vertex 1.905255888325765 1.1 0
    endloop
  endfacet
  facet normal 0 0 -1
    outer loop
      vertex 2.1920310216782974 2.1920310216782974 0
      vertex 2.1250368178359507 0.5694018992255456 0
      vertex 2.032534971524831 0.8419035512031976 0
    endloop
  endfacet
  facet normal 0 0 -1
    outer loop
      vertex 2.1920310216782974 2.1920310216782974 0
      vertex 2.362588144107006 1.9975478974144285 0
      vertex 2.181178695022383 0.2871576228841135 0
    endloop
  endfacet
  facet normal 0 0 -1
    outer loop
      vertex 2.1920310216782974 2.1920310216782974 0
      vertex 1.905255888325765 1.1 0
      vertex 1.7453773486407176 1.3392751438191854 0
    endloop
  endfacet
  facet normal 0 0 -1
    outer loop
      vertex 1.1863186403317783 2.864026550784989 0
      vertex 0.8419035512031976 2.032534971524831 0
      vertex 0.5694018992255456 2.1250368178359507 0
    endloop
  endfacet
  facet normal 0 0 -1
    outer loop
      vertex 1.1863186403317783 2.864026550784989 0
      vertex 1.1 1.905255888325765 0
      vertex 0.8419035512031976 2.032534971524831 0
    endloop
  endfacet
  facet normal 0 0 -1
    outer loop
      vertex 1.1863186403317783 2.864026550784989 0
      vertex 0.5694018992255456 2.1250368178359507 0
      vertex 0.8023390398178143 2.9943700614961117 0
    endloop
  endfacet
  facet normal 0 0 -1
    outer loop
      vertex 1.55 2.68467875173176 0
      vertex 1.3392751438191854 1.7453773486407176 0
      vertex 1.1 1.905255888325765 0
    endloop
  endfacet
  facet normal 0 0 -1
    outer loop
      vertex 1.1863186403317783 2.864026550784989 0
      vertex 1.55 2.68467875173176 0
      vertex 1.1 1.905255888325765 0
    endloop
  endfacet
  facet normal 0 0 -1
    outer loop
      vertex 1.55 2.68467875173176 0
      vertex 1.8871604299270341 2.459395354902829 0
      vertex 1.3392751438191854 1.7453773486407176 0
    endloop
  endfacet
  facet normal 0 0 -1
    outer loop
      vertex 1.8871604299270341 2.459395354902829 0
      vertex 2.1920310216782974 2.1920310216782974 0
      vertex 1.7453773486407176 1.3392751438191854 0
    endloop
  endfacet
  facet normal 0 0 -1
    outer loop
      vertex 2.459395354902829 -1.8871604299270341 0
      vertex 2.610395652165476 1.6611725148795546 0
      vertex 2.6765640040244714 1.4261928747926627 0
    endloop
  endfacet
  facet normal 0 0 -1
    outer loop
      vertex 2.459395354902829 -1.8871604299270341 0
      vertex 2.5105947462014586 1.8105351258645397 0
      vertex 2.610395652165476 1.6611725148795546 0
    endloop
  endfacet
  facet normal 0 0 -1
    outer loop
      vertex 2.1920310216782974 -2.1920310216782974 0
      vertex 2.362588144107006 1.9975478974144285 0
      vertex 2.4261759175531004 1.9250399383876886 0
    endloop
  endfacet
  facet normal 0 0 -1
    outer loop
      vertex 2.459395354902829 -1.8871604299270341 0
      vertex 2.4261759175531004 1.9250399383876886 0
      vertex 2.459395354902829 1.8299093258538381 0
    endloop
  endfacet
  facet normal 0 0 -1
    outer loop
      vertex 2.459395354902829 -1.8871604299270341 0
      vertex 2.459395354902829 1.8299093258538381 0
      vertex 2.5105947462014586 1.8105351258645397 0
    endloop
  endfacet
  facet normal 0 0 -1
    outer loop
      vertex 2.68467875173176 -0.8862112183588945 0
      vertex 2.6765640040244714 1.4261928747926627 0
      vertex 2.68467875173176 1.407771672966072 0
    endloop
  endfacet
  facet normal 0 0 -1
    outer loop
      vertex 2.68467875173176 -0.8862112183588945 0
      vertex 2.68467875173176 1.407771672966072 0
      vertex 2.8538707989266485 1.031371809295875 0
    endloop
  endfacet
  facet normal 0 0 -1
    outer loop
      vertex 2.9232909999057095 -1.0117312030753993 0
      vertex 2.8538707989266485 1.031371809295875 0
      vertex 2.8610740672520625 1.141272446461166 0
    endloop
  endfacet
  facet normal 0 0 -1
    outer loop
      vertex 2.9232909999057095 -1.0117312030753993 0
      vertex 2.8610740672520625 1.141272446461166 0
      vertex 2.864026550784989 1.1794675258751488 0
    endloop
  endfacet
  facet normal 0 0 -1
    outer loop
      vertex 2.9232909999057095 -1.0117312030753993 0
      vertex 2.864026550784989 1.1794675258751488 0
      vertex 2.864251080575262 1.1856571968989442 0
    endloop
  endfacet
  facet normal 0 0 -1
    outer loop
      vertex 2.9232909999057095 -1.0117312030753993 0
      vertex 2.864251080575262 1.1856571968989442 0
      vertex 2.920067044080616 1.021228670674976 0
    endloop
  endfacet
  facet normal 0 0 -1
    outer loop
      vertex 2.9232909999057095 -1.0117312030753993 0
      vertex 2.920067044080616 1.021228670674976 0
      vertex 2.988801880628992 0.7173850165185602 0
    endloop
  endfacet
  facet normal 0 0 -1
    outer loop
      vertex 2.9943700614961117 -0.30939773710246854 0
      vertex 3.0297655764913345 0.6243937694381982 0
      vertex 3.064114773003251 0.451708697291049 0
    endloop
  endfacet
  facet normal 0 0 -1
    outer loop
      vertex 2.9943700614961117 -0.30939773710246854 0
      vertex 2.988801880628992 0.7173850165185602 0
      vertex 3.0297655764913345 0.6243937694381982 0
    endloop
  endfacet
  facet normal 0.7518398074789774 0.659345815100069 0
    outer loop
      vertex 2.1920310216782974 2.1920310216782974 0
      vertex 2.362588144107006 1.9975478974144285 1.6
      vertex 2.362588144107006 1.9975478974144285 0
    endloop
  endfacet
  facet normal 0.19509032201612844 0.9807852804032303 0
    outer loop
      vertex 0.4046311958821599 3.0734790702588124 0
      vertex 0.4046311958821599 3.0734790702588124 2.2
      vertex 0.8023390398178143 2.9943700614961117 0
    endloop
  endfacet
  facet normal 0.4422886902190015 0.8968727415326883 0
    outer loop
      vertex 1.1863186403317783 2.864026550784989 0
      vertex 1.1863186403317783 2.864026550784989 2.2
      vertex 1.55 2.68467875173176 0
    endloop
  endfacet
  facet normal 0.32143946530316125 0.9469301294951058 0
    outer loop
      vertex 1.1863186403317783 2.864026550784989 0
      vertex 0.8023390398178143 2.9943700614961117 0
      vertex 0.8023390398178143 2.9943700614961117 2.2
    endloop
  endfacet
  facet normal 0.555570233019602 0.8314696123025453 0
    outer loop
      vertex 1.55 2.68467875173176 0
      vertex 1.55 2.68467875173176 2.2
      vertex 1.8871604299270341 2.459395354902829 0
    endloop
  endfacet
  facet normal 0.659345815100069 0.7518398074789774 0
    outer loop
      vertex 1.8871604299270341 2.459395354902829 0
      vertex 1.8871604299270341 2.459395354902829 2.2
      vertex 2.1920310216782974 2.1920310216782974 0
    endloop
  endfacet
  facet normal -0.9469301294951056 0.3214394653031616 0
    outer loop
      vertex -2.9943700614961117 0.8023390398178143 0
      vertex -2.9943700614961117 0.8023390398178143 2.2
      vertex -2.9112212964905897 1.0472874027693833 1.6
    endloop
  endfacet
  facet normal -0.9978589232386036 0.06540312923014299 0
    outer loop
      vertex -3.1 0 0
      vertex -3.1 0 2.2
      vertex -3.0734790702588124 0.4046311958821599 2.2
    endloop
  endfacet
  facet normal -0.9807852804032303 0.19509032201612844 0
    outer loop
      vertex -3.0734790702588124 0.4046311958821599 0
      vertex -3.0734790702588124 0.4046311958821599 2.2
      vertex -2.9943700614961117 0.8023390398178143 2.2
    endloop
  endfacet
  facet normal -0.9469301294951059 0.32143946530316053 0
    outer loop
      vertex -2.9112212964905897 1.0472874027693833 1.6
      vertex -2.864026550784989 1.1863186403317783 2.2
      vertex -2.864026550784989 1.1863186403317783 1.6
    endloop
  endfacet
  facet normal -0.8968727415326881 0.44228869021900147 0
    outer loop
      vertex -2.864026550784989 1.1863186403317783 1.6
      vertex -2.68467875173176 1.55 2.2
      vertex -2.68467875173176 1.55 1.6
    endloop
  endfacet
  facet normal -0.9469301294951058 0.32143946530316125 -1.8537968341808078e-16
    outer loop
      vertex -2.9112212964905897 1.0472874027693833 1.6
      vertex -2.9943700614961117 0.8023390398178143 2.2
      vertex -2.864026550784989 1.1863186403317783 2.2
    endloop
  endfacet
  facet normal -0.8968727415326881 0.44228869021900147 0
    outer loop
      vertex -2.864026550784989 1.1863186403317783 1.6
      vertex -2.864026550784989 1.1863186403317783 2.2
      vertex -2.68467875173176 1.55 2.2
    endloop
  endfacet
  facet normal 0 0 1
    outer loop
      vertex -2.9943700614961117 -0.8023390398178143 2.2
      vertex -2.9943700614961117 0.8023390398178143 2.2
      vertex -3.0734790702588124 0.4046311958821599 2.2
    endloop
  endfacet
  facet normal 0 0 1
    outer loop
      vertex -2.864026550784989 -1.1863186403317783 2.2
      vertex -2.864026550784989 1.1863186403317783 2.2
      vertex -2.9943700614961117 0.8023390398178143 2.2
    endloop
  endfacet
  facet normal 0 0 1
    outer loop
      vertex -2.68467875173176 -1.55 2.2
      vertex -2.68467875173176 1.55 2.2
      vertex -2.864026550784989 1.1863186403317783 2.2
    endloop
  endfacet
  facet normal 0.0654031292301425 0.9978589232386035 -8.010434917109872e-17
    outer loop
      vertex 0.4046311958821599 3.0734790702588124 0
      vertex 0.059034191907241386 3.0961306946379 1.3983809144050137
      vertex 0 3.1 2.2
    endloop
  endfacet
  facet normal 0.06540312923014299 0.9978589232386036 0
    outer loop
      vertex 0.4046311958821599 3.0734790702588124 0
      vertex 0 3.1 2.2
      vertex 0.4046311958821599 3.0734790702588124 2.2
    endloop
  endfacet
  facet normal 0.7518398074789774 0.6593458151000687 0
    outer loop
      vertex 2.1920310216782974 2.1920310216782974 0
      vertex 2.1920310216782974 2.1920310216782974 2.2
      vertex 2.362588144107006 1.9975478974144285 1.6
    endloop
  endfacet
  facet normal 0.32143946530316125 0.9469301294951058 0
    outer loop
      vertex 1.1863186403317783 2.864026550784989 0
      vertex 0.8023390398178143 2.9943700614961117 2.2
      vertex 1.1863186403317783 2.864026550784989 2.2
    endloop
  endfacet
  facet normal 0.4422886902190015 0.8968727415326883 0
    outer loop
      vertex 1.55 2.68467875173176 0
      vertex 1.1863186403317783 2.864026550784989 2.2
      vertex 1.55 2.68467875173176 2.2
    endloop
  endfacet
  facet normal 0.19509032201612844 0.9807852804032303 0
    outer loop
      vertex 0.8023390398178143 2.9943700614961117 0
      vertex 0.4046311958821599 3.0734790702588124 2.2
      vertex 0.8023390398178143 2.9943700614961117 2.2
    endloop
  endfacet
  facet normal 0.555570233019602 0.8314696123025453 0
    outer loop
      vertex 1.8871604299270341 2.459395354902829 0
      vertex 1.55 2.68467875173176 2.2
      vertex 1.8871604299270341 2.459395354902829 2.2
    endloop
  endfacet
  facet normal 0.659345815100069 0.7518398074789774 0
    outer loop
      vertex 2.1920310216782974 2.1920310216782974 0
      vertex 1.8871604299270341 2.459395354902829 2.2
      vertex 2.1920310216782974 2.1920310216782974 2.2
    endloop
  endfacet
  facet normal -0.8314696123025455 0.555570233019602 0
    outer loop
      vertex -2.68467875173176 1.55 1.6
      vertex -2.459395354902829 1.8871604299270341 2.2
      vertex -2.459395354902829 1.8871604299270341 1.6
    endloop
  endfacet
  facet normal -0.7518398074789774 0.6593458151000688 0
    outer loop
      vertex -2.381126574139484 1.9764088693848574 1.4
      vertex -2.1920310216782974 2.1920310216782974 2.2
      vertex -2.1920310216782974 2.1920310216782974 1.4
    endloop
  endfacet
  facet normal -0.6593458151000688 0.7518398074789774 0
    outer loop
      vertex -2.1920310216782974 2.1920310216782974 1.4
      vertex -2.1920310216782974 2.1920310216782974 2.2
      vertex -1.8871604299270341 2.459395354902829 1.4
    endloop
  endfacet
  facet normal -0.7518398074789775 0.6593458151000688 0
    outer loop
      vertex -2.381126574139484 1.9764088693848574 1.4
      vertex -2.381126574139484 1.9764088693848574 1.6
      vertex -2.1920310216782974 2.1920310216782974 2.2
    endloop
  endfacet
  facet normal -0.555570233019602 0.8314696123025455 0
    outer loop
      vertex -1.8871604299270341 2.459395354902829 1.4
      vertex -1.8871604299270341 2.459395354902829 2.2
      vertex -1.55 2.68467875173176 1.4
    endloop
  endfacet
  facet normal -0.44228869021900147 0.8968727415326881 0
    outer loop
      vertex -1.55 2.68467875173176 1.4
      vertex -1.55 2.68467875173176 2.2
      vertex -1.1863186403317783 2.864026550784989 1.4
    endloop
  endfacet
  facet normal -0.32143946530316125 0.9469301294951058 0
    outer loop
      vertex -1.1863186403317783 2.864026550784989 1.4
      vertex -1.1863186403317783 2.864026550784989 2.2
      vertex -0.8023390398178143 2.9943700614961117 1.4
    endloop
  endfacet
  facet normal -0.7518398074789772 0.6593458151000693 -2.4355872441220957e-16
    outer loop
      vertex -2.459395354902829 1.8871604299270341 1.6
      vertex -2.1920310216782974 2.1920310216782974 2.2
      vertex -2.381126574139484 1.9764088693848574 1.6
    endloop
  endfacet
  facet normal -0.19509032201612847 0.9807852804032304 0
    outer loop
      vertex -0.8023390398178143 2.9943700614961117 1.4
      vertex -0.8023390398178143 2.9943700614961117 2.2
      vertex -0.4046311958821599 3.0734790702588124 1.4
    endloop
  endfacet
  facet normal -0.06540312923014299 0.9978589232386036 0
    outer loop
      vertex -0.4046311958821599 3.0734790702588124 1.4
      vertex -0.4046311958821599 3.0734790702588124 2.2
      vertex 0 3.1 1.4
    endloop
  endfacet
  facet normal 0.06540312923014098 0.9978589232386036 0
    outer loop
      vertex 0 3.1 1.4
      vertex 0 3.1 2.2
      vertex 0.055788161180932175 3.0963434507321073 1.4
    endloop
  endfacet
  facet normal 0.06540312923019204 0.9978589232386003 3.5751128280568866e-15
    outer loop
      vertex 0.055788161180932175 3.0963434507321073 1.4
      vertex 0 3.1 2.2
      vertex 0.059034191907241386 3.0961306946379 1.3983809144050137
    endloop
  endfacet
  facet normal -0.8314696123025455 0.555570233019602 0
    outer loop
      vertex -2.68467875173176 1.55 1.6
      vertex -2.68467875173176 1.55 2.2
      vertex -2.459395354902829 1.8871604299270341 2.2
    endloop
  endfacet
  facet normal -0.7518398074789774 0.6593458151000688 0
    outer loop
      vertex -2.459395354902829 1.8871604299270341 1.6
      vertex -2.459395354902829 1.8871604299270341 2.2
      vertex -2.1920310216782974 2.1920310216782974 2.2
    endloop
  endfacet
  facet normal 0 0 1
    outer loop
      vertex -2.68467875173176 -1.55 2.2
      vertex -2.459395354902829 0.4980373096290519 2.2
      vertex -2.68467875173176 1.55 2.2
    endloop
  endfacet
  facet normal 0 0 1
    outer loop
      vertex -2.459395354902829 0.4980373096290519 2.2
      vertex -2.459395354902829 1.8871604299270341 2.2
      vertex -2.68467875173176 1.55 2.2
    endloop
  endfacet
  facet normal 0 0 1
    outer loop
      vertex -2.459395354902829 0.4980373096290519 2.2
      vertex -2.414108229961314 1.1962124238813983 2.2
      vertex -2.459395354902829 1.8871604299270341 2.2
    endloop
  endfacet
  facet normal 0 0 1
    outer loop
      vertex -2.3382685902179845 0.039123120297982705 2.2
      vertex -2.1920310216782974 2.1920310216782974 2.2
      vertex -2.414108229961314 1.1962124238813983 2.2
    endloop
  endfacet
  facet normal 0 0 1
    outer loop
      vertex -2.414108229961314 1.1962124238813983 2.2
      vertex -2.1920310216782974 2.1920310216782974 2.2
      vertex -2.459395354902829 1.8871604299270341 2.2
    endloop
  endfacet
  facet normal 0 0 1
    outer loop
      vertex -2.3382685902179845 0.039123120297982705 2.2
      vertex -1.8871604299270341 1.5731078164970416 2.2
      vertex -2.1920310216782974 2.1920310216782974 2.2
    endloop
  endfacet
  facet normal 0 0 1
    outer loop
      vertex -1.6436558583235459 -1.255766480380547 2.2
      vertex -1.6854562643354773 -0.2218945267740876 2.2
      vertex -1.854255497007199 1.9573630925459926 2.2
    endloop
  endfacet
  facet normal 0 0 1
    outer loop
      vertex -1.854255497007199 1.9573630925459926 2.2
      vertex -1.6854562643354773 -0.2218945267740876 2.2
      vertex -1.6999999999999997 0 2.2
    endloop
  endfacet
  facet normal 0 0 1
    outer loop
      vertex -1.854255497007199 1.9573630925459926 2.2
      vertex -1.6999999999999997 0 2.2
      vertex -1.6854562643354773 0.22189452677408764 2.2
    endloop
  endfacet
  facet normal 0 0 1
    outer loop
      vertex -1.854255497007199 1.9573630925459926 2.2
      vertex -1.6854562643354773 0.22189452677408764 2.2
      vertex -1.642073904691416 0.4399923766742852 2.2
    endloop
  endfacet
  facet normal 0 0 1
    outer loop
      vertex -1.854255497007199 1.9573630925459926 2.2
      vertex -1.642073904691416 0.4399923766742852 2.2
      vertex -1.570595205269187 0.6505618350206525 2.2
    endloop
  endfacet
  facet normal 0 0 1
    outer loop
      vertex -1.55 0.713141747435122 2.2
      vertex -1.570595205269187 0.6505618350206525 2.2
      vertex -1.5471971856704143 0.6980083251707765 2.2
    endloop
  endfacet
  facet normal 0 0 1
    outer loop
      vertex -1.55 0.713141747435122 2.2
      vertex -1.854255497007199 1.9573630925459926 2.2
      vertex -1.570595205269187 0.6505618350206525 2.2
    endloop
  endfacet
  facet normal 0 0 1
    outer loop
      vertex -1.55 0.713141747435122 2.2
      vertex -1.55 2.68467875173176 2.2
      vertex -1.854255497007199 1.9573630925459926 2.2
    endloop
  endfacet
  facet normal 0 0 1
    outer loop
      vertex -1.55 0.713141747435122 2.2
      vertex -1.5198562671141826 2.2247742610155736 2.2
      vertex -1.55 2.68467875173176 2.2
    endloop
  endfacet
  facet normal 0 0 1
    outer loop
      vertex -1.5198562671141826 2.2247742610155736 2.2
      vertex -1.4335448287804524 0.9079161850693089 2.2
      vertex -1.3487006784950997 1.0348944293148252 2.2
    endloop
  endfacet
  facet normal 0 0 1
    outer loop
      vertex -1.5198562671141826 2.2247742610155736 2.2
      vertex -1.3487006784950997 1.0348944293148252 2.2
      vertex -1.2020815280171306 1.2020815280171306 2.2
    endloop
  endfacet
  facet normal 0 0 1
    outer loop
      vertex -1.1863186403317783 2.864026550784989 2.2
      vertex -1.2020815280171306 1.2020815280171306 2.2
      vertex -1.034894429314825 1.3487006784950994 2.2
    endloop
  endfacet
  facet normal -0.6593458151000688 0.7518398074789774 0
    outer loop
      vertex -1.8871604299270341 2.459395354902829 1.4
      vertex -2.1920310216782974 2.1920310216782974 2.2
      vertex -1.8871604299270341 2.459395354902829 2.2
    endloop
  endfacet
  facet normal -0.555570233019602 0.8314696123025455 0
    outer loop
      vertex -1.55 2.68467875173176 1.4
      vertex -1.8871604299270341 2.459395354902829 2.2
      vertex -1.55 2.68467875173176 2.2
    endloop
  endfacet
  facet normal -0.44228869021900147 0.8968727415326881 0
    outer loop
      vertex -1.1863186403317783 2.864026550784989 1.4
      vertex -1.55 2.68467875173176 2.2
      vertex -1.1863186403317783 2.864026550784989 2.2
    endloop
  endfacet
  facet normal 0 0 1
    outer loop
      vertex -1.8871604299270341 1.5731078164970416 2.2
      vertex -1.8871604299270341 2.459395354902829 2.2
      vertex -2.1920310216782974 2.1920310216782974 2.2
    endloop
  endfacet
  facet normal 0 0 1
    outer loop
      vertex -1.8871604299270341 1.5731078164970416 2.2
      vertex -1.854255497007199 1.9573630925459926 2.2
      vertex -1.8871604299270341 2.459395354902829 2.2
    endloop
  endfacet
  facet normal 0 0 1
    outer loop
      vertex -1.854255497007199 1.9573630925459926 2.2
      vertex -1.55 2.68467875173176 2.2
      vertex -1.8871604299270341 2.459395354902829 2.2
    endloop
  endfacet
  facet normal 0 0 1
    outer loop
      vertex -1.5198562671141826 2.2247742610155736 2.2
      vertex -1.2020815280171306 1.2020815280171306 2.2
      vertex -1.1863186403317783 2.864026550784989 2.2
    endloop
  endfacet
  facet normal 0 0 1
    outer loop
      vertex -1.5198562671141826 2.2247742610155736 2.2
      vertex -1.1863186403317783 2.864026550784989 2.2
      vertex -1.55 2.68467875173176 2.2
    endloop
  endfacet
  facet normal 0 0 1
    outer loop
      vertex -1.1863186403317783 2.864026550784989 2.2
      vertex -1.034894429314825 1.3487006784950994 2.2
      vertex -0.8499999999999999 1.4722431864335455 2.2
    endloop
  endfacet
  facet normal 0 0 1
    outer loop
      vertex 0.4046311958821599 1.8803231811597643 2.2
      vertex 0.22189452677408766 1.6854562643354773 2.2
      vertex 0.42564644572201527 1.6449274877793973 2.2
    endloop
  endfacet
  facet normal 0 0 1
    outer loop
      vertex 0.43165732742716934 2.6611399843427392 2.2
      vertex 0.49978067748376626 1.6217785113514331 2.2
      vertex 0.6505618350206526 1.5705952052691872 2.2
    endloop
  endfacet
  facet normal -0.32143946530316125 0.9469301294951058 0
    outer loop
      vertex -0.8023390398178143 2.9943700614961117 1.4
      vertex -1.1863186403317783 2.864026550784989 2.2
      vertex -0.8023390398178143 2.9943700614961117 2.2
    endloop
  endfacet
  facet normal -0.19509032201612847 0.9807852804032304 0
    outer loop
      vertex -0.4046311958821599 3.0734790702588124 1.4
      vertex -0.8023390398178143 2.9943700614961117 2.2
      vertex -0.4046311958821599 3.0734790702588124 2.2
    endloop
  endfacet
  facet normal -0.06540312923014299 0.9978589232386036 0
    outer loop
      vertex 0 3.1 1.4
      vertex -0.4046311958821599 3.0734790702588124 2.2
      vertex 0 3.1 2.2
    endloop
  endfacet
  facet normal 0 0 1
    outer loop
      vertex -1.1863186403317783 2.864026550784989 2.2
      vertex -0.8499999999999999 1.4722431864335455 2.2
      vertex -0.8023390398178143 2.9943700614961117 2.2
    endloop
  endfacet
  facet normal 0 0 1
    outer loop
      vertex -0.8023390398178143 2.9943700614961117 2.2
      vertex -0.8499999999999999 1.4722431864335455 2.2
      vertex -0.6505618350206526 1.5705952052691872 2.2
    endloop
  endfacet
  facet normal 0 0 1
    outer loop
      vertex -0.8023390398178143 2.9943700614961117 2.2
      vertex -0.6505618350206526 1.5705952052691872 2.2
      vertex -0.4399923766742852 1.6420739046914161 2.2
    endloop
  endfacet
  facet normal 0 0 1
    outer loop
      vertex -0.4046311958821599 3.0734790702588124 2.2
      vertex -0.4399923766742852 1.6420739046914161 2.2
      vertex -0.22189452677408766 1.6854562643354773 2.2
    endloop
  endfacet
  facet normal 0 0 1
    outer loop
      vertex -0.4046311958821599 3.0734790702588124 2.2
      vertex -0.22189452677408766 1.6854562643354773 2.2
      vertex 0 1.6999999999999997 2.2
    endloop
  endfacet
  facet normal 0 0 1
    outer loop
      vertex -0.8023390398178143 2.9943700614961117 2.2
      vertex -0.4399923766742852 1.6420739046914161 2.2
      vertex -0.4046311958821599 3.0734790702588124 2.2
    endloop
  endfacet
  facet normal 0 0 1
    outer loop
      vertex 0 3.1 2.2
      vertex 0 1.6999999999999997 2.2
      vertex 0.22189452677408766 1.6854562643354773 2.2
    endloop
  endfacet
  facet normal 0 0 1
    outer loop
      vertex 0.4046311958821599 1.8803231811597643 2.2
      vertex 0 3.1 2.2
      vertex 0.22189452677408766 1.6854562643354773 2.2
    endloop
  endfacet
  facet normal 0 0 1
    outer loop
      vertex -0.4046311958821599 3.0734790702588124 2.2
      vertex 0 1.6999999999999997 2.2
      vertex 0 3.1 2.2
    endloop
  endfacet
  facet normal 0 0 1
    outer loop
      vertex 0.4046311958821599 1.8803231811597643 2.2
      vertex 0.4046311958821599 3.0734790702588124 2.2
      vertex 0 3.1 2.2
    endloop
  endfacet
  facet normal 0 0 1
    outer loop
      vertex 0.4046311958821599 1.8803231811597643 2.2
      vertex 0.43165732742716934 2.6611399843427392 2.2
      vertex 0.4046311958821599 3.0734790702588124 2.2
    endloop
  endfacet
  facet normal 0 0 1
    outer loop
      vertex 0.43165732742716934 2.6611399843427392 2.2
      vertex 0.8023390398178143 2.9943700614961117 2.2
      vertex 0.4046311958821599 3.0734790702588124 2.2
    endloop
  endfacet
  facet normal 0.9978589232386036 0.06540312923014299 0
    outer loop
      vertex 3.1 0 1.4
      vertex 3.0734790702588124 0.4046311958821599 1.4
      vertex 3.1 0 2.2
    endloop
  endfacet
  facet normal 0.9807852804032304 0.19509032201612847 0
    outer loop
      vertex 3.0734790702588124 0.4046311958821599 1.4
      vertex 2.9943700614961117 0.8023390398178143 1.4
      vertex 3.0734790702588124 0.4046311958821599 2.2
    endloop
  endfacet
  facet normal 0.9469301294951059 0.3214394653031609 0
    outer loop
      vertex 2.9943700614961117 0.8023390398178143 1.4
      vertex 2.9021835762219093 1.0739116681385745 1.4
      vertex 2.9943700614961117 0.8023390398178143 2.2
    endloop
  endfacet
  facet normal 0.9469301294951059 0.3214394653031609 0
    outer loop
      vertex 2.9021835762219093 1.0739116681385745 1.4
      vertex 2.9021835762219093 1.0739116681385745 1.6
      vertex 2.9943700614961117 0.8023390398178143 2.2
    endloop
  endfacet
  facet normal 0.9469301294951055 0.321439465303162 5.358291937068586e-16
    outer loop
      vertex 2.9021835762219093 1.0739116681385745 1.6
      vertex 2.864026550784989 1.1863186403317783 1.6
      vertex 2.9943700614961117 0.8023390398178143 2.2
    endloop
  endfacet
  facet normal 0.7518398074789773 0.6593458151000691 0
    outer loop
      vertex 2.459395354902829 1.8871604299270341 1.6
      vertex 2.362588144107006 1.9975478974144285 1.6
      vertex 2.459395354902829 1.8871604299270341 2.2
    endloop
  endfacet
  facet normal 0.8314696123025455 0.555570233019602 0
    outer loop
      vertex 2.459395354902829 1.8871604299270341 1.6
      vertex 2.68467875173176 1.55 2.2
      vertex 2.68467875173176 1.55 1.6
    endloop
  endfacet
  facet normal 0.8968727415326881 0.44228869021900147 0
    outer loop
      vertex 2.68467875173176 1.55 1.6
      vertex 2.864026550784989 1.1863186403317783 2.2
      vertex 2.864026550784989 1.1863186403317783 1.6
    endloop
  endfacet
  facet normal 0 0 1
    outer loop
      vertex 0.43165732742716934 2.6611399843427392 2.2
      vertex 0.6505618350206526 1.5705952052691872 2.2
      vertex 0.8108643233503056 1.4915427663679823 2.2
    endloop
  endfacet
  facet normal 0 0 1
    outer loop
      vertex 0.8305951462963842 2.5632651844434355 2.2
      vertex 1.034894429314825 1.3487006784950994 2.2
      vertex 1.2020815280171306 1.2020815280171306 2.2
    endloop
  endfacet
  facet normal 0 0 1
    outer loop
      vertex 0.8305951462963842 2.5632651844434355 2.2
      vertex 0.9044909219037811 1.4358335164569098 2.2
      vertex 1.034894429314825 1.3487006784950994 2.2
    endloop
  endfacet
  facet normal 0 0 1
    outer loop
      vertex 1.55 2.68467875173176 2.2
      vertex 1.3487006784950997 1.034894429314825 2.2
      vertex 1.4722431864335455 0.8499999999999999 2.2
    endloop
  endfacet
  facet normal 0 0 1
    outer loop
      vertex 1.55 2.68467875173176 2.2
      vertex 1.2020815280171306 1.2020815280171306 2.2
      vertex 1.3487006784950997 1.034894429314825 2.2
    endloop
  endfacet
  facet normal 0 0 1
    outer loop
      vertex 1.8871604299270341 2.459395354902829 2.2
      vertex 1.6999999999999995 0 2.2
      vertex 1.6854562643354773 -0.22189452677408764 2.2
    endloop
  endfacet
  facet normal 0 0 1
    outer loop
      vertex 1.8871604299270341 2.459395354902829 2.2
      vertex 1.6854562643354771 0.2218945267740876 2.2
      vertex 1.6999999999999995 0 2.2
    endloop
  endfacet
  facet normal 0 0 1
    outer loop
      vertex 1.8871604299270341 2.459395354902829 2.2
      vertex 1.642073904691416 0.4399923766742852 2.2
      vertex 1.6854562643354771 0.2218945267740876 2.2
    endloop
  endfacet
  facet normal 0 0 1
    outer loop
      vertex 1.8871604299270341 -2.459395354902829 2.2
      vertex 2.1920310216782974 0.8811541419762795 2.2
      vertex 1.8871604299270341 2.459395354902829 2.2
    endloop
  endfacet
  facet normal 0 0 1
    outer loop
      vertex 1.55 2.68467875173176 2.2
      vertex 1.4722431864335455 0.8499999999999999 2.2
      vertex 1.5705952052691872 0.6505618350206525 2.2
    endloop
  endfacet
  facet normal 0 0 1
    outer loop
      vertex 1.8871604299270341 2.459395354902829 2.2
      vertex 1.5705952052691872 0.6505618350206525 2.2
      vertex 1.642073904691416 0.4399923766742852 2.2
    endloop
  endfacet
  facet normal 0 0 1
    outer loop
      vertex 1.55 2.68467875173176 2.2
      vertex 1.5705952052691872 0.6505618350206525 2.2
      vertex 1.8871604299270341 2.459395354902829 2.2
    endloop
  endfacet
  facet normal 0 0 1
    outer loop
      vertex 2.1920310216782974 0.8811541419762795 2.2
      vertex 2.2373181466198124 1.5010830156326616 2.2
      vertex 2.1920310216782974 2.1920310216782974 2.2
    endloop
  endfacet
  facet normal 0 0 1
    outer loop
      vertex 2.1920310216782974 0.8811541419762795 2.2
      vertex 2.1920310216782974 2.1920310216782974 2.2
      vertex 1.8871604299270341 2.459395354902829 2.2
    endloop
  endfacet
  facet normal 0 0 1
    outer loop
      vertex 2.2373181466198124 1.5010830156326616 2.2
      vertex 2.459395354902829 1.8871604299270341 2.2
      vertex 2.1920310216782974 2.1920310216782974 2.2
    endloop
  endfacet
  facet normal 0 0 1
    outer loop
      vertex 0.43165732742716934 2.6611399843427392 2.2
      vertex 0.8108643233503056 1.4915427663679823 2.2
      vertex 0.8023390398178143 2.9943700614961117 2.2
    endloop
  endfacet
  facet normal 0 0 1
    outer loop
      vertex 0.8305951462963842 2.5632651844434355 2.2
      vertex 0.8023390398178143 2.9943700614961117 2.2
      vertex 0.8108643233503056 1.4915427663679823 2.2
    endloop
  endfacet
  facet normal 0 0 1
    outer loop
      vertex 0.8305951462963842 2.5632651844434355 2.2
      vertex 1.1863186403317783 2.864026550784989 2.2
      vertex 0.8023390398178143 2.9943700614961117 2.2
    endloop
  endfacet
  facet normal 0 0 1
    outer loop
      vertex 0.8305951462963842 2.5632651844434355 2.2
      vertex 1.2020815280171306 1.2020815280171306 2.2
      vertex 1.1863186403317783 2.864026550784989 2.2
    endloop
  endfacet
  facet normal 0 0 1
    outer loop
      vertex 1.1863186403317783 2.864026550784989 2.2
      vertex 1.2020815280171306 1.2020815280171306 2.2
      vertex 1.55 2.68467875173176 2.2
    endloop
  endfacet
  facet normal 0.9978589232386036 0.06540312923014299 0
    outer loop
      vertex 3.1 0 2.2
      vertex 3.0734790702588124 0.4046311958821599 1.4
      vertex 3.0734790702588124 0.4046311958821599 2.2
    endloop
  endfacet
  facet normal 0.9807852804032304 0.19509032201612847 0
    outer loop
      vertex 2.9943700614961117 0.8023390398178143 1.4
      vertex 2.9943700614961117 0.8023390398178143 2.2
      vertex 3.0734790702588124 0.4046311958821599 2.2
    endloop
  endfacet
  facet normal 0.8314696123025455 0.555570233019602 0
    outer loop
      vertex 2.459395354902829 1.8871604299270341 1.6
      vertex 2.459395354902829 1.8871604299270341 2.2
      vertex 2.68467875173176 1.55 2.2
    endloop
  endfacet
  facet normal 0.9469301294951058 0.32143946530316125 0
    outer loop
      vertex 2.864026550784989 1.1863186403317783 1.6
      vertex 2.864026550784989 1.1863186403317783 2.2
      vertex 2.9943700614961117 0.8023390398178143 2.2
    endloop
  endfacet
  facet normal 0.8968727415326881 0.44228869021900147 0
    outer loop
      vertex 2.68467875173176 1.55 1.6
      vertex 2.68467875173176 1.55 2.2
      vertex 2.864026550784989 1.1863186403317783 2.2
    endloop
  endfacet
  facet normal 0 0 1
    outer loop
      vertex 2.459395354902829 -1.8871604299270341 2.2
      vertex 2.68467875173176 1.55 2.2
      vertex 2.459395354902829 1.8871604299270341 2.2
    endloop
  endfacet
  facet normal 0 0 1
    outer loop
      vertex 2.864026550784989 -1.1863186403317783 2.2
      vertex 2.864026550784989 1.1863186403317783 2.2
      vertex 2.68467875173176 1.55 2.2
    endloop
  endfacet
  facet normal 0 0 1
    outer loop
      vertex 3.0734790702588124 -0.4046311958821599 2.2
      vertex 3.0734790702588124 0.4046311958821599 2.2
      vertex 2.9943700614961117 0.8023390398178143 2.2
    endloop
  endfacet
  facet normal 0 0 1
    outer loop
      vertex 2.9943700614961117 -0.8023390398178143 2.2
      vertex 2.9943700614961117 0.8023390398178143 2.2
      vertex 2.864026550784989 1.1863186403317783 2.2
    endloop
  endfacet
  facet normal 0 0 1
    outer loop
      vertex 2.3382685902179845 -0.039123120297982705 2.2
      vertex 2.459395354902829 1.8871604299270341 2.2
      vertex 2.2373181466198124 1.5010830156326616 2.2
    endloop
  endfacet
  facet normal 0.7518398074789773 0.6593458151000688 -5.70399025901787e-17
    outer loop
      vertex 2.362588144107006 1.9975478974144285 1.6
      vertex 2.1920310216782974 2.1920310216782974 2.2
      vertex 2.459395354902829 1.8871604299270341 2.2
    endloop
  endfacet
  facet normal 0 0 1
    outer loop
      vertex -2.3382685902179845 0.039123120297982705 2.2
      vertex -2.414108229961314 1.1962124238813983 2.2
      vertex -2.459395354902829 0.4980373096290519 2.2
    endloop
  endfacet
  facet normal 0 0 1
    outer loop
      vertex -1.6436558583235459 -1.255766480380547 2.2
      vertex -1.854255497007199 1.9573630925459926 2.2
      vertex -1.8871604299270341 1.5731078164970416 2.2
    endloop
  endfacet
  facet normal 0 0 1
    outer loop
      vertex -1.55 0.713141747435122 2.2
      vertex -1.5471971856704143 0.6980083251707765 2.2
      vertex -1.4722431864335455 0.8499999999999999 2.2
    endloop
  endfacet
  facet normal 0 0 1
    outer loop
      vertex -1.55 0.713141747435122 2.2
      vertex -1.4722431864335455 0.8499999999999999 2.2
      vertex -1.5198562671141826 2.2247742610155736 2.2
    endloop
  endfacet
  facet normal 0 0 1
    outer loop
      vertex -1.5198562671141826 2.2247742610155736 2.2
      vertex -1.4722431864335455 0.8499999999999999 2.2
      vertex -1.4335448287804524 0.9079161850693089 2.2
    endloop
  endfacet
  facet normal 0 0 1
    outer loop
      vertex 0.4046311958821599 1.8803231811597643 2.2
      vertex 0.42564644572201527 1.6449274877793973 2.2
      vertex 0.43999237667428526 1.6420739046914161 2.2
    endloop
  endfacet
  facet normal 0 0 1
    outer loop
      vertex 0.4046311958821599 1.8803231811597643 2.2
      vertex 0.43999237667428526 1.6420739046914161 2.2
      vertex 0.49978067748376626 1.6217785113514331 2.2
    endloop
  endfacet
  facet normal 0 0 1
    outer loop
      vertex 0.4046311958821599 1.8803231811597643 2.2
      vertex 0.49978067748376626 1.6217785113514331 2.2
      vertex 0.43165732742716934 2.6611399843427392 2.2
    endloop
  endfacet
  facet normal 0 0 1
    outer loop
      vertex 0.8305951462963842 2.5632651844434355 2.2
      vertex 0.8108643233503056 1.4915427663679823 2.2
      vertex 0.8499999999999999 1.4722431864335455 2.2
    endloop
  endfacet
  facet normal 0 0 1
    outer loop
      vertex 0.8305951462963842 2.5632651844434355 2.2
      vertex 0.8499999999999999 1.4722431864335455 2.2
      vertex 0.9044909219037811 1.4358335164569098 2.2
    endloop
  endfacet
  facet normal 0 0 1
    outer loop
      vertex 2.3382685902179845 -0.039123120297982705 2.2
      vertex 2.2373181466198124 1.5010830156326616 2.2
      vertex 2.1920310216782974 0.8811541419762795 2.2
    endloop
  endfacet
  facet normal 0.9469301294951055 0.32143946530316236 0
    outer loop
      vertex -1.2934313455158013 -0.5357568053111257 0.35000000000000003
      vertex -1.3522961568046956 -0.36234666314352904 0.35000000000000003
      vertex -1.2934313455158013 -0.5357568053111257 1.9000000000000001
    endloop
  endfacet
  facet normal 0.8314696123025457 0.5555702330196014 0
    outer loop
      vertex -1.1106946764077292 -0.8522660006122089 0.35000000000000003
      vertex -1.212435565298214 -0.7 0.35000000000000003
      vertex -1.1106946764077292 -0.8522660006122089 1.9000000000000001
    endloop
  endfacet
  facet normal 0.8968727415326884 0.4422886902190014 0
    outer loop
      vertex -1.212435565298214 -0.7 0.35000000000000003
      vertex -1.2934313455158013 -0.5357568053111257 0.35000000000000003
      vertex -1.212435565298214 -0.7 1.9000000000000001
    endloop
  endfacet
  facet normal 0.9807852804032305 0.19509032201612714 0
    outer loop
      vertex -1.3880228059233344 -0.18273666910807218 0.35000000000000003
      vertex -1.3522961568046956 -0.36234666314352904 1.9000000000000001
      vertex -1.3522961568046956 -0.36234666314352904 0.35000000000000003
    endloop
  endfacet
  facet normal 0.9978589232386035 0.06540312923014367 0
    outer loop
      vertex -1.3880228059233344 -0.18273666910807218 0.35000000000000003
      vertex -1.4 0 0.35000000000000003
      vertex -1.3880228059233344 -0.18273666910807218 1.9000000000000001
    endloop
  endfacet
  facet normal 0.9978589232386035 -0.06540312923014367 0
    outer loop
      vertex -1.4 0 0.35000000000000003
      vertex -1.3880228059233344 0.18273666910807218 0.35000000000000003
      vertex -1.4 0 1.9000000000000001
    endloop
  endfacet
  facet normal 0.7518398074789776 0.6593458151000687 0
    outer loop
      vertex -1.1106946764077292 -0.8522660006122089 0.35000000000000003
      vertex -0.9899494936611666 -0.9899494936611666 1.9000000000000001
      vertex -0.9899494936611666 -0.9899494936611666 0.35000000000000003
    endloop
  endfacet
  facet normal 0.6593458151000687 0.7518398074789776 0
    outer loop
      vertex -0.8522660006122089 -1.1106946764077292 0.35000000000000003
      vertex -0.9899494936611666 -0.9899494936611666 0.35000000000000003
      vertex -0.8522660006122089 -1.1106946764077292 1.9000000000000001
    endloop
  endfacet
  facet normal 0.5555702330196014 0.8314696123025457 0
    outer loop
      vertex -0.8522660006122089 -1.1106946764077292 0.35000000000000003
      vertex -0.7 -1.212435565298214 1.9000000000000001
      vertex -0.7 -1.212435565298214 0.35000000000000003
    endloop
  endfacet
  facet normal 0.32143946530316236 0.9469301294951055 0
    outer loop
      vertex -0.5357568053111257 -1.2934313455158013 0.35000000000000003
      vertex -0.36234666314352904 -1.3522961568046956 1.9000000000000001
      vertex -0.36234666314352904 -1.3522961568046956 0.35000000000000003
    endloop
  endfacet
  facet normal 0.19509032201612714 0.9807852804032305 0
    outer loop
      vertex -0.36234666314352904 -1.3522961568046956 0.35000000000000003
      vertex -0.18273666910807218 -1.3880228059233344 1.9000000000000001
      vertex -0.18273666910807218 -1.3880228059233344 0.35000000000000003
    endloop
  endfacet
  facet normal 0.4422886902190014 0.8968727415326884 0
    outer loop
      vertex -0.7 -1.212435565298214 0.35000000000000003
      vertex -0.5357568053111257 -1.2934313455158013 1.9000000000000001
      vertex -0.5357568053111257 -1.2934313455158013 0.35000000000000003
    endloop
  endfacet
  facet normal 0.06540312923014367 0.9978589232386035 0
    outer loop
      vertex -0.18273666910807218 -1.3880228059233344 0.35000000000000003
      vertex 0 -1.4 1.9000000000000001
      vertex 0 -1.4 0.35000000000000003
    endloop
  endfacet
  facet normal -0.06540312923014367 0.9978589232386035 0
    outer loop
      vertex 0 -1.4 0.35000000000000003
      vertex 0.18273666910807218 -1.3880228059233344 1.9000000000000001
      vertex 0.18273666910807218 -1.3880228059233344 0.35000000000000003
    endloop
  endfacet
  facet normal -0.19509032201612714 0.9807852804032305 0
    outer loop
      vertex 0.18273666910807218 -1.3880228059233344 0.35000000000000003
      vertex 0.36234666314352904 -1.3522961568046956 1.9000000000000001
      vertex 0.36234666314352904 -1.3522961568046956 0.35000000000000003
    endloop
  endfacet
  facet normal -0.32143946530316236 0.9469301294951055 0
    outer loop
      vertex 0.36234666314352904 -1.3522961568046956 0.35000000000000003
      vertex 0.5357568053111257 -1.2934313455158013 1.9000000000000001
      vertex 0.5357568053111257 -1.2934313455158013 0.35000000000000003
    endloop
  endfacet
  facet normal -0.4422886902190014 0.8968727415326884 0
    outer loop
      vertex 0.5357568053111257 -1.2934313455158013 0.35000000000000003
      vertex 0.7 -1.212435565298214 1.9000000000000001
      vertex 0.7 -1.212435565298214 0.35000000000000003
    endloop
  endfacet
  facet normal -0.5555702330196014 0.8314696123025457 0
    outer loop
      vertex 0.7 -1.212435565298214 0.35000000000000003
      vertex 0.8522660006122089 -1.1106946764077292 1.9000000000000001
      vertex 0.8522660006122089 -1.1106946764077292 0.35000000000000003
    endloop
  endfacet
  facet normal -0.6593458151000687 0.7518398074789776 0
    outer loop
      vertex 0.8522660006122089 -1.1106946764077292 0.35000000000000003
      vertex 0.9899494936611666 -0.9899494936611666 1.9000000000000001
      vertex 0.9899494936611666 -0.9899494936611666 0.35000000000000003
    endloop
  endfacet
  facet normal -0.7518398074789776 0.6593458151000687 0
    outer loop
      vertex 0.9899494936611666 -0.9899494936611666 0.35000000000000003
      vertex 1.1106946764077292 -0.8522660006122089 1.9000000000000001
      vertex 1.1106946764077292 -0.8522660006122089 0.35000000000000003
    endloop
  endfacet
  facet normal -0.8314696123025457 0.5555702330196014 0
    outer loop
      vertex 1.1106946764077292 -0.8522660006122089 0.35000000000000003
      vertex 1.212435565298214 -0.7 1.9000000000000001
      vertex 1.212435565298214 -0.7 0.35000000000000003
    endloop
  endfacet
  facet normal -0.8968727415326884 0.4422886902190014 0
    outer loop
      vertex 1.212435565298214 -0.7 0.35000000000000003
      vertex 1.2934313455158013 -0.5357568053111257 1.9000000000000001
      vertex 1.2934313455158013 -0.5357568053111257 0.35000000000000003
    endloop
  endfacet
  facet normal -0.9469301294951055 0.32143946530316236 0
    outer loop
      vertex 1.2934313455158013 -0.5357568053111257 0.35000000000000003
      vertex 1.3522961568046956 -0.36234666314352904 1.9000000000000001
      vertex 1.3522961568046956 -0.36234666314352904 0.35000000000000003
    endloop
  endfacet
  facet normal -0.9807852804032305 0.19509032201612714 0
    outer loop
      vertex 1.3522961568046956 -0.36234666314352904 0.35000000000000003
      vertex 1.3880228059233344 -0.18273666910807218 1.9000000000000001
      vertex 1.3880228059233344 -0.18273666910807218 0.35000000000000003
    endloop
  endfacet
  facet normal -0.9978589232386035 0.06540312923014367 0
    outer loop
      vertex 1.3880228059233344 -0.18273666910807218 0.35000000000000003
      vertex 1.4 0 1.9000000000000001
      vertex 1.4 0 0.35000000000000003
    endloop
  endfacet
  facet normal 0.7518398074789776 0.6593458151000687 0
    outer loop
      vertex -1.1106946764077292 -0.8522660006122089 0.35000000000000003
      vertex -1.1106946764077292 -0.8522660006122089 1.9000000000000001
      vertex -0.9899494936611666 -0.9899494936611666 1.9000000000000001
    endloop
  endfacet
  facet normal 0.8968727415326884 0.4422886902190014 0
    outer loop
      vertex -1.2934313455158013 -0.5357568053111257 0.35000000000000003
      vertex -1.2934313455158013 -0.5357568053111257 1.9000000000000001
      vertex -1.212435565298214 -0.7 1.9000000000000001
    endloop
  endfacet
  facet normal 0.9469301294951055 0.32143946530316236 0
    outer loop
      vertex -1.3522961568046956 -0.36234666314352904 0.35000000000000003
      vertex -1.3522961568046956 -0.36234666314352904 1.9000000000000001
      vertex -1.2934313455158013 -0.5357568053111257 1.9000000000000001
    endloop
  endfacet
  facet normal 0.8314696123025457 0.5555702330196014 0
    outer loop
      vertex -1.212435565298214 -0.7 0.35000000000000003
      vertex -1.212435565298214 -0.7 1.9000000000000001
      vertex -1.1106946764077292 -0.8522660006122089 1.9000000000000001
    endloop
  endfacet
  facet normal 0.9807852804032305 0.19509032201612714 0
    outer loop
      vertex -1.3880228059233344 -0.18273666910807218 0.35000000000000003
      vertex -1.3880228059233344 -0.18273666910807218 1.9000000000000001
      vertex -1.3522961568046956 -0.36234666314352904 1.9000000000000001
    endloop
  endfacet
  facet normal 0.9978589232386035 0.06540312923014367 0
    outer loop
      vertex -1.3880228059233344 -0.18273666910807218 1.9000000000000001
      vertex -1.4 0 0.35000000000000003
      vertex -1.4 0 1.9000000000000001
    endloop
  endfacet
  facet normal 0.6593458151000687 0.7518398074789776 0
    outer loop
      vertex -0.9899494936611666 -0.9899494936611666 0.35000000000000003
      vertex -0.9899494936611666 -0.9899494936611666 1.9000000000000001
      vertex -0.8522660006122089 -1.1106946764077292 1.9000000000000001
    endloop
  endfacet
  facet normal 0.5555702330196014 0.8314696123025457 0
    outer loop
      vertex -0.8522660006122089 -1.1106946764077292 0.35000000000000003
      vertex -0.8522660006122089 -1.1106946764077292 1.9000000000000001
      vertex -0.7 -1.212435565298214 1.9000000000000001
    endloop
  endfacet
  facet normal 0.4422886902190014 0.8968727415326884 0
    outer loop
      vertex -0.7 -1.212435565298214 0.35000000000000003
      vertex -0.7 -1.212435565298214 1.9000000000000001
      vertex -0.5357568053111257 -1.2934313455158013 1.9000000000000001
    endloop
  endfacet
  facet normal 0.19509032201612714 0.9807852804032305 0
    outer loop
      vertex -0.36234666314352904 -1.3522961568046956 0.35000000000000003
      vertex -0.36234666314352904 -1.3522961568046956 1.9000000000000001
      vertex -0.18273666910807218 -1.3880228059233344 1.9000000000000001
    endloop
  endfacet
  facet normal 0.32143946530316236 0.9469301294951055 0
    outer loop
      vertex -0.5357568053111257 -1.2934313455158013 0.35000000000000003
      vertex -0.5357568053111257 -1.2934313455158013 1.9000000000000001
      vertex -0.36234666314352904 -1.3522961568046956 1.9000000000000001
    endloop
  endfacet
  facet normal 0.06540312923014367 0.9978589232386035 0
    outer loop
      vertex -0.18273666910807218 -1.3880228059233344 0.35000000000000003
      vertex -0.18273666910807218 -1.3880228059233344 1.9000000000000001
      vertex 0 -1.4 1.9000000000000001
    endloop
  endfacet
  facet normal -0.06540312923014367 0.9978589232386035 0
    outer loop
      vertex 0 -1.4 0.35000000000000003
      vertex 0 -1.4 1.9000000000000001
      vertex 0.18273666910807218 -1.3880228059233344 1.9000000000000001
    endloop
  endfacet
  facet normal -0.19509032201612714 0.9807852804032305 0
    outer loop
      vertex 0.18273666910807218 -1.3880228059233344 0.35000000000000003
      vertex 0.18273666910807218 -1.3880228059233344 1.9000000000000001
      vertex 0.36234666314352904 -1.3522961568046956 1.9000000000000001
    endloop
  endfacet
  facet normal -0.32143946530316236 0.9469301294951055 0
    outer loop
      vertex 0.36234666314352904 -1.3522961568046956 0.35000000000000003
      vertex 0.36234666314352904 -1.3522961568046956 1.9000000000000001
      vertex 0.5357568053111257 -1.2934313455158013 1.9000000000000001
    endloop
  endfacet
  facet normal -0.4422886902190014 0.8968727415326884 0
    outer loop
      vertex 0.5357568053111257 -1.2934313455158013 0.35000000000000003
      vertex 0.5357568053111257 -1.2934313455158013 1.9000000000000001
      vertex 0.7 -1.212435565298214 1.9000000000000001
    endloop
  endfacet
  facet normal -0.5555702330196014 0.8314696123025457 0
    outer loop
      vertex 0.7 -1.212435565298214 0.35000000000000003
      vertex 0.7 -1.212435565298214 1.9000000000000001
      vertex 0.8522660006122089 -1.1106946764077292 1.9000000000000001
    endloop
  endfacet
  facet normal -0.6593458151000687 0.7518398074789776 0
    outer loop
      vertex 0.8522660006122089 -1.1106946764077292 0.35000000000000003
      vertex 0.8522660006122089 -1.1106946764077292 1.9000000000000001
      vertex 0.9899494936611666 -0.9899494936611666 1.9000000000000001
    endloop
  endfacet
  facet normal -0.7518398074789776 0.6593458151000687 0
    outer loop
      vertex 0.9899494936611666 -0.9899494936611666 0.35000000000000003
      vertex 0.9899494936611666 -0.9899494936611666 1.9000000000000001
      vertex 1.1106946764077292 -0.8522660006122089 1.9000000000000001
    endloop
  endfacet
  facet normal -0.8314696123025457 0.5555702330196014 0
    outer loop
      vertex 1.1106946764077292 -0.8522660006122089 0.35000000000000003
      vertex 1.1106946764077292 -0.8522660006122089 1.9000000000000001
      vertex 1.212435565298214 -0.7 1.9000000000000001
    endloop
  endfacet
  facet normal -0.8968727415326884 0.4422886902190014 0
    outer loop
      vertex 1.212435565298214 -0.7 0.35000000000000003
      vertex 1.212435565298214 -0.7 1.9000000000000001
      vertex 1.2934313455158013 -0.5357568053111257 1.9000000000000001
    endloop
  endfacet
  facet normal -0.9469301294951055 0.32143946530316236 0
    outer loop
      vertex 1.2934313455158013 -0.5357568053111257 0.35000000000000003
      vertex 1.2934313455158013 -0.5357568053111257 1.9000000000000001
      vertex 1.3522961568046956 -0.36234666314352904 1.9000000000000001
    endloop
  endfacet
  facet normal -0.9807852804032305 0.19509032201612714 0
    outer loop
      vertex 1.3522961568046956 -0.36234666314352904 0.35000000000000003
      vertex 1.3522961568046956 -0.36234666314352904 1.9000000000000001
      vertex 1.3880228059233344 -0.18273666910807218 1.9000000000000001
    endloop
  endfacet
  facet normal -0.9978589232386035 0.06540312923014367 0
    outer loop
      vertex 1.3880228059233344 -0.18273666910807218 0.35000000000000003
      vertex 1.3880228059233344 -0.18273666910807218 1.9000000000000001
      vertex 1.4 0 1.9000000000000001
    endloop
  endfacet
  facet normal -0.9978589232386035 -0.06540312923014367 0
    outer loop
      vertex 1.4 0 0.35000000000000003
      vertex 1.4 0 1.9000000000000001
      vertex 1.3880228059233344 0.18273666910807218 1.9000000000000001
    endloop
  endfacet
  facet normal 0.9807852804032305 -0.19509032201612714 0
    outer loop
      vertex -1.3880228059233344 0.18273666910807218 0.35000000000000003
      vertex -1.3522961568046956 0.36234666314352904 0.35000000000000003
      vertex -1.3880228059233344 0.18273666910807218 1.9000000000000001
    endloop
  endfacet
  facet normal 0.9469301294951055 -0.32143946530316236 0
    outer loop
      vertex -1.3522961568046956 0.36234666314352904 0.35000000000000003
      vertex -1.2934313455158013 0.5357568053111257 0.35000000000000003
      vertex -1.3522961568046956 0.36234666314352904 1.9000000000000001
    endloop
  endfacet
  facet normal 0.8968727415326884 -0.4422886902190014 0
    outer loop
      vertex -1.2934313455158013 0.5357568053111257 0.35000000000000003
      vertex -1.212435565298214 0.7 0.35000000000000003
      vertex -1.2934313455158013 0.5357568053111257 1.9000000000000001
    endloop
  endfacet
  facet normal 0.8314696123025457 -0.5555702330196014 0
    outer loop
      vertex -1.212435565298214 0.7 0.35000000000000003
      vertex -1.1106946764077292 0.8522660006122089 0.35000000000000003
      vertex -1.212435565298214 0.7 1.9000000000000001
    endloop
  endfacet
  facet normal 0.7518398074789776 -0.6593458151000687 0
    outer loop
      vertex -1.1106946764077292 0.8522660006122089 0.35000000000000003
      vertex -0.9899494936611666 0.9899494936611666 0.35000000000000003
      vertex -1.1106946764077292 0.8522660006122089 1.9000000000000001
    endloop
  endfacet
  facet normal 0.6593458151000687 -0.7518398074789776 0
    outer loop
      vertex -0.9899494936611666 0.9899494936611666 0.35000000000000003
      vertex -0.8522660006122089 1.1106946764077292 0.35000000000000003
      vertex -0.9899494936611666 0.9899494936611666 1.9000000000000001
    endloop
  endfacet
  facet normal 0.5555702330196014 -0.8314696123025457 0
    outer loop
      vertex -0.8522660006122089 1.1106946764077292 0.35000000000000003
      vertex -0.7 1.212435565298214 0.35000000000000003
      vertex -0.8522660006122089 1.1106946764077292 1.9000000000000001
    endloop
  endfacet
  facet normal 0.4422886902190014 -0.8968727415326884 0
    outer loop
      vertex -0.7 1.212435565298214 0.35000000000000003
      vertex -0.5357568053111257 1.2934313455158013 0.35000000000000003
      vertex -0.7 1.212435565298214 1.9000000000000001
    endloop
  endfacet
  facet normal 0.32143946530316236 -0.9469301294951055 0
    outer loop
      vertex -0.5357568053111257 1.2934313455158013 0.35000000000000003
      vertex -0.36234666314352904 1.3522961568046956 0.35000000000000003
      vertex -0.5357568053111257 1.2934313455158013 1.9000000000000001
    endloop
  endfacet
  facet normal 0.19509032201612714 -0.9807852804032305 0
    outer loop
      vertex -0.36234666314352904 1.3522961568046956 0.35000000000000003
      vertex -0.18273666910807218 1.3880228059233344 0.35000000000000003
      vertex -0.36234666314352904 1.3522961568046956 1.9000000000000001
    endloop
  endfacet
  facet normal 0.06540312923014367 -0.9978589232386035 0
    outer loop
      vertex -0.18273666910807218 1.3880228059233344 0.35000000000000003
      vertex 0 1.4 0.35000000000000003
      vertex -0.18273666910807218 1.3880228059233344 1.9000000000000001
    endloop
  endfacet
  facet normal -0.06540312923014367 -0.9978589232386035 0
    outer loop
      vertex 0 1.4 0.35000000000000003
      vertex 0.18273666910807218 1.3880228059233344 0.35000000000000003
      vertex 0 1.4 1.9000000000000001
    endloop
  endfacet
  facet normal -0.19509032201612714 -0.9807852804032305 0
    outer loop
      vertex 0.18273666910807218 1.3880228059233344 0.35000000000000003
      vertex 0.36234666314352904 1.3522961568046956 0.35000000000000003
      vertex 0.18273666910807218 1.3880228059233344 1.9000000000000001
    endloop
  endfacet
  facet normal -0.32143946530316236 -0.9469301294951055 0
    outer loop
      vertex 0.36234666314352904 1.3522961568046956 0.35000000000000003
      vertex 0.5357568053111257 1.2934313455158013 0.35000000000000003
      vertex 0.36234666314352904 1.3522961568046956 1.9000000000000001
    endloop
  endfacet
  facet normal -0.4422886902190014 -0.8968727415326884 0
    outer loop
      vertex 0.5357568053111257 1.2934313455158013 0.35000000000000003
      vertex 0.7 1.212435565298214 0.35000000000000003
      vertex 0.5357568053111257 1.2934313455158013 1.9000000000000001
    endloop
  endfacet
  facet normal -0.7518398074789776 -0.6593458151000687 0
    outer loop
      vertex 0.9899494936611666 0.9899494936611666 0.35000000000000003
      vertex 1.1106946764077292 0.8522660006122089 0.35000000000000003
      vertex 0.9899494936611666 0.9899494936611666 1.9000000000000001
    endloop
  endfacet
  facet normal -0.9978589232386035 -0.06540312923014367 0
    outer loop
      vertex 1.4 0 0.35000000000000003
      vertex 1.3880228059233344 0.18273666910807218 1.9000000000000001
      vertex 1.3880228059233344 0.18273666910807218 0.35000000000000003
    endloop
  endfacet
  facet normal -0.9807852804032305 -0.19509032201612714 0
    outer loop
      vertex 1.3522961568046956 0.36234666314352904 0.35000000000000003
      vertex 1.3880228059233344 0.18273666910807218 0.35000000000000003
      vertex 1.3522961568046956 0.36234666314352904 1.9000000000000001
    endloop
  endfacet
  facet normal -0.9469301294951055 -0.32143946530316236 0
    outer loop
      vertex 1.3522961568046956 0.36234666314352904 0.35000000000000003
      vertex 1.2934313455158013 0.5357568053111257 1.9000000000000001
      vertex 1.2934313455158013 0.5357568053111257 0.35000000000000003
    endloop
  endfacet
  facet normal -0.8314696123025457 -0.5555702330196014 0
    outer loop
      vertex 1.212435565298214 0.7 0.35000000000000003
      vertex 1.1106946764077292 0.8522660006122089 1.9000000000000001
      vertex 1.1106946764077292 0.8522660006122089 0.35000000000000003
    endloop
  endfacet
  facet normal -0.8968727415326884 -0.4422886902190014 0
    outer loop
      vertex 1.2934313455158013 0.5357568053111257 0.35000000000000003
      vertex 1.212435565298214 0.7 1.9000000000000001
      vertex 1.212435565298214 0.7 0.35000000000000003
    endloop
  endfacet
  facet normal -0.5555702330196014 -0.8314696123025457 0
    outer loop
      vertex 0.7 1.212435565298214 0.35000000000000003
      vertex 0.8522660006122089 1.1106946764077292 0.35000000000000003
      vertex 0.7 1.212435565298214 1.9000000000000001
    endloop
  endfacet
  facet normal -0.6593458151000687 -0.7518398074789776 0
    outer loop
      vertex 0.9899494936611666 0.9899494936611666 0.35000000000000003
      vertex 0.8522660006122089 1.1106946764077292 1.9000000000000001
      vertex 0.8522660006122089 1.1106946764077292 0.35000000000000003
    endloop
  endfacet
  facet normal 0.9978589232386035 -0.06540312923014367 0
    outer loop
      vertex -1.3880228059233344 0.18273666910807218 0.35000000000000003
      vertex -1.3880228059233344 0.18273666910807218 1.9000000000000001
      vertex -1.4 0 1.9000000000000001
    endloop
  endfacet
  facet normal 0.9807852804032305 -0.19509032201612714 0
    outer loop
      vertex -1.3522961568046956 0.36234666314352904 0.35000000000000003
      vertex -1.3522961568046956 0.36234666314352904 1.9000000000000001
      vertex -1.3880228059233344 0.18273666910807218 1.9000000000000001
    endloop
  endfacet
  facet normal 0.9469301294951055 -0.32143946530316236 0
    outer loop
      vertex -1.2934313455158013 0.5357568053111257 0.35000000000000003
      vertex -1.2934313455158013 0.5357568053111257 1.9000000000000001
      vertex -1.3522961568046956 0.36234666314352904 1.9000000000000001
    endloop
  endfacet
  facet normal 0.8968727415326884 -0.4422886902190014 0
    outer loop
      vertex -1.212435565298214 0.7 0.35000000000000003
      vertex -1.212435565298214 0.7 1.9000000000000001
      vertex -1.2934313455158013 0.5357568053111257 1.9000000000000001
    endloop
  endfacet
  facet normal 0.8314696123025457 -0.5555702330196014 0
    outer loop
      vertex -1.1106946764077292 0.8522660006122089 0.35000000000000003
      vertex -1.1106946764077292 0.8522660006122089 1.9000000000000001
      vertex -1.212435565298214 0.7 1.9000000000000001
    endloop
  endfacet
  facet normal 0.7518398074789776 -0.6593458151000687 0
    outer loop
      vertex -0.9899494936611666 0.9899494936611666 0.35000000000000003
      vertex -0.9899494936611666 0.9899494936611666 1.9000000000000001
      vertex -1.1106946764077292 0.8522660006122089 1.9000000000000001
    endloop
  endfacet
  facet normal 0.6593458151000687 -0.7518398074789776 0
    outer loop
      vertex -0.8522660006122089 1.1106946764077292 0.35000000000000003
      vertex -0.8522660006122089 1.1106946764077292 1.9000000000000001
      vertex -0.9899494936611666 0.9899494936611666 1.9000000000000001
    endloop
  endfacet
  facet normal 0.5555702330196014 -0.8314696123025457 0
    outer loop
      vertex -0.7 1.212435565298214 0.35000000000000003
      vertex -0.7 1.212435565298214 1.9000000000000001
      vertex -0.8522660006122089 1.1106946764077292 1.9000000000000001
    endloop
  endfacet
  facet normal 0.4422886902190014 -0.8968727415326884 0
    outer loop
      vertex -0.5357568053111257 1.2934313455158013 0.35000000000000003
      vertex -0.5357568053111257 1.2934313455158013 1.9000000000000001
      vertex -0.7 1.212435565298214 1.9000000000000001
    endloop
  endfacet
  facet normal 0.32143946530316236 -0.9469301294951055 0
    outer loop
      vertex -0.36234666314352904 1.3522961568046956 0.35000000000000003
      vertex -0.36234666314352904 1.3522961568046956 1.9000000000000001
      vertex -0.5357568053111257 1.2934313455158013 1.9000000000000001
    endloop
  endfacet
  facet normal 0.19509032201612714 -0.9807852804032305 0
    outer loop
      vertex -0.18273666910807218 1.3880228059233344 0.35000000000000003
      vertex -0.18273666910807218 1.3880228059233344 1.9000000000000001
      vertex -0.36234666314352904 1.3522961568046956 1.9000000000000001
    endloop
  endfacet
  facet normal 0.06540312923014367 -0.9978589232386035 0
    outer loop
      vertex -0.18273666910807218 1.3880228059233344 1.9000000000000001
      vertex 0 1.4 0.35000000000000003
      vertex 0 1.4 1.9000000000000001
    endloop
  endfacet
  facet normal -0.06540312923014367 -0.9978589232386035 0
    outer loop
      vertex 0.18273666910807218 1.3880228059233344 0.35000000000000003
      vertex 0.18273666910807218 1.3880228059233344 1.9000000000000001
      vertex 0 1.4 1.9000000000000001
    endloop
  endfacet
  facet normal -0.19509032201612714 -0.9807852804032305 0
    outer loop
      vertex 0.36234666314352904 1.3522961568046956 0.35000000000000003
      vertex 0.36234666314352904 1.3522961568046956 1.9000000000000001
      vertex 0.18273666910807218 1.3880228059233344 1.9000000000000001
    endloop
  endfacet
  facet normal -0.32143946530316236 -0.9469301294951055 0
    outer loop
      vertex 0.5357568053111257 1.2934313455158013 0.35000000000000003
      vertex 0.5357568053111257 1.2934313455158013 1.9000000000000001
      vertex 0.36234666314352904 1.3522961568046956 1.9000000000000001
    endloop
  endfacet
  facet normal -0.6593458151000687 -0.7518398074789776 0
    outer loop
      vertex 0.9899494936611666 0.9899494936611666 0.35000000000000003
      vertex 0.9899494936611666 0.9899494936611666 1.9000000000000001
      vertex 0.8522660006122089 1.1106946764077292 1.9000000000000001
    endloop
  endfacet
  facet normal -0.9807852804032305 -0.19509032201612714 0
    outer loop
      vertex 1.3880228059233344 0.18273666910807218 0.35000000000000003
      vertex 1.3880228059233344 0.18273666910807218 1.9000000000000001
      vertex 1.3522961568046956 0.36234666314352904 1.9000000000000001
    endloop
  endfacet
  facet normal -0.9469301294951055 -0.32143946530316236 0
    outer loop
      vertex 1.3522961568046956 0.36234666314352904 0.35000000000000003
      vertex 1.3522961568046956 0.36234666314352904 1.9000000000000001
      vertex 1.2934313455158013 0.5357568053111257 1.9000000000000001
    endloop
  endfacet
  facet normal -0.8314696123025457 -0.5555702330196014 0
    outer loop
      vertex 1.212435565298214 0.7 0.35000000000000003
      vertex 1.212435565298214 0.7 1.9000000000000001
      vertex 1.1106946764077292 0.8522660006122089 1.9000000000000001
    endloop
  endfacet
  facet normal -0.7518398074789776 -0.6593458151000687 0
    outer loop
      vertex 1.1106946764077292 0.8522660006122089 0.35000000000000003
      vertex 1.1106946764077292 0.8522660006122089 1.9000000000000001
      vertex 0.9899494936611666 0.9899494936611666 1.9000000000000001
    endloop
  endfacet
  facet normal -0.8968727415326884 -0.4422886902190014 0
    outer loop
      vertex 1.2934313455158013 0.5357568053111257 0.35000000000000003
      vertex 1.2934313455158013 0.5357568053111257 1.9000000000000001
      vertex 1.212435565298214 0.7 1.9000000000000001
    endloop
  endfacet
  facet normal -0.4422886902190014 -0.8968727415326884 0
    outer loop
      vertex 0.7 1.212435565298214 0.35000000000000003
      vertex 0.7 1.212435565298214 1.9000000000000001
      vertex 0.5357568053111257 1.2934313455158013 1.9000000000000001
    endloop
  endfacet
  facet normal -0.5555702330196014 -0.8314696123025457 0
    outer loop
      vertex 0.8522660006122089 1.1106946764077292 0.35000000000000003
      vertex 0.8522660006122089 1.1106946764077292 1.9000000000000001
      vertex 0.7 1.212435565298214 1.9000000000000001
    endloop
  endfacet
  facet normal 0.555570233019602 0.8314696123025455 0
    outer loop
      vertex -1.3392751438191854 -1.7453773486407176 0.35000000000000003
      vertex -1.1 -1.905255888325765 0
      vertex -1.3392751438191854 -1.7453773486407176 0
    endloop
  endfacet
  facet normal 0.555570233019602 0.8314696123025455 0
    outer loop
      vertex -1.3392751438191854 -1.7453773486407176 0.35000000000000003
      vertex -1.1 -1.905255888325765 0.35000000000000003
      vertex -1.1 -1.905255888325765 0
    endloop
  endfacet
  facet normal 0.8968727415326884 0.44228869021900113 0
    outer loop
      vertex -2.032534971524831 -0.8419035512031976 0.35000000000000003
      vertex -1.905255888325765 -1.1 0
      vertex -2.032534971524831 -0.8419035512031976 0
    endloop
  endfacet
  facet normal 0.9469301294951052 0.32143946530316275 0
    outer loop
      vertex -2.1250368178359507 -0.5694018992255456 0.35000000000000003
      vertex -2.032534971524831 -0.8419035512031976 0
      vertex -2.1250368178359507 -0.5694018992255456 0
    endloop
  endfacet
  facet normal 0.9807852804032309 0.19509032201612658 0
    outer loop
      vertex -2.181178695022383 -0.2871576228841135 0.35000000000000003
      vertex -2.1250368178359507 -0.5694018992255456 0
      vertex -2.181178695022383 -0.2871576228841135 0
    endloop
  endfacet
  facet normal 0.9978589232386035 0.06540312923014398 0
    outer loop
      vertex -2.2 0 0.35000000000000003
      vertex -2.181178695022383 -0.2871576228841135 0
      vertex -2.2 0 0
    endloop
  endfacet
  facet normal 0.7518398074789778 0.6593458151000684 0
    outer loop
      vertex -1.7453773486407176 -1.3392751438191854 0.35000000000000003
      vertex -1.5556349186104048 -1.5556349186104048 0
      vertex -1.7453773486407176 -1.3392751438191854 0
    endloop
  endfacet
  facet normal 0.6593458151000684 0.7518398074789778 0
    outer loop
      vertex -1.5556349186104048 -1.5556349186104048 0.35000000000000003
      vertex -1.3392751438191854 -1.7453773486407176 0
      vertex -1.5556349186104048 -1.5556349186104048 0
    endloop
  endfacet
  facet normal 0.8314696123025455 0.555570233019602 0
    outer loop
      vertex -1.905255888325765 -1.1 0.35000000000000003
      vertex -1.7453773486407176 -1.3392751438191854 0
      vertex -1.905255888325765 -1.1 0
    endloop
  endfacet
  facet normal 0.8968727415326884 0.44228869021900113 0
    outer loop
      vertex -2.032534971524831 -0.8419035512031976 0.35000000000000003
      vertex -1.905255888325765 -1.1 0.35000000000000003
      vertex -1.905255888325765 -1.1 0
    endloop
  endfacet
  facet normal 0.9807852804032309 0.19509032201612658 0
    outer loop
      vertex -2.1250368178359507 -0.5694018992255456 0.35000000000000003
      vertex -2.1250368178359507 -0.5694018992255456 0
      vertex -2.181178695022383 -0.2871576228841135 0.35000000000000003
    endloop
  endfacet
  facet normal 0.9469301294951052 0.32143946530316275 0
    outer loop
      vertex -2.032534971524831 -0.8419035512031976 0.35000000000000003
      vertex -2.032534971524831 -0.8419035512031976 0
      vertex -2.1250368178359507 -0.5694018992255456 0.35000000000000003
    endloop
  endfacet
  facet normal 0.9978589232386035 0.06540312923014398 0
    outer loop
      vertex -2.181178695022383 -0.2871576228841135 0.35000000000000003
      vertex -2.181178695022383 -0.2871576228841135 0
      vertex -2.2 0 0.35000000000000003
    endloop
  endfacet
  facet normal 0.9978589232386035 -0.06540312923014398 0
    outer loop
      vertex -2.2 0 0.35000000000000003
      vertex -2.2 0 0
      vertex -2.181178695022383 0.2871576228841135 0.35000000000000003
    endloop
  endfacet
  facet normal 0.7518398074789778 0.6593458151000684 0
    outer loop
      vertex -1.7453773486407176 -1.3392751438191854 0.35000000000000003
      vertex -1.5556349186104048 -1.5556349186104048 0.35000000000000003
      vertex -1.5556349186104048 -1.5556349186104048 0
    endloop
  endfacet
  facet normal 0.8314696123025455 0.555570233019602 0
    outer loop
      vertex -1.7453773486407176 -1.3392751438191854 0.35000000000000003
      vertex -1.7453773486407176 -1.3392751438191854 0
      vertex -1.905255888325765 -1.1 0.35000000000000003
    endloop
  endfacet
  facet normal 0.6593458151000684 0.7518398074789778 0
    outer loop
      vertex -1.3392751438191854 -1.7453773486407176 0.35000000000000003
      vertex -1.3392751438191854 -1.7453773486407176 0
      vertex -1.5556349186104048 -1.5556349186104048 0.35000000000000003
    endloop
  endfacet
  facet normal 0.44228869021900113 0.8968727415326884 0
    outer loop
      vertex -1.1 -1.905255888325765 0.35000000000000003
      vertex -0.8419035512031976 -2.032534971524831 0
      vertex -1.1 -1.905255888325765 0
    endloop
  endfacet
  facet normal 0.32143946530316275 0.9469301294951052 0
    outer loop
      vertex -0.8419035512031976 -2.032534971524831 0.35000000000000003
      vertex -0.5694018992255456 -2.1250368178359507 0
      vertex -0.8419035512031976 -2.032534971524831 0
    endloop
  endfacet
  facet normal 0.19509032201612658 0.9807852804032309 0
    outer loop
      vertex -0.5694018992255456 -2.1250368178359507 0.35000000000000003
      vertex -0.2871576228841135 -2.181178695022383 0
      vertex -0.5694018992255456 -2.1250368178359507 0
    endloop
  endfacet
  facet normal 0.06540312923014398 0.9978589232386035 0
    outer loop
      vertex -0.2871576228841135 -2.181178695022383 0.35000000000000003
      vertex 0 -2.2 0
      vertex -0.2871576228841135 -2.181178695022383 0
    endloop
  endfacet
  facet normal -0.06540312923014398 0.9978589232386035 0
    outer loop
      vertex 0 -2.2 0.35000000000000003
      vertex 0.2871576228841135 -2.181178695022383 0
      vertex 0 -2.2 0
    endloop
  endfacet
  facet normal -0.19509032201612658 0.9807852804032309 0
    outer loop
      vertex 0.5694018992255456 -2.1250368178359507 0.35000000000000003
      vertex 0.5694018992255456 -2.1250368178359507 0
      vertex 0.2871576228841135 -2.181178695022383 0
    endloop
  endfacet
  facet normal 0.44228869021900113 0.8968727415326884 0
    outer loop
      vertex -0.8419035512031976 -2.032534971524831 0.35000000000000003
      vertex -0.8419035512031976 -2.032534971524831 0
      vertex -1.1 -1.905255888325765 0.35000000000000003
    endloop
  endfacet
  facet normal 0.32143946530316275 0.9469301294951052 0
    outer loop
      vertex -0.8419035512031976 -2.032534971524831 0.35000000000000003
      vertex -0.5694018992255456 -2.1250368178359507 0.35000000000000003
      vertex -0.5694018992255456 -2.1250368178359507 0
    endloop
  endfacet
  facet normal 0.19509032201612658 0.9807852804032309 0
    outer loop
      vertex -0.5694018992255456 -2.1250368178359507 0.35000000000000003
      vertex -0.2871576228841135 -2.181178695022383 0.35000000000000003
      vertex -0.2871576228841135 -2.181178695022383 0
    endloop
  endfacet
  facet normal 0.06540312923014398 0.9978589232386035 0
    outer loop
      vertex -0.2871576228841135 -2.181178695022383 0.35000000000000003
      vertex 0 -2.2 0.35000000000000003
      vertex 0 -2.2 0
    endloop
  endfacet
  facet normal -0.06540312923014398 0.9978589232386035 0
    outer loop
      vertex 0 -2.2 0.35000000000000003
      vertex 0.2871576228841135 -2.181178695022383 0.35000000000000003
      vertex 0.2871576228841135 -2.181178695022383 0
    endloop
  endfacet
  facet normal -0.19509032201612658 0.9807852804032309 0
    outer loop
      vertex 0.2871576228841135 -2.181178695022383 0.35000000000000003
      vertex 0.5694018992255456 -2.1250368178359507 0.35000000000000003
      vertex 0.2871576228841135 -2.181178695022383 0
    endloop
  endfacet
  facet normal 0 0 -1
    outer loop
      vertex -2.032534971524831 -0.8419035512031976 0.35000000000000003
      vertex -2.1250368178359507 -0.5694018992255456 0.35000000000000003
      vertex -2.1250368178359507 0.5694018992255456 0.35000000000000003
    endloop
  endfacet
  facet normal 0 0 -1
    outer loop
      vertex -2.1250368178359507 -0.5694018992255456 0.35000000000000003
      vertex -2.181178695022383 -0.2871576228841135 0.35000000000000003
      vertex -2.181178695022383 0.2871576228841135 0.35000000000000003
    endloop
  endfacet
  facet normal 0 0 -1
    outer loop
      vertex -2.181178695022383 -0.2871576228841135 0.35000000000000003
      vertex -2.2 0 0.35000000000000003
      vertex -2.181178695022383 0.2871576228841135 0.35000000000000003
    endloop
  endfacet
  facet normal 0 0 -1
    outer loop
      vertex -2.1250368178359507 -0.5694018992255456 0.35000000000000003
      vertex -2.181178695022383 0.2871576228841135 0.35000000000000003
      vertex -2.1250368178359507 0.5694018992255456 0.35000000000000003
    endloop
  endfacet
  facet normal 0 0 -1
    outer loop
      vertex -2.032534971524831 -0.8419035512031976 0.35000000000000003
      vertex -2.032534971524831 0.8419035512031976 0.35000000000000003
      vertex -1.905255888325765 -1.1 0.35000000000000003
    endloop
  endfacet
  facet normal 0 0 -1
    outer loop
      vertex -1.3392751438191854 -1.7453773486407176 0.35000000000000003
      vertex -1.212435565298214 -0.7 0.35000000000000003
      vertex -1.1 -1.905255888325765 0.35000000000000003
    endloop
  endfacet
  facet normal 0 0 -1
    outer loop
      vertex -1.3392751438191854 -1.7453773486407176 0.35000000000000003
      vertex -1.2934313455158013 -0.5357568053111257 0.35000000000000003
      vertex -1.212435565298214 -0.7 0.35000000000000003
    endloop
  endfacet
  facet normal 0 0 -1
    outer loop
      vertex -1.3392751438191854 -1.7453773486407176 0.35000000000000003
      vertex -1.3522961568046956 -0.36234666314352904 0.35000000000000003
      vertex -1.2934313455158013 -0.5357568053111257 0.35000000000000003
    endloop
  endfacet
  facet normal 0 0 -1
    outer loop
      vertex -1.1106946764077292 -0.8522660006122089 0.35000000000000003
      vertex -0.9899494936611666 -0.9899494936611666 0.35000000000000003
      vertex -1.1 -1.905255888325765 0.35000000000000003
    endloop
  endfacet
  facet normal 0 0 -1
    outer loop
      vertex -1.1106946764077292 -0.8522660006122089 0.35000000000000003
      vertex -1.1 -1.905255888325765 0.35000000000000003
      vertex -1.212435565298214 -0.7 0.35000000000000003
    endloop
  endfacet
  facet normal 0 0 -1
    outer loop
      vertex -1.7453773486407176 -1.3392751438191854 0.35000000000000003
      vertex -1.905255888325765 -1.1 0.35000000000000003
      vertex -1.905255888325765 1.1 0.35000000000000003
    endloop
  endfacet
  facet normal 0 0 -1
    outer loop
      vertex -1.7453773486407176 -1.3392751438191854 0.35000000000000003
      vertex -1.7453773486407176 1.3392751438191854 0.35000000000000003
      vertex -1.5556349186104048 -1.5556349186104048 0.35000000000000003
    endloop
  endfacet
  facet normal 0 0 -1
    outer loop
      vertex -1.3392751438191854 -1.7453773486407176 0.35000000000000003
      vertex -1.5556349186104048 -1.5556349186104048 0.35000000000000003
      vertex -1.5556349186104048 1.5556349186104048 0.35000000000000003
    endloop
  endfacet
  facet normal 0 0 -1
    outer loop
      vertex -1.3392751438191854 -1.7453773486407176 0.35000000000000003
      vertex -1.3880228059233344 -0.18273666910807218 0.35000000000000003
      vertex -1.3522961568046956 -0.36234666314352904 0.35000000000000003
    endloop
  endfacet
  facet normal 0 0 -1
    outer loop
      vertex -1.3392751438191854 -1.7453773486407176 0.35000000000000003
      vertex -1.5556349186104048 1.5556349186104048 0.35000000000000003
      vertex -1.3880228059233344 -0.18273666910807218 0.35000000000000003
    endloop
  endfacet
  facet normal 0 0 -1
    outer loop
      vertex -0.5694018992255456 -2.1250368178359507 0.35000000000000003
      vertex -0.36234666314352904 -1.3522961568046956 0.35000000000000003
      vertex -0.2871576228841135 -2.181178695022383 0.35000000000000003
    endloop
  endfacet
  facet normal 0 0 -1
    outer loop
      vertex -0.2871576228841135 -2.181178695022383 0.35000000000000003
      vertex -0.18273666910807218 -1.3880228059233344 0.35000000000000003
      vertex 0 -2.2 0.35000000000000003
    endloop
  endfacet
  facet normal 0 0 -1
    outer loop
      vertex 0 -2.2 0.35000000000000003
      vertex 0 -1.4 0.35000000000000003
      vertex 0.2871576228841135 -2.181178695022383 0.35000000000000003
    endloop
  endfacet
  facet normal 0 0 -1
    outer loop
      vertex 0.2871576228841135 -2.181178695022383 0.35000000000000003
      vertex 0.18273666910807218 -1.3880228059233344 0.35000000000000003
      vertex 0.5694018992255456 -2.1250368178359507 0.35000000000000003
    endloop
  endfacet
  facet normal 0 0 -1
    outer loop
      vertex -0.8419035512031976 -2.032534971524831 0.35000000000000003
      vertex -1.1 -1.905255888325765 0.35000000000000003
      vertex -0.9899494936611666 -0.9899494936611666 0.35000000000000003
    endloop
  endfacet
  facet normal 0 0 -1
    outer loop
      vertex -0.8419035512031976 -2.032534971524831 0.35000000000000003
      vertex -0.9899494936611666 -0.9899494936611666 0.35000000000000003
      vertex -0.8522660006122089 -1.1106946764077292 0.35000000000000003
    endloop
  endfacet
  facet normal 0 0 -1
    outer loop
      vertex -0.8419035512031976 -2.032534971524831 0.35000000000000003
      vertex -0.7 -1.212435565298214 0.35000000000000003
      vertex -0.5694018992255456 -2.1250368178359507 0.35000000000000003
    endloop
  endfacet
  facet normal 0 0 -1
    outer loop
      vertex -0.8419035512031976 -2.032534971524831 0.35000000000000003
      vertex -0.8522660006122089 -1.1106946764077292 0.35000000000000003
      vertex -0.7 -1.212435565298214 0.35000000000000003
    endloop
  endfacet
  facet normal 0 0 -1
    outer loop
      vertex -0.5694018992255456 -2.1250368178359507 0.35000000000000003
      vertex -0.5357568053111257 -1.2934313455158013 0.35000000000000003
      vertex -0.36234666314352904 -1.3522961568046956 0.35000000000000003
    endloop
  endfacet
  facet normal 0 0 -1
    outer loop
      vertex -0.5694018992255456 -2.1250368178359507 0.35000000000000003
      vertex -0.7 -1.212435565298214 0.35000000000000003
      vertex -0.5357568053111257 -1.2934313455158013 0.35000000000000003
    endloop
  endfacet
  facet normal 0 0 -1
    outer loop
      vertex -0.2871576228841135 -2.181178695022383 0.35000000000000003
      vertex -0.36234666314352904 -1.3522961568046956 0.35000000000000003
      vertex -0.18273666910807218 -1.3880228059233344 0.35000000000000003
    endloop
  endfacet
  facet normal 0 0 -1
    outer loop
      vertex -0.18273666910807218 -1.3880228059233344 0.35000000000000003
      vertex 0 -1.4 0.35000000000000003
      vertex 0 -2.2 0.35000000000000003
    endloop
  endfacet
  facet normal 0 0 -1
    outer loop
      vertex 0.2871576228841135 -2.181178695022383 0.35000000000000003
      vertex 0 -1.4 0.35000000000000003
      vertex 0.18273666910807218 -1.3880228059233344 0.35000000000000003
    endloop
  endfacet
  facet normal 0 0 -1
    outer loop
      vertex 0.18273666910807218 -1.3880228059233344 0.35000000000000003
      vertex 0.36234666314352904 -1.3522961568046956 0.35000000000000003
      vertex 0.5694018992255456 -2.1250368178359507 0.35000000000000003
    endloop
  endfacet
  facet normal 0 0 -1
    outer loop
      vertex 0.36234666314352904 -1.3522961568046956 0.35000000000000003
      vertex 0.5357568053111257 -1.2934313455158013 0.35000000000000003
      vertex 0.5694018992255456 -2.1250368178359507 0.35000000000000003
    endloop
  endfacet
  facet normal -0.32143946530316275 0.9469301294951052 0
    outer loop
      vertex 0.5694018992255456 -2.1250368178359507 0.35000000000000003
      vertex 0.8419035512031976 -2.032534971524831 0
      vertex 0.5694018992255456 -2.1250368178359507 0
    endloop
  endfacet
  facet normal -0.44228869021900113 0.8968727415326884 0
    outer loop
      vertex 0.8419035512031976 -2.032534971524831 0.35000000000000003
      vertex 1.1 -1.905255888325765 0
      vertex 0.8419035512031976 -2.032534971524831 0
    endloop
  endfacet
  facet normal -0.555570233019602 0.8314696123025455 0
    outer loop
      vertex 1.1 -1.905255888325765 0.35000000000000003
      vertex 1.3392751438191854 -1.7453773486407176 0
      vertex 1.1 -1.905255888325765 0
    endloop
  endfacet
  facet normal -0.32143946530316275 0.9469301294951052 0
    outer loop
      vertex 0.5694018992255456 -2.1250368178359507 0.35000000000000003
      vertex 0.8419035512031976 -2.032534971524831 0.35000000000000003
      vertex 0.8419035512031976 -2.032534971524831 0
    endloop
  endfacet
  facet normal -0.44228869021900113 0.8968727415326884 0
    outer loop
      vertex 0.8419035512031976 -2.032534971524831 0.35000000000000003
      vertex 1.1 -1.905255888325765 0.35000000000000003
      vertex 1.1 -1.905255888325765 0
    endloop
  endfacet
  facet normal -0.555570233019602 0.8314696123025455 0
    outer loop
      vertex 1.1 -1.905255888325765 0.35000000000000003
      vertex 1.3392751438191854 -1.7453773486407176 0.35000000000000003
      vertex 1.3392751438191854 -1.7453773486407176 0
    endloop
  endfacet
  facet normal -0.6593458151000684 0.7518398074789778 0
    outer loop
      vertex 1.3392751438191854 -1.7453773486407176 0.35000000000000003
      vertex 1.5556349186104048 -1.5556349186104048 0
      vertex 1.3392751438191854 -1.7453773486407176 0
    endloop
  endfacet
  facet normal -0.7518398074789778 0.6593458151000684 0
    outer loop
      vertex 1.5556349186104048 -1.5556349186104048 0.35000000000000003
      vertex 1.7453773486407176 -1.3392751438191854 0
      vertex 1.5556349186104048 -1.5556349186104048 0
    endloop
  endfacet
  facet normal -0.8314696123025455 0.555570233019602 0
    outer loop
      vertex 1.7453773486407176 -1.3392751438191854 0.35000000000000003
      vertex 1.905255888325765 -1.1 0
      vertex 1.7453773486407176 -1.3392751438191854 0
    endloop
  endfacet
  facet normal -0.8968727415326884 0.44228869021900113 0
    outer loop
      vertex 1.905255888325765 -1.1 0.35000000000000003
      vertex 2.032534971524831 -0.8419035512031976 0
      vertex 1.905255888325765 -1.1 0
    endloop
  endfacet
  facet normal -0.9469301294951052 0.32143946530316275 0
    outer loop
      vertex 2.032534971524831 -0.8419035512031976 0.35000000000000003
      vertex 2.1250368178359507 -0.5694018992255456 0
      vertex 2.032534971524831 -0.8419035512031976 0
    endloop
  endfacet
  facet normal -0.9807852804032309 0.19509032201612658 0
    outer loop
      vertex 2.1250368178359507 -0.5694018992255456 0.35000000000000003
      vertex 2.181178695022383 -0.2871576228841135 0
      vertex 2.1250368178359507 -0.5694018992255456 0
    endloop
  endfacet
  facet normal -0.9978589232386035 0.06540312923014398 0
    outer loop
      vertex 2.181178695022383 -0.2871576228841135 0.35000000000000003
      vertex 2.2 0 0
      vertex 2.181178695022383 -0.2871576228841135 0
    endloop
  endfacet
  facet normal -0.9978589232386035 -0.06540312923014398 0
    outer loop
      vertex 2.2 0 0.35000000000000003
      vertex 2.181178695022383 0.2871576228841135 0
      vertex 2.2 0 0
    endloop
  endfacet
  facet normal -0.6593458151000684 0.7518398074789778 0
    outer loop
      vertex 1.3392751438191854 -1.7453773486407176 0.35000000000000003
      vertex 1.5556349186104048 -1.5556349186104048 0.35000000000000003
      vertex 1.5556349186104048 -1.5556349186104048 0
    endloop
  endfacet
  facet normal -0.7518398074789778 0.6593458151000684 0
    outer loop
      vertex 1.5556349186104048 -1.5556349186104048 0.35000000000000003
      vertex 1.7453773486407176 -1.3392751438191854 0.35000000000000003
      vertex 1.7453773486407176 -1.3392751438191854 0
    endloop
  endfacet
  facet normal -0.8314696123025455 0.555570233019602 0
    outer loop
      vertex 1.7453773486407176 -1.3392751438191854 0.35000000000000003
      vertex 1.905255888325765 -1.1 0.35000000000000003
      vertex 1.905255888325765 -1.1 0
    endloop
  endfacet
  facet normal -0.8968727415326884 0.44228869021900113 0
    outer loop
      vertex 1.905255888325765 -1.1 0.35000000000000003
      vertex 2.032534971524831 -0.8419035512031976 0.35000000000000003
      vertex 2.032534971524831 -0.8419035512031976 0
    endloop
  endfacet
  facet normal -0.9469301294951052 0.32143946530316275 0
    outer loop
      vertex 2.032534971524831 -0.8419035512031976 0.35000000000000003
      vertex 2.1250368178359507 -0.5694018992255456 0.35000000000000003
      vertex 2.1250368178359507 -0.5694018992255456 0
    endloop
  endfacet
  facet normal -0.9807852804032309 0.19509032201612658 0
    outer loop
      vertex 2.1250368178359507 -0.5694018992255456 0.35000000000000003
      vertex 2.181178695022383 -0.2871576228841135 0.35000000000000003
      vertex 2.181178695022383 -0.2871576228841135 0
    endloop
  endfacet
  facet normal -0.9978589232386035 0.06540312923014398 0
    outer loop
      vertex 2.181178695022383 -0.2871576228841135 0.35000000000000003
      vertex 2.2 0 0.35000000000000003
      vertex 2.2 0 0
    endloop
  endfacet
  facet normal 0 0 -1
    outer loop
      vertex 0.5357568053111257 -1.2934313455158013 0.35000000000000003
      vertex 0.8419035512031976 -2.032534971524831 0.35000000000000003
      vertex 0.5694018992255456 -2.1250368178359507 0.35000000000000003
    endloop
  endfacet
  facet normal 0 0 -1
    outer loop
      vertex 0.5357568053111257 -1.2934313455158013 0.35000000000000003
      vertex 0.7 -1.212435565298214 0.35000000000000003
      vertex 0.8419035512031976 -2.032534971524831 0.35000000000000003
    endloop
  endfacet
  facet normal 0 0 -1
    outer loop
      vertex 0.8419035512031976 -2.032534971524831 0.35000000000000003
      vertex 0.7 -1.212435565298214 0.35000000000000003
      vertex 1.1 -1.905255888325765 0.35000000000000003
    endloop
  endfacet
  facet normal 0 0 -1
    outer loop
      vertex 0.7 -1.212435565298214 0.35000000000000003
      vertex 0.8522660006122089 -1.1106946764077292 0.35000000000000003
      vertex 1.1 -1.905255888325765 0.35000000000000003
    endloop
  endfacet
  facet normal 0 0 -1
    outer loop
      vertex 0.8522660006122089 -1.1106946764077292 0.35000000000000003
      vertex 0.9899494936611666 -0.9899494936611666 0.35000000000000003
      vertex 1.1 -1.905255888325765 0.35000000000000003
    endloop
  endfacet
  facet normal 0 0 -1
    outer loop
      vertex 0.9899494936611666 -0.9899494936611666 0.35000000000000003
      vertex 1.3392751438191854 -1.7453773486407176 0.35000000000000003
      vertex 1.1 -1.905255888325765 0.35000000000000003
    endloop
  endfacet
  facet normal 0 0 -1
    outer loop
      vertex 0.9899494936611666 -0.9899494936611666 0.35000000000000003
      vertex 1.1106946764077292 -0.8522660006122089 0.35000000000000003
      vertex 1.3392751438191854 -1.7453773486407176 0.35000000000000003
    endloop
  endfacet
  facet normal 0 0 -1
    outer loop
      vertex 1.3392751438191854 -1.7453773486407176 0.35000000000000003
      vertex 1.1106946764077292 -0.8522660006122089 0.35000000000000003
      vertex 1.212435565298214 -0.7 0.35000000000000003
    endloop
  endfacet
  facet normal 0 0 -1
    outer loop
      vertex 1.3392751438191854 -1.7453773486407176 0.35000000000000003
      vertex 1.2934313455158013 -0.5357568053111257 0.35000000000000003
      vertex 1.5556349186104048 -1.5556349186104048 0.35000000000000003
    endloop
  endfacet
  facet normal 0 0 -1
    outer loop
      vertex 1.3392751438191854 -1.7453773486407176 0.35000000000000003
      vertex 1.212435565298214 -0.7 0.35000000000000003
      vertex 1.2934313455158013 -0.5357568053111257 0.35000000000000003
    endloop
  endfacet
  facet normal 0 0 -1
    outer loop
      vertex 1.5556349186104048 -1.5556349186104048 0.35000000000000003
      vertex 1.2934313455158013 -0.5357568053111257 0.35000000000000003
      vertex 1.3522961568046956 -0.36234666314352904 0.35000000000000003
    endloop
  endfacet
  facet normal 0 0 -1
    outer loop
      vertex 1.5556349186104048 -1.5556349186104048 0.35000000000000003
      vertex 1.3522961568046956 -0.36234666314352904 0.35000000000000003
      vertex 1.3880228059233344 -0.18273666910807218 0.35000000000000003
    endloop
  endfacet
  facet normal 0 0 -1
    outer loop
      vertex 1.5556349186104048 -1.5556349186104048 0.35000000000000003
      vertex 1.3880228059233344 -0.18273666910807218 0.35000000000000003
      vertex 1.4 0 0.35000000000000003
    endloop
  endfacet
  facet normal 0 0 -1
    outer loop
      vertex 1.5556349186104048 -1.5556349186104048 0.35000000000000003
      vertex 1.4 0 0.35000000000000003
      vertex 1.3880228059233344 0.18273666910807218 0.35000000000000003
    endloop
  endfacet
  facet normal 0 0 -1
    outer loop
      vertex 1.5556349186104048 -1.5556349186104048 0.35000000000000003
      vertex 1.5556349186104048 1.5556349186104048 0.35000000000000003
      vertex 1.7453773486407176 -1.3392751438191854 0.35000000000000003
    endloop
  endfacet
  facet normal 0 0 -1
    outer loop
      vertex 1.7453773486407176 -1.3392751438191854 0.35000000000000003
      vertex 1.7453773486407176 1.3392751438191854 0.35000000000000003
      vertex 1.905255888325765 -1.1 0.35000000000000003
    endloop
  endfacet
  facet normal 0 0 -1
    outer loop
      vertex 1.905255888325765 -1.1 0.35000000000000003
      vertex 1.905255888325765 1.1 0.35000000000000003
      vertex 2.032534971524831 -0.8419035512031976 0.35000000000000003
    endloop
  endfacet
  facet normal 0 0 -1
    outer loop
      vertex 2.032534971524831 -0.8419035512031976 0.35000000000000003
      vertex 2.032534971524831 0.8419035512031976 0.35000000000000003
      vertex 2.1250368178359507 -0.5694018992255456 0.35000000000000003
    endloop
  endfacet
  facet normal 0 0 -1
    outer loop
      vertex 2.1250368178359507 -0.5694018992255456 0.35000000000000003
      vertex 2.1250368178359507 0.5694018992255456 0.35000000000000003
      vertex 2.181178695022383 -0.2871576228841135 0.35000000000000003
    endloop
  endfacet
  facet normal 0 0 -1
    outer loop
      vertex 2.181178695022383 -0.2871576228841135 0.35000000000000003
      vertex 2.181178695022383 0.2871576228841135 0.35000000000000003
      vertex 2.2 0 0.35000000000000003
    endloop
  endfacet
  facet normal 0.9978589232386035 -0.06540312923014398 0
    outer loop
      vertex -2.181178695022383 0.2871576228841135 0.35000000000000003
      vertex -2.2 0 0
      vertex -2.181178695022383 0.2871576228841135 0
    endloop
  endfacet
  facet normal 0.9807852804032309 -0.19509032201612658 0
    outer loop
      vertex -2.1250368178359507 0.5694018992255456 0.35000000000000003
      vertex -2.181178695022383 0.2871576228841135 0
      vertex -2.1250368178359507 0.5694018992255456 0
    endloop
  endfacet
  facet normal 0.9469301294951052 -0.32143946530316275 0
    outer loop
      vertex -2.032534971524831 0.8419035512031976 0.35000000000000003
      vertex -2.1250368178359507 0.5694018992255456 0
      vertex -2.032534971524831 0.8419035512031976 0
    endloop
  endfacet
  facet normal 0.8968727415326884 -0.44228869021900113 0
    outer loop
      vertex -1.905255888325765 1.1 0.35000000000000003
      vertex -2.032534971524831 0.8419035512031976 0
      vertex -1.905255888325765 1.1 0
    endloop
  endfacet
  facet normal 0.8314696123025455 -0.555570233019602 0
    outer loop
      vertex -1.7453773486407176 1.3392751438191854 0.35000000000000003
      vertex -1.905255888325765 1.1 0
      vertex -1.7453773486407176 1.3392751438191854 0
    endloop
  endfacet
  facet normal 0.7518398074789778 -0.6593458151000684 0
    outer loop
      vertex -1.5556349186104048 1.5556349186104048 0.35000000000000003
      vertex -1.7453773486407176 1.3392751438191854 0
      vertex -1.5556349186104048 1.5556349186104048 0
    endloop
  endfacet
  facet normal 0.6593458151000684 -0.7518398074789778 0
    outer loop
      vertex -1.3392751438191854 1.7453773486407176 0.35000000000000003
      vertex -1.5556349186104048 1.5556349186104048 0
      vertex -1.3392751438191854 1.7453773486407176 0
    endloop
  endfacet
  facet normal 0.5555702330196025 -0.8314696123025452 0
    outer loop
      vertex -1.3392751438191854 1.7453773486407176 0.35000000000000003
      vertex -1.3392751438191854 1.7453773486407176 0
      vertex -1.2959953935120363 1.7742959532504359 0
    endloop
  endfacet
  facet normal 0.5555702330196018 -0.8314696123025455 0
    outer loop
      vertex -1.1 1.905255888325765 0.35000000000000003
      vertex -1.2959953935120363 1.7742959532504359 0
      vertex -1.1 1.905255888325765 0
    endloop
  endfacet
  facet normal 0.9807852804032309 -0.19509032201612658 0
    outer loop
      vertex -2.181178695022383 0.2871576228841135 0.35000000000000003
      vertex -2.181178695022383 0.2871576228841135 0
      vertex -2.1250368178359507 0.5694018992255456 0.35000000000000003
    endloop
  endfacet
  facet normal 0.9469301294951052 -0.32143946530316275 0
    outer loop
      vertex -2.1250368178359507 0.5694018992255456 0.35000000000000003
      vertex -2.1250368178359507 0.5694018992255456 0
      vertex -2.032534971524831 0.8419035512031976 0.35000000000000003
    endloop
  endfacet
  facet normal 0.8968727415326884 -0.44228869021900113 0
    outer loop
      vertex -2.032534971524831 0.8419035512031976 0.35000000000000003
      vertex -2.032534971524831 0.8419035512031976 0
      vertex -1.905255888325765 1.1 0.35000000000000003
    endloop
  endfacet
  facet normal 0.8314696123025455 -0.555570233019602 0
    outer loop
      vertex -1.905255888325765 1.1 0.35000000000000003
      vertex -1.905255888325765 1.1 0
      vertex -1.7453773486407176 1.3392751438191854 0.35000000000000003
    endloop
  endfacet
  facet normal 0.7518398074789778 -0.6593458151000684 0
    outer loop
      vertex -1.7453773486407176 1.3392751438191854 0.35000000000000003
      vertex -1.7453773486407176 1.3392751438191854 0
      vertex -1.5556349186104048 1.5556349186104048 0.35000000000000003
    endloop
  endfacet
  facet normal 0.6593458151000684 -0.7518398074789778 0
    outer loop
      vertex -1.5556349186104048 1.5556349186104048 0.35000000000000003
      vertex -1.5556349186104048 1.5556349186104048 0
      vertex -1.3392751438191854 1.7453773486407176 0.35000000000000003
    endloop
  endfacet
  facet normal 0.555570233019602 -0.8314696123025455 -8.611543735205555e-17
    outer loop
      vertex -1.3392751438191854 1.7453773486407176 0.35000000000000003
      vertex -1.2959953935120363 1.7742959532504359 0
      vertex -1.1 1.905255888325765 0.35000000000000003
    endloop
  endfacet
  facet normal 0.44228869021900113 -0.8968727415326884 0
    outer loop
      vertex -0.8419035512031976 2.032534971524831 0.35000000000000003
      vertex -1.1 1.905255888325765 0
      vertex -0.8419035512031976 2.032534971524831 0
    endloop
  endfacet
  facet normal 0.44228869021900113 -0.8968727415326884 0
    outer loop
      vertex -1.1 1.905255888325765 0.35000000000000003
      vertex -1.1 1.905255888325765 0
      vertex -0.8419035512031976 2.032534971524831 0.35000000000000003
    endloop
  endfacet
  facet normal 0.32143946530316275 -0.9469301294951052 0
    outer loop
      vertex -0.5694018992255456 2.1250368178359507 0.35000000000000003
      vertex -0.8419035512031976 2.032534971524831 0
      vertex -0.5694018992255456 2.1250368178359507 0
    endloop
  endfacet
  facet normal 0.19509032201612658 -0.9807852804032309 0
    outer loop
      vertex -0.2871576228841135 2.181178695022383 0.35000000000000003
      vertex -0.5694018992255456 2.1250368178359507 0
      vertex -0.2871576228841135 2.181178695022383 0
    endloop
  endfacet
  facet normal 0.0654031292301441 -0.9978589232386035 0
    outer loop
      vertex -0.2871576228841135 2.181178695022383 0.35000000000000003
      vertex -0.2871576228841135 2.181178695022383 0
      vertex -0.1451110709842658 2.1904889179148634 0
    endloop
  endfacet
  facet normal 0.06540312923014385 -0.9978589232386034 0
    outer loop
      vertex 0 2.2 0.35000000000000003
      vertex -0.1451110709842658 2.1904889179148634 0
      vertex 0 2.2 0
    endloop
  endfacet
  facet normal -0.06540312923014398 -0.9978589232386035 0
    outer loop
      vertex 0.2871576228841135 2.181178695022383 0.35000000000000003
      vertex 0 2.2 0
      vertex 0.2871576228841135 2.181178695022383 0
    endloop
  endfacet
  facet normal -0.19509032201612658 -0.9807852804032309 0
    outer loop
      vertex 0.5694018992255456 2.1250368178359507 0.35000000000000003
      vertex 0.2871576228841135 2.181178695022383 0
      vertex 0.5694018992255456 2.1250368178359507 0
    endloop
  endfacet
  facet normal 0.32143946530316275 -0.9469301294951052 0
    outer loop
      vertex -0.8419035512031976 2.032534971524831 0.35000000000000003
      vertex -0.8419035512031976 2.032534971524831 0
      vertex -0.5694018992255456 2.1250368178359507 0.35000000000000003
    endloop
  endfacet
  facet normal 0.19509032201612658 -0.9807852804032309 0
    outer loop
      vertex -0.5694018992255456 2.1250368178359507 0.35000000000000003
      vertex -0.5694018992255456 2.1250368178359507 0
      vertex -0.2871576228841135 2.181178695022383 0.35000000000000003
    endloop
  endfacet
  facet normal 0.06540312923014398 -0.9978589232386035 -5.166926241123331e-17
    outer loop
      vertex -0.2871576228841135 2.181178695022383 0.35000000000000003
      vertex -0.1451110709842658 2.1904889179148634 0
      vertex 0 2.2 0.35000000000000003
    endloop
  endfacet
  facet normal -0.06540312923014398 -0.9978589232386035 0
    outer loop
      vertex 0 2.2 0.35000000000000003
      vertex 0 2.2 0
      vertex 0.2871576228841135 2.181178695022383 0.35000000000000003
    endloop
  endfacet
  facet normal -0.19509032201612658 -0.9807852804032309 0
    outer loop
      vertex 0.2871576228841135 2.181178695022383 0.35000000000000003
      vertex 0.2871576228841135 2.181178695022383 0
      vertex 0.5694018992255456 2.1250368178359507 0.35000000000000003
    endloop
  endfacet
  facet normal 0 0 -1
    outer loop
      vertex -2.032534971524831 -0.8419035512031976 0.35000000000000003
      vertex -2.1250368178359507 0.5694018992255456 0.35000000000000003
      vertex -2.032534971524831 0.8419035512031976 0.35000000000000003
    endloop
  endfacet
  facet normal 0 0 -1
    outer loop
      vertex -1.905255888325765 -1.1 0.35000000000000003
      vertex -2.032534971524831 0.8419035512031976 0.35000000000000003
      vertex -1.905255888325765 1.1 0.35000000000000003
    endloop
  endfacet
  facet normal 0 0 -1
    outer loop
      vertex -1.7453773486407176 -1.3392751438191854 0.35000000000000003
      vertex -1.905255888325765 1.1 0.35000000000000003
      vertex -1.7453773486407176 1.3392751438191854 0.35000000000000003
    endloop
  endfacet
  facet normal 0 0 -1
    outer loop
      vertex -1.5556349186104048 -1.5556349186104048 0.35000000000000003
      vertex -1.7453773486407176 1.3392751438191854 0.35000000000000003
      vertex -1.5556349186104048 1.5556349186104048 0.35000000000000003
    endloop
  endfacet
  facet normal 0 0 -1
    outer loop
      vertex -1.3880228059233344 -0.18273666910807218 0.35000000000000003
      vertex -1.5556349186104048 1.5556349186104048 0.35000000000000003
      vertex -1.4 0 0.35000000000000003
    endloop
  endfacet
  facet normal 0 0 -1
    outer loop
      vertex -1.4 0 0.35000000000000003
      vertex -1.5556349186104048 1.5556349186104048 0.35000000000000003
      vertex -1.3880228059233344 0.18273666910807218 0.35000000000000003
    endloop
  endfacet
  facet normal 0 0 -1
    outer loop
      vertex -1.3880228059233344 0.18273666910807218 0.35000000000000003
      vertex -1.5556349186104048 1.5556349186104048 0.35000000000000003
      vertex -1.3522961568046956 0.36234666314352904 0.35000000000000003
    endloop
  endfacet
  facet normal 0 0 -1
    outer loop
      vertex -1.3522961568046956 0.36234666314352904 0.35000000000000003
      vertex -1.5556349186104048 1.5556349186104048 0.35000000000000003
      vertex -1.2934313455158013 0.5357568053111257 0.35000000000000003
    endloop
  endfacet
  facet normal 0 0 -1
    outer loop
      vertex -1.2934313455158013 0.5357568053111257 0.35000000000000003
      vertex -1.3392751438191854 1.7453773486407176 0.35000000000000003
      vertex -1.212435565298214 0.7 0.35000000000000003
    endloop
  endfacet
  facet normal 0 0 -1
    outer loop
      vertex -1.2934313455158013 0.5357568053111257 0.35000000000000003
      vertex -1.5556349186104048 1.5556349186104048 0.35000000000000003
      vertex -1.3392751438191854 1.7453773486407176 0.35000000000000003
    endloop
  endfacet
  facet normal 0 0 -1
    outer loop
      vertex -1.212435565298214 0.7 0.35000000000000003
      vertex -1.3392751438191854 1.7453773486407176 0.35000000000000003
      vertex -1.1106946764077292 0.8522660006122089 0.35000000000000003
    endloop
  endfacet
  facet normal 0 0 -1
    outer loop
      vertex -1.1106946764077292 0.8522660006122089 0.35000000000000003
      vertex -1.3392751438191854 1.7453773486407176 0.35000000000000003
      vertex -0.9899494936611666 0.9899494936611666 0.35000000000000003
    endloop
  endfacet
  facet normal 0 0 -1
    outer loop
      vertex -1.3392751438191854 1.7453773486407176 0.35000000000000003
      vertex -1.1 1.905255888325765 0.35000000000000003
      vertex -0.9899494936611666 0.9899494936611666 0.35000000000000003
    endloop
  endfacet
  facet normal 0 0 -1
    outer loop
      vertex -0.9899494936611666 0.9899494936611666 0.35000000000000003
      vertex -1.1 1.905255888325765 0.35000000000000003
      vertex -0.8522660006122089 1.1106946764077292 0.35000000000000003
    endloop
  endfacet
  facet normal 0 0 -1
    outer loop
      vertex -0.8522660006122089 1.1106946764077292 0.35000000000000003
      vertex -1.1 1.905255888325765 0.35000000000000003
      vertex -0.7 1.212435565298214 0.35000000000000003
    endloop
  endfacet
  facet normal 0 0 -1
    outer loop
      vertex -0.7 1.212435565298214 0.35000000000000003
      vertex -0.8419035512031976 2.032534971524831 0.35000000000000003
      vertex -0.5357568053111257 1.2934313455158013 0.35000000000000003
    endloop
  endfacet
  facet normal 0 0 -1
    outer loop
      vertex -0.7 1.212435565298214 0.35000000000000003
      vertex -1.1 1.905255888325765 0.35000000000000003
      vertex -0.8419035512031976 2.032534971524831 0.35000000000000003
    endloop
  endfacet
  facet normal 0 0 -1
    outer loop
      vertex -0.8419035512031976 2.032534971524831 0.35000000000000003
      vertex -0.5694018992255456 2.1250368178359507 0.35000000000000003
      vertex -0.5357568053111257 1.2934313455158013 0.35000000000000003
    endloop
  endfacet
  facet normal 0 0 -1
    outer loop
      vertex -0.5694018992255456 2.1250368178359507 0.35000000000000003
      vertex -0.36234666314352904 1.3522961568046956 0.35000000000000003
      vertex -0.5357568053111257 1.2934313455158013 0.35000000000000003
    endloop
  endfacet
  facet normal 0 0 -1
    outer loop
      vertex -0.5694018992255456 2.1250368178359507 0.35000000000000003
      vertex -0.18273666910807218 1.3880228059233344 0.35000000000000003
      vertex -0.36234666314352904 1.3522961568046956 0.35000000000000003
    endloop
  endfacet
  facet normal 0 0 -1
    outer loop
      vertex -0.5694018992255456 2.1250368178359507 0.35000000000000003
      vertex -0.2871576228841135 2.181178695022383 0.35000000000000003
      vertex -0.18273666910807218 1.3880228059233344 0.35000000000000003
    endloop
  endfacet
  facet normal 0 0 -1
    outer loop
      vertex -0.18273666910807218 1.3880228059233344 0.35000000000000003
      vertex -0.2871576228841135 2.181178695022383 0.35000000000000003
      vertex 0 1.4 0.35000000000000003
    endloop
  endfacet
  facet normal 0 0 -1
    outer loop
      vertex -0.2871576228841135 2.181178695022383 0.35000000000000003
      vertex 0 2.2 0.35000000000000003
      vertex 0 1.4 0.35000000000000003
    endloop
  endfacet
  facet normal 0 0 -1
    outer loop
      vertex 0 1.4 0.35000000000000003
      vertex 0 2.2 0.35000000000000003
      vertex 0.18273666910807218 1.3880228059233344 0.35000000000000003
    endloop
  endfacet
  facet normal 0 0 -1
    outer loop
      vertex 0.18273666910807218 1.3880228059233344 0.35000000000000003
      vertex 0 2.2 0.35000000000000003
      vertex 0.2871576228841135 2.181178695022383 0.35000000000000003
    endloop
  endfacet
  facet normal 0 0 -1
    outer loop
      vertex 0.18273666910807218 1.3880228059233344 0.35000000000000003
      vertex 0.2871576228841135 2.181178695022383 0.35000000000000003
      vertex 0.36234666314352904 1.3522961568046956 0.35000000000000003
    endloop
  endfacet
  facet normal 0 0 -1
    outer loop
      vertex 0.36234666314352904 1.3522961568046956 0.35000000000000003
      vertex 0.2871576228841135 2.181178695022383 0.35000000000000003
      vertex 0.5694018992255456 2.1250368178359507 0.35000000000000003
    endloop
  endfacet
  facet normal 0 0 -1
    outer loop
      vertex 0.36234666314352904 1.3522961568046956 0.35000000000000003
      vertex 0.5694018992255456 2.1250368178359507 0.35000000000000003
      vertex 0.5357568053111257 1.2934313455158013 0.35000000000000003
    endloop
  endfacet
  facet normal 0 0 -1
    outer loop
      vertex 0.5357568053111257 1.2934313455158013 0.35000000000000003
      vertex 0.5694018992255456 2.1250368178359507 0.35000000000000003
      vertex 0.7 1.212435565298214 0.35000000000000003
    endloop
  endfacet
  facet normal -0.44228869021900113 -0.8968727415326884 0
    outer loop
      vertex 1.1 1.905255888325765 0.35000000000000003
      vertex 0.8419035512031976 2.032534971524831 0
      vertex 1.1 1.905255888325765 0
    endloop
  endfacet
  facet normal -0.555570233019602 -0.8314696123025455 0
    outer loop
      vertex 1.3392751438191854 1.7453773486407176 0.35000000000000003
      vertex 1.1 1.905255888325765 0
      vertex 1.3392751438191854 1.7453773486407176 0
    endloop
  endfacet
  facet normal -0.9807852804032309 -0.19509032201612658 0
    outer loop
      vertex 2.181178695022383 0.2871576228841135 0.35000000000000003
      vertex 2.1250368178359507 0.5694018992255456 0
      vertex 2.181178695022383 0.2871576228841135 0
    endloop
  endfacet
  facet normal -0.8968727415326884 -0.44228869021900113 0
    outer loop
      vertex 2.032534971524831 0.8419035512031976 0.35000000000000003
      vertex 1.905255888325765 1.1 0
      vertex 2.032534971524831 0.8419035512031976 0
    endloop
  endfacet
  facet normal -0.9469301294951052 -0.32143946530316275 0
    outer loop
      vertex 2.1250368178359507 0.5694018992255456 0.35000000000000003
      vertex 2.032534971524831 0.8419035512031976 0
      vertex 2.1250368178359507 0.5694018992255456 0
    endloop
  endfacet
  facet normal -0.8314696123025455 -0.555570233019602 0
    outer loop
      vertex 1.905255888325765 1.1 0.35000000000000003
      vertex 1.7453773486407176 1.3392751438191854 0
      vertex 1.905255888325765 1.1 0
    endloop
  endfacet
  facet normal -0.7518398074789778 -0.6593458151000684 0
    outer loop
      vertex 1.7453773486407176 1.3392751438191854 0.35000000000000003
      vertex 1.5556349186104048 1.5556349186104048 0
      vertex 1.7453773486407176 1.3392751438191854 0
    endloop
  endfacet
  facet normal -0.6593458151000684 -0.7518398074789778 0
    outer loop
      vertex 1.5556349186104048 1.5556349186104048 0.35000000000000003
      vertex 1.3392751438191854 1.7453773486407176 0
      vertex 1.5556349186104048 1.5556349186104048 0
    endloop
  endfacet
  facet normal -0.44228869021900113 -0.8968727415326884 0
    outer loop
      vertex 0.8419035512031976 2.032534971524831 0.35000000000000003
      vertex 0.8419035512031976 2.032534971524831 0
      vertex 1.1 1.905255888325765 0.35000000000000003
    endloop
  endfacet
  facet normal -0.555570233019602 -0.8314696123025455 0
    outer loop
      vertex 1.1 1.905255888325765 0.35000000000000003
      vertex 1.1 1.905255888325765 0
      vertex 1.3392751438191854 1.7453773486407176 0.35000000000000003
    endloop
  endfacet
  facet normal -0.6593458151000684 -0.7518398074789778 0
    outer loop
      vertex 1.5556349186104048 1.5556349186104048 0.35000000000000003
      vertex 1.3392751438191854 1.7453773486407176 0.35000000000000003
      vertex 1.3392751438191854 1.7453773486407176 0
    endloop
  endfacet
  facet normal -0.9978589232386035 -0.06540312923014398 0
    outer loop
      vertex 2.2 0 0.35000000000000003
      vertex 2.181178695022383 0.2871576228841135 0.35000000000000003
      vertex 2.181178695022383 0.2871576228841135 0
    endloop
  endfacet
  facet normal -0.9807852804032309 -0.19509032201612658 0
    outer loop
      vertex 2.181178695022383 0.2871576228841135 0.35000000000000003
      vertex 2.1250368178359507 0.5694018992255456 0.35000000000000003
      vertex 2.1250368178359507 0.5694018992255456 0
    endloop
  endfacet
  facet normal -0.9469301294951052 -0.32143946530316275 0
    outer loop
      vertex 2.1250368178359507 0.5694018992255456 0.35000000000000003
      vertex 2.032534971524831 0.8419035512031976 0.35000000000000003
      vertex 2.032534971524831 0.8419035512031976 0
    endloop
  endfacet
  facet normal -0.8968727415326884 -0.44228869021900113 0
    outer loop
      vertex 2.032534971524831 0.8419035512031976 0.35000000000000003
      vertex 1.905255888325765 1.1 0.35000000000000003
      vertex 1.905255888325765 1.1 0
    endloop
  endfacet
  facet normal -0.7518398074789778 -0.6593458151000684 0
    outer loop
      vertex 1.5556349186104048 1.5556349186104048 0.35000000000000003
      vertex 1.5556349186104048 1.5556349186104048 0
      vertex 1.7453773486407176 1.3392751438191854 0.35000000000000003
    endloop
  endfacet
  facet normal -0.8314696123025455 -0.555570233019602 0
    outer loop
      vertex 1.7453773486407176 1.3392751438191854 0.35000000000000003
      vertex 1.7453773486407176 1.3392751438191854 0
      vertex 1.905255888325765 1.1 0.35000000000000003
    endloop
  endfacet
  facet normal -0.32143946530316275 -0.9469301294951052 0
    outer loop
      vertex 0.8419035512031976 2.032534971524831 0.35000000000000003
      vertex 0.5694018992255456 2.1250368178359507 0
      vertex 0.8419035512031976 2.032534971524831 0
    endloop
  endfacet
  facet normal -0.32143946530316275 -0.9469301294951052 0
    outer loop
      vertex 0.5694018992255456 2.1250368178359507 0.35000000000000003
      vertex 0.5694018992255456 2.1250368178359507 0
      vertex 0.8419035512031976 2.032534971524831 0.35000000000000003
    endloop
  endfacet
  facet normal 0 0 -1
    outer loop
      vertex 1.5556349186104048 -1.5556349186104048 0.35000000000000003
      vertex 1.3880228059233344 0.18273666910807218 0.35000000000000003
      vertex 1.3392751438191854 1.7453773486407176 0.35000000000000003
    endloop
  endfacet
  facet normal 0 0 -1
    outer loop
      vertex 1.3522961568046956 0.36234666314352904 0.35000000000000003
      vertex 1.3392751438191854 1.7453773486407176 0.35000000000000003
      vertex 1.3880228059233344 0.18273666910807218 0.35000000000000003
    endloop
  endfacet
  facet normal 0 0 -1
    outer loop
      vertex 1.3522961568046956 0.36234666314352904 0.35000000000000003
      vertex 1.2934313455158013 0.5357568053111257 0.35000000000000003
      vertex 1.3392751438191854 1.7453773486407176 0.35000000000000003
    endloop
  endfacet
  facet normal 0 0 -1
    outer loop
      vertex 1.2934313455158013 0.5357568053111257 0.35000000000000003
      vertex 1.212435565298214 0.7 0.35000000000000003
      vertex 1.3392751438191854 1.7453773486407176 0.35000000000000003
    endloop
  endfacet
  facet normal 0 0 -1
    outer loop
      vertex 0.7 1.212435565298214 0.35000000000000003
      vertex 0.8419035512031976 2.032534971524831 0.35000000000000003
      vertex 0.8522660006122089 1.1106946764077292 0.35000000000000003
    endloop
  endfacet
  facet normal 0 0 -1
    outer loop
      vertex 0.9899494936611666 0.9899494936611666 0.35000000000000003
      vertex 0.8522660006122089 1.1106946764077292 0.35000000000000003
      vertex 0.8419035512031976 2.032534971524831 0.35000000000000003
    endloop
  endfacet
  facet normal 0 0 -1
    outer loop
      vertex 0.7 1.212435565298214 0.35000000000000003
      vertex 0.5694018992255456 2.1250368178359507 0.35000000000000003
      vertex 0.8419035512031976 2.032534971524831 0.35000000000000003
    endloop
  endfacet
  facet normal 0 0 -1
    outer loop
      vertex 0.9899494936611666 0.9899494936611666 0.35000000000000003
      vertex 0.8419035512031976 2.032534971524831 0.35000000000000003
      vertex 1.1 1.905255888325765 0.35000000000000003
    endloop
  endfacet
  facet normal 0 0 -1
    outer loop
      vertex 1.212435565298214 0.7 0.35000000000000003
      vertex 1.1106946764077292 0.8522660006122089 0.35000000000000003
      vertex 1.1 1.905255888325765 0.35000000000000003
    endloop
  endfacet
  facet normal 0 0 -1
    outer loop
      vertex 0.9899494936611666 0.9899494936611666 0.35000000000000003
      vertex 1.1 1.905255888325765 0.35000000000000003
      vertex 1.1106946764077292 0.8522660006122089 0.35000000000000003
    endloop
  endfacet
  facet normal 0 0 -1
    outer loop
      vertex 1.212435565298214 0.7 0.35000000000000003
      vertex 1.1 1.905255888325765 0.35000000000000003
      vertex 1.3392751438191854 1.7453773486407176 0.35000000000000003
    endloop
  endfacet
  facet normal 0 0 -1
    outer loop
      vertex 1.7453773486407176 -1.3392751438191854 0.35000000000000003
      vertex 1.5556349186104048 1.5556349186104048 0.35000000000000003
      vertex 1.7453773486407176 1.3392751438191854 0.35000000000000003
    endloop
  endfacet
  facet normal 0 0 -1
    outer loop
      vertex 1.905255888325765 -1.1 0.35000000000000003
      vertex 1.7453773486407176 1.3392751438191854 0.35000000000000003
      vertex 1.905255888325765 1.1 0.35000000000000003
    endloop
  endfacet
  facet normal 0 0 -1
    outer loop
      vertex 1.5556349186104048 -1.5556349186104048 0.35000000000000003
      vertex 1.3392751438191854 1.7453773486407176 0.35000000000000003
      vertex 1.5556349186104048 1.5556349186104048 0.35000000000000003
    endloop
  endfacet
  facet normal 0 0 -1
    outer loop
      vertex 2.032534971524831 -0.8419035512031976 0.35000000000000003
      vertex 1.905255888325765 1.1 0.35000000000000003
      vertex 2.032534971524831 0.8419035512031976 0.35000000000000003
    endloop
  endfacet
  facet normal 0 0 -1
    outer loop
      vertex 2.181178695022383 -0.2871576228841135 0.35000000000000003
      vertex 2.1250368178359507 0.5694018992255456 0.35000000000000003
      vertex 2.181178695022383 0.2871576228841135 0.35000000000000003
    endloop
  endfacet
  facet normal 0 0 -1
    outer loop
      vertex 2.1250368178359507 -0.5694018992255456 0.35000000000000003
      vertex 2.032534971524831 0.8419035512031976 0.35000000000000003
      vertex 2.1250368178359507 0.5694018992255456 0.35000000000000003
    endloop
  endfacet
  facet normal 0.5322004619635772 0.4667272787359289 0.7063485793639778
    outer loop
      vertex -1.1106946764077292 -0.8522660006122089 1.9000000000000001
      vertex -1.3487006784950997 -1.0348944293148252 2.2
      vertex -0.9899494936611666 -0.9899494936611666 1.9000000000000001
    endloop
  endfacet
  facet normal 0.6942627593342363 0.13809744904270588 0.7063485793639777
    outer loop
      vertex -1.3880228059233344 -0.18273666910807218 1.9000000000000001
      vertex -1.6854562643354773 -0.2218945267740876 2.2
      vertex -1.3522961568046956 -0.36234666314352904 1.9000000000000001
    endloop
  endfacet
  facet normal 0.706348579363978 0.04629653184613967 0.7063485793639774
    outer loop
      vertex -1.3880228059233344 -0.18273666910807218 1.9000000000000001
      vertex -1.4 0 1.9000000000000001
      vertex -1.6999999999999997 0 2.2
    endloop
  endfacet
  facet normal 0.6348640795793233 0.3130803169961173 0.7063485793639777
    outer loop
      vertex -1.212435565298214 -0.7 1.9000000000000001
      vertex -1.2934313455158013 -0.5357568053111257 1.9000000000000001
      vertex -1.5705952052691872 -0.6505618350206525 2.2
    endloop
  endfacet
  facet normal 0.5885675477331842 0.39326826236786017 0.706348579363978
    outer loop
      vertex -1.1106946764077292 -0.8522660006122089 1.9000000000000001
      vertex -1.212435565298214 -0.7 1.9000000000000001
      vertex -1.4722431864335457 -0.85 2.2
    endloop
  endfacet
  facet normal 0.6702979110062837 0.2275354805983077 0.7063485793639774
    outer loop
      vertex -1.2934313455158013 -0.5357568053111257 1.9000000000000001
      vertex -1.3522961568046956 -0.36234666314352904 1.9000000000000001
      vertex -1.642073904691416 -0.4399923766742852 2.2
    endloop
  endfacet
  facet normal 0.588567547733184 0.3932682623678608 0.7063485793639777
    outer loop
      vertex -1.1106946764077292 -0.8522660006122089 1.9000000000000001
      vertex -1.4722431864335457 -0.85 2.2
      vertex -1.3487006784950997 -1.0348944293148252 2.2
    endloop
  endfacet
  facet normal 0.5322004619635768 0.4667272787359297 0.7063485793639775
    outer loop
      vertex -0.9899494936611666 -0.9899494936611666 1.9000000000000001
      vertex -1.3487006784950997 -1.0348944293148252 2.2
      vertex -1.2020815280171306 -1.2020815280171306 2.2
    endloop
  endfacet
  facet normal 0.6702979110062838 0.22753548059830758 0.7063485793639777
    outer loop
      vertex -1.2934313455158013 -0.5357568053111257 1.9000000000000001
      vertex -1.642073904691416 -0.4399923766742852 2.2
      vertex -1.5705952052691872 -0.6505618350206525 2.2
    endloop
  endfacet
  facet normal 0.6942627593342363 0.13809744904270616 0.7063485793639777
    outer loop
      vertex -1.3522961568046956 -0.36234666314352904 1.9000000000000001
      vertex -1.6854562643354773 -0.2218945267740876 2.2
      vertex -1.642073904691416 -0.4399923766742852 2.2
    endloop
  endfacet
  facet normal 0.706348579363978 0.046296531846139466 0.7063485793639777
    outer loop
      vertex -1.3880228059233344 -0.18273666910807218 1.9000000000000001
      vertex -1.6999999999999997 0 2.2
      vertex -1.6854562643354773 -0.2218945267740876 2.2
    endloop
  endfacet
  facet normal 0.7063485793639781 -0.04629653184613946 0.7063485793639777
    outer loop
      vertex -1.4 0 1.9000000000000001
      vertex -1.6854562643354773 0.22189452677408764 2.2
      vertex -1.6999999999999997 0 2.2
    endloop
  endfacet
  facet normal 0.6348640795793236 0.3130803169961161 0.7063485793639779
    outer loop
      vertex -1.212435565298214 -0.7 1.9000000000000001
      vertex -1.5705952052691872 -0.6505618350206525 2.2
      vertex -1.4722431864335457 -0.85 2.2
    endloop
  endfacet
  facet normal 0.3130803169961174 0.6348640795793234 0.7063485793639774
    outer loop
      vertex -0.7 -1.212435565298214 1.9000000000000001
      vertex -0.8499999999999999 -1.4722431864335452 2.2
      vertex -0.5357568053111257 -1.2934313455158013 1.9000000000000001
    endloop
  endfacet
  facet normal 0.46672727873592906 0.5322004619635773 0.7063485793639774
    outer loop
      vertex -0.8522660006122089 -1.1106946764077292 1.9000000000000001
      vertex -0.9899494936611666 -0.9899494936611666 1.9000000000000001
      vertex -1.2020815280171306 -1.2020815280171306 2.2
    endloop
  endfacet
  facet normal 0.3932682623678605 0.5885675477331846 0.7063485793639773
    outer loop
      vertex -0.8522660006122089 -1.1106946764077292 1.9000000000000001
      vertex -1.034894429314825 -1.3487006784950994 2.2
      vertex -0.7 -1.212435565298214 1.9000000000000001
    endloop
  endfacet
  facet normal 0.2275354805983077 0.6702979110062837 0.7063485793639775
    outer loop
      vertex -0.5357568053111257 -1.2934313455158013 1.9000000000000001
      vertex -0.6505618350206526 -1.5705952052691872 2.2
      vertex -0.36234666314352904 -1.3522961568046956 1.9000000000000001
    endloop
  endfacet
  facet normal 0.13809744904270585 0.6942627593342362 0.7063485793639778
    outer loop
      vertex -0.36234666314352904 -1.3522961568046956 1.9000000000000001
      vertex -0.4399923766742852 -1.6420739046914161 2.2
      vertex -0.18273666910807218 -1.3880228059233344 1.9000000000000001
    endloop
  endfacet
  facet normal 0.04629653184613967 0.706348579363978 0.7063485793639777
    outer loop
      vertex -0.18273666910807218 -1.3880228059233344 1.9000000000000001
      vertex -0.22189452677408766 -1.6854562643354773 2.2
      vertex 0 -1.4 1.9000000000000001
    endloop
  endfacet
  facet normal -0.04629653184613967 0.706348579363978 0.7063485793639775
    outer loop
      vertex 0 -1.4 1.9000000000000001
      vertex 0 -1.6999999999999997 2.2
      vertex 0.18273666910807218 -1.3880228059233344 1.9000000000000001
    endloop
  endfacet
  facet normal -0.13809744904270588 0.6942627593342363 0.7063485793639777
    outer loop
      vertex 0.18273666910807218 -1.3880228059233344 1.9000000000000001
      vertex 0.22189452677408766 -1.6854562643354773 2.2
      vertex 0.36234666314352904 -1.3522961568046956 1.9000000000000001
    endloop
  endfacet
  facet normal -0.22753548059830767 0.6702979110062836 0.7063485793639778
    outer loop
      vertex 0.36234666314352904 -1.3522961568046956 1.9000000000000001
      vertex 0.4399923766742852 -1.6420739046914161 2.2
      vertex 0.5357568053111257 -1.2934313455158013 1.9000000000000001
    endloop
  endfacet
  facet normal -0.31308031699611727 0.6348640795793232 0.7063485793639778
    outer loop
      vertex 0.5357568053111257 -1.2934313455158013 1.9000000000000001
      vertex 0.6505618350206527 -1.5705952052691872 2.2
      vertex 0.7 -1.212435565298214 1.9000000000000001
    endloop
  endfacet
  facet normal 0.39326826236786055 0.5885675477331844 0.7063485793639774
    outer loop
      vertex -0.7 -1.212435565298214 1.9000000000000001
      vertex -1.034894429314825 -1.3487006784950994 2.2
      vertex -0.8499999999999999 -1.4722431864335452 2.2
    endloop
  endfacet
  facet normal 0.3130803169961176 0.6348640795793231 0.7063485793639777
    outer loop
      vertex -0.5357568053111257 -1.2934313455158013 1.9000000000000001
      vertex -0.8499999999999999 -1.4722431864335452 2.2
      vertex -0.6505618350206526 -1.5705952052691872 2.2
    endloop
  endfacet
  facet normal 0.46672727873592895 0.5322004619635774 0.7063485793639774
    outer loop
      vertex -0.8522660006122089 -1.1106946764077292 1.9000000000000001
      vertex -1.2020815280171306 -1.2020815280171306 2.2
      vertex -1.034894429314825 -1.3487006784950994 2.2
    endloop
  endfacet
  facet normal 0.22753548059830805 0.6702979110062834 0.7063485793639777
    outer loop
      vertex -0.36234666314352904 -1.3522961568046956 1.9000000000000001
      vertex -0.6505618350206526 -1.5705952052691872 2.2
      vertex -0.4399923766742852 -1.6420739046914161 2.2
    endloop
  endfacet
  facet normal 0.13809744904270557 0.6942627593342363 0.7063485793639777
    outer loop
      vertex -0.18273666910807218 -1.3880228059233344 1.9000000000000001
      vertex -0.4399923766742852 -1.6420739046914161 2.2
      vertex -0.22189452677408766 -1.6854562643354773 2.2
    endloop
  endfacet
  facet normal 0.04629653184613945 0.7063485793639781 0.7063485793639775
    outer loop
      vertex 0 -1.4 1.9000000000000001
      vertex -0.22189452677408766 -1.6854562643354773 2.2
      vertex 0 -1.6999999999999997 2.2
    endloop
  endfacet
  facet normal -0.04629653184613945 0.706348579363978 0.7063485793639777
    outer loop
      vertex 0.18273666910807218 -1.3880228059233344 1.9000000000000001
      vertex 0 -1.6999999999999997 2.2
      vertex 0.22189452677408766 -1.6854562643354773 2.2
    endloop
  endfacet
  facet normal -0.1380974490427054 0.6942627593342363 0.7063485793639778
    outer loop
      vertex 0.36234666314352904 -1.3522961568046956 1.9000000000000001
      vertex 0.22189452677408766 -1.6854562643354773 2.2
      vertex 0.4399923766742852 -1.6420739046914161 2.2
    endloop
  endfacet
  facet normal -0.227535480598308 0.6702979110062834 0.7063485793639777
    outer loop
      vertex 0.5357568053111257 -1.2934313455158013 1.9000000000000001
      vertex 0.4399923766742852 -1.6420739046914161 2.2
      vertex 0.6505618350206527 -1.5705952052691872 2.2
    endloop
  endfacet
  facet normal -0.39326826236786033 0.5885675477331845 0.7063485793639774
    outer loop
      vertex 0.7 -1.212435565298214 1.9000000000000001
      vertex 0.8499999999999999 -1.4722431864335452 2.2
      vertex 0.8522660006122089 -1.1106946764077292 1.9000000000000001
    endloop
  endfacet
  facet normal -0.46672727873592906 0.5322004619635773 0.7063485793639777
    outer loop
      vertex 0.8522660006122089 -1.1106946764077292 1.9000000000000001
      vertex 1.034894429314825 -1.3487006784950997 2.2
      vertex 0.9899494936611666 -0.9899494936611666 1.9000000000000001
    endloop
  endfacet
  facet normal -0.5322004619635773 0.46672727873592906 0.7063485793639774
    outer loop
      vertex 0.9899494936611666 -0.9899494936611666 1.9000000000000001
      vertex 1.2020815280171306 -1.2020815280171306 2.2
      vertex 1.1106946764077292 -0.8522660006122089 1.9000000000000001
    endloop
  endfacet
  facet normal -0.5885675477331846 0.3932682623678605 0.7063485793639773
    outer loop
      vertex 1.1106946764077292 -0.8522660006122089 1.9000000000000001
      vertex 1.3487006784950994 -1.034894429314825 2.2
      vertex 1.212435565298214 -0.7 1.9000000000000001
    endloop
  endfacet
  facet normal -0.6348640795793232 0.31308031699611727 0.7063485793639779
    outer loop
      vertex 1.212435565298214 -0.7 1.9000000000000001
      vertex 1.4722431864335455 -0.85 2.2
      vertex 1.2934313455158013 -0.5357568053111257 1.9000000000000001
    endloop
  endfacet
  facet normal -0.6702979110062837 0.2275354805983077 0.7063485793639775
    outer loop
      vertex 1.2934313455158013 -0.5357568053111257 1.9000000000000001
      vertex 1.5705952052691872 -0.6505618350206525 2.2
      vertex 1.3522961568046956 -0.36234666314352904 1.9000000000000001
    endloop
  endfacet
  facet normal -0.6942627593342364 0.1380974490427059 0.7063485793639774
    outer loop
      vertex 1.3522961568046956 -0.36234666314352904 1.9000000000000001
      vertex 1.642073904691416 -0.4399923766742852 2.2
      vertex 1.3880228059233344 -0.18273666910807218 1.9000000000000001
    endloop
  endfacet
  facet normal -0.706348579363978 0.04629653184613967 0.7063485793639777
    outer loop
      vertex 1.3880228059233344 -0.18273666910807218 1.9000000000000001
      vertex 1.6854562643354773 -0.22189452677408764 2.2
      vertex 1.4 0 1.9000000000000001
    endloop
  endfacet
  facet normal -0.7063485793639783 -0.04629653184613969 0.7063485793639773
    outer loop
      vertex 1.4 0 1.9000000000000001
      vertex 1.6999999999999995 0 2.2
      vertex 1.3880228059233344 0.18273666910807218 1.9000000000000001
    endloop
  endfacet
  facet normal -0.3130803169961179 0.6348640795793231 0.7063485793639774
    outer loop
      vertex 0.7 -1.212435565298214 1.9000000000000001
      vertex 0.6505618350206527 -1.5705952052691872 2.2
      vertex 0.8499999999999999 -1.4722431864335452 2.2
    endloop
  endfacet
  facet normal -0.39326826236786017 0.5885675477331848 0.7063485793639774
    outer loop
      vertex 0.8522660006122089 -1.1106946764077292 1.9000000000000001
      vertex 0.8499999999999999 -1.4722431864335452 2.2
      vertex 1.034894429314825 -1.3487006784950997 2.2
    endloop
  endfacet
  facet normal -0.46672727873592934 0.5322004619635771 0.7063485793639774
    outer loop
      vertex 0.9899494936611666 -0.9899494936611666 1.9000000000000001
      vertex 1.034894429314825 -1.3487006784950997 2.2
      vertex 1.2020815280171306 -1.2020815280171306 2.2
    endloop
  endfacet
  facet normal -0.5322004619635774 0.46672727873592895 0.7063485793639774
    outer loop
      vertex 1.1106946764077292 -0.8522660006122089 1.9000000000000001
      vertex 1.2020815280171306 -1.2020815280171306 2.2
      vertex 1.3487006784950994 -1.034894429314825 2.2
    endloop
  endfacet
  facet normal -0.5885675477331839 0.3932682623678611 0.7063485793639778
    outer loop
      vertex 1.212435565298214 -0.7 1.9000000000000001
      vertex 1.3487006784950994 -1.034894429314825 2.2
      vertex 1.4722431864335455 -0.85 2.2
    endloop
  endfacet
  facet normal -0.6348640795793236 0.3130803169961167 0.7063485793639775
    outer loop
      vertex 1.2934313455158013 -0.5357568053111257 1.9000000000000001
      vertex 1.4722431864335455 -0.85 2.2
      vertex 1.5705952052691872 -0.6505618350206525 2.2
    endloop
  endfacet
  facet normal -0.6702979110062839 0.22753548059830764 0.7063485793639774
    outer loop
      vertex 1.3522961568046956 -0.36234666314352904 1.9000000000000001
      vertex 1.5705952052691872 -0.6505618350206525 2.2
      vertex 1.642073904691416 -0.4399923766742852 2.2
    endloop
  endfacet
  facet normal -0.6942627593342363 0.13809744904270627 0.7063485793639777
    outer loop
      vertex 1.3880228059233344 -0.18273666910807218 1.9000000000000001
      vertex 1.642073904691416 -0.4399923766742852 2.2
      vertex 1.6854562643354773 -0.22189452677408764 2.2
    endloop
  endfacet
  facet normal -0.7063485793639783 0.04629653184613889 0.7063485793639773
    outer loop
      vertex 1.4 0 1.9000000000000001
      vertex 1.6854562643354773 -0.22189452677408764 2.2
      vertex 1.6999999999999995 0 2.2
    endloop
  endfacet
  facet normal 0.706348579363978 -0.04629653184613967 0.7063485793639777
    outer loop
      vertex -1.4 0 1.9000000000000001
      vertex -1.3880228059233344 0.18273666910807218 1.9000000000000001
      vertex -1.6854562643354773 0.22189452677408764 2.2
    endloop
  endfacet
  facet normal 0.6942627593342364 -0.1380974490427059 0.7063485793639774
    outer loop
      vertex -1.3880228059233344 0.18273666910807218 1.9000000000000001
      vertex -1.3522961568046956 0.36234666314352904 1.9000000000000001
      vertex -1.642073904691416 0.4399923766742852 2.2
    endloop
  endfacet
  facet normal 0.6702979110062839 -0.22753548059830778 0.7063485793639773
    outer loop
      vertex -1.3522961568046956 0.36234666314352904 1.9000000000000001
      vertex -1.2934313455158013 0.5357568053111257 1.9000000000000001
      vertex -1.570595205269187 0.6505618350206525 2.2
    endloop
  endfacet
  facet normal 0.6348640795793232 -0.31308031699611727 0.7063485793639777
    outer loop
      vertex -1.2934313455158013 0.5357568053111257 1.9000000000000001
      vertex -1.212435565298214 0.7 1.9000000000000001
      vertex -1.4722431864335455 0.8499999999999999 2.2
    endloop
  endfacet
  facet normal 0.5885675477331844 -0.3932682623678603 0.7063485793639777
    outer loop
      vertex -1.212435565298214 0.7 1.9000000000000001
      vertex -1.1106946764077292 0.8522660006122089 1.9000000000000001
      vertex -1.3487006784950997 1.0348944293148252 2.2
    endloop
  endfacet
  facet normal 0.5322004619635773 -0.46672727873592906 0.7063485793639774
    outer loop
      vertex -1.1106946764077292 0.8522660006122089 1.9000000000000001
      vertex -0.9899494936611666 0.9899494936611666 1.9000000000000001
      vertex -1.2020815280171306 1.2020815280171306 2.2
    endloop
  endfacet
  facet normal 0.6942627593342363 -0.13809744904270627 0.7063485793639777
    outer loop
      vertex -1.3880228059233344 0.18273666910807218 1.9000000000000001
      vertex -1.642073904691416 0.4399923766742852 2.2
      vertex -1.6854562643354773 0.22189452677408764 2.2
    endloop
  endfacet
  facet normal 0.6702979110062836 -0.22753548059830825 0.7063485793639774
    outer loop
      vertex -1.3522961568046956 0.36234666314352904 1.9000000000000001
      vertex -1.570595205269187 0.6505618350206525 2.2
      vertex -1.642073904691416 0.4399923766742852 2.2
    endloop
  endfacet
  facet normal 0.6348640795793253 -0.31308031699611333 0.7063485793639775
    outer loop
      vertex -1.2934313455158013 0.5357568053111257 1.9000000000000001
      vertex -1.5471971856704143 0.6980083251707765 2.2
      vertex -1.570595205269187 0.6505618350206525 2.2
    endloop
  endfacet
  facet normal 0.6348640795793231 -0.3130803169961174 0.7063485793639778
    outer loop
      vertex -1.2934313455158013 0.5357568053111257 1.9000000000000001
      vertex -1.4722431864335455 0.8499999999999999 2.2
      vertex -1.5471971856704143 0.6980083251707765 2.2
    endloop
  endfacet
  facet normal 0.5885675477331838 -0.39326826236786133 0.7063485793639777
    outer loop
      vertex -1.212435565298214 0.7 1.9000000000000001
      vertex -1.4335448287804524 0.9079161850693089 2.2
      vertex -1.4722431864335455 0.8499999999999999 2.2
    endloop
  endfacet
  facet normal 0.5885675477331851 -0.3932682623678598 0.7063485793639775
    outer loop
      vertex -1.4335448287804524 0.9079161850693089 2.2
      vertex -1.212435565298214 0.7 1.9000000000000001
      vertex -1.3487006784950997 1.0348944293148252 2.2
    endloop
  endfacet
  facet normal 0.5322004619635766 -0.46672727873592956 0.7063485793639778
    outer loop
      vertex -1.1106946764077292 0.8522660006122089 1.9000000000000001
      vertex -1.2020815280171306 1.2020815280171306 2.2
      vertex -1.3487006784950997 1.0348944293148252 2.2
    endloop
  endfacet
  facet normal 0.46672727873592895 -0.5322004619635775 0.7063485793639774
    outer loop
      vertex -0.9899494936611666 0.9899494936611666 1.9000000000000001
      vertex -1.034894429314825 1.3487006784950994 2.2
      vertex -1.2020815280171306 1.2020815280171306 2.2
    endloop
  endfacet
  facet normal 0.4667272787359292 -0.5322004619635774 0.7063485793639774
    outer loop
      vertex -0.9899494936611666 0.9899494936611666 1.9000000000000001
      vertex -0.8522660006122089 1.1106946764077292 1.9000000000000001
      vertex -1.034894429314825 1.3487006784950994 2.2
    endloop
  endfacet
  facet normal 0.3932682623678603 -0.5885675477331844 0.7063485793639777
    outer loop
      vertex -0.8522660006122089 1.1106946764077292 1.9000000000000001
      vertex -0.7 1.212435565298214 1.9000000000000001
      vertex -0.8499999999999999 1.4722431864335455 2.2
    endloop
  endfacet
  facet normal 0.31308031699611727 -0.6348640795793232 0.7063485793639775
    outer loop
      vertex -0.7 1.212435565298214 1.9000000000000001
      vertex -0.5357568053111257 1.2934313455158013 1.9000000000000001
      vertex -0.6505618350206526 1.5705952052691872 2.2
    endloop
  endfacet
  facet normal 0.2275354805983076 -0.6702979110062834 0.7063485793639777
    outer loop
      vertex -0.5357568053111257 1.2934313455158013 1.9000000000000001
      vertex -0.36234666314352904 1.3522961568046956 1.9000000000000001
      vertex -0.4399923766742852 1.6420739046914161 2.2
    endloop
  endfacet
  facet normal 0.13809744904270588 -0.6942627593342363 0.7063485793639777
    outer loop
      vertex -0.36234666314352904 1.3522961568046956 1.9000000000000001
      vertex -0.18273666910807218 1.3880228059233344 1.9000000000000001
      vertex -0.22189452677408766 1.6854562643354773 2.2
    endloop
  endfacet
  facet normal 0.04629653184613967 -0.706348579363978 0.7063485793639774
    outer loop
      vertex -0.18273666910807218 1.3880228059233344 1.9000000000000001
      vertex 0 1.4 1.9000000000000001
      vertex 0 1.6999999999999997 2.2
    endloop
  endfacet
  facet normal -0.04629653184613967 -0.706348579363978 0.7063485793639777
    outer loop
      vertex 0 1.4 1.9000000000000001
      vertex 0.18273666910807218 1.3880228059233344 1.9000000000000001
      vertex 0.22189452677408766 1.6854562643354773 2.2
    endloop
  endfacet
  facet normal -0.13809744904270585 -0.6942627593342361 0.7063485793639779
    outer loop
      vertex 0.18273666910807218 1.3880228059233344 1.9000000000000001
      vertex 0.36234666314352904 1.3522961568046956 1.9000000000000001
      vertex 0.42564644572201527 1.6449274877793973 2.2
    endloop
  endfacet
  facet normal -0.2275354805983076 -0.6702979110062834 0.7063485793639778
    outer loop
      vertex 0.36234666314352904 1.3522961568046956 1.9000000000000001
      vertex 0.5357568053111257 1.2934313455158013 1.9000000000000001
      vertex 0.49978067748376626 1.6217785113514331 2.2
    endloop
  endfacet
  facet normal 0.3932682623678611 -0.5885675477331842 0.7063485793639773
    outer loop
      vertex -0.8522660006122089 1.1106946764077292 1.9000000000000001
      vertex -0.8499999999999999 1.4722431864335455 2.2
      vertex -1.034894429314825 1.3487006784950994 2.2
    endloop
  endfacet
  facet normal 0.3130803169961171 -0.6348640795793233 0.7063485793639775
    outer loop
      vertex -0.7 1.212435565298214 1.9000000000000001
      vertex -0.6505618350206526 1.5705952052691872 2.2
      vertex -0.8499999999999999 1.4722431864335455 2.2
    endloop
  endfacet
  facet normal 0.22753548059830814 -0.6702979110062836 0.7063485793639777
    outer loop
      vertex -0.5357568053111257 1.2934313455158013 1.9000000000000001
      vertex -0.4399923766742852 1.6420739046914161 2.2
      vertex -0.6505618350206526 1.5705952052691872 2.2
    endloop
  endfacet
  facet normal 0.1380974490427054 -0.6942627593342363 0.7063485793639778
    outer loop
      vertex -0.36234666314352904 1.3522961568046956 1.9000000000000001
      vertex -0.22189452677408766 1.6854562643354773 2.2
      vertex -0.4399923766742852 1.6420739046914161 2.2
    endloop
  endfacet
  facet normal 0.04629653184613945 -0.706348579363978 0.7063485793639777
    outer loop
      vertex -0.18273666910807218 1.3880228059233344 1.9000000000000001
      vertex 0 1.6999999999999997 2.2
      vertex -0.22189452677408766 1.6854562643354773 2.2
    endloop
  endfacet
  facet normal -0.04629653184613945 -0.7063485793639781 0.7063485793639775
    outer loop
      vertex 0 1.4 1.9000000000000001
      vertex 0.22189452677408766 1.6854562643354773 2.2
      vertex 0 1.6999999999999997 2.2
    endloop
  endfacet
  facet normal -0.22753548059830847 -0.6702979110062833 0.7063485793639777
    outer loop
      vertex 0.5357568053111257 1.2934313455158013 1.9000000000000001
      vertex 0.6505618350206526 1.5705952052691872 2.2
      vertex 0.49978067748376626 1.6217785113514331 2.2
    endloop
  endfacet
  facet normal -0.1380974490427051 -0.6942627593342365 0.7063485793639777
    outer loop
      vertex 0.18273666910807218 1.3880228059233344 1.9000000000000001
      vertex 0.42564644572201527 1.6449274877793973 2.2
      vertex 0.22189452677408766 1.6854562643354773 2.2
    endloop
  endfacet
  facet normal -0.13809744904270996 -0.694262759334235 0.7063485793639783
    outer loop
      vertex 0.36234666314352904 1.3522961568046956 1.9000000000000001
      vertex 0.43999237667428526 1.6420739046914161 2.2
      vertex 0.42564644572201527 1.6449274877793973 2.2
    endloop
  endfacet
  facet normal -0.22753548059830742 -0.6702979110062837 0.7063485793639778
    outer loop
      vertex 0.36234666314352904 1.3522961568046956 1.9000000000000001
      vertex 0.49978067748376626 1.6217785113514331 2.2
      vertex 0.43999237667428526 1.6420739046914161 2.2
    endloop
  endfacet
  facet normal -0.6702979110062837 -0.2275354805983077 0.7063485793639775
    outer loop
      vertex 1.3522961568046956 0.36234666314352904 1.9000000000000001
      vertex 1.642073904691416 0.4399923766742852 2.2
      vertex 1.2934313455158013 0.5357568053111257 1.9000000000000001
    endloop
  endfacet
  facet normal -0.5322004619635773 -0.466727278735929 0.7063485793639777
    outer loop
      vertex 0.9899494936611666 0.9899494936611666 1.9000000000000001
      vertex 1.1106946764077292 0.8522660006122089 1.9000000000000001
      vertex 1.3487006784950997 1.034894429314825 2.2
    endloop
  endfacet
  facet normal -0.5885675477331844 -0.3932682623678603 0.7063485793639777
    outer loop
      vertex 1.212435565298214 0.7 1.9000000000000001
      vertex 1.4722431864335455 0.8499999999999999 2.2
      vertex 1.1106946764077292 0.8522660006122089 1.9000000000000001
    endloop
  endfacet
  facet normal -0.6348640795793233 -0.3130803169961173 0.7063485793639777
    outer loop
      vertex 1.2934313455158013 0.5357568053111257 1.9000000000000001
      vertex 1.5705952052691872 0.6505618350206525 2.2
      vertex 1.212435565298214 0.7 1.9000000000000001
    endloop
  endfacet
  facet normal -0.39326826236786044 -0.5885675477331846 0.7063485793639773
    outer loop
      vertex 0.7 1.212435565298214 1.9000000000000001
      vertex 0.8522660006122089 1.1106946764077292 1.9000000000000001
      vertex 0.9044909219037811 1.4358335164569098 2.2
    endloop
  endfacet
  facet normal -0.31308031699611727 -0.6348640795793232 0.7063485793639778
    outer loop
      vertex 0.5357568053111257 1.2934313455158013 1.9000000000000001
      vertex 0.7 1.212435565298214 1.9000000000000001
      vertex 0.8108643233503056 1.4915427663679823 2.2
    endloop
  endfacet
  facet normal -0.46672727873592906 -0.5322004619635773 0.7063485793639774
    outer loop
      vertex 0.9899494936611666 0.9899494936611666 1.9000000000000001
      vertex 1.2020815280171306 1.2020815280171306 2.2
      vertex 0.8522660006122089 1.1106946764077292 1.9000000000000001
    endloop
  endfacet
  facet normal -0.6942627593342366 -0.13809744904270593 0.7063485793639773
    outer loop
      vertex 1.3522961568046956 0.36234666314352904 1.9000000000000001
      vertex 1.3880228059233344 0.18273666910807218 1.9000000000000001
      vertex 1.6854562643354771 0.2218945267740876 2.2
    endloop
  endfacet
  facet normal -0.6348640795793234 -0.313080316996117 0.7063485793639777
    outer loop
      vertex 1.212435565298214 0.7 1.9000000000000001
      vertex 1.5705952052691872 0.6505618350206525 2.2
      vertex 1.4722431864335455 0.8499999999999999 2.2
    endloop
  endfacet
  facet normal -0.5885675477331844 -0.3932682623678605 0.7063485793639775
    outer loop
      vertex 1.1106946764077292 0.8522660006122089 1.9000000000000001
      vertex 1.4722431864335455 0.8499999999999999 2.2
      vertex 1.3487006784950997 1.034894429314825 2.2
    endloop
  endfacet
  facet normal -0.313080316996117 -0.6348640795793236 0.7063485793639777
    outer loop
      vertex 0.5357568053111257 1.2934313455158013 1.9000000000000001
      vertex 0.8108643233503056 1.4915427663679823 2.2
      vertex 0.6505618350206526 1.5705952052691872 2.2
    endloop
  endfacet
  facet normal -0.31308031699611755 -0.6348640795793231 0.7063485793639775
    outer loop
      vertex 0.7 1.212435565298214 1.9000000000000001
      vertex 0.8499999999999999 1.4722431864335455 2.2
      vertex 0.8108643233503056 1.4915427663679823 2.2
    endloop
  endfacet
  facet normal -0.3932682623678623 -0.5885675477331832 0.7063485793639777
    outer loop
      vertex 0.7 1.212435565298214 1.9000000000000001
      vertex 0.9044909219037811 1.4358335164569098 2.2
      vertex 0.8499999999999999 1.4722431864335455 2.2
    endloop
  endfacet
  facet normal -0.46672727873592895 -0.5322004619635774 0.7063485793639774
    outer loop
      vertex 0.8522660006122089 1.1106946764077292 1.9000000000000001
      vertex 1.2020815280171306 1.2020815280171306 2.2
      vertex 1.034894429314825 1.3487006784950994 2.2
    endloop
  endfacet
  facet normal -0.39326826236786067 -0.5885675477331846 0.7063485793639773
    outer loop
      vertex 0.8522660006122089 1.1106946764077292 1.9000000000000001
      vertex 1.034894429314825 1.3487006784950994 2.2
      vertex 0.9044909219037811 1.4358335164569098 2.2
    endloop
  endfacet
  facet normal -0.5322004619635771 -0.46672727873592934 0.7063485793639774
    outer loop
      vertex 0.9899494936611666 0.9899494936611666 1.9000000000000001
      vertex 1.3487006784950997 1.034894429314825 2.2
      vertex 1.2020815280171306 1.2020815280171306 2.2
    endloop
  endfacet
  facet normal -0.7063485793639783 -0.04629653184613963 0.7063485793639774
    outer loop
      vertex 1.3880228059233344 0.18273666910807218 1.9000000000000001
      vertex 1.6999999999999995 0 2.2
      vertex 1.6854562643354771 0.2218945267740876 2.2
    endloop
  endfacet
  facet normal -0.6942627593342364 -0.13809744904270557 0.7063485793639775
    outer loop
      vertex 1.3522961568046956 0.36234666314352904 1.9000000000000001
      vertex 1.6854562643354771 0.2218945267740876 2.2
      vertex 1.642073904691416 0.4399923766742852 2.2
    endloop
  endfacet
  facet normal -0.6702979110062838 -0.22753548059830758 0.7063485793639777
    outer loop
      vertex 1.2934313455158013 0.5357568053111257 1.9000000000000001
      vertex 1.642073904691416 0.4399923766742852 2.2
      vertex 1.5705952052691872 0.6505618350206525 2.2
    endloop
  endfacet
endsolid OpenSCAD_Model
