solid OpenSCAD_Model
  facet normal -0.6468553555379305 -0.4064461584132973 0.6452748788872618
    outer loop
      vertex -4.221890005327361 -3.3668449300371623 7.8
      vertex -9.4601731129754 -4.555779260734362 1.8
      vertex -8.209230565914313 -6.546642919516704 1.8
    endloop
  endfacet
  facet normal -0.721080120031309 -0.2523168467872545 0.6452748788872616
    outer loop
      vertex -4.8652318866730635 -2.3429721912348147 7.8
      vertex -10.236743077909148 -2.336469806541302 1.8
      vertex -9.4601731129754 -4.555779260734362 1.8
    endloop
  endfacet
  facet normal -0.7591469163379566 -0.08553531487990043 0.6452748788872598
    outer loop
      vertex -10.153281482438189 -0.6532814824381883 2.121307496886115
      vertex -10.391463116088007 -0.07826015217261201 1.9173165676349102
      vertex -10.236743077909148 -2.336469806541302 1.8
    endloop
  endfacet
  facet normal -0.7591469163379546 -0.08553531487990096 0.6452748788872621
    outer loop
      vertex -10.153281482438189 -0.6532814824381883 2.121307496886115
      vertex -10.236743077909148 -2.336469806541302 1.8
      vertex -9.652751890989162 -0.8606076275854392 2.68268343236509
    endloop
  endfacet
  facet normal -0.7591469163379504 -0.08553531487990039 0.6452748788872672
    outer loop
      vertex -10.391463116088007 -0.07826015217261201 1.9173165676349102
      vertex -10.5 0 1.8
      vertex -10.236743077909148 -2.336469806541302 1.8
    endloop
  endfacet
  facet normal -0.9238795325112814 -0.3826834323651024 -5.300635976947476e-14
    outer loop
      vertex -10.153281482438189 -0.6532814824381883 2.121307496886115
      vertex -10.423879532511286 0 1.9173165676349102
      vertex -10.391463116088007 -0.07826015217261201 1.9173165676349102
    endloop
  endfacet
  facet normal -0.9238795325112873 -0.3826834323650884 0
    outer loop
      vertex -10.153281482438189 -0.6532814824381883 2.121307496886115
      vertex -10.153281482438189 -0.6532814824381883 2.68268343236509
      vertex -10.423879532511286 0 1.9173165676349102
    endloop
  endfacet
  facet normal -0.9238795325112873 -0.38268343236508834 0
    outer loop
      vertex -10.153281482438189 -0.6532814824381883 2.68268343236509
      vertex -10.423879532511286 0 2.68268343236509
      vertex -10.423879532511286 0 1.9173165676349102
    endloop
  endfacet
  facet normal -0.6785983445458478 -0.28108463771481934 0.6785983445458468
    outer loop
      vertex -10.153281482438189 -0.6532814824381883 2.68268343236509
      vertex -9.7705980500731 -0.2705980500730985 3.223879532511287
      vertex -10.423879532511286 0 2.68268343236509
    endloop
  endfacet
  facet normal -0.3826834323650892 -0.9238795325112871 0
    outer loop
      vertex -10.153281482438189 -0.6532814824381883 2.121307496886115
      vertex -9.652751890989162 -0.8606076275854392 2.68268343236509
      vertex -10.153281482438189 -0.6532814824381883 2.68268343236509
    endloop
  endfacet
  facet normal -0.32241073574745643 -0.7783683708961988 0.5386965719801653
    outer loop
      vertex -10.153281482438189 -0.6532814824381883 2.68268343236509
      vertex -9.652751890989162 -0.8606076275854392 2.68268343236509
      vertex -9.050050773889948 -0.5951742634919607 3.4269284612817983
    endloop
  endfacet
  facet normal -0.4467317573857877 -0.550569053773725 0.7051981664537358
    outer loop
      vertex -10.153281482438189 -0.6532814824381883 2.68268343236509
      vertex -9.050050773889948 -0.5951742634919607 3.4269284612817983
      vertex -9.7705980500731 -0.2705980500730985 3.223879532511287
    endloop
  endfacet
  facet normal -0.44673175738578774 -0.5505690537737254 0.7051981664537353
    outer loop
      vertex -9.050050773889948 -0.5951742634919607 3.4269284612817983
      vertex -8.632001728503054 -0.24496688404010875 3.9651730970517383
      vertex -9.7705980500731 -0.2705980500730985 3.223879532511287
    endloop
  endfacet
  facet normal -0.7591469163379558 -0.08553531487992241 0.6452748788872577
    outer loop
      vertex -10.391463116088007 -0.07826015217261201 1.9173165676349102
      vertex -10.41112352440266 0 1.9045605595262833
      vertex -10.5 0 1.8
    endloop
  endfacet
  facet normal -0.6785983445458611 -0.28108463771483727 -0.6785983445458258
    outer loop
      vertex -10.391463116088007 -0.07826015217261201 1.9173165676349102
      vertex -10.423879532511286 0 1.9173165676349102
      vertex -10.41112352440266 0 1.9045605595262833
    endloop
  endfacet
  facet normal -0.7591469163379558 0.08553531487992241 0.6452748788872577
    outer loop
      vertex -10.41112352440266 0 1.9045605595262833
      vertex -10.391463116088007 0.07826015217261201 1.9173165676349102
      vertex -10.5 0 1.8
    endloop
  endfacet
  facet normal -0.6785983445458611 0.2810846377148372 -0.6785983445458258
    outer loop
      vertex -10.41112352440266 0 1.9045605595262833
      vertex -10.423879532511286 0 1.9173165676349102
      vertex -10.391463116088007 0.07826015217261201 1.9173165676349102
    endloop
  endfacet
  facet normal -0.9238795325112814 0.38268343236510266 -5.360870476685519e-14
    outer loop
      vertex -10.423879532511286 0 1.9173165676349102
      vertex -10.153281482438189 0.6532814824381883 2.121307496886115
      vertex -10.391463116088007 0.07826015217261201 1.9173165676349102
    endloop
  endfacet
  facet normal -0.9238795325112873 0.38268343236508834 0
    outer loop
      vertex -10.423879532511286 0 1.9173165676349102
      vertex -10.423879532511286 0 2.68268343236509
      vertex -10.153281482438189 0.6532814824381883 2.68268343236509
    endloop
  endfacet
  facet normal -0.9238795325112873 0.3826834323650884 0
    outer loop
      vertex -10.423879532511286 0 1.9173165676349102
      vertex -10.153281482438189 0.6532814824381883 2.68268343236509
      vertex -10.153281482438189 0.6532814824381883 2.121307496886115
    endloop
  endfacet
  facet normal -0.6785983445458478 0.28108463771481934 0.6785983445458468
    outer loop
      vertex -10.423879532511286 0 2.68268343236509
      vertex -9.7705980500731 0.2705980500730985 3.223879532511287
      vertex -10.153281482438189 0.6532814824381883 2.68268343236509
    endloop
  endfacet
  facet normal -0.7591469163379504 0.08553531487990039 0.6452748788872672
    outer loop
      vertex -10.391463116088007 0.07826015217261201 1.9173165676349102
      vertex -10.236743077909148 2.336469806541302 1.8
      vertex -10.5 0 1.8
    endloop
  endfacet
  facet normal -0.7591469163379566 0.08553531487990043 0.6452748788872598
    outer loop
      vertex -10.391463116088007 0.07826015217261201 1.9173165676349102
      vertex -10.153281482438189 0.6532814824381883 2.121307496886115
      vertex -10.236743077909148 2.336469806541302 1.8
    endloop
  endfacet
  facet normal -0.3826834323650892 0.9238795325112871 0
    outer loop
      vertex -10.153281482438189 0.6532814824381883 2.121307496886115
      vertex -10.153281482438189 0.6532814824381883 2.68268343236509
      vertex -9.652751890989162 0.8606076275854392 2.68268343236509
    endloop
  endfacet
  facet normal -0.6785983445458477 -0.28108463771481856 0.6785983445458471
    outer loop
      vertex -10.423879532511286 0 2.68268343236509
      vertex -9.7705980500731 -0.2705980500730985 3.223879532511287
      vertex -9.88268343236509 0 3.223879532511287
    endloop
  endfacet
  facet normal -0.6785983445458477 0.28108463771481856 0.6785983445458471
    outer loop
      vertex -10.423879532511286 0 2.68268343236509
      vertex -9.88268343236509 0 3.223879532511287
      vertex -9.7705980500731 0.2705980500730985 3.223879532511287
    endloop
  endfacet
  facet normal -0.4467317573857877 0.550569053773725 0.7051981664537358
    outer loop
      vertex -10.153281482438189 0.6532814824381883 2.68268343236509
      vertex -9.7705980500731 0.2705980500730985 3.223879532511287
      vertex -9.050050773889948 0.5951742634919607 3.4269284612817983
    endloop
  endfacet
  facet normal -0.32241073574745643 0.7783683708961988 0.5386965719801653
    outer loop
      vertex -10.153281482438189 0.6532814824381883 2.68268343236509
      vertex -9.050050773889948 0.5951742634919607 3.4269284612817983
      vertex -9.652751890989162 0.8606076275854392 2.68268343236509
    endloop
  endfacet
  facet normal -0.5288900949847801 -0.21907345034748882 0.8199281009819317
    outer loop
      vertex -9.7705980500731 -0.2705980500730985 3.223879532511287
      vertex -8.569942610327416 0 4.07065575255598
      vertex -9.88268343236509 0 3.223879532511287
    endloop
  endfacet
  facet normal -0.5288900949847805 0.21907345034748898 0.8199281009819314
    outer loop
      vertex -9.88268343236509 0 3.223879532511287
      vertex -8.632001728503054 0.24496688404010875 3.9651730970517383
      vertex -9.7705980500731 0.2705980500730985 3.223879532511287
    endloop
  endfacet
  facet normal -0.5288900949847809 -0.2190734503474861 0.8199281009819319
    outer loop
      vertex -9.7705980500731 -0.2705980500730985 3.223879532511287
      vertex -8.632001728503054 -0.24496688404010875 3.9651730970517383
      vertex -8.569942610327416 0 4.07065575255598
    endloop
  endfacet
  facet normal -0.5288900949847803 0.2190734503474865 0.819928100981932
    outer loop
      vertex -9.88268343236509 0 3.223879532511287
      vertex -8.569942610327416 0 4.07065575255598
      vertex -8.632001728503054 0.24496688404010875 3.9651730970517383
    endloop
  endfacet
  facet normal -0.4467317573857878 0.5505690537737254 0.7051981664537355
    outer loop
      vertex -9.7705980500731 0.2705980500730985 3.223879532511287
      vertex -8.632001728503054 0.24496688404010875 3.9651730970517383
      vertex -9.050050773889948 0.5951742634919607 3.4269284612817983
    endloop
  endfacet
  facet normal -0.759146916337955 -0.08553531487990051 0.6452748788872616
    outer loop
      vertex -9.652751890989162 -0.8606076275854392 2.68268343236509
      vertex -10.236743077909148 -2.336469806541302 1.8
      vertex -5.264610725781848 -1.2016130433640984 7.8
    endloop
  endfacet
  facet normal -0.7591469163379551 -0.08553531487989985 0.6452748788872616
    outer loop
      vertex -9.652751890989162 -0.8606076275854392 2.68268343236509
      vertex -5.264610725781848 -1.2016130433640984 7.8
      vertex -9.050050773889948 -0.5951742634919607 3.4269284612817983
    endloop
  endfacet
  facet normal -0.7591469163379551 -0.08553531487990228 0.6452748788872613
    outer loop
      vertex -9.050050773889948 -0.5951742634919607 3.4269284612817983
      vertex -5.264610725781848 -1.2016130433640984 7.8
      vertex -8.632001728503054 -0.24496688404010875 3.9651730970517383
    endloop
  endfacet
  facet normal -0.7591469163379548 -0.08553531487989748 0.6452748788872624
    outer loop
      vertex -8.632001728503054 -0.24496688404010875 3.9651730970517383
      vertex -5.264610725781848 -1.2016130433640984 7.8
      vertex -8.569942610327416 0 4.07065575255598
    endloop
  endfacet
  facet normal -0.7591469163379551 0.08553531487989985 0.6452748788872618
    outer loop
      vertex -9.050050773889948 0.5951742634919607 3.4269284612817983
      vertex -5.264610725781848 1.2016130433640984 7.8
      vertex -9.652751890989162 0.8606076275854392 2.68268343236509
    endloop
  endfacet
  facet normal -0.7591469163379548 0.08553531487989746 0.6452748788872624
    outer loop
      vertex -8.569942610327416 0 4.07065575255598
      vertex -5.264610725781848 1.2016130433640984 7.8
      vertex -8.632001728503054 0.24496688404010875 3.9651730970517383
    endloop
  endfacet
  facet normal -0.7591469163379551 0.08553531487990228 0.6452748788872613
    outer loop
      vertex -9.050050773889948 0.5951742634919607 3.4269284612817983
      vertex -8.632001728503054 0.24496688404010875 3.9651730970517383
      vertex -5.264610725781848 1.2016130433640984 7.8
    endloop
  endfacet
  facet normal -0.4064461584132973 -0.6468553555379304 0.6452748788872618
    outer loop
      vertex -5.642399100832523 -8.466358954346502 2.111807506906075
      vertex -5.573153665485208 -7.940387654019691 2.68268343236509
      vertex -6.546642919516704 -8.209230565914313 1.8
    endloop
  endfacet
  facet normal -0.40644615841329584 -0.6468553555379267 0.6452748788872664
    outer loop
      vertex -5.189785217629817 -8.988971677304745 1.873007470383257
      vertex -5.354918862144249 -8.841010495595505 1.9173165676349102
      vertex -6.546642919516704 -8.209230565914313 1.8
    endloop
  endfacet
  facet normal -0.7933533402912343 -0.6087614290087217 0
    outer loop
      vertex -5.211939766255643 -9.027344481143432 1.9173165676349102
      vertex -5.642399100832523 -8.466358954346502 2.68268343236509
      vertex -5.642399100832523 -8.466358954346502 2.111807506906075
    endloop
  endfacet
  facet normal -0.4064461584132973 -0.6468553555379304 0.6452748788872618
    outer loop
      vertex -5.642399100832523 -8.466358954346502 2.111807506906075
      vertex -6.546642919516704 -8.209230565914313 1.8
      vertex -5.354918862144249 -8.841010495595505 1.9173165676349102
    endloop
  endfacet
  facet normal -0.9914448613738104 0.13052619222005193 0
    outer loop
      vertex -5.642399100832523 -8.466358954346502 2.111807506906075
      vertex -5.642399100832523 -8.466358954346502 2.68268343236509
      vertex -5.573153665485208 -7.940387654019691 2.68268343236509
    endloop
  endfacet
  facet normal -0.5827256091475052 -0.4471410864853597 -0.6785983445458449
    outer loop
      vertex -5.189785217629817 -8.988971677304745 1.873007470383257
      vertex -5.211939766255643 -9.027344481143432 1.9173165676349102
      vertex -5.354918862144249 -8.841010495595505 1.9173165676349102
    endloop
  endfacet
  facet normal -0.0958727353983434 -0.7282257242001781 -0.6785983445458481
    outer loop
      vertex -5.189785217629817 -8.988971677304745 1.873007470383257
      vertex -5.017664804510476 -9.052921265075879 1.9173165676349102
      vertex -5.211939766255643 -9.027344481143432 1.9173165676349102
    endloop
  endfacet
  facet normal -0.4064461584132946 -0.6468553555379283 0.6452748788872659
    outer loop
      vertex -5.189785217629817 -8.988971677304745 1.873007470383257
      vertex -4.555779260734362 -9.4601731129754 1.8
      vertex -5.017664804510476 -9.052921265075879 1.9173165676349102
    endloop
  endfacet
  facet normal -0.13052619222005143 -0.9914448613738105 -6.104675777634103e-15
    outer loop
      vertex -5.211939766255643 -9.027344481143432 1.9173165676349102
      vertex -5.017664804510476 -9.052921265075879 1.9173165676349102
      vertex -4.510882381605666 -9.11964043678469 2.169646420743279
    endloop
  endfacet
  facet normal -0.40644615841329707 -0.6468553555379299 0.6452748788872625
    outer loop
      vertex -5.017664804510476 -9.052921265075879 1.9173165676349102
      vertex -4.555779260734362 -9.4601731129754 1.8
      vertex -4.510882381605666 -9.11964043678469 2.169646420743279
    endloop
  endfacet
  facet normal -0.13052619222005357 -0.9914448613738103 0
    outer loop
      vertex -5.211939766255643 -9.027344481143432 1.9173165676349102
      vertex -4.510882381605666 -9.11964043678469 2.68268343236509
      vertex -5.211939766255643 -9.027344481143432 2.68268343236509
    endloop
  endfacet
  facet normal -0.13052619222005352 -0.99144486137381 0
    outer loop
      vertex -5.211939766255643 -9.027344481143432 1.9173165676349102
      vertex -4.510882381605666 -9.11964043678469 2.169646420743279
      vertex -4.510882381605666 -9.11964043678469 2.68268343236509
    endloop
  endfacet
  facet normal -0.406446158413298 -0.6468553555379296 0.6452748788872622
    outer loop
      vertex -4.510882381605666 -9.11964043678469 2.169646420743279
      vertex -4.555779260734362 -9.4601731129754 1.8
      vertex -4.321985038004605 -8.974694407082062 2.433930248919438
    endloop
  endfacet
  facet normal 0.6087614290087218 -0.7933533402912343 0
    outer loop
      vertex -4.510882381605666 -9.11964043678469 2.169646420743279
      vertex -4.321985038004605 -8.974694407082062 2.433930248919438
      vertex -4.510882381605666 -9.11964043678469 2.68268343236509
    endloop
  endfacet
  facet normal 0.608761429008721 -0.7933533402912349 -9.692786380788073e-16
    outer loop
      vertex -4.510882381605666 -9.11964043678469 2.68268343236509
      vertex -4.321985038004605 -8.974694407082062 2.433930248919438
      vertex -4.122742262918833 -8.821810048598927 2.68268343236509
    endloop
  endfacet
  facet normal -0.4064461584132989 -0.6468553555379327 0.6452748788872585
    outer loop
      vertex -5.189785217629817 -8.988971677304745 1.873007470383257
      vertex -6.546642919516704 -8.209230565914313 1.8
      vertex -4.555779260734362 -9.4601731129754 1.8
    endloop
  endfacet
  facet normal -0.7933533402912354 -0.6087614290087202 -6.379912833520987e-15
    outer loop
      vertex -5.211939766255643 -9.027344481143432 1.9173165676349102
      vertex -5.642399100832523 -8.466358954346502 2.111807506906075
      vertex -5.354918862144249 -8.841010495595505 1.9173165676349102
    endloop
  endfacet
  facet normal -0.7933533402912344 -0.6087614290087217 0
    outer loop
      vertex -5.211939766255643 -9.027344481143432 1.9173165676349102
      vertex -5.211939766255643 -9.027344481143432 2.68268343236509
      vertex -5.642399100832523 -8.466358954346502 2.68268343236509
    endloop
  endfacet
  facet normal -0.582725609147503 -0.44714108648535966 0.6785983445458466
    outer loop
      vertex -5.211939766255643 -9.027344481143432 2.68268343236509
      vertex -5.119643810614386 -8.326287096493456 3.223879532511287
      vertex -5.642399100832523 -8.466358954346502 2.68268343236509
    endloop
  endfacet
  facet normal -0.09587273539834505 -0.7282257242001784 0.6785983445458474
    outer loop
      vertex -5.211939766255643 -9.027344481143432 2.68268343236509
      vertex -4.510882381605666 -9.11964043678469 2.68268343236509
      vertex -4.650954239458713 -8.596885146566553 3.223879532511287
    endloop
  endfacet
  facet normal 0.5128814148246882 -0.6684000730582289 0.5386965719801642
    outer loop
      vertex -4.510882381605666 -9.11964043678469 2.68268343236509
      vertex -4.122742262918833 -8.821810048598927 2.68268343236509
      vertex -4.093157098845515 -8.499528295284659 3.054394479117806
    endloop
  endfacet
  facet normal -0.5827256091475019 -0.4471410864853602 0.6785983445458471
    outer loop
      vertex -5.211939766255643 -9.027344481143432 2.68268343236509
      vertex -4.941341716182545 -8.558654909987759 3.223879532511287
      vertex -5.119643810614386 -8.326287096493456 3.223879532511287
    endloop
  endfacet
  facet normal -0.0958727353983437 -0.728225724200179 0.6785983445458468
    outer loop
      vertex -5.211939766255643 -9.027344481143432 2.68268343236509
      vertex -4.650954239458713 -8.596885146566553 3.223879532511287
      vertex -4.941341716182545 -8.558654909987759 3.223879532511287
    endloop
  endfacet
  facet normal -0.7001726657985001 -0.11159652368649668 0.7051981664537359
    outer loop
      vertex -5.642399100832523 -8.466358954346502 2.68268343236509
      vertex -5.119643810614386 -8.326287096493456 3.223879532511287
      vertex -5.032631111435702 -7.527936029489766 3.4366099740206257
    endloop
  endfacet
  facet normal -0.8352921505721443 0.1099682978379702 0.5386965719801654
    outer loop
      vertex -5.642399100832523 -8.466358954346502 2.68268343236509
      vertex -5.032631111435702 -7.527936029489766 3.4366099740206257
      vertex -5.573153665485208 -7.940387654019691 2.68268343236509
    endloop
  endfacet
  facet normal -0.4541682207880245 -0.3484955328930404 0.8199281009819314
    outer loop
      vertex -5.119643810614386 -8.326287096493456 3.223879532511287
      vertex -4.941341716182545 -8.558654909987759 3.223879532511287
      vertex -4.493564861652605 -7.2961460849296955 4.008515041810503
    endloop
  endfacet
  facet normal -0.7001726657985005 -0.11159652368649652 0.7051981664537356
    outer loop
      vertex -5.119643810614386 -8.326287096493456 3.223879532511287
      vertex -4.493564861652605 -7.2961460849296955 4.008515041810503
      vertex -5.032631111435702 -7.527936029489766 3.4366099740206257
    endloop
  endfacet
  facet normal 0.25344090841271 -0.6621655774602212 0.7051981664537367
    outer loop
      vertex -4.510882381605666 -9.11964043678469 2.68268343236509
      vertex -4.050313506069018 -8.215138359643706 3.366467323134799
      vertex -4.650954239458713 -8.596885146566553 3.223879532511287
    endloop
  endfacet
  facet normal 0.5128814148246867 -0.6684000730582288 0.5386965719801659
    outer loop
      vertex -4.510882381605666 -9.11964043678469 2.68268343236509
      vertex -4.093157098845515 -8.499528295284659 3.054394479117806
      vertex -4.050313506069018 -8.215138359643706 3.366467323134799
    endloop
  endfacet
  facet normal -0.0747218741967547 -0.56756898324053 0.8199281009819309
    outer loop
      vertex -4.941341716182545 -8.558654909987759 3.223879532511287
      vertex -4.650954239458713 -8.596885146566553 3.223879532511287
      vertex -4.232279058663951 -7.330522361415744 4.138633437972162
    endloop
  endfacet
  facet normal 0.2534409084127098 -0.6621655774602211 0.7051981664537369
    outer loop
      vertex -4.650954239458713 -8.596885146566553 3.223879532511287
      vertex -4.050313506069018 -8.215138359643706 3.366467323134799
      vertex -4.091370151895997 -7.575225094289661 3.982087146248542
    endloop
  endfacet
  facet normal -0.07472187419675363 -0.5675689832405301 0.8199281009819308
    outer loop
      vertex -4.650954239458713 -8.596885146566553 3.223879532511287
      vertex -4.091370151895997 -7.575225094289661 3.982087146248542
      vertex -4.232279058663951 -7.330522361415744 4.138633437972162
    endloop
  endfacet
  facet normal -0.454168220788026 -0.34849553289303936 0.8199281009819307
    outer loop
      vertex -4.941341716182545 -8.558654909987759 3.223879532511287
      vertex -4.232279058663951 -7.330522361415744 4.138633437972162
      vertex -4.493564861652605 -7.2961460849296955 4.008515041810503
    endloop
  endfacet
  facet normal -0.5401945624851429 -0.5401945624851429 0.6452748788872615
    outer loop
      vertex -4.221890005327361 -3.3668449300371623 7.8
      vertex -8.209230565914313 -6.546642919516704 1.8
      vertex -6.546642919516704 -8.209230565914313 1.8
    endloop
  endfacet
  facet normal -0.4064461584132971 -0.6468553555379308 0.6452748788872616
    outer loop
      vertex -5.573153665485208 -7.940387654019691 2.68268343236509
      vertex -3.3668449300371623 -4.221890005327361 7.8
      vertex -6.546642919516704 -8.209230565914313 1.8
    endloop
  endfacet
  facet normal -0.40644615841329856 -0.6468553555379297 0.6452748788872616
    outer loop
      vertex -5.573153665485208 -7.940387654019691 2.68268343236509
      vertex -5.032631111435702 -7.527936029489766 3.4366099740206257
      vertex -3.3668449300371623 -4.221890005327361 7.8
    endloop
  endfacet
  facet normal -0.4064461584132977 -0.6468553555379303 0.6452748788872618
    outer loop
      vertex -5.032631111435702 -7.527936029489766 3.4366099740206257
      vertex -4.493564861652605 -7.2961460849296955 4.008515041810503
      vertex -3.3668449300371623 -4.221890005327361 7.8
    endloop
  endfacet
  facet normal -0.4064461584132984 -0.6468553555379299 0.6452748788872616
    outer loop
      vertex -4.493564861652605 -7.2961460849296955 4.008515041810503
      vertex -4.232279058663951 -7.330522361415744 4.138633437972162
      vertex -3.3668449300371623 -4.221890005327361 7.8
    endloop
  endfacet
  facet normal -0.5401945624851429 -0.5401945624851429 0.6452748788872618
    outer loop
      vertex -4.221890005327361 -3.3668449300371623 7.8
      vertex -6.546642919516704 -8.209230565914313 1.8
      vertex -3.3668449300371623 -4.221890005327361 7.8
    endloop
  endfacet
  facet normal -0.25231684678725436 -0.7210801200313084 0.6452748788872623
    outer loop
      vertex -4.321985038004605 -8.974694407082062 2.433930248919438
      vertex -4.555779260734362 -9.4601731129754 1.8
      vertex -2.336469806541297 -10.23674307790915 1.8
    endloop
  endfacet
  facet normal -0.252316846787256 -0.7210801200313098 0.64527487888726
    outer loop
      vertex -4.321985038004605 -8.974694407082062 2.433930248919438
      vertex -2.336469806541297 -10.23674307790915 1.8
      vertex -4.122742262918833 -8.821810048598927 2.68268343236509
    endloop
  endfacet
  facet normal -0.25231684678725413 -0.7210801200313087 0.645274878887262
    outer loop
      vertex -4.122742262918833 -8.821810048598927 2.68268343236509
      vertex -2.336469806541297 -10.23674307790915 1.8
      vertex -4.093157098845515 -8.499528295284659 3.054394479117806
    endloop
  endfacet
  facet normal -0.25231684678725447 -0.721080120031309 0.6452748788872616
    outer loop
      vertex -4.093157098845515 -8.499528295284659 3.054394479117806
      vertex -2.336469806541297 -10.23674307790915 1.8
      vertex -2.3429721912348147 -4.8652318866730635 7.8
    endloop
  endfacet
  facet normal -0.08553531487990051 -0.759146916337955 0.6452748788872618
    outer loop
      vertex -1.2016130433640957 -5.264610725781848 7.8
      vertex -2.336469806541297 -10.23674307790915 1.8
      vertex 0 -10.5 1.8
    endloop
  endfacet
  facet normal -0.4064461584132951 -0.6468553555379318 0.6452748788872619
    outer loop
      vertex -4.093157098845515 -8.499528295284659 3.054394479117806
      vertex -2.3429721912348147 -4.8652318866730635 7.8
      vertex -4.050313506069018 -8.215138359643706 3.366467323134799
    endloop
  endfacet
  facet normal -0.40644615841329773 -0.6468553555379303 0.6452748788872616
    outer loop
      vertex -4.050313506069018 -8.215138359643706 3.366467323134799
      vertex -2.3429721912348147 -4.8652318866730635 7.8
      vertex -4.091370151895997 -7.575225094289661 3.982087146248542
    endloop
  endfacet
  facet normal -0.40644615841329595 -0.6468553555379314 0.6452748788872619
    outer loop
      vertex -4.091370151895997 -7.575225094289661 3.982087146248542
      vertex -2.3429721912348147 -4.8652318866730635 7.8
      vertex -4.232279058663951 -7.330522361415744 4.138633437972162
    endloop
  endfacet
  facet normal -0.25231684678725425 -0.721080120031309 0.6452748788872616
    outer loop
      vertex -2.3429721912348147 -4.8652318866730635 7.8
      vertex -2.336469806541297 -10.23674307790915 1.8
      vertex -1.2016130433640957 -5.264610725781848 7.8
    endloop
  endfacet
  facet normal -0.4064461584132973 -0.6468553555379305 0.6452748788872618
    outer loop
      vertex -4.232279058663951 -7.330522361415744 4.138633437972162
      vertex -2.3429721912348147 -4.8652318866730635 7.8
      vertex -3.3668449300371623 -4.221890005327361 7.8
    endloop
  endfacet
  facet normal -0.5320320765153366 -0.8467241992282841 0
    outer loop
      vertex -2.3429721912348147 -4.8652318866730635 7.8
      vertex -2.3429721912348147 -4.8652318866730635 15.8
      vertex -3.3668449300371623 -4.221890005327361 7.8
    endloop
  endfacet
  facet normal -0.3302790619551667 -0.9438833303083677 0
    outer loop
      vertex -2.3429721912348147 -4.8652318866730635 7.8
      vertex -1.2016130433640957 -5.264610725781848 7.8
      vertex -1.2016130433640957 -5.264610725781848 15.8
    endloop
  endfacet
  facet normal -0.3302790619551667 -0.9438833303083677 0
    outer loop
      vertex -2.3429721912348147 -4.8652318866730635 7.8
      vertex -1.2016130433640957 -5.264610725781848 15.8
      vertex -2.3429721912348147 -4.8652318866730635 15.8
    endloop
  endfacet
  facet normal -0.11196447610330777 -0.9937122098932426 0
    outer loop
      vertex -1.2016130433640957 -5.264610725781848 7.8
      vertex 0 -5.4 15.8
      vertex -1.2016130433640957 -5.264610725781848 15.8
    endloop
  endfacet
  facet normal -0.6468553555379306 -0.40644615841329734 0.6452748788872618
    outer loop
      vertex -4.221890005327361 -3.3668449300371623 7.8
      vertex -4.8652318866730635 -2.3429721912348147 7.8
      vertex -9.4601731129754 -4.555779260734362 1.8
    endloop
  endfacet
  facet normal -0.7210801200313088 -0.2523168467872548 0.6452748788872616
    outer loop
      vertex -4.8652318866730635 -2.3429721912348147 7.8
      vertex -5.264610725781848 -1.2016130433640984 7.8
      vertex -10.236743077909148 -2.336469806541302 1.8
    endloop
  endfacet
  facet normal -0.9438833303083675 -0.3302790619551674 0
    outer loop
      vertex -4.8652318866730635 -2.3429721912348147 7.8
      vertex -4.8652318866730635 -2.3429721912348147 15.8
      vertex -5.264610725781848 -1.2016130433640984 7.8
    endloop
  endfacet
  facet normal -0.8467241992282841 -0.5320320765153366 0
    outer loop
      vertex -4.221890005327361 -3.3668449300371623 7.8
      vertex -4.221890005327361 -3.3668449300371623 15.8
      vertex -4.8652318866730635 -2.3429721912348147 7.8
    endloop
  endfacet
  facet normal -0.7591469163379552 -0.08553531487990067 0.6452748788872616
    outer loop
      vertex -8.569942610327416 0 4.07065575255598
      vertex -5.264610725781848 -1.2016130433640984 7.8
      vertex -5.4 0 7.8
    endloop
  endfacet
  facet normal -0.7591469163379552 0.08553531487990067 0.6452748788872616
    outer loop
      vertex -8.569942610327416 0 4.07065575255598
      vertex -5.4 0 7.8
      vertex -5.264610725781848 1.2016130433640984 7.8
    endloop
  endfacet
  facet normal -0.9937122098932426 -0.11196447610330752 0
    outer loop
      vertex -5.264610725781848 -1.2016130433640984 7.8
      vertex -5.264610725781848 -1.2016130433640984 15.8
      vertex -5.4 0 7.8
    endloop
  endfacet
  facet normal -0.9937122098932426 0.11196447610330752 0
    outer loop
      vertex -5.4 0 7.8
      vertex -5.4 0 15.8
      vertex -5.264610725781848 1.2016130433640984 7.8
    endloop
  endfacet
  facet normal -0.7071067811865476 -0.7071067811865476 0
    outer loop
      vertex -4.221890005327361 -3.3668449300371623 7.8
      vertex -3.3668449300371623 -4.221890005327361 7.8
      vertex -3.3668449300371623 -4.221890005327361 15.8
    endloop
  endfacet
  facet normal -0.7071067811865476 -0.7071067811865476 0
    outer loop
      vertex -4.221890005327361 -3.3668449300371623 7.8
      vertex -3.3668449300371623 -4.221890005327361 15.8
      vertex -4.221890005327361 -3.3668449300371623 15.8
    endloop
  endfacet
  facet normal -0.8467241992282841 -0.5320320765153366 0
    outer loop
      vertex -4.221890005327361 -3.3668449300371623 15.8
      vertex -4.8652318866730635 -2.3429721912348147 15.8
      vertex -4.8652318866730635 -2.3429721912348147 7.8
    endloop
  endfacet
  facet normal -0.9438833303083675 -0.3302790619551674 0
    outer loop
      vertex -5.264610725781848 -1.2016130433640984 7.8
      vertex -4.8652318866730635 -2.3429721912348147 15.8
      vertex -5.264610725781848 -1.2016130433640984 15.8
    endloop
  endfacet
  facet normal -0.9937122098932426 -0.11196447610330752 0
    outer loop
      vertex -5.4 0 7.8
      vertex -5.264610725781848 -1.2016130433640984 15.8
      vertex -5.4 0 15.8
    endloop
  endfacet
  facet normal -0.9937122098932426 0.11196447610330752 0
    outer loop
      vertex -5.264610725781848 1.2016130433640984 7.8
      vertex -5.4 0 15.8
      vertex -5.264610725781848 1.2016130433640984 15.8
    endloop
  endfacet
  facet normal -0.5320320765153366 -0.8467241992282841 0
    outer loop
      vertex -3.3668449300371623 -4.221890005327361 7.8
      vertex -2.3429721912348147 -4.8652318866730635 15.8
      vertex -3.3668449300371623 -4.221890005327361 15.8
    endloop
  endfacet
  facet normal -0.8105969732438637 -0.5093318358977327 0.2889872452357233
    outer loop
      vertex -4.221890005327361 -3.3668449300371623 15.8
      vertex -0.1866856936540024 -0.3196346869357952 32.489198808806165
      vertex -4.8652318866730635 -2.3429721912348147 15.8
    endloop
  endfacet
  facet normal -0.6776485657859265 -0.6776485657859265 0.2856306051118365
    outer loop
      vertex -4.221890005327361 -3.3668449300371623 15.8
      vertex -3.3668449300371623 -4.221890005327361 15.8
      vertex 0.9046256140555975 -1.254832867274584 32.97315236680279
    endloop
  endfacet
  facet normal -0.5137812585076657 -0.8176781887621074 0.2596751779223391
    outer loop
      vertex -2.3429721912348147 -4.8652318866730635 15.8
      vertex 1.6399122241228226 -1.681633040578161 33.70502558940598
      vertex -3.3668449300371623 -4.221890005327361 15.8
    endloop
  endfacet
  facet normal -0.32113274489315113 -0.9177446578855807 0.23370601849303912
    outer loop
      vertex -2.3429721912348147 -4.8652318866730635 15.8
      vertex -1.2016130433640957 -5.264610725781848 15.8
      vertex 1.7318600849333479 -1.6995828628295027 33.83042806244088
    endloop
  endfacet
  facet normal -0.9029139535890724 -0.31594325701271125 0.2914210883967567
    outer loop
      vertex -4.8652318866730635 -2.3429721912348147 15.8
      vertex -0.1866856936540024 -0.3196346869357952 32.489198808806165
      vertex -5.264610725781848 -1.2016130433640984 15.8
    endloop
  endfacet
  facet normal -0.9544297038531981 -0.10753840066113185 0.27838719939311557
    outer loop
      vertex -5.264610725781848 -1.2016130433640984 15.8
      vertex -0.5923138199645434 1.670830221196682 32.92821895974018
      vertex -5.4 0 15.8
    endloop
  endfacet
  facet normal -0.960226515024427 0.10819154441784 0.2574094589569822
    outer loop
      vertex -5.4 0 15.8
      vertex -0.5918150718817998 1.7997696291736702 32.979736981158595
      vertex -5.264610725781848 1.2016130433640984 15.8
    endloop
  endfacet
  facet normal -2.1011743986309234e-15 -0.7017954935966516 -0.712378470454738
    outer loop
      vertex -11.507191885535695 -6.672041029456661 38.309883379557284
      vertex -11.51267726015747 -6.266335130737564 37.91020458063893
      vertex 1.4134225515084866 -1.614345497199123 33.32732413649576
    endloop
  endfacet
  facet normal -0.23903995407225728 -0.32901027105532793 -0.9135710929627934
    outer loop
      vertex -12.516181036036313 -5.844022951441251 37.70479999999999
      vertex -12.825563102713723 -5.619243722597932 37.70479999999999
      vertex -0.10023189817522576 -0.4445377467344836 32.51155993474015
    endloop
  endfacet
  facet normal -0.3428625283285612 -0.1114027885541581 -0.9327565091547226
    outer loop
      vertex -12.9437365366748 -5.255543290364443 37.70479999999999
      vertex -0.2762542292647703 -0.0966976478818917 32.43234705702817
      vertex -12.825563102713723 -5.619243722597932 37.70479999999999
    endloop
  endfacet
  facet normal -0.4387117985588734 0.1425461043215371 -0.887250001943078
    outer loop
      vertex -12.9437365366748 -5.255543290364443 37.70479999999999
      vertex -12.825563102713723 -4.891842858130958 37.70479999999999
      vertex -0.41746508960128303 0.4188457364560353 32.422679948897624
    endloop
  endfacet
  facet normal -0.08268705853259883 -0.587878668186146 -0.8047120738766815
    outer loop
      vertex -12.516181036036313 -5.844022951441251 37.70479999999999
      vertex 0.9046256140555975 -1.254832867274584 32.97315236680279
      vertex -11.503633087183246 -5.9864411340437975 37.70479999999999
    endloop
  endfacet
  facet normal -0.0826870585325863 -0.5878786681861653 -0.8047120738766688
    outer loop
      vertex -11.51267726015747 -6.266335130737564 37.91020458063893
      vertex -11.49735423099819 -6 37.71406019150632
      vertex 0.9046256140555975 -1.254832867274584 32.97315236680279
    endloop
  endfacet
  facet normal -0.08268705853266838 -0.5878786681860365 -0.8047120738767544
    outer loop
      vertex -11.503633087183246 -5.9864411340437975 37.70479999999999
      vertex 0.9046256140555975 -1.254832867274584 32.97315236680279
      vertex -11.49735423099819 -6 37.71406019150632
    endloop
  endfacet
  facet normal -0.49015865931156677 0.3250382585161664 -0.8087611632630891
    outer loop
      vertex -12.825563102713723 -4.891842858130958 37.70479999999999
      vertex -12.374020786494244 -4.210915704044661 37.70479999999999
      vertex -0.4915431918346824 0.8140238013231975 32.522798326953684
    endloop
  endfacet
  facet normal -0.4901586593115659 0.3250382585161625 -0.8087611632630912
    outer loop
      vertex -12.374020786494244 -4.210915704044661 37.70479999999999
      vertex -12.644338103029535 -3.8144720481631125 38.02795811000946
      vertex -0.484473926905758 2.1831705745419683 33.068769178989434
    endloop
  endfacet
  facet normal -0.5334254648854075 0.7341971657872116 -0.42001404162457767
    outer loop
      vertex -12.644338103029535 -3.8144720481631125 38.02795811000946
      vertex -12.669582081026277 -3.695648569037461 38.26772543281604
      vertex -0.484473926905758 2.1831705745419683 33.068769178989434
    endloop
  endfacet
  facet normal -0.5334254648854108 0.7341971657871921 -0.42001404162460754
    outer loop
      vertex -12.669582081026277 -3.695648569037461 38.26772543281604
      vertex -12.702898590669728 -3.6536629550231425 38.383430120378605
      vertex -0.484473926905758 2.1831705745419683 33.068769178989434
    endloop
  endfacet
  facet normal -0.0389890140438755 0.5985699041271835 0.8001211949805234
    outer loop
      vertex -11.700297356309616 -3.1532751166000184 40.42081373061496
      vertex -11.287269062741927 -3.287269062741928 40.541180882539436
      vertex -1.0474272810309146 0.6672692722396233 38.08177059651285
    endloop
  endfacet
  facet normal 0.17310483871346846 0.23825837035130748 0.9556503878362229
    outer loop
      vertex -10.149309395703442 -4.140255631599091 41.022718427792654
      vertex -0.9764668572192017 0.46218899742942776 38.213705404535375
      vertex -10.37330311641871 -3.8577414874812312 40.99285712804884
    endloop
  endfacet
  facet normal -0.0389890140438829 0.5985699041271965 0.8001211949805134
    outer loop
      vertex -10.534016347279476 -3.745121582108666 40.92040508160704
      vertex -1.0474272810309146 0.6672692722396233 38.08177059651285
      vertex -11.287269062741927 -3.287269062741928 40.541180882539436
    endloop
  endfacet
  facet normal 4.491164087519104e-15 0.5410404392983731 0.8409965773080312
    outer loop
      vertex -10.534016347279476 -3.745121582108666 40.92040508160704
      vertex -10.37330311641871 -3.8577414874812312 40.99285712804884
      vertex -1.0474272810309146 0.6672692722396233 38.08177059651285
    endloop
  endfacet
  facet normal -0.5187355182520155 0.8007472344325098 -0.2995285105837174
    outer loop
      vertex -12.702898590669728 -3.6536629550231425 38.383430120378605
      vertex -12.816707389888796 -3.286113966067985 39.56311916627359
      vertex -0.28920801436506083 2.5418807780693524 33.44781413658102
    endloop
  endfacet
  facet normal -0.3426686391378383 0.8873229024192609 0.30860374364819476
    outer loop
      vertex -12.427047833073425 -3.2755669290076113 39.96546516848601
      vertex -12.299611931577257 -3.309592127687046 40.20479999999999
      vertex -1.1612240607530795 2.1066666474974234 36.999413600367
    endloop
  endfacet
  facet normal -0.3426686391378365 0.88732290241926 0.3086037436481994
    outer loop
      vertex -12.816707389888796 -3.286113966067985 39.56311916627359
      vertex -12.427047833073425 -3.2755669290076113 39.96546516848601
      vertex -1.083749839954106 2.324758195565273 36.45836494800338
    endloop
  endfacet
  facet normal -0.3426686391378437 0.8873229024192637 0.3086037436481807
    outer loop
      vertex -12.299611931577257 -3.309592127687046 40.20479999999999
      vertex -12.01321990889748 -3.198992520256601 40.20479999999999
      vertex -1.1612240607530795 2.1066666474974234 36.999413600367
    endloop
  endfacet
  facet normal -0.3426686391378402 0.8873229024192619 0.3086037436481897
    outer loop
      vertex -12.01321990889748 -3.198992520256601 40.20479999999999
      vertex -11.700297356309616 -3.1532751166000184 40.42081373061496
      vertex -1.1612240607530795 2.1066666474974234 36.999413600367
    endloop
  endfacet
  facet normal 0.2411902626722865 -0.9201217674801845 -0.30855014211828646
    outer loop
      vertex -11.507191885535695 -6.672041029456661 38.309883379557284
      vertex 1.8084801149962817 -1.7061525046809527 33.909912309249314
      vertex -11.26586453488768 -6.992940963398076 39.45547618035315
    endloop
  endfacet
  facet normal 0.42899217401329187 -0.8499947952312414 0.30573609979057
    outer loop
      vertex -11.26586453488768 -6.992940963398076 39.45547618035315
      vertex 2.5415940941514017 -1.666109785705175 34.89103998943058
      vertex -10.934778845669872 -6.556316511362145 40.20479999999999
    endloop
  endfacet
  facet normal 0.42899217401329187 -0.8499947952312406 0.30573609979057237
    outer loop
      vertex -10.934778845669872 -6.556316511362145 40.20479999999999
      vertex 1.8779716754369125 -1.432500582620552 36.47166926807766
      vertex -10.574488296701361 -6.3744779557079365 40.20479999999999
    endloop
  endfacet
  facet normal 0.42899217401329226 -0.8499947952312397 0.30573609979057476
    outer loop
      vertex -10.574488296701361 -6.3744779557079365 40.20479999999999
      vertex 1.8779716754369125 -1.432500582620552 36.47166926807766
      vertex -10.41183704595239 -6.243271073864324 40.34135257926494
    endloop
  endfacet
  facet normal -0.08268705853259757 -0.587878668186148 -0.8047120738766802
    outer loop
      vertex -12.516181036036313 -5.844022951441251 37.70479999999999
      vertex -0.04768486918310717 -0.49519099890899193 32.516052853641014
      vertex 0.9046256140555975 -1.254832867274584 32.97315236680279
    endloop
  endfacet
  facet normal -0.23903995407225478 -0.3290102710553286 -0.9135710929627938
    outer loop
      vertex -12.825563102713723 -5.619243722597932 37.70479999999999
      vertex -0.1866856936540024 -0.3196346869357952 32.489198808806165
      vertex -0.10023189817522576 -0.4445377467344836 32.51155993474015
    endloop
  endfacet
  facet normal -0.23903995407225614 -0.32901027105532754 -0.9135710929627938
    outer loop
      vertex -12.825563102713723 -5.619243722597932 37.70479999999999
      vertex -0.2474844086090573 -0.17819308538788953 32.454168784454716
      vertex -0.1866856936540024 -0.3196346869357952 32.489198808806165
    endloop
  endfacet
  facet normal -0.23903995407228046 -0.3290102710552878 -0.9135710929628017
    outer loop
      vertex -12.825563102713723 -5.619243722597932 37.70479999999999
      vertex -0.2762542292647703 -0.0966976478818917 32.43234705702817
      vertex -0.2474844086090573 -0.17819308538788953 32.454168784454716
    endloop
  endfacet
  facet normal -0.23903995407227233 -0.3290102710552935 -0.9135710929628018
    outer loop
      vertex -12.516181036036313 -5.844022951441251 37.70479999999999
      vertex -0.10023189817522576 -0.4445377467344836 32.51155993474015
      vertex -0.04768486918310717 -0.49519099890899193 32.516052853641014
    endloop
  endfacet
  facet normal -0.3428625283285605 -0.11140278855415962 -0.9327565091547227
    outer loop
      vertex -12.9437365366748 -5.255543290364443 37.70479999999999
      vertex -0.41746508960128303 0.4188457364560353 32.422679948897624
      vertex -0.2762542292647703 -0.0966976478818917 32.43234705702817
    endloop
  endfacet
  facet normal -0.43871179855887077 0.14254610432152753 -0.8872500019430808
    outer loop
      vertex -12.825563102713723 -4.891842858130958 37.70479999999999
      vertex -0.4915431918346824 0.8140238013231975 32.522798326953684
      vertex -0.41746508960128303 0.4188457364560353 32.422679948897624
    endloop
  endfacet
  facet normal -0.4901586593115663 0.3250382585161636 -0.8087611632630906
    outer loop
      vertex -12.374020786494244 -4.210915704044661 37.70479999999999
      vertex -0.5923138199645434 1.670830221196682 32.92821895974018
      vertex -0.4915431918346824 0.8140238013231975 32.522798326953684
    endloop
  endfacet
  facet normal -0.4901586593115615 0.32503825851615 -0.8087611632630989
    outer loop
      vertex -12.374020786494244 -4.210915704044661 37.70479999999999
      vertex -0.5918150718817998 1.7997696291736702 32.979736981158595
      vertex -0.5923138199645434 1.670830221196682 32.92821895974018
    endloop
  endfacet
  facet normal -0.4901586593115633 0.32503825851615864 -0.8087611632630946
    outer loop
      vertex -12.374020786494244 -4.210915704044661 37.70479999999999
      vertex -0.5687285399144627 1.92153067784068 33.01468046872981
      vertex -0.5918150718817998 1.7997696291736702 32.979736981158595
    endloop
  endfacet
  facet normal -0.49015865931156866 0.325038258516172 -0.8087611632630858
    outer loop
      vertex -12.374020786494244 -4.210915704044661 37.70479999999999
      vertex -0.484473926905758 2.1831705745419683 33.068769178989434
      vertex -0.5687285399144627 1.92153067784068 33.01468046872981
    endloop
  endfacet
  facet normal -0.6776485657859257 -0.677648565785927 0.28563060511183636
    outer loop
      vertex -4.221890005327361 -3.3668449300371623 15.8
      vertex 0.9046256140555975 -1.254832867274584 32.97315236680279
      vertex -0.04768486918310717 -0.49519099890899193 32.516052853641014
    endloop
  endfacet
  facet normal 0 -0.7017954935966549 -0.7123784704547348
    outer loop
      vertex -11.51267726015747 -6.266335130737564 37.91020458063893
      vertex 0.9046256140555975 -1.254832867274584 32.97315236680279
      vertex 1.4134225515084866 -1.614345497199123 33.32732413649576
    endloop
  endfacet
  facet normal -0.9544297038531996 -0.10753840066111824 0.2783871993931154
    outer loop
      vertex -5.4 0 15.8
      vertex -0.5923138199645434 1.670830221196682 32.92821895974018
      vertex -0.5918150718817998 1.7997696291736702 32.979736981158595
    endloop
  endfacet
  facet normal -0.6776485657859264 -0.6776485657859264 0.2856306051118367
    outer loop
      vertex -4.221890005327361 -3.3668449300371623 15.8
      vertex -0.04768486918310717 -0.49519099890899193 32.516052853641014
      vertex -0.10023189817522576 -0.4445377467344836 32.51155993474015
    endloop
  endfacet
  facet normal -0.8105969732438643 -0.5093318358977321 0.2889872452357226
    outer loop
      vertex -4.221890005327361 -3.3668449300371623 15.8
      vertex -0.10023189817522576 -0.4445377467344836 32.51155993474015
      vertex -0.1866856936540024 -0.3196346869357952 32.489198808806165
    endloop
  endfacet
  facet normal -0.9029139535890722 -0.315943257012712 0.29142108839675673
    outer loop
      vertex -5.264610725781848 -1.2016130433640984 15.8
      vertex -0.1866856936540024 -0.3196346869357952 32.489198808806165
      vertex -0.2474844086090573 -0.17819308538788953 32.454168784454716
    endloop
  endfacet
  facet normal -0.9234187751473983 -0.2474293150764817 0.2933879679640289
    outer loop
      vertex -5.264610725781848 -1.2016130433640984 15.8
      vertex -0.2762542292647703 -0.0966976478818917 32.43234705702817
      vertex -0.41746508960128303 0.4188457364560353 32.422679948897624
    endloop
  endfacet
  facet normal -0.9234187751473941 -0.24742931507649712 0.2933879679640287
    outer loop
      vertex -5.264610725781848 -1.2016130433640984 15.8
      vertex -0.2474844086090573 -0.17819308538788953 32.454168784454716
      vertex -0.2762542292647703 -0.0966976478818917 32.43234705702817
    endloop
  endfacet
  facet normal -0.9234187751473986 -0.24742931507647994 0.29338796796402905
    outer loop
      vertex -5.264610725781848 -1.2016130433640984 15.8
      vertex -0.41746508960128303 0.4188457364560353 32.422679948897624
      vertex -0.4915431918346824 0.8140238013231975 32.522798326953684
    endloop
  endfacet
  facet normal -0.9234187751473973 -0.24742931507648439 0.29338796796402894
    outer loop
      vertex -5.264610725781848 -1.2016130433640984 15.8
      vertex -0.4915431918346824 0.8140238013231975 32.522798326953684
      vertex -0.5923138199645434 1.670830221196682 32.92821895974018
    endloop
  endfacet
  facet normal 0.44543116910191766 -0.613083407966217 0.6524720748576356
    outer loop
      vertex -10.247233890632678 -6 40.45756610936731
      vertex 1.3463578111350172 -1.2707227732792914 36.98660421888661
      vertex -10.194521004682922 -5.880252822282757 40.53409818992384
    endloop
  endfacet
  facet normal 0.3203073085480859 -0.10407415339462567 0.9415794170891126
    outer loop
      vertex -9.968399659651359 -4.827066834201497 40.96971125313573
      vertex -0.24859084789264127 -0.25765093833863123 38.16828243964151
      vertex -9.98952593188737 -4.5067145232415005 41.012307017468316
    endloop
  endfacet
  facet normal 0.4162165745450729 -0.4224030945487498 0.8051952488617936
    outer loop
      vertex -10.194521004682922 -5.880252822282757 40.53409818992384
      vertex 0.06341259968007018 -0.5452528774942609 38.03035577033994
      vertex -9.968399659651359 -4.827066834201497 40.96971125313573
    endloop
  endfacet
  facet normal 0.4454311691019188 -0.6130834079662385 0.6524720748576145
    outer loop
      vertex -10.41183704595239 -6.243271073864324 40.34135257926494
      vertex 1.8779716754369125 -1.432500582620552 36.47166926807766
      vertex -10.247233890632678 -6 40.45756610936731
    endloop
  endfacet
  facet normal 0.246950981649642 0.08023923794202825 0.9657002005574818
    outer loop
      vertex -10.024024321159388 -4.353096950158645 41.00836506332933
      vertex -0.6434177511138366 0.12493740024650567 38.23745949330684
      vertex -10.149309395703442 -4.140255631599091 41.022718427792654
    endloop
  endfacet
  facet normal 0.24695098164966145 0.08023923794198659 0.9657002005574804
    outer loop
      vertex -10.024024321159388 -4.353096950158645 41.00836506332933
      vertex -9.98952593188737 -4.5067145232415005 41.012307017468316
      vertex -0.6434177511138366 0.12493740024650567 38.23745949330684
    endloop
  endfacet
  facet normal 8.961183458854563e-15 0.5410404392983684 0.8409965773080343
    outer loop
      vertex -10.37330311641871 -3.8577414874812312 40.99285712804884
      vertex -0.9764668572192017 0.46218899742942776 38.213705404535375
      vertex -1.032320860342157 0.5252165550455294 38.17315772767125
    endloop
  endfacet
  facet normal 0.17310483871346963 0.23825837035130573 0.955650387836223
    outer loop
      vertex -10.149309395703442 -4.140255631599091 41.022718427792654
      vertex -0.6434177511138366 0.12493740024650567 38.23745949330684
      vertex -0.9764668572192017 0.46218899742942776 38.213705404535375
    endloop
  endfacet
  facet normal 5.361731604348033e-15 0.5410404392983705 0.8409965773080328
    outer loop
      vertex -10.37330311641871 -3.8577414874812312 40.99285712804884
      vertex -1.032320860342157 0.5252165550455294 38.17315772767125
      vertex -1.0474272810309146 0.6672692722396233 38.08177059651285
    endloop
  endfacet
  facet normal -0.3426686391378382 0.8873229024192606 0.30860374364819604
    outer loop
      vertex -12.427047833073425 -3.2755669290076113 39.96546516848601
      vertex -1.1612240607530795 2.1066666474974234 36.999413600367
      vertex -1.083749839954106 2.324758195565273 36.45836494800338
    endloop
  endfacet
  facet normal -0.3426686391378384 0.8873229024192612 0.30860374364819393
    outer loop
      vertex -12.816707389888796 -3.286113966067985 39.56311916627359
      vertex -1.083749839954106 2.324758195565273 36.45836494800338
      vertex -0.4893450801567323 3.0284276616382853 35.095134036188874
    endloop
  endfacet
  facet normal -0.5334254648854085 0.7341971657872072 -0.42001404162458417
    outer loop
      vertex -12.702898590669728 -3.6536629550231425 38.383430120378605
      vertex -0.28920801436506083 2.5418807780693524 33.44781413658102
      vertex -0.484473926905758 2.1831705745419683 33.068769178989434
    endloop
  endfacet
  facet normal -0.5187355182520168 0.8007472344325072 -0.2995285105837222
    outer loop
      vertex -12.816707389888796 -3.286113966067985 39.56311916627359
      vertex -0.16402030010956992 2.7299405901353526 33.73376040733744
      vertex -0.28920801436506083 2.5418807780693524 33.44781413658102
    endloop
  endfacet
  facet normal -0.5187355182520157 0.8007472344325098 -0.2995285105837168
    outer loop
      vertex -12.816707389888796 -3.286113966067985 39.56311916627359
      vertex -0.4893450801567323 3.0284276616382853 35.095134036188874
      vertex -0.16402030010956992 2.7299405901353526 33.73376040733744
    endloop
  endfacet
  facet normal -0.038989014043882046 0.5985699041271958 0.8001211949805139
    outer loop
      vertex -11.700297356309616 -3.1532751166000184 40.42081373061496
      vertex -1.0474272810309146 0.6672692722396233 38.08177059651285
      vertex -1.1612240607530795 2.1066666474974234 36.999413600367
    endloop
  endfacet
  facet normal 0.2411902626722856 -0.9201217674801841 -0.30855014211828846
    outer loop
      vertex -11.507191885535695 -6.672041029456661 38.309883379557284
      vertex 1.4134225515084866 -1.614345497199123 33.32732413649576
      vertex 1.6399122241228226 -1.681633040578161 33.70502558940598
    endloop
  endfacet
  facet normal 0.2411902626722826 -0.9201217674801826 -0.30855014211829507
    outer loop
      vertex -11.507191885535695 -6.672041029456661 38.309883379557284
      vertex 1.6399122241228226 -1.681633040578161 33.70502558940598
      vertex 1.7318600849333479 -1.6995828628295027 33.83042806244088
    endloop
  endfacet
  facet normal 0.24119026267229243 -0.9201217674801871 -0.3085501421182736
    outer loop
      vertex -11.507191885535695 -6.672041029456661 38.309883379557284
      vertex 1.7318600849333479 -1.6995828628295027 33.83042806244088
      vertex 1.8084801149962817 -1.7061525046809527 33.909912309249314
    endloop
  endfacet
  facet normal 0.2411902626722862 -0.9201217674801843 -0.3085501421182871
    outer loop
      vertex -11.26586453488768 -6.992940963398076 39.45547618035315
      vertex 1.8084801149962817 -1.7061525046809527 33.909912309249314
      vertex 2.5828926970205632 -1.741990096371553 34.62213276319259
    endloop
  endfacet
  facet normal 0.42899217401329126 -0.8499947952312429 0.3057360997905666
    outer loop
      vertex -10.934778845669872 -6.556316511362145 40.20479999999999
      vertex 2.5415940941514017 -1.666109785705175 34.89103998943058
      vertex 1.8779716754369125 -1.432500582620552 36.47166926807766
    endloop
  endfacet
  facet normal 0.4162165745450719 -0.4224030945487472 0.8051952488617953
    outer loop
      vertex -10.194521004682922 -5.880252822282757 40.53409818992384
      vertex 0.5767376683597027 -0.9720253462527049 37.54112733320923
      vertex 0.06341259968007018 -0.5452528774942609 38.03035577033994
    endloop
  endfacet
  facet normal 0.3203073085480876 -0.10407415339462985 0.9415794170891117
    outer loop
      vertex -9.968399659651359 -4.827066834201497 40.96971125313573
      vertex 0.06341259968007018 -0.5452528774942609 38.03035577033994
      vertex -0.24859084789264127 -0.25765093833863123 38.16828243964151
    endloop
  endfacet
  facet normal 0.41621657454507555 -0.4224030945487595 0.8051952488617873
    outer loop
      vertex -10.194521004682922 -5.880252822282757 40.53409818992384
      vertex 1.3463578111350172 -1.2707227732792914 36.98660421888661
      vertex 0.5767376683597027 -0.9720253462527049 37.54112733320923
    endloop
  endfacet
  facet normal 0.44543116910193997 -0.6130834079663028 0.6524720748575397
    outer loop
      vertex -10.247233890632678 -6 40.45756610936731
      vertex 1.3602586524498188 -1.2761178315729362 36.97204499238597
      vertex 1.3463578111350172 -1.2707227732792914 36.98660421888661
    endloop
  endfacet
  facet normal 0.44543116910191755 -0.6130834079662149 0.6524720748576377
    outer loop
      vertex -10.247233890632678 -6 40.45756610936731
      vertex 1.8779716754369125 -1.432500582620552 36.47166926807766
      vertex 1.3602586524498188 -1.2761178315729362 36.97204499238597
    endloop
  endfacet
  facet normal 0.42899217401329137 -0.8499947952312421 0.3057360997905691
    outer loop
      vertex -11.26586453488768 -6.992940963398076 39.45547618035315
      vertex 2.5828926970205632 -1.741990096371553 34.62213276319259
      vertex 2.5415940941514017 -1.666109785705175 34.89103998943058
    endloop
  endfacet
  facet normal 0.24695098164964005 0.0802392379420297 0.9657002005574823
    outer loop
      vertex -9.98952593188737 -4.5067145232415005 41.012307017468316
      vertex -0.24859084789264127 -0.25765093833863123 38.16828243964151
      vertex -0.6434177511138366 0.12493740024650567 38.23745949330684
    endloop
  endfacet
  facet normal -0.9386885047556018 -0.25152082679364157 -0.23579899221314685
    outer loop
      vertex -1.032320860342157 0.5252165550455294 38.17315772767125
      vertex -5.927807063082327 2.3096298039941305 55.75813334214117
      vertex -1.0474272810309146 0.6672692722396233 38.08177059651285
    endloop
  endfacet
  facet normal -0.7016378731568093 -0.7016378731568095 -0.12413134134447237
    outer loop
      vertex -0.9764668572192017 0.46218899742942776 38.213705404535375
      vertex -4.690370196005869 1.0721929369176726 55.75813334214117
      vertex -1.032320860342157 0.5252165550455294 38.17315772767125
    endloop
  endfacet
  facet normal -0.36181560897865833 -0.9322496795920086 -1.4919742251653064e-16
    outer loop
      vertex -4.690370196005869 1.0721929369176726 55.75813334214117
      vertex 0.5767376683597027 -0.9720253462527049 37.54112733320923
      vertex 1.3463578111350172 -1.2707227732792914 36.98660421888661
    endloop
  endfacet
  facet normal -0.36181560897865406 -0.9322496795920102 9.569537728691977e-15
    outer loop
      vertex -4.690370196005869 1.0721929369176726 55.75813334214117
      vertex 1.3463578111350172 -1.2707227732792914 36.98660421888661
      vertex 1.3602586524498188 -1.2761178315729362 36.97204499238597
    endloop
  endfacet
  facet normal -0.7016378731568088 -0.70163787315681 -0.12413134134447225
    outer loop
      vertex -0.6434177511138366 0.12493740024650567 38.23745949330684
      vertex -0.24859084789264127 -0.25765093833863123 38.16828243964151
      vertex -4.690370196005869 1.0721929369176726 55.75813334214117
    endloop
  endfacet
  facet normal -0.7016378731568099 -0.7016378731568089 -0.12413134134447247
    outer loop
      vertex -4.690370196005869 1.0721929369176726 55.75813334214117
      vertex -0.24859084789264127 -0.25765093833863123 38.16828243964151
      vertex 0.06341259968007018 -0.5452528774942609 38.03035577033994
    endloop
  endfacet
  facet normal -0.7016378731568087 -0.7016378731568101 -0.12413134134447229
    outer loop
      vertex -4.690370196005869 1.0721929369176726 55.75813334214117
      vertex 0.06341259968007018 -0.5452528774942609 38.03035577033994
      vertex 0.5767376683597027 -0.9720253462527049 37.54112733320923
    endloop
  endfacet
  facet normal -0.7016378731568098 -0.7016378731568089 -0.12413134134447257
    outer loop
      vertex -0.6434177511138366 0.12493740024650567 38.23745949330684
      vertex -4.690370196005869 1.0721929369176726 55.75813334214117
      vertex -0.9764668572192017 0.46218899742942776 38.213705404535375
    endloop
  endfacet
  facet normal -0.7071067811865471 -0.7071067811865479 0
    outer loop
      vertex -4.690370196005869 1.0721929369176726 55.75813334214117
      vertex -4.690370196005869 1.0721929369176726 57.56986665785882
      vertex -5.173556991871474 1.5553797327832775 57.48262619884306
    endloop
  endfacet
  facet normal -0.3618156089786583 -0.9322496795920086 4.939803472615045e-17
    outer loop
      vertex -4.690370196005869 1.0721929369176726 55.75813334214117
      vertex 1.3602586524498188 -1.2761178315729362 36.97204499238597
      vertex -4.422146731276727 0.968092674554684 56.65676832851802
    endloop
  endfacet
  facet normal -0.258668744432286 -0.9653648965513396 0.03407487579208633
    outer loop
      vertex -4.422146731276727 0.968092674554684 56.65676832851802
      vertex 1.3602586524498188 -1.2761178315729362 36.97204499238597
      vertex -2.801786277946742 0.5339183996375862 56.65676832851802
    endloop
  endfacet
  facet normal -0.2586687444322883 -0.9653648965513391 0.03407487579208582
    outer loop
      vertex -2.801786277946742 0.5339183996375862 56.65676832851802
      vertex 1.3602586524498188 -1.2761178315729362 36.97204499238597
      vertex -2.7571521675298634 0.5264172136726708 56.78308038651686
    endloop
  endfacet
  facet normal -0.7032238205444402 -0.7032238205444405 0.10465427099627263
    outer loop
      vertex -4.690370196005869 1.0721929369176726 57.56986665785882
      vertex -2.320935362900806 0.6667967001559914 70.76721362009148
      vertex -5.312685367641085 1.8407640903626563 58.55263295422341
    endloop
  endfacet
  facet normal -0.2586638717672214 -0.9653467115177514 -0.03462265160633313
    outer loop
      vertex -4.690370196005869 1.0721929369176726 55.75813334214117
      vertex -4.422146731276727 0.968092674554684 56.65676832851802
      vertex -1.2064137439709015 -0.3680119999854575 69.88540009111081
    endloop
  endfacet
  facet normal -0.3820274008691535 -0.9241509968534142 0
    outer loop
      vertex -4.690370196005869 1.0721929369176726 55.75813334214117
      vertex -1.2064137439709015 -0.3680119999854575 69.88540009111081
      vertex -4.690370196005869 1.0721929369176726 57.56986665785882
    endloop
  endfacet
  facet normal -0.2586638717672217 -0.9653467115177515 -0.03462265160633308
    outer loop
      vertex -4.422146731276727 0.968092674554684 56.65676832851802
      vertex -2.801786277946742 0.5339183996375862 56.65676832851802
      vertex -0.9379862805794263 -0.4075720353731463 68.98300424761203
    endloop
  endfacet
  facet normal 0.25599971083030315 -0.9554039275415281 -0.14719878835446865
    outer loop
      vertex -2.801786277946742 0.5339183996375862 56.65676832851802
      vertex -2.7571521675298634 0.5264172136726708 56.78308038651686
      vertex -0.3262555487908797 -0.531924981672935 67.88
    endloop
  endfacet
  facet normal 0.25599971083027745 -0.9554039275415357 -0.14719878835446373
    outer loop
      vertex -2.7571521675298634 0.5264172136726708 56.78308038651686
      vertex -1.1102450058692566 0.967704657648663 56.78308038651686
      vertex -0.3262555487908797 -0.531924981672935 67.88
    endloop
  endfacet
  facet normal -0.2586638717672205 -0.9653467115177519 -0.03462265160633336
    outer loop
      vertex -4.422146731276727 0.968092674554684 56.65676832851802
      vertex -0.9379862805794263 -0.4075720353731463 68.98300424761203
      vertex -1.2064137439709015 -0.3680119999854575 69.88540009111081
    endloop
  endfacet
  facet normal -0.7032238205444403 -0.7032238205444407 0.10465427099627271
    outer loop
      vertex -4.690370196005869 1.0721929369176726 57.56986665785882
      vertex -1.4405325906044177 -0.27123147950945914 70.38
      vertex -1.8232669305616025 0.1115028604477254 70.38
    endloop
  endfacet
  facet normal -0.3820274008691537 -0.9241509968534141 0
    outer loop
      vertex -4.690370196005869 1.0721929369176726 57.56986665785882
      vertex -1.2064137439709015 -0.3680119999854575 69.88540009111081
      vertex -1.3653304753079032 -0.30231868143253054 70.38
    endloop
  endfacet
  facet normal -0.38202740086915393 -0.9241509968534141 0
    outer loop
      vertex -4.690370196005869 1.0721929369176726 57.56986665785882
      vertex -1.3653304753079032 -0.30231868143253054 70.38
      vertex -1.4405325906044177 -0.27123147950945914 70.38
    endloop
  endfacet
  facet normal -0.7032238205444401 -0.7032238205444409 0.10465427099627259
    outer loop
      vertex -4.690370196005869 1.0721929369176726 57.56986665785882
      vertex -1.8232669305616025 0.1115028604477254 70.38
      vertex -2.320935362900806 0.6667967001559914 70.76721362009148
    endloop
  endfacet
  facet normal -0.25866387176722194 -0.9653467115177514 -0.034622651606333
    outer loop
      vertex -2.801786277946742 0.5339183996375862 56.65676832851802
      vertex -0.4039591431441032 -0.5111043663169932 67.88
      vertex -0.9379862805794263 -0.4075720353731463 68.98300424761203
    endloop
  endfacet
  facet normal -0.25866387176721994 -0.965346711517752 -0.03462265160633301
    outer loop
      vertex -2.801786277946742 0.5339183996375862 56.65676832851802
      vertex -0.3262555487908797 -0.531924981672935 67.88
      vertex -0.4039591431441032 -0.5111043663169932 67.88
    endloop
  endfacet
  facet normal -0.7591469163379546 0.08553531487990096 0.6452748788872621
    outer loop
      vertex -10.153281482438189 0.6532814824381883 2.121307496886115
      vertex -9.652751890989162 0.8606076275854392 2.68268343236509
      vertex -10.236743077909148 2.336469806541302 1.8
    endloop
  endfacet
  facet normal -0.759146916337955 0.08553531487990051 0.6452748788872616
    outer loop
      vertex -9.652751890989162 0.8606076275854392 2.68268343236509
      vertex -5.264610725781848 1.2016130433640984 7.8
      vertex -10.236743077909148 2.336469806541302 1.8
    endloop
  endfacet
  facet normal -0.721080120031309 0.2523168467872545 0.6452748788872616
    outer loop
      vertex -4.8652318866730635 2.3429721912348147 7.8
      vertex -9.4601731129754 4.555779260734362 1.8
      vertex -10.236743077909148 2.336469806541302 1.8
    endloop
  endfacet
  facet normal -0.6468553555379305 0.4064461584132973 0.6452748788872618
    outer loop
      vertex -4.221890005327361 3.3668449300371623 7.8
      vertex -8.209230565914313 6.546642919516704 1.8
      vertex -9.4601731129754 4.555779260734362 1.8
    endloop
  endfacet
  facet normal -0.7210801200313088 0.2523168467872548 0.6452748788872616
    outer loop
      vertex -5.264610725781848 1.2016130433640984 7.8
      vertex -4.8652318866730635 2.3429721912348147 7.8
      vertex -10.236743077909148 2.336469806541302 1.8
    endloop
  endfacet
  facet normal -0.6468553555379305 0.4064461584132973 0.6452748788872618
    outer loop
      vertex -4.8652318866730635 2.3429721912348147 7.8
      vertex -4.221890005327361 3.3668449300371623 7.8
      vertex -9.4601731129754 4.555779260734362 1.8
    endloop
  endfacet
  facet normal -0.9438833303083675 0.3302790619551674 0
    outer loop
      vertex -5.264610725781848 1.2016130433640984 7.8
      vertex -5.264610725781848 1.2016130433640984 15.8
      vertex -4.8652318866730635 2.3429721912348147 7.8
    endloop
  endfacet
  facet normal -0.8467241992282841 0.5320320765153366 0
    outer loop
      vertex -4.8652318866730635 2.3429721912348147 7.8
      vertex -4.8652318866730635 2.3429721912348147 15.8
      vertex -4.221890005327361 3.3668449300371623 7.8
    endloop
  endfacet
  facet normal -0.7071067811865476 0.7071067811865476 0
    outer loop
      vertex -4.221890005327361 3.3668449300371623 7.8
      vertex -4.221890005327361 3.3668449300371623 15.8
      vertex -3.3668449300371623 4.221890005327361 7.8
    endloop
  endfacet
  facet normal -0.5401945624851429 0.5401945624851429 0.6452748788872615
    outer loop
      vertex -4.221890005327361 3.3668449300371623 7.8
      vertex -6.546642919516704 8.209230565914313 1.8
      vertex -8.209230565914313 6.546642919516704 1.8
    endloop
  endfacet
  facet normal -0.5401945624851429 0.5401945624851429 0.6452748788872618
    outer loop
      vertex -4.221890005327361 3.3668449300371623 7.8
      vertex -3.3668449300371623 4.221890005327361 7.8
      vertex -6.546642919516704 8.209230565914313 1.8
    endloop
  endfacet
  facet normal -0.40644615841329673 0.6468553555379309 0.6452748788872619
    outer loop
      vertex -3.3668449300371623 4.221890005327361 7.8
      vertex -5.573153665485208 7.940387654019691 2.68268343236509
      vertex -6.546642919516704 8.209230565914313 1.8
    endloop
  endfacet
  facet normal -0.40644615841329745 0.6468553555379305 0.6452748788872616
    outer loop
      vertex -5.032631111435701 7.527936029489764 3.4366099740206275
      vertex -5.573153665485208 7.940387654019691 2.68268343236509
      vertex -3.3668449300371623 4.221890005327361 7.8
    endloop
  endfacet
  facet normal -0.4064461584132971 0.6468553555379307 0.6452748788872618
    outer loop
      vertex -4.493564861652605 7.296146084929695 4.008515041810503
      vertex -3.3668449300371623 4.221890005327361 7.8
      vertex -4.23227905866395 7.330522361415742 4.138633437972163
    endloop
  endfacet
  facet normal -0.4064461584132971 0.6468553555379307 0.6452748788872618
    outer loop
      vertex -5.032631111435701 7.527936029489764 3.4366099740206275
      vertex -3.3668449300371623 4.221890005327361 7.8
      vertex -4.493564861652605 7.296146084929695 4.008515041810503
    endloop
  endfacet
  facet normal -0.4064461584132957 0.6468553555379314 0.6452748788872619
    outer loop
      vertex -4.23227905866395 7.330522361415742 4.138633437972163
      vertex -3.3668449300371623 4.221890005327361 7.8
      vertex -4.091370151895996 7.57522509428966 3.982087146248542
    endloop
  endfacet
  facet normal -0.40644615841329784 0.6468553555379302 0.6452748788872618
    outer loop
      vertex -4.091370151895996 7.57522509428966 3.982087146248542
      vertex -2.3429721912348134 4.8652318866730635 7.8
      vertex -4.050313506069017 8.215138359643705 3.3664673231348
    endloop
  endfacet
  facet normal -0.2523168467872551 0.7210801200313087 0.6452748788872616
    outer loop
      vertex -2.3429721912348134 4.8652318866730635 7.8
      vertex -1.2016130433640984 5.264610725781848 7.8
      vertex -2.336469806541302 10.236743077909148 1.8
    endloop
  endfacet
  facet normal -0.08553531487990125 0.7591469163379551 0.6452748788872616
    outer loop
      vertex -1.2016130433640984 5.264610725781848 7.8
      vertex -0.8185717838121849 5.322953217368384 7.782136344976729
      vertex 0 10.5 1.8
    endloop
  endfacet
  facet normal -0.40644615841329695 0.6468553555379308 0.6452748788872616
    outer loop
      vertex -4.091370151895996 7.57522509428966 3.982087146248542
      vertex -3.3668449300371623 4.221890005327361 7.8
      vertex -2.3429721912348134 4.8652318866730635 7.8
    endloop
  endfacet
  facet normal -0.5320320765153361 0.8467241992282845 0
    outer loop
      vertex -3.3668449300371623 4.221890005327361 7.8
      vertex -3.3668449300371623 4.221890005327361 15.8
      vertex -2.3429721912348134 4.8652318866730635 7.8
    endloop
  endfacet
  facet normal -0.3302790619551677 0.9438833303083674 0
    outer loop
      vertex -2.3429721912348134 4.8652318866730635 7.8
      vertex -2.3429721912348134 4.8652318866730635 15.8
      vertex -1.2016130433640984 5.264610725781848 7.8
    endloop
  endfacet
  facet normal -0.15057721260433238 0.9885982515887379 0
    outer loop
      vertex -1.2016130433640984 5.264610725781848 7.8
      vertex -1.2016130433640984 5.264610725781848 15.8
      vertex -0.8185717838121849 5.322953217368384 7.782136344976729
    endloop
  endfacet
  facet normal -0.9438833303083675 0.3302790619551674 0
    outer loop
      vertex -5.264610725781848 1.2016130433640984 15.8
      vertex -4.8652318866730635 2.3429721912348147 15.8
      vertex -4.8652318866730635 2.3429721912348147 7.8
    endloop
  endfacet
  facet normal -0.8467241992282841 0.5320320765153366 0
    outer loop
      vertex -4.221890005327361 3.3668449300371623 7.8
      vertex -4.8652318866730635 2.3429721912348147 15.8
      vertex -4.221890005327361 3.3668449300371623 15.8
    endloop
  endfacet
  facet normal -0.7071067811865476 0.7071067811865476 0
    outer loop
      vertex -3.3668449300371623 4.221890005327361 7.8
      vertex -4.221890005327361 3.3668449300371623 15.8
      vertex -3.3668449300371623 4.221890005327361 15.8
    endloop
  endfacet
  facet normal -0.9187616595540428 0.32148860916819605 0.22917697770195017
    outer loop
      vertex -5.264610725781848 1.2016130433640984 15.8
      vertex 0.13799702186564589 3.857084580512746 33.73376040733744
      vertex -4.8652318866730635 2.3429721912348147 15.8
    endloop
  endfacet
  facet normal -0.8317823384757163 0.5226434831452202 0.18703457147196323
    outer loop
      vertex -4.8652318866730635 2.3429721912348147 15.8
      vertex 0.1593393491024908 3.925369517272889 33.7235311191306
      vertex -4.221890005327361 3.3668449300371623 15.8
    endloop
  endfacet
  facet normal -0.6992946123240135 0.6992946123240135 0.148236602596037
    outer loop
      vertex -4.221890005327361 3.3668449300371623 15.8
      vertex 0.2585431765872893 4.087539967632801 33.53627148779284
      vertex -3.3668449300371623 4.221890005327361 15.8
    endloop
  endfacet
  facet normal -0.5320320765153361 0.8467241992282845 0
    outer loop
      vertex -2.3429721912348134 4.8652318866730635 7.8
      vertex -3.3668449300371623 4.221890005327361 15.8
      vertex -2.3429721912348134 4.8652318866730635 15.8
    endloop
  endfacet
  facet normal -0.3302790619551677 0.9438833303083674 0
    outer loop
      vertex -1.2016130433640984 5.264610725781848 7.8
      vertex -2.3429721912348134 4.8652318866730635 15.8
      vertex -1.2016130433640984 5.264610725781848 15.8
    endloop
  endfacet
  facet normal -0.5298192039790877 0.8432024327616433 0.09111129721287152
    outer loop
      vertex -3.3668449300371623 4.221890005327361 15.8
      vertex 1.592723751739665 5.4217205427851765 33.53627148779284
      vertex -2.3429721912348134 4.8652318866730635 15.8
    endloop
  endfacet
  facet normal -0.3299798139737382 0.9430281287111856 0.04255902758918193
    outer loop
      vertex -2.3429721912348134 4.8652318866730635 15.8
      vertex 1.6541334050241285 5.465684685574398 33.48650094700304
      vertex -1.2016130433640984 5.264610725781848 15.8
    endloop
  endfacet
  facet normal -0.40644615841329645 0.6468553555379315 0.6452748788872612
    outer loop
      vertex -5.573153665485208 7.940387654019691 2.68268343236509
      vertex -5.642399100832523 8.466358954346502 2.1118075069060738
      vertex -6.546642919516704 8.209230565914313 1.8
    endloop
  endfacet
  facet normal -0.4064461584132966 0.6468553555379289 0.6452748788872638
    outer loop
      vertex -5.642399100832523 8.466358954346502 2.1118075069060738
      vertex -5.354918862144252 8.841010495595503 1.9173165676349102
      vertex -6.546642919516704 8.209230565914313 1.8
    endloop
  endfacet
  facet normal -0.9914448613738104 -0.1305261922200519 0
    outer loop
      vertex -5.573153665485208 7.940387654019691 2.68268343236509
      vertex -5.642399100832523 8.466358954346502 2.68268343236509
      vertex -5.642399100832523 8.466358954346502 2.1118075069060738
    endloop
  endfacet
  facet normal -0.4064461584132979 0.6468553555379318 0.64527487888726
    outer loop
      vertex -5.354918862144252 8.841010495595503 1.9173165676349102
      vertex -5.189785217629816 8.988971677304745 1.8730074703832564
      vertex -6.546642919516704 8.209230565914313 1.8
    endloop
  endfacet
  facet normal -0.7933533402912344 0.6087614290087217 0
    outer loop
      vertex -5.642399100832523 8.466358954346502 2.1118075069060738
      vertex -5.642399100832523 8.466358954346502 2.68268343236509
      vertex -5.211939766255643 9.027344481143432 1.9173165676349102
    endloop
  endfacet
  facet normal -0.7001726657984998 0.11159652368649726 0.7051981664537362
    outer loop
      vertex -5.032631111435701 7.527936029489764 3.4366099740206275
      vertex -4.493564861652605 7.296146084929695 4.008515041810503
      vertex -5.119643810614386 8.326287096493456 3.223879532511287
    endloop
  endfacet
  facet normal -0.8352921505721446 -0.10996829783797021 0.538696571980165
    outer loop
      vertex -5.032631111435701 7.527936029489764 3.4366099740206275
      vertex -5.642399100832523 8.466358954346502 2.68268343236509
      vertex -5.573153665485208 7.940387654019691 2.68268343236509
    endloop
  endfacet
  facet normal -0.7001726657985001 0.11159652368649715 0.705198166453736
    outer loop
      vertex -5.032631111435701 7.527936029489764 3.4366099740206275
      vertex -5.119643810614386 8.326287096493456 3.223879532511287
      vertex -5.642399100832523 8.466358954346502 2.68268343236509
    endloop
  endfacet
  facet normal -0.45416822078802466 0.3484955328930404 0.8199281009819311
    outer loop
      vertex -4.23227905866395 7.330522361415742 4.138633437972163
      vertex -4.941341716182545 8.558654909987759 3.223879532511287
      vertex -5.119643810614386 8.326287096493456 3.223879532511287
    endloop
  endfacet
  facet normal -0.45416822078802616 0.34849553289303864 0.8199281009819309
    outer loop
      vertex -4.493564861652605 7.296146084929695 4.008515041810503
      vertex -4.23227905866395 7.330522361415742 4.138633437972163
      vertex -5.119643810614386 8.326287096493456 3.223879532511287
    endloop
  endfacet
  facet normal 0.25344090841271016 0.6621655774602209 0.7051981664537369
    outer loop
      vertex -4.091370151895996 7.57522509428966 3.982087146248542
      vertex -4.050313506069017 8.215138359643705 3.3664673231348
      vertex -4.650954239458713 8.596885146566553 3.223879532511287
    endloop
  endfacet
  facet normal -0.07472187419675293 0.5675689832405305 0.8199281009819306
    outer loop
      vertex -4.23227905866395 7.330522361415742 4.138633437972163
      vertex -4.091370151895996 7.57522509428966 3.982087146248542
      vertex -4.941341716182545 8.558654909987759 3.223879532511287
    endloop
  endfacet
  facet normal -0.07472187419675452 0.5675689832405295 0.8199281009819313
    outer loop
      vertex -4.091370151895996 7.57522509428966 3.982087146248542
      vertex -4.650954239458713 8.596885146566553 3.223879532511287
      vertex -4.941341716182545 8.558654909987759 3.223879532511287
    endloop
  endfacet
  facet normal -0.7933533402912326 0.6087614290087238 9.11416119074421e-15
    outer loop
      vertex -5.642399100832523 8.466358954346502 2.1118075069060738
      vertex -5.211939766255643 9.027344481143432 1.9173165676349102
      vertex -5.354918862144252 8.841010495595503 1.9173165676349102
    endloop
  endfacet
  facet normal -0.582725609147503 0.44714108648535966 0.6785983445458466
    outer loop
      vertex -5.642399100832523 8.466358954346502 2.68268343236509
      vertex -5.119643810614386 8.326287096493456 3.223879532511287
      vertex -5.211939766255643 9.027344481143432 2.68268343236509
    endloop
  endfacet
  facet normal -0.7933533402912344 0.6087614290087217 0
    outer loop
      vertex -5.642399100832523 8.466358954346502 2.68268343236509
      vertex -5.211939766255643 9.027344481143432 2.68268343236509
      vertex -5.211939766255643 9.027344481143432 1.9173165676349102
    endloop
  endfacet
  facet normal -0.406446158413299 0.6468553555379342 0.6452748788872572
    outer loop
      vertex -5.189785217629816 8.988971677304745 1.8730074703832564
      vertex -4.555779260734359 9.4601731129754 1.8
      vertex -6.546642919516704 8.209230565914313 1.8
    endloop
  endfacet
  facet normal -0.5827256091475022 0.4471410864853614 -0.6785983445458462
    outer loop
      vertex -5.354918862144252 8.841010495595503 1.9173165676349102
      vertex -5.211939766255643 9.027344481143432 1.9173165676349102
      vertex -5.189785217629816 8.988971677304745 1.8730074703832564
    endloop
  endfacet
  facet normal -0.09587273539834223 0.7282257242001826 -0.6785983445458432
    outer loop
      vertex -5.189785217629816 8.988971677304745 1.8730074703832564
      vertex -5.211939766255643 9.027344481143432 1.9173165676349102
      vertex -5.017664804510472 9.052921265075879 1.9173165676349102
    endloop
  endfacet
  facet normal -0.13052619222004908 0.9914448613738108 -1.2700532364962744e-14
    outer loop
      vertex -5.211939766255643 9.027344481143432 1.9173165676349102
      vertex -4.510882381605666 9.11964043678469 2.1696464207432777
      vertex -5.017664804510472 9.052921265075879 1.9173165676349102
    endloop
  endfacet
  facet normal -0.40644615841329107 0.6468553555379255 0.6452748788872708
    outer loop
      vertex -5.189785217629816 8.988971677304745 1.8730074703832564
      vertex -5.017664804510472 9.052921265075879 1.9173165676349102
      vertex -4.555779260734359 9.4601731129754 1.8
    endloop
  endfacet
  facet normal -0.4064461584132978 0.6468553555379305 0.6452748788872614
    outer loop
      vertex -5.017664804510472 9.052921265075879 1.9173165676349102
      vertex -4.510882381605666 9.11964043678469 2.1696464207432777
      vertex -4.555779260734359 9.4601731129754 1.8
    endloop
  endfacet
  facet normal -0.13052619222005357 0.9914448613738103 0
    outer loop
      vertex -5.211939766255643 9.027344481143432 1.9173165676349102
      vertex -5.211939766255643 9.027344481143432 2.68268343236509
      vertex -4.510882381605666 9.11964043678469 2.68268343236509
    endloop
  endfacet
  facet normal -0.09587273539834505 0.7282257242001784 0.6785983445458474
    outer loop
      vertex -5.211939766255643 9.027344481143432 2.68268343236509
      vertex -4.650954239458713 8.596885146566553 3.223879532511287
      vertex -4.510882381605666 9.11964043678469 2.68268343236509
    endloop
  endfacet
  facet normal -0.13052619222005354 0.99144486137381 0
    outer loop
      vertex -5.211939766255643 9.027344481143432 1.9173165676349102
      vertex -4.510882381605666 9.11964043678469 2.68268343236509
      vertex -4.510882381605666 9.11964043678469 2.1696464207432777
    endloop
  endfacet
  facet normal 0.5128814148246913 0.6684000730582289 0.5386965719801615
    outer loop
      vertex -4.0931570988455155 8.499528295284668 3.0543944791177955
      vertex -4.122742262918833 8.821810048598925 2.68268343236509
      vertex -4.510882381605666 9.11964043678469 2.68268343236509
    endloop
  endfacet
  facet normal -0.406446158413298 0.6468553555379305 0.6452748788872614
    outer loop
      vertex -4.510882381605666 9.11964043678469 2.1696464207432777
      vertex -4.321985038004599 8.974694407082056 2.4339302489194465
      vertex -4.555779260734359 9.4601731129754 1.8
    endloop
  endfacet
  facet normal 0.6087614290087233 0.7933533402912332 0
    outer loop
      vertex -4.510882381605666 9.11964043678469 2.1696464207432777
      vertex -4.510882381605666 9.11964043678469 2.68268343236509
      vertex -4.321985038004599 8.974694407082056 2.4339302489194465
    endloop
  endfacet
  facet normal 0.6087614290087232 0.7933533402912332 -5.701639047522577e-17
    outer loop
      vertex -4.510882381605666 9.11964043678469 2.68268343236509
      vertex -4.122742262918833 8.821810048598925 2.68268343236509
      vertex -4.321985038004599 8.974694407082056 2.4339302489194465
    endloop
  endfacet
  facet normal -0.5827256091475019 0.4471410864853602 0.6785983445458471
    outer loop
      vertex -5.119643810614386 8.326287096493456 3.223879532511287
      vertex -4.941341716182545 8.558654909987759 3.223879532511287
      vertex -5.211939766255643 9.027344481143432 2.68268343236509
    endloop
  endfacet
  facet normal -0.0958727353983437 0.728225724200179 0.6785983445458468
    outer loop
      vertex -5.211939766255643 9.027344481143432 2.68268343236509
      vertex -4.941341716182545 8.558654909987759 3.223879532511287
      vertex -4.650954239458713 8.596885146566553 3.223879532511287
    endloop
  endfacet
  facet normal 0.2534409084127104 0.6621655774602211 0.7051981664537367
    outer loop
      vertex -4.650954239458713 8.596885146566553 3.223879532511287
      vertex -4.050313506069017 8.215138359643705 3.3664673231348
      vertex -4.510882381605666 9.11964043678469 2.68268343236509
    endloop
  endfacet
  facet normal 0.5128814148246871 0.6684000730582286 0.5386965719801656
    outer loop
      vertex -4.050313506069017 8.215138359643705 3.3664673231348
      vertex -4.0931570988455155 8.499528295284668 3.0543944791177955
      vertex -4.510882381605666 9.11964043678469 2.68268343236509
    endloop
  endfacet
  facet normal -0.40644615841330045 0.6468553555379312 0.6452748788872591
    outer loop
      vertex -2.3429721912348134 4.8652318866730635 7.8
      vertex -4.0931570988455155 8.499528295284668 3.0543944791177955
      vertex -4.050313506069017 8.215138359643705 3.3664673231348
    endloop
  endfacet
  facet normal -0.25231684678725447 0.721080120031309 0.6452748788872618
    outer loop
      vertex -2.3429721912348134 4.8652318866730635 7.8
      vertex -2.336469806541302 10.236743077909148 1.8
      vertex -4.0931570988455155 8.499528295284668 3.0543944791177955
    endloop
  endfacet
  facet normal -0.2523168467872565 0.7210801200313096 0.6452748788872601
    outer loop
      vertex -4.0931570988455155 8.499528295284668 3.0543944791177955
      vertex -2.336469806541302 10.236743077909148 1.8
      vertex -4.122742262918833 8.821810048598925 2.68268343236509
    endloop
  endfacet
  facet normal -0.25231684678725497 0.721080120031309 0.6452748788872614
    outer loop
      vertex -4.321985038004599 8.974694407082056 2.4339302489194465
      vertex -2.336469806541302 10.236743077909148 1.8
      vertex -4.555779260734359 9.4601731129754 1.8
    endloop
  endfacet
  facet normal -0.2523168467872541 0.7210801200313081 0.6452748788872626
    outer loop
      vertex -4.321985038004599 8.974694407082056 2.4339302489194465
      vertex -4.122742262918833 8.821810048598925 2.68268343236509
      vertex -2.336469806541302 10.236743077909148 1.8
    endloop
  endfacet
  facet normal -0.08553531487990092 0.7591469163379551 0.6452748788872616
    outer loop
      vertex -1.2016130433640984 5.264610725781848 7.8
      vertex 0 10.5 1.8
      vertex -2.336469806541302 10.236743077909148 1.8
    endloop
  endfacet
  facet normal -0.9602265150244259 0.10819154441785003 0.2574094589569817
    outer loop
      vertex -5.264610725781848 1.2016130433640984 15.8
      vertex -0.5918150718817998 1.7997696291736702 32.979736981158595
      vertex -0.5687285399144627 1.92153067784068 33.01468046872981
    endloop
  endfacet
  facet normal -0.9364955369579508 0.25093322284322783 0.24496658329525342
    outer loop
      vertex -5.264610725781848 1.2016130433640984 15.8
      vertex -0.5687285399144627 1.92153067784068 33.01468046872981
      vertex -0.484473926905758 2.1831705745419683 33.068769178989434
    endloop
  endfacet
  facet normal -0.9364955369579492 0.250933222843235 0.24496658329525262
    outer loop
      vertex -5.264610725781848 1.2016130433640984 15.8
      vertex -0.484473926905758 2.1831705745419683 33.068769178989434
      vertex -0.28920801436506083 2.5418807780693524 33.44781413658102
    endloop
  endfacet
  facet normal -0.9364955369579486 0.25093322284323705 0.24496658329525242
    outer loop
      vertex -5.264610725781848 1.2016130433640984 15.8
      vertex -0.28920801436506083 2.5418807780693524 33.44781413658102
      vertex -0.16402030010956992 2.7299405901353526 33.73376040733744
    endloop
  endfacet
  facet normal -0.9364955369579495 0.25093322284323316 0.24496658329525278
    outer loop
      vertex -5.264610725781848 1.2016130433640984 15.8
      vertex -0.16402030010956992 2.7299405901353526 33.73376040733744
      vertex 0.13799702186564589 3.857084580512746 33.73376040733744
    endloop
  endfacet
  facet normal -0.9187616595540438 0.32148860916819266 0.229176977701951
    outer loop
      vertex -4.8652318866730635 2.3429721912348147 15.8
      vertex 0.13799702186564589 3.857084580512746 33.73376040733744
      vertex 0.1593393491024908 3.925369517272889 33.7235311191306
    endloop
  endfacet
  facet normal -0.6992946123240097 0.6992946123240175 0.14823660259603588
    outer loop
      vertex -4.221890005327361 3.3668449300371623 15.8
      vertex 0.18828121261740915 3.9865227195751953 33.68135714198616
      vertex 0.2585431765872893 4.087539967632801 33.53627148779284
    endloop
  endfacet
  facet normal -0.8317823384757208 0.5226434831452127 0.187034571471964
    outer loop
      vertex -4.221890005327361 3.3668449300371623 15.8
      vertex 0.1593393491024908 3.925369517272889 33.7235311191306
      vertex 0.18828121261740915 3.9865227195751953 33.68135714198616
    endloop
  endfacet
  facet normal -0.6992946123240132 0.6992946123240137 0.148236602596037
    outer loop
      vertex -3.3668449300371623 4.221890005327361 15.8
      vertex 0.2585431765872893 4.087539967632801 33.53627148779284
      vertex 1.592723751739665 5.4217205427851765 33.53627148779284
    endloop
  endfacet
  facet normal -0.928303764178364 0.24873824394236432 -0.27637186436529526
    outer loop
      vertex -1.083749839954106 2.324758195565273 36.45836494800338
      vertex -4.6489996616081966 3.4523145855173545 49.44847605900699
      vertex -0.4893450801567323 3.0284276616382853 35.095134036188874
    endloop
  endfacet
  facet normal -0.9283037641783626 0.24873824394237076 -0.2763718643652945
    outer loop
      vertex -4.6489996616081966 3.4523145855173545 49.44847605900699
      vertex 0.1593393491024908 3.925369517272889 33.7235311191306
      vertex 0.13799702186564589 3.857084580512746 33.73376040733744
    endloop
  endfacet
  facet normal -0.9283037641783644 0.24873824394236257 -0.276371864365296
    outer loop
      vertex -4.6489996616081966 3.4523145855173545 49.44847605900699
      vertex 0.18828121261740915 3.9865227195751953 33.68135714198616
      vertex 0.1593393491024908 3.925369517272889 33.7235311191306
    endloop
  endfacet
  facet normal -0.928303764178364 0.2487382439423639 -0.27637186436529526
    outer loop
      vertex -4.6489996616081966 3.4523145855173545 49.44847605900699
      vertex 0.13799702186564589 3.857084580512746 33.73376040733744
      vertex -0.4893450801567323 3.0284276616382853 35.095134036188874
    endloop
  endfacet
  facet normal -0.9283037641783692 0.24873824394234323 -0.27637186436529676
    outer loop
      vertex -4.412627367643668 4 49.14745054689653
      vertex 0.2585431765872893 4.087539967632801 33.53627148779284
      vertex 0.18828121261740915 3.9865227195751953 33.68135714198616
    endloop
  endfacet
  facet normal -0.9386885047556014 -0.2515208267936427 -0.23579899221314668
    outer loop
      vertex -1.0474272810309146 0.6672692722396233 38.08177059651285
      vertex -4.752247396867815 2.2165989414902945 51.1776
      vertex -1.1612240607530795 2.1066666474974234 36.999413600367
    endloop
  endfacet
  facet normal -0.9386885047556034 -0.2515208267936347 -0.23579899221314723
    outer loop
      vertex -1.1612240607530795 2.1066666474974234 36.999413600367
      vertex -4.752247396867815 2.2165989414902945 51.1776
      vertex -1.083749839954106 2.324758195565273 36.45836494800338
    endloop
  endfacet
  facet normal -0.938688504755602 -0.25152082679364085 -0.23579899221314687
    outer loop
      vertex -4.752247396867815 2.2165989414902945 51.1776
      vertex -4.469772929657679 2.5951055975399355 49.64935834403957
      vertex -1.083749839954106 2.324758195565273 36.45836494800338
    endloop
  endfacet
  facet normal -0.938688504755602 -0.25152082679364074 -0.23579899221314693
    outer loop
      vertex -1.083749839954106 2.324758195565273 36.45836494800338
      vertex -4.469772929657679 2.5951055975399355 49.64935834403957
      vertex -4.508968897863564 2.903669922264743 49.47625518993755
    endloop
  endfacet
  facet normal -0.9386885047556017 -0.25152082679364124 -0.23579899221314687
    outer loop
      vertex -1.083749839954106 2.324758195565273 36.45836494800338
      vertex -4.508968897863564 2.903669922264743 49.47625518993755
      vertex -4.6489996616081966 3.4523145855173545 49.44847605900699
    endloop
  endfacet
  facet normal -0.9283037641783637 0.2487382439423658 -0.2763718643652951
    outer loop
      vertex -4.6489996616081966 3.4523145855173545 49.44847605900699
      vertex -4.412627367643668 4 49.14745054689653
      vertex 0.18828121261740915 3.9865227195751953 33.68135714198616
    endloop
  endfacet
  facet normal -0.6863394650736165 0.6863394650736168 -0.24057488930668422
    outer loop
      vertex -4.158522043272551 5.231963639232872 49.40272089894259
      vertex 1.592723751739665 5.4217205427851765 33.53627148779284
      vertex 0.2585431765872893 4.087539967632801 33.53627148779284
    endloop
  endfacet
  facet normal -0.9283037641783646 0.24873824394236216 -0.2763718643652953
    outer loop
      vertex -4.412627367643668 4 49.14745054689653
      vertex -4.193851442578802 4.867383845154049 49.193262083274696
      vertex 0.2585431765872893 4.087539967632801 33.53627148779284
    endloop
  endfacet
  facet normal -0.9283037641783641 0.2487382439423639 -0.2763718643652952
    outer loop
      vertex -4.193851442578802 4.867383845154049 49.193262083274696
      vertex -4.158522043272551 5.231963639232872 49.40272089894259
      vertex 0.2585431765872893 4.087539967632801 33.53627148779284
    endloop
  endfacet
  facet normal -0.6863394650736158 0.6863394650736178 -0.240574889306684
    outer loop
      vertex -4.158522043272551 5.231963639232872 49.40272089894259
      vertex -3.5966561798842402 5.836318902183604 49.52393950097963
      vertex 1.592723751739665 5.4217205427851765 33.53627148779284
    endloop
  endfacet
  facet normal -0.6863394650736173 0.6863394650736159 -0.24057488930668455
    outer loop
      vertex -3.5966561798842402 5.836318902183604 49.52393950097963
      vertex -3.0039828743914416 6.569758757682099 49.92553435948543
      vertex 1.7200908203932128 5.4936551047646445 33.37812731452513
    endloop
  endfacet
  facet normal -0.5777346465879792 -0.18771736587259483 -0.7943455599937077
    outer loop
      vertex -14.108005636231884 3.874822782458675 61.4792
      vertex -6.380740392011739 4 55.829509212352406
      vertex -6.066986593418196 2.8290548825811674 55.87802750844192
    endloop
  endfacet
  facet normal -0.34128124730733583 -0.8878493199911864 -0.3086271135651188
    outer loop
      vertex -5.4879424893470965 1.8697652302588996 56.925860225011185
      vertex -13.296448076028943 3.2884884145099607 61.4792
      vertex -5.776496309558432 2.158319050470235 56.41484126897512
    endloop
  endfacet
  facet normal -0.48316690836682397 -0.6650221972460358 -0.5694692404593067
    outer loop
      vertex -5.776496309558432 2.158319050470235 56.41484126897512
      vertex -14.108005636231884 3.874822782458675 61.4792
      vertex -5.927807063082327 2.3096298039941305 56.36652143212067
    endloop
  endfacet
  facet normal -0.4831669083668208 -0.6650221972460446 -0.5694692404592993
    outer loop
      vertex -14.108005636231884 3.874822782458675 61.4792
      vertex -6.066986593418196 2.8290548825811674 55.87802750844192
      vertex -5.927807063082327 2.3096298039941305 56.36652143212067
    endloop
  endfacet
  facet normal -0.5777346465879777 -0.18771736587261587 -0.7943455599937038
    outer loop
      vertex -14.414312705170548 4.817539005851586 61.4792
      vertex -6.354656338817565 4.097347011787984 55.78753329209625
      vertex -6.380740392011739 4 55.829509212352406
    endloop
  endfacet
  facet normal -0.5780556892543405 -0.18119559445180805 -0.7956253997151832
    outer loop
      vertex -14.441621640710574 4.904660801523017 61.4792
      vertex -6.336007218113874 4.166946477770645 55.75813334214117
      vertex -6.354656338817565 4.097347011787984 55.78753329209625
    endloop
  endfacet
  facet normal -0.578055689254339 -0.1811955944518431 -0.7956253997151763
    outer loop
      vertex -14.441621640710574 4.904660801523017 61.4792
      vertex -6.317660905548528 4.209769642135201 55.73505142559457
      vertex -6.336007218113874 4.166946477770645 55.75813334214117
    endloop
  endfacet
  facet normal -0.5574036276207341 0.18111141736564546 -0.8102467836499277
    outer loop
      vertex -14.329764417895442 5.248921934695296 61.4792
      vertex -6.199047906548249 4.678085587103214 55.75813334214117
      vertex -6.317660905548528 4.209769642135201 55.73505142559457
    endloop
  endfacet
  facet normal -0.5574036276207232 0.18111141736572342 -0.810246783649918
    outer loop
      vertex -14.329764417895442 5.248921934695296 61.4792
      vertex -6.197851612586966 4.682550216947511 55.75830832197232
      vertex -6.199047906548249 4.678085587103214 55.75813334214117
    endloop
  endfacet
  facet normal -0.5477923397281127 0.23757060836383503 -0.8021743941169136
    outer loop
      vertex -14.108005636231885 5.760255229244494 61.4792
      vertex -6.009395465899306 5.3858781313845085 55.83791097128424
      vertex -6.197851612586966 4.682550216947511 55.75830832197232
    endloop
  endfacet
  facet normal -0.43743822653605724 0.6020820663272124 -0.6679408531989516
    outer loop
      vertex -13.306083318756123 6.3428858970472515 61.4792
      vertex -5.927807063082327 5.690370196005869 56.058947496458906
      vertex -6.009395465899306 5.3858781313845085 55.83791097128424
    endloop
  endfacet
  facet normal -0.43743822653606307 0.6020820663272013 -0.667940853198958
    outer loop
      vertex -13.306083318756123 6.3428858970472515 61.4792
      vertex -5.429852580652839 6.188324678435357 56.18169060707379
      vertex -5.927807063082327 5.690370196005869 56.058947496458906
    endloop
  endfacet
  facet normal -0.34128124730733594 -0.8878493199911863 -0.30862711356511935
    outer loop
      vertex -5.173556991871474 1.5553797327832775 57.48262619884306
      vertex -13.263599484994907 2.9054911918213 62.54467092315942
      vertex -13.296448076028943 3.2884884145099607 61.4792
    endloop
  endfacet
  facet normal -6.157010971464272e-16 -0.9662238726795562 0.25770414793735963
    outer loop
      vertex -5.312685367641085 1.8407640903626563 58.55263295422341
      vertex -12.917173923791488 3.046123296329256 63.071950354741496
      vertex -13.263599484994907 2.9054911918213 62.54467092315942
    endloop
  endfacet
  facet normal -0.4831669083668208 -0.6650221972460463 -0.5694692404592976
    outer loop
      vertex -5.776496309558432 2.158319050470235 56.41484126897512
      vertex -13.306083318756121 3.292192114655919 61.4792
      vertex -14.108005636231884 3.874822782458675 61.4792
    endloop
  endfacet
  facet normal -0.34128124730732196 -0.8878493199911903 -0.3086271135651233
    outer loop
      vertex -5.776496309558432 2.158319050470235 56.41484126897512
      vertex -13.296448076028943 3.2884884145099607 61.4792
      vertex -13.306083318756121 3.292192114655919 61.4792
    endloop
  endfacet
  facet normal -0.5780556892543419 -0.18119559445178526 -0.7956253997151875
    outer loop
      vertex -14.414312705170548 4.817539005851586 61.4792
      vertex -14.441621640710574 4.904660801523017 61.4792
      vertex -6.354656338817565 4.097347011787984 55.78753329209625
    endloop
  endfacet
  facet normal -0.557403627620734 0.18111141736564723 -0.8102467836499275
    outer loop
      vertex -14.441621640710574 4.904660801523017 61.4792
      vertex -14.329764417895442 5.248921934695296 61.4792
      vertex -6.317660905548528 4.209769642135201 55.73505142559457
    endloop
  endfacet
  facet normal -0.5777346465879791 -0.18771736587259635 -0.7943455599937075
    outer loop
      vertex -14.108005636231884 3.874822782458675 61.4792
      vertex -14.414312705170548 4.817539005851586 61.4792
      vertex -6.380740392011739 4 55.829509212352406
    endloop
  endfacet
  facet normal -0.5477923397281134 0.23757060836383195 -0.8021743941169138
    outer loop
      vertex -14.329764417895442 5.248921934695296 61.4792
      vertex -14.108005636231885 5.760255229244494 61.4792
      vertex -6.197851612586966 4.682550216947511 55.75830832197232
    endloop
  endfacet
  facet normal -0.43743822653606 0.6020820663272074 -0.6679408531989542
    outer loop
      vertex -14.108005636231885 5.760255229244494 61.4792
      vertex -13.306083318756123 6.3428858970472515 61.4792
      vertex -6.009395465899306 5.3858781313845085 55.83791097128424
    endloop
  endfacet
  facet normal -0.18829469231060048 0.9328408172110131 -0.30716952744819176
    outer loop
      vertex -13.306083318756123 6.3428858970472515 61.4792
      vertex -12.99135130540463 6.406414814865724 61.4792
      vertex -5.429852580652839 6.188324678435357 56.18169060707379
    endloop
  endfacet
  facet normal 0.025517119956372975 -0.9543858912843761 0.29748352409244294
    outer loop
      vertex -12.917173923791488 3.046123296329256 63.071950354741496
      vertex -5.342741626561279 2.285122795777131 59.980801554744794
      vertex -12.365122045586501 3.299453128093798 63.83732935841523
    endloop
  endfacet
  facet normal 0.3613250433807979 -0.4973212571228271 0.7887431649400428
    outer loop
      vertex -12.365122045586501 3.299453128093798 63.83732935841523
      vertex -5.342741626561279 2.285122795777131 59.980801554744794
      vertex -12.24742098106613 3.410797762452814 63.8536156628303
    endloop
  endfacet
  facet normal 0.3613250433808076 -0.4973212571228032 0.7887431649400533
    outer loop
      vertex -12.24742098106613 3.410797762452814 63.8536156628303
      vertex -5.342741626561279 2.285122795777131 59.980801554744794
      vertex -12.136596046578225 3.6904914410065475 63.9792
    endloop
  endfacet
  facet normal 0.3613250433808104 -0.4973212571227945 0.7887431649400577
    outer loop
      vertex -12.136596046578225 3.6904914410065475 63.9792
      vertex -5.435342609496246 3.1661699981950107 60.57874341646973
      vertex -11.831723439928085 3.9119943553617307 63.9792
    endloop
  endfacet
  facet normal 0.36790924111764167 -0.47886054100633596 0.7970792762124482
    outer loop
      vertex -11.831723439928085 3.9119943553617307 63.9792
      vertex -5.473757081379822 3.51084208053434 60.80354276123359
      vertex -11.695617423103291 4.01656480348494 63.9792
    endloop
  endfacet
  facet normal 0.36790924111764756 -0.47886054100631437 0.7970792762124584
    outer loop
      vertex -11.695617423103291 4.01656480348494 63.9792
      vertex -5.362974731293049 3.7868749310016026 60.91824074986408
      vertex -11.49752649565238 4.3786141106851675 64.10527484264755
    endloop
  endfacet
  facet normal -0.3412812473073365 -0.8878493199911859 -0.3086271135651202
    outer loop
      vertex -5.4879424893470965 1.8697652302588996 56.925860225011185
      vertex -5.173556991871474 1.5553797327832775 57.48262619884306
      vertex -13.296448076028943 3.2884884145099607 61.4792
    endloop
  endfacet
  facet normal -1.1402356518707485e-15 -0.9662238726795563 0.2577041479373596
    outer loop
      vertex -5.173556991871474 1.5553797327832775 57.48262619884306
      vertex -5.196825127540667 1.57864786845247 57.56986665785882
      vertex -13.263599484994907 2.9054911918213 62.54467092315942
    endloop
  endfacet
  facet normal -1.1673728374161835e-16 -0.9662238726795559 0.257704147937361
    outer loop
      vertex -5.196825127540667 1.57864786845247 57.56986665785882
      vertex -5.312685367641085 1.8407640903626563 58.55263295422341
      vertex -13.263599484994907 2.9054911918213 62.54467092315942
    endloop
  endfacet
  facet normal 0.02551711995637181 -0.9543858912843768 0.29748352409244083
    outer loop
      vertex -5.312685367641085 1.8407640903626563 58.55263295422341
      vertex -5.439954994241912 2.0874263004909084 59.35489078788428
      vertex -12.917173923791488 3.046123296329256 63.071950354741496
    endloop
  endfacet
  facet normal 0.0255171199563732 -0.9543858912843759 0.2974835240924434
    outer loop
      vertex -5.439954994241912 2.0874263004909084 59.35489078788428
      vertex -5.342741626561279 2.285122795777131 59.980801554744794
      vertex -12.917173923791488 3.046123296329256 63.071950354741496
    endloop
  endfacet
  facet normal 0.3613250433808072 -0.4973212571228041 0.7887431649400529
    outer loop
      vertex -12.136596046578225 3.6904914410065475 63.9792
      vertex -5.342741626561279 2.285122795777131 59.980801554744794
      vertex -5.435342609496246 3.1661699981950107 60.57874341646973
    endloop
  endfacet
  facet normal 0.3679092411176441 -0.4788605410063276 0.7970792762124521
    outer loop
      vertex -11.831723439928085 3.9119943553617307 63.9792
      vertex -5.435342609496246 3.1661699981950107 60.57874341646973
      vertex -5.473757081379822 3.51084208053434 60.80354276123359
    endloop
  endfacet
  facet normal 0.36790924111764284 -0.47886054100633185 0.7970792762124501
    outer loop
      vertex -11.695617423103291 4.01656480348494 63.9792
      vertex -5.473757081379822 3.51084208053434 60.80354276123359
      vertex -5.362974731293049 3.7868749310016026 60.91824074986408
    endloop
  endfacet
  facet normal 0.4451488233160502 -0.1446376204503277 0.8836981859497068
    outer loop
      vertex -11.49752649565238 4.3786141106851675 64.10527484264755
      vertex -5.362974731293049 3.7868749310016026 60.91824074986408
      vertex -11.407180072797624 4.7533036684639285 64.1210908785321
    endloop
  endfacet
  facet normal 0.4636637454120303 0.15065348331352715 0.873109076322076
    outer loop
      vertex -11.407180072797624 4.7533036684639285 64.1210908785321
      vertex -5.153458203849885 4.699205771204095 60.80939232187584
      vertex -11.402932057554619 5 64.07626794244538
    endloop
  endfacet
  facet normal 0.4636637454120325 0.15065348331346062 0.8731090763220863
    outer loop
      vertex -11.402932057554619 5 64.07626794244538
      vertex -5.153458203849885 4.699205771204095 60.80939232187584
      vertex -11.431712950373166 5.118626177552922 64.07108326343709
    endloop
  endfacet
  facet normal 0.44553114230175983 0.3855271383419324 0.8080042245193831
    outer loop
      vertex -11.600760540320119 5.5065574435992675 63.9792
      vertex -4.901847025239478 5.4862559294284585 60.29512544251495
      vertex -11.83172343992808 5.77346774447774 63.9792
    endloop
  endfacet
  facet normal 0.4455311423017551 0.38552713834195623 0.8080042245193744
    outer loop
      vertex -11.431712950373166 5.118626177552922 64.07108326343709
      vertex -4.901847025239478 5.4862559294284585 60.29512544251495
      vertex -11.600760540320119 5.5065574435992675 63.9792
    endloop
  endfacet
  facet normal -0.1882946923106014 0.9328408172110128 -0.30716952744819265
    outer loop
      vertex -12.99135130540463 6.406414814865724 61.4792
      vertex -12.947311480251363 6.700979671719209 62.34676540818376
      vertex -4.950674947625165 6.667502311463031 57.34316600723332
    endloop
  endfacet
  facet normal -9.821043080641016e-16 0.9999776183153815 -0.006690505832682771
    outer loop
      vertex -12.947311480251363 6.700979671719209 62.34676540818376
      vertex -12.715178439083633 6.7050284539054505 62.951905239001526
      vertex -4.949158171651881 6.6690190874363156 57.56986665785882
    endloop
  endfacet
  facet normal 0.18621756096337053 0.9332815010513641 0.30709715040059565
    outer loop
      vertex -12.715178439083633 6.7050284539054505 62.951905239001526
      vertex -12.377582349830343 6.514053536253078 63.32757475377154
      vertex -4.673105929972475 6.673051323239147 58.172533430063886
    endloop
  endfacet
  facet normal 0.1862175609633742 0.9332815010513614 0.30709715040060115
    outer loop
      vertex -12.209900117438295 6.340910394864763 63.752085089958754
      vertex -4.673105929972475 6.673051323239147 58.172533430063886
      vertex -12.377582349830343 6.514053536253078 63.32757475377154
    endloop
  endfacet
  facet normal 0.4068755484180583 0.5600161487244106 0.7216884378091305
    outer loop
      vertex -12.209900117438295 6.340910394864763 63.752085089958754
      vertex -12.031942234010382 5.918935213284477 63.9792
      vertex -4.534012622257408 6.19642881519954 59.53666641756498
    endloop
  endfacet
  facet normal 0.4068755484180558 0.5600161487244198 0.7216884378091246
    outer loop
      vertex -12.031942234010382 5.918935213284477 63.9792
      vertex -11.83172343992808 5.77346774447774 63.9792
      vertex -4.901847025239478 5.4862559294284585 60.29512544251495
    endloop
  endfacet
  facet normal 0.4451488233160582 -0.14463762045028672 0.8836981859497096
    outer loop
      vertex -11.407180072797624 4.7533036684639285 64.1210908785321
      vertex -5.362974731293049 3.7868749310016026 60.91824074986408
      vertex -5.234699508449736 4.251843595155992 60.929727020651235
    endloop
  endfacet
  facet normal 0.46366374541203204 0.15065348331350034 0.8731090763220798
    outer loop
      vertex -11.407180072797624 4.7533036684639285 64.1210908785321
      vertex -5.234699508449736 4.251843595155992 60.929727020651235
      vertex -5.153458203849885 4.699205771204095 60.80939232187584
    endloop
  endfacet
  facet normal 0.44553114230175844 0.3855271383419452 0.8080042245193778
    outer loop
      vertex -11.431712950373166 5.118626177552922 64.07108326343709
      vertex -5.153458203849885 4.699205771204095 60.80939232187584
      vertex -5.108832723272212 5.156805422584468 60.566449129892845
    endloop
  endfacet
  facet normal 0.4455311423017611 0.38552713834193253 0.8080042245193824
    outer loop
      vertex -11.431712950373166 5.118626177552922 64.07108326343709
      vertex -5.108832723272212 5.156805422584468 60.566449129892845
      vertex -4.901847025239478 5.4862559294284585 60.29512544251495
    endloop
  endfacet
  facet normal -0.18829469231060197 0.9328408172110121 -0.30716952744819387
    outer loop
      vertex -12.99135130540463 6.406414814865724 61.4792
      vertex -4.950674947625165 6.667502311463031 57.34316600723332
      vertex -5.429852580652839 6.188324678435357 56.18169060707379
    endloop
  endfacet
  facet normal -1.0824912518474175e-15 0.9999776183153815 -0.0066905058326829315
    outer loop
      vertex -12.947311480251363 6.700979671719209 62.34676540818376
      vertex -4.949158171651881 6.6690190874363156 57.56986665785882
      vertex -4.950674947625165 6.667502311463031 57.34316600723332
    endloop
  endfacet
  facet normal 2.0255653476731861e-16 0.9999776183153816 -0.006690505832681064
    outer loop
      vertex -12.715178439083633 6.7050284539054505 62.951905239001526
      vertex -4.673105929972475 6.673051323239147 58.172533430063886
      vertex -4.949158171651881 6.6690190874363156 57.56986665785882
    endloop
  endfacet
  facet normal 0.18621756096337255 0.9332815010513625 0.307097150400599
    outer loop
      vertex -12.209900117438295 6.340910394864763 63.752085089958754
      vertex -4.534012622257408 6.19642881519954 59.53666641756498
      vertex -4.673105929972475 6.673051323239147 58.172533430063886
    endloop
  endfacet
  facet normal 0.40687554841805806 0.560016148724411 0.7216884378091302
    outer loop
      vertex -12.031942234010382 5.918935213284477 63.9792
      vertex -4.901847025239478 5.4862559294284585 60.29512544251495
      vertex -4.534012622257408 6.19642881519954 59.53666641756498
    endloop
  endfacet
  facet normal -0.9386885047556013 -0.25152082679364385 -0.2357989922131463
    outer loop
      vertex -1.0474272810309146 0.6672692722396233 38.08177059651285
      vertex -5.927807063082327 2.3096298039941305 55.75813334214117
      vertex -4.752247396867815 2.2165989414902945 51.1776
    endloop
  endfacet
  facet normal -0.5615832923683296 -0.772953090454445 -0.2952418088443265
    outer loop
      vertex -4.752247396867815 2.2165989414902945 51.1776
      vertex -4.701722092687432 2.7636265288163004 49.64935834403957
      vertex -4.469772929657679 2.5951055975399355 49.64935834403957
    endloop
  endfacet
  facet normal -0.5615832923683289 -0.7729530904544455 -0.29524180884432655
    outer loop
      vertex -4.752247396867815 2.2165989414902945 51.1776
      vertex -5.1034441853748636 2.4717583440395696 51.1776
      vertex -4.701722092687432 2.7636265288163004 49.64935834403957
    endloop
  endfacet
  facet normal -0.5615832923683289 -0.7729530904544455 0.2952418088443264
    outer loop
      vertex -4.752247396867815 2.2165989414902945 51.1776
      vertex -4.97191507227484 2.5673198383775633 51.677966480385194
      vertex -5.1034441853748636 2.4717583440395696 51.1776
    endloop
  endfacet
  facet normal -0.7016378731568095 -0.7016378731568095 -0.12413134134447243
    outer loop
      vertex -1.032320860342157 0.5252165550455294 38.17315772767125
      vertex -4.690370196005869 1.0721929369176726 55.75813334214117
      vertex -5.927807063082327 2.3096298039941305 55.75813334214117
    endloop
  endfacet
  facet normal -0.5773502691896256 -0.18759247408507548 -0.7946544722917672
    outer loop
      vertex -4.6489996616081966 3.4523145855173545 49.44847605900699
      vertex -5.1034441853748636 4 49.64935834403957
      vertex -4.412627367643668 4 49.14745054689653
    endloop
  endfacet
  facet normal -0.577350269189621 -0.18759247408508403 -0.7946544722917688
    outer loop
      vertex -4.701722092687432 2.7636265288163004 49.64935834403957
      vertex -4.6489996616081966 3.4523145855173545 49.44847605900699
      vertex -4.508968897863564 2.903669922264743 49.47625518993755
    endloop
  endfacet
  facet normal -0.9086608545660261 -0.2952418088443259 -0.29524180884432644
    outer loop
      vertex -5.6 4 51.1776
      vertex -4.701722092687432 2.7636265288163004 49.64935834403957
      vertex -5.1034441853748636 2.4717583440395696 51.1776
    endloop
  endfacet
  facet normal -0.5773502691896306 -0.18759247408508134 -0.7946544722917622
    outer loop
      vertex -4.701722092687432 2.7636265288163004 49.64935834403957
      vertex -5.1034441853748636 4 49.64935834403957
      vertex -4.6489996616081966 3.4523145855173545 49.44847605900699
    endloop
  endfacet
  facet normal -0.9086608545660261 -0.2952418088443254 0.29524180884432655
    outer loop
      vertex -5.1034441853748636 2.4717583440395696 51.1776
      vertex -4.97191507227484 2.5673198383775633 51.677966480385194
      vertex -5.290427506175447 3.65517444135193 51.78554060915804
    endloop
  endfacet
  facet normal -0.9086608545660259 -0.2952418088443258 0.2952418088443274
    outer loop
      vertex -5.6 4 51.1776
      vertex -5.1034441853748636 2.4717583440395696 51.1776
      vertex -5.290427506175447 3.65517444135193 51.78554060915804
    endloop
  endfacet
  facet normal -0.9086608545660261 -0.29524180884432605 -0.2952418088443262
    outer loop
      vertex -5.6 4 51.1776
      vertex -5.1034441853748636 4 49.64935834403957
      vertex -4.701722092687432 2.7636265288163004 49.64935834403957
    endloop
  endfacet
  facet normal -0.9086608545660256 -0.295241808844327 0.2952418088443266
    outer loop
      vertex -5.6 4 51.1776
      vertex -5.290427506175447 3.65517444135193 51.78554060915804
      vertex -5.295784096231736 4 52.113880278774474
    endloop
  endfacet
  facet normal -0.356822089773089 -0.4911234731884209 -0.7946544722917678
    outer loop
      vertex -4.701722092687432 2.7636265288163004 49.64935834403957
      vertex -4.508968897863564 2.903669922264743 49.47625518993755
      vertex -4.469772929657679 2.5951055975399355 49.64935834403957
    endloop
  endfacet
  facet normal -0.9659258262890683 -0.25881904510252063 0
    outer loop
      vertex -5.927807063082327 2.3096298039941305 55.75813334214117
      vertex -5.927807063082327 2.3096298039941305 56.36652143212067
      vertex -6.066986593418196 2.8290548825811674 55.87802750844192
    endloop
  endfacet
  facet normal -0.7071067811865475 -0.7071067811865475 0
    outer loop
      vertex -5.776496309558432 2.158319050470235 56.41484126897512
      vertex -5.927807063082327 2.3096298039941305 56.36652143212067
      vertex -5.927807063082327 2.3096298039941305 55.75813334214117
    endloop
  endfacet
  facet normal -0.9386885047556017 -0.25152082679364174 -0.23579899221314665
    outer loop
      vertex -5.290427506175447 3.65517444135193 51.78554060915804
      vertex -5.927807063082327 2.3096298039941305 55.75813334214117
      vertex -6.380740392011739 4 55.75813334214117
    endloop
  endfacet
  facet normal -0.9283037641783646 0.24873824394236246 -0.27637186436529504
    outer loop
      vertex -5.290427506175447 3.65517444135193 51.78554060915804
      vertex -6.380740392011739 4 55.75813334214117
      vertex -5.295784096231736 4 52.113880278774474
    endloop
  endfacet
  facet normal -0.9659258262890678 0.25881904510252274 0
    outer loop
      vertex -6.380740392011739 4 55.75813334214117
      vertex -6.380740392011739 4 55.829509212352406
      vertex -6.354656338817565 4.097347011787984 55.78753329209625
    endloop
  endfacet
  facet normal -0.9659258262890678 0.25881904510252235 1.3655580706751277e-15
    outer loop
      vertex -6.380740392011739 4 55.75813334214117
      vertex -6.354656338817565 4.097347011787984 55.78753329209625
      vertex -6.336007218113874 4.166946477770645 55.75813334214117
    endloop
  endfacet
  facet normal -0.9659258262890683 -0.2588190451025209 9.260025394732225e-16
    outer loop
      vertex -5.927807063082327 2.3096298039941305 55.75813334214117
      vertex -6.066986593418196 2.8290548825811674 55.87802750844192
      vertex -6.380740392011739 4 55.75813334214117
    endloop
  endfacet
  facet normal -0.9659258262890682 -0.2588190451025209 0
    outer loop
      vertex -6.066986593418196 2.8290548825811674 55.87802750844192
      vertex -6.380740392011739 4 55.829509212352406
      vertex -6.380740392011739 4 55.75813334214117
    endloop
  endfacet
  facet normal -0.9386885047556031 -0.25152082679363613 -0.235798992213147
    outer loop
      vertex -4.752247396867815 2.2165989414902945 51.1776
      vertex -5.927807063082327 2.3096298039941305 55.75813334214117
      vertex -4.97191507227484 2.5673198383775633 51.677966480385194
    endloop
  endfacet
  facet normal -0.7071067811865475 -0.7071067811865476 -1.4516789817118804e-16
    outer loop
      vertex -5.4879424893470965 1.8697652302588996 56.925860225011185
      vertex -4.690370196005869 1.0721929369176726 55.75813334214117
      vertex -5.173556991871474 1.5553797327832775 57.48262619884306
    endloop
  endfacet
  facet normal -0.7071067811865474 -0.7071067811865477 -4.830253534377376e-17
    outer loop
      vertex -5.776496309558432 2.158319050470235 56.41484126897512
      vertex -5.927807063082327 2.3096298039941305 55.75813334214117
      vertex -4.690370196005869 1.0721929369176726 55.75813334214117
    endloop
  endfacet
  facet normal -0.7071067811865474 -0.7071067811865476 -1.3180291591880985e-16
    outer loop
      vertex -5.4879424893470965 1.8697652302588996 56.925860225011185
      vertex -5.776496309558432 2.158319050470235 56.41484126897512
      vertex -4.690370196005869 1.0721929369176726 55.75813334214117
    endloop
  endfacet
  facet normal -0.7032238205444398 -0.703223820544441 0.10465427099627324
    outer loop
      vertex -4.690370196005869 1.0721929369176726 57.56986665785882
      vertex -5.312685367641085 1.8407640903626563 58.55263295422341
      vertex -5.196825127540667 1.57864786845247 57.56986665785882
    endloop
  endfacet
  facet normal -0.7071067811865469 -0.7071067811865481 -3.1093852519323573e-15
    outer loop
      vertex -4.690370196005869 1.0721929369176726 57.56986665785882
      vertex -5.196825127540667 1.57864786845247 57.56986665785882
      vertex -5.173556991871474 1.5553797327832775 57.48262619884306
    endloop
  endfacet
  facet normal -0.9386885047556012 -0.251520826793643 -0.23579899221314704
    outer loop
      vertex -4.97191507227484 2.5673198383775633 51.677966480385194
      vertex -5.927807063082327 2.3096298039941305 55.75813334214117
      vertex -5.290427506175447 3.65517444135193 51.78554060915804
    endloop
  endfacet
  facet normal -0.5773502691896252 0.1875924740850796 -0.7946544722917667
    outer loop
      vertex -5.1034441853748636 4 49.64935834403957
      vertex -4.701722092687432 5.2363734711837 49.64935834403957
      vertex -4.412627367643668 4 49.14745054689653
    endloop
  endfacet
  facet normal -0.5773502691896255 0.18759247408507942 -0.7946544722917664
    outer loop
      vertex -4.412627367643668 4 49.14745054689653
      vertex -4.701722092687432 5.2363734711837 49.64935834403957
      vertex -4.193851442578802 4.867383845154049 49.193262083274696
    endloop
  endfacet
  facet normal -0.3568220897730873 0.4911234731884253 -0.7946544722917659
    outer loop
      vertex -4.193851442578802 4.867383845154049 49.193262083274696
      vertex -4.701722092687432 5.2363734711837 49.64935834403957
      vertex -4.158522043272551 5.231963639232872 49.40272089894259
    endloop
  endfacet
  facet normal -0.9086608545660261 0.2952418088443259 -0.2952418088443262
    outer loop
      vertex -5.6 4 51.1776
      vertex -5.1034441853748636 5.52824165596043 51.1776
      vertex -5.1034441853748636 4 49.64935834403957
    endloop
  endfacet
  facet normal -0.908660854566026 0.29524180884432594 0.2952418088443267
    outer loop
      vertex -5.6 4 51.1776
      vertex -5.295784096231736 4 52.113880278774474
      vertex -4.890361879014161 5.373428298423913 51.98821326388618
    endloop
  endfacet
  facet normal -0.9086608545660259 0.29524180884432605 -0.29524180884432644
    outer loop
      vertex -5.1034441853748636 4 49.64935834403957
      vertex -5.1034441853748636 5.52824165596043 51.1776
      vertex -4.701722092687432 5.2363734711837 49.64935834403957
    endloop
  endfacet
  facet normal -0.908660854566026 0.2952418088443258 0.2952418088443269
    outer loop
      vertex -5.6 4 51.1776
      vertex -4.890361879014161 5.373428298423913 51.98821326388618
      vertex -5.1034441853748636 5.52824165596043 51.1776
    endloop
  endfacet
  facet normal -0.6930780237775017 0.6523302931459491 0.3067703401582244
    outer loop
      vertex -5.1034441853748636 5.52824165596043 51.1776
      vertex -4.890361879014161 5.373428298423913 51.98821326388618
      vertex -4.867601265243473 5.415679977179323 51.94978983360868
    endloop
  endfacet
  facet normal -0.3568220897730884 0.4911234731884211 -0.7946544722917681
    outer loop
      vertex -4.701722092687432 5.2363734711837 49.64935834403957
      vertex -3.65 6.000494299163915 49.64935834403957
      vertex -4.158522043272551 5.231963639232872 49.40272089894259
    endloop
  endfacet
  facet normal -0.6930780237774934 0.6523302931459587 0.3067703401582233
    outer loop
      vertex -5.1034441853748636 5.52824165596043 51.1776
      vertex -4.867601265243473 5.415679977179323 51.94978983360868
      vertex -3.6167815923682802 6.699866200800795 52.044981732715655
    endloop
  endfacet
  facet normal -0.9283037641783641 0.24873824394236443 -0.27637186436529493
    outer loop
      vertex -5.295784096231736 4 52.113880278774474
      vertex -6.380740392011739 4 55.75813334214117
      vertex -4.890361879014161 5.373428298423913 51.98821326388618
    endloop
  endfacet
  facet normal -0.9283037641783639 0.24873824394236563 -0.27637186436529443
    outer loop
      vertex -6.380740392011739 4 55.75813334214117
      vertex -6.336007218113874 4.166946477770645 55.75813334214117
      vertex -4.890361879014161 5.373428298423913 51.98821326388618
    endloop
  endfacet
  facet normal -0.9283037641783625 0.24873824394237504 -0.2763718643652909
    outer loop
      vertex -6.317660905548528 4.209769642135201 55.73505142559457
      vertex -4.890361879014161 5.373428298423913 51.98821326388618
      vertex -6.336007218113874 4.166946477770645 55.75813334214117
    endloop
  endfacet
  facet normal -0.9283037641783645 0.24873824394236235 -0.27637186436529554
    outer loop
      vertex -6.317660905548528 4.209769642135201 55.73505142559457
      vertex -6.199047906548249 4.678085587103214 55.75813334214117
      vertex -4.890361879014161 5.373428298423913 51.98821326388618
    endloop
  endfacet
  facet normal -0.9283037641783639 0.24873824394236446 -0.276371864365295
    outer loop
      vertex -6.199047906548249 4.678085587103214 55.75813334214117
      vertex -5.927807063082327 5.690370196005869 55.75813334214117
      vertex -4.890361879014161 5.373428298423913 51.98821326388618
    endloop
  endfacet
  facet normal -0.9659258262890681 0.2588190451025212 -8.868592160201348e-14
    outer loop
      vertex -6.197851612586966 4.682550216947511 55.75830832197232
      vertex -5.927807063082327 5.690370196005869 55.75813334214117
      vertex -6.199047906548249 4.678085587103214 55.75813334214117
    endloop
  endfacet
  facet normal -0.9659258262890682 0.2588190451025212 3.3367050479897824e-16
    outer loop
      vertex -6.197851612586966 4.682550216947511 55.75830832197232
      vertex -6.009395465899306 5.3858781313845085 55.83791097128424
      vertex -5.927807063082327 5.690370196005869 55.75813334214117
    endloop
  endfacet
  facet normal -0.9659258262890681 0.2588190451025211 0
    outer loop
      vertex -6.009395465899306 5.3858781313845085 55.83791097128424
      vertex -5.927807063082327 5.690370196005869 56.058947496458906
      vertex -5.927807063082327 5.690370196005869 55.75813334214117
    endloop
  endfacet
  facet normal -0.7071067811865475 0.7071067811865475 0
    outer loop
      vertex -5.927807063082327 5.690370196005869 55.75813334214117
      vertex -5.927807063082327 5.690370196005869 56.058947496458906
      vertex -4.690370196005869 6.927807063082327 55.75813334214117
    endloop
  endfacet
  facet normal -0.9283037641783614 0.2487382439423741 -0.27637186436529515
    outer loop
      vertex -4.890361879014161 5.373428298423913 51.98821326388618
      vertex -5.927807063082327 5.690370196005869 55.75813334214117
      vertex -4.867601265243473 5.415679977179323 51.94978983360868
    endloop
  endfacet
  facet normal -0.6863394650736167 0.6863394650736168 -0.24057488930668416
    outer loop
      vertex -4.867601265243473 5.415679977179323 51.94978983360868
      vertex -5.927807063082327 5.690370196005869 55.75813334214117
      vertex -3.6167815923682802 6.699866200800795 52.044981732715655
    endloop
  endfacet
  facet normal -0.6863394650736167 0.6863394650736167 -0.24057488930668416
    outer loop
      vertex -5.927807063082327 5.690370196005869 55.75813334214117
      vertex -4.690370196005869 6.927807063082327 55.75813334214117
      vertex -3.6167815923682802 6.699866200800795 52.044981732715655
    endloop
  endfacet
  facet normal -0.7071067811865475 0.7071067811865475 0
    outer loop
      vertex -5.927807063082327 5.690370196005869 56.058947496458906
      vertex -5.429852580652839 6.188324678435357 56.18169060707379
      vertex -4.690370196005869 6.927807063082327 55.75813334214117
    endloop
  endfacet
  facet normal -0.7071067811865475 0.7071067811865475 0
    outer loop
      vertex -5.429852580652839 6.188324678435357 56.18169060707379
      vertex -4.690370196005869 6.927807063082327 57.56986665785882
      vertex -4.690370196005869 6.927807063082327 55.75813334214117
    endloop
  endfacet
  facet normal -0.7071067811865476 0.7071067811865476 0
    outer loop
      vertex -5.429852580652839 6.188324678435357 56.18169060707379
      vertex -4.950674947625165 6.667502311463031 57.34316600723332
      vertex -4.690370196005869 6.927807063082327 57.56986665785882
    endloop
  endfacet
  facet normal -0.7071067811865475 0.7071067811865475 0
    outer loop
      vertex -4.950674947625165 6.667502311463031 57.34316600723332
      vertex -4.949158171651881 6.6690190874363156 57.56986665785882
      vertex -4.690370196005869 6.927807063082327 57.56986665785882
    endloop
  endfacet
  facet normal -0.6736296090221263 0.6736296090221263 0.30404983094452515
    outer loop
      vertex -4.949158171651881 6.6690190874363156 57.56986665785882
      vertex -4.673105929972475 6.673051323239147 58.172533430063886
      vertex -4.690370196005869 6.927807063082327 57.56986665785882
    endloop
  endfacet
  facet normal -0.2588190451025209 0.9659258262890682 0
    outer loop
      vertex -4.690370196005869 6.927807063082327 55.75813334214117
      vertex -4.690370196005869 6.927807063082327 57.56986665785882
      vertex -3.8451850980029345 7.154273727547033 56.663999999999994
    endloop
  endfacet
  facet normal -0.3568220897730761 0.49112347318841565 -0.794654472291777
    outer loop
      vertex -4.158522043272551 5.231963639232872 49.40272089894259
      vertex -3.65 6.000494299163915 49.64935834403957
      vertex -3.5966561798842402 5.836318902183604 49.52393950097963
    endloop
  endfacet
  facet normal -0.15444551249222457 0.5676003427736254 -0.8086880947276751
    outer loop
      vertex -3.65 6.000494299163915 49.64935834403957
      vertex -3.0039828743914416 6.569758757682099 49.92553435948543
      vertex -3.5966561798842402 5.836318902183604 49.52393950097963
    endloop
  endfacet
  facet normal -0.2565218613377862 0.9573526197647572 -0.13293794072932638
    outer loop
      vertex -4.690370196005869 6.927807063082327 55.75813334214117
      vertex -2.560781207584667 7.174085311447086 53.42237424110762
      vertex -3.6167815923682802 6.699866200800795 52.044981732715655
    endloop
  endfacet
  facet normal 0.25874759806316505 0.9656591823081392 0.02349519356205894
    outer loop
      vertex -1.0830993407679432 6.942808451276212 54.458573221964265
      vertex -1.3096298039941305 6.927807063082327 57.56986665785882
      vertex -0.8475844192141102 6.876838262759787 54.57629083225298
    endloop
  endfacet
  facet normal 0.25874759806316494 0.9656591823081394 0.023495193562058925
    outer loop
      vertex -0.8475844192141102 6.876838262759787 54.57629083225298
      vertex -1.3096298039941305 6.927807063082327 57.56986665785882
      vertex -0.4030619125281181 6.755383281635285 54.67269296930865
    endloop
  endfacet
  facet normal 0.2587475980631771 0.9656591823081359 0.023495193562063386
    outer loop
      vertex -1.3096298039941305 6.927807063082327 57.56986665785882
      vertex -0.3730180593194654 6.747271981807966 54.67520311268106
      vertex -0.4030619125281181 6.755383281635285 54.67269296930865
    endloop
  endfacet
  facet normal 0.6953464491553105 0.6953464491553121 0.18162222136677073
    outer loop
      vertex -0.9603735756595044 6.582825332694587 57.553501606562115
      vertex -0.3730180593194654 6.747271981807966 54.67520311268106
      vertex -1.3096298039941305 6.927807063082327 57.56986665785882
    endloop
  endfacet
  facet normal -0.7032238205444401 -0.7032238205444408 0.10465427099627259
    outer loop
      vertex -5.312685367641085 1.8407640903626563 58.55263295422341
      vertex -2.320935362900806 0.6667967001559914 70.76721362009148
      vertex -5.439954994241912 2.0874263004909084 59.35489078788428
    endloop
  endfacet
  facet normal -0.9409824762324119 -0.25213549459831464 0.2257867839072557
    outer loop
      vertex -5.439954994241912 2.0874263004909084 59.35489078788428
      vertex -2.320935362900806 0.6667967001559914 70.76721362009148
      vertex -5.342741626561279 2.285122795777131 59.980801554744794
    endloop
  endfacet
  facet normal -0.9409824762324126 -0.2521354945983117 0.22578678390725615
    outer loop
      vertex -2.5739394615855566 1.9469006748869258 71.1422897165007
      vertex -5.435342609496246 3.1661699981950107 60.57874341646973
      vertex -5.342741626561279 2.285122795777131 59.980801554744794
    endloop
  endfacet
  facet normal -0.9409824762324118 -0.2521354945983145 0.2257867839072556
    outer loop
      vertex -2.5739394615855566 1.9469006748869258 71.1422897165007
      vertex -5.473757081379822 3.51084208053434 60.80354276123359
      vertex -5.435342609496246 3.1661699981950107 60.57874341646973
    endloop
  endfacet
  facet normal -0.9225915681088327 0.24720766561852237 0.2961640905206536
    outer loop
      vertex -2.5739394615855566 1.9469006748869258 71.1422897165007
      vertex -5.362974731293049 3.7868749310016026 60.91824074986408
      vertex -5.473757081379822 3.51084208053434 60.80354276123359
    endloop
  endfacet
  facet normal -0.9225915681088316 0.24720766561852606 0.29616409052065407
    outer loop
      vertex -5.362974731293049 3.7868749310016026 60.91824074986408
      vertex -2.4054547885544713 2.617692340654211 71.10723380172593
      vertex -5.234699508449736 4.251843595155992 60.929727020651235
    endloop
  endfacet
  facet normal -0.9225915681088321 0.2472076656185245 0.29616409052065396
    outer loop
      vertex -5.234699508449736 4.251843595155992 60.929727020651235
      vertex -2.4054547885544713 2.617692340654211 71.10723380172593
      vertex -5.153458203849885 4.699205771204095 60.80939232187584
    endloop
  endfacet
  facet normal -0.6736296090221285 0.6736296090221232 0.30404983094452726
    outer loop
      vertex -5.108832723272212 5.156805422584468 60.566449129892845
      vertex -1.500375131417538 4.000375131417538 71.12317120305764
      vertex -4.901847025239478 5.4862559294284585 60.29512544251495
    endloop
  endfacet
  facet normal -0.9225915681088311 0.2472076656185269 0.2961640905206542
    outer loop
      vertex -5.153458203849885 4.699205771204095 60.80939232187584
      vertex -2.4054547885544713 2.617692340654211 71.10723380172593
      vertex -5.108832723272212 5.156805422584468 60.566449129892845
    endloop
  endfacet
  facet normal -0.940982476232412 -0.2521354945983137 0.22578678390725587
    outer loop
      vertex -2.405765446040102 1 70.78576544604009
      vertex -2.5739394615855566 1.9469006748869258 71.1422897165007
      vertex -5.342741626561279 2.285122795777131 59.980801554744794
    endloop
  endfacet
  facet normal -0.9409824762324122 -0.252135494598313 0.225786783907256
    outer loop
      vertex -2.320935362900806 0.6667967001559914 70.76721362009148
      vertex -2.405765446040102 1 70.78576544604009
      vertex -5.342741626561279 2.285122795777131 59.980801554744794
    endloop
  endfacet
  facet normal -0.9225915681088316 0.24720766561852595 0.29616409052065407
    outer loop
      vertex -2.5739394615855566 1.9469006748869258 71.1422897165007
      vertex -2.4054547885544713 2.617692340654211 71.10723380172593
      vertex -5.362974731293049 3.7868749310016026 60.91824074986408
    endloop
  endfacet
  facet normal -0.9225915681088318 0.24720766561852545 0.29616409052065396
    outer loop
      vertex -5.108832723272212 5.156805422584468 60.566449129892845
      vertex -2.4054547885544713 2.617692340654211 71.10723380172593
      vertex -2.3002041931159285 2.915373732591813 71.1866296185845
    endloop
  endfacet
  facet normal -0.9225915681088327 0.24720766561852245 0.29616409052065346
    outer loop
      vertex -5.108832723272212 5.156805422584468 60.566449129892845
      vertex -2.3002041931159285 2.915373732591813 71.1866296185845
      vertex -2.181922039000314 3.2499124222002282 71.27585579546903
    endloop
  endfacet
  facet normal -0.6736296090221263 0.6736296090221257 0.30404983094452687
    outer loop
      vertex -5.108832723272212 5.156805422584468 60.566449129892845
      vertex -2.181922039000314 3.2499124222002282 71.27585579546903
      vertex -1.500375131417538 4.000375131417538 71.12317120305764
    endloop
  endfacet
  facet normal -0.6736296090221261 0.673629609022126 0.3040498309445269
    outer loop
      vertex -4.901847025239478 5.4862559294284585 60.29512544251495
      vertex -1.2384776847849783 4.238222252485562 71.17645526954294
      vertex -4.534012622257408 6.19642881519954 59.53666641756498
    endloop
  endfacet
  facet normal -0.2506976327459156 0.9356163027449995 0.24854140695942686
    outer loop
      vertex -4.690370196005869 6.927807063082327 57.56986665785882
      vertex -2.0348450043125395 6.509415961469638 61.82343320751432
      vertex -3 7.380740392011739 57.56986665785882
    endloop
  endfacet
  facet normal -0.25069763274591594 0.9356163027449993 0.24854140695942709
    outer loop
      vertex -4.690370196005869 6.927807063082327 57.56986665785882
      vertex -2.894761094485006 6.010231767141988 62.83519999999999
      vertex -2.0348450043125395 6.509415961469638 61.82343320751432
    endloop
  endfacet
  facet normal -0.673629609022122 0.6736296090221302 0.3040498309445266
    outer loop
      vertex -4.673105929972475 6.673051323239147 58.172533430063886
      vertex -1.2384776847849783 4.238222252485562 71.17645526954294
      vertex -4.690370196005869 6.927807063082327 57.56986665785882
    endloop
  endfacet
  facet normal -0.6736296090221261 0.6736296090221261 0.3040498309445269
    outer loop
      vertex -4.673105929972475 6.673051323239147 58.172533430063886
      vertex -4.534012622257408 6.19642881519954 59.53666641756498
      vertex -1.2384776847849783 4.238222252485562 71.17645526954294
    endloop
  endfacet
  facet normal -0.25069763274591456 0.9356163027449997 0.24854140695942673
    outer loop
      vertex -4.690370196005869 6.927807063082327 57.56986665785882
      vertex -1.2384776847849783 4.238222252485562 71.17645526954294
      vertex -2.894761094485006 6.010231767141988 62.83519999999999
    endloop
  endfacet
  facet normal 0.25634954252946085 0.9567095172169864 0.13781078227546972
    outer loop
      vertex -3 7.380740392011739 57.56986665785882
      vertex -0.7021941606111982 6.2978058393888015 60.81353387959411
      vertex -1.3096298039941305 6.927807063082327 57.56986665785882
    endloop
  endfacet
  facet normal 0.2563495425294612 0.9567095172169864 0.1378107822754695
    outer loop
      vertex -3 7.380740392011739 57.56986665785882
      vertex -2.0348450043125395 6.509415961469638 61.82343320751432
      vertex -0.7021941606111982 6.2978058393888015 60.81353387959411
    endloop
  endfacet
  facet normal 0.7027397282155498 0.7114470285183118 0
    outer loop
      vertex -0.9603735756595044 6.582825332694587 57.553501606562115
      vertex -1.3096298039941305 6.927807063082327 57.56986665785882
      vertex -0.3104969540046286 5.940902459776674 60.89422331071556
    endloop
  endfacet
  facet normal 0.25634954252943276 0.9567095172169928 0.13781078227547633
    outer loop
      vertex -1.3096298039941305 6.927807063082327 57.56986665785882
      vertex -0.7021941606111982 6.2978058393888015 60.81353387959411
      vertex -0.6635088400398318 6.2895938828976465 60.79858216633197
    endloop
  endfacet
  facet normal 0.7027397282155496 0.7114470285183118 7.32727375327155e-17
    outer loop
      vertex -1.3096298039941305 6.927807063082327 57.56986665785882
      vertex -0.6635088400398318 6.2895938828976465 60.79858216633197
      vertex -0.3104969540046286 5.940902459776674 60.89422331071556
    endloop
  endfacet
  facet normal -0.6736296090221264 0.6736296090221255 0.30404983094452676
    outer loop
      vertex -4.901847025239478 5.4862559294284585 60.29512544251495
      vertex -1.500375131417538 4.000375131417538 71.12317120305764
      vertex -1.2384776847849783 4.238222252485562 71.17645526954294
    endloop
  endfacet
  facet normal 0.25634954252946324 0.9567095172169859 0.13781078227546875
    outer loop
      vertex -1.66051570706936 6.171478259014584 63.47315225204512
      vertex 0.010800358857175937 4.662644417915268 70.83886464403592
      vertex -1.0310309758762226 5.968969024123777 63.70807138492551
    endloop
  endfacet
  facet normal -0.2506976327459187 0.9356163027449985 0.24854140695942722
    outer loop
      vertex -2.894761094485006 6.010231767141988 62.83519999999999
      vertex -1.2384776847849783 4.238222252485562 71.17645526954294
      vertex -0.014464527340022352 4.6562408016372405 70.83748652608296
    endloop
  endfacet
  facet normal -0.2506976327459032 0.9356163027450036 0.24854140695942414
    outer loop
      vertex -1.66051570706936 6.171478259014584 63.47315225204512
      vertex -0.014464527340022352 4.6562408016372405 70.83748652608296
      vertex 0.010800358857175937 4.662644417915268 70.83886464403592
    endloop
  endfacet
  facet normal -0.2506976327459166 0.9356163027449992 0.2485414069594266
    outer loop
      vertex -2.894761094485006 6.010231767141988 62.83519999999999
      vertex -0.014464527340022352 4.6562408016372405 70.83748652608296
      vertex -1.66051570706936 6.171478259014584 63.47315225204512
    endloop
  endfacet
  facet normal -0.2588190451025209 0.9659258262890682 0
    outer loop
      vertex -4.690370196005869 6.927807063082327 55.75813334214117
      vertex -3.8451850980029345 7.154273727547033 56.663999999999994
      vertex -3 7.380740392011739 55.75813334214117
    endloop
  endfacet
  facet normal -0.2588190451025209 0.9659258262890682 0
    outer loop
      vertex -4.690370196005869 6.927807063082327 57.56986665785882
      vertex -3 7.380740392011739 57.56986665785882
      vertex -3.8451850980029345 7.154273727547033 56.663999999999994
    endloop
  endfacet
  facet normal -0.5673073281441434 0.7685095179547136 -0.29589781385972924
    outer loop
      vertex -4.701722092687432 5.2363734711837 49.64935834403957
      vertex -5.1034441853748636 5.52824165596043 51.1776
      vertex 3.3850420583623335 12.555500661449146 53.15441413153487
    endloop
  endfacet
  facet normal -0.5576380079310052 0.7675228722837968 -0.3161463152275715
    outer loop
      vertex -4.701722092687432 5.2363734711837 49.64935834403957
      vertex 3.3850420583623335 12.555500661449146 53.15441413153487
      vertex -3.65 6.000494299163915 49.64935834403957
    endloop
  endfacet
  facet normal -0.15444551249223945 0.5676003427736371 -0.8086880947276639
    outer loop
      vertex -3.65 6.000494299163915 49.64935834403957
      vertex 3.4856494487836582 12.503602002635423 52.85095997807112
      vertex -3.0039828743914416 6.569758757682099 49.92553435948543
    endloop
  endfacet
  facet normal -0.2565218613377865 0.957352619764757 -0.13293794072932666
    outer loop
      vertex -4.690370196005869 6.927807063082327 55.75813334214117
      vertex -3 7.380740392011739 55.75813334214117
      vertex -2.560781207584667 7.174085311447086 53.42237424110762
    endloop
  endfacet
  facet normal -0.2565218613377865 0.957352619764757 -0.13293794072932666
    outer loop
      vertex -3 7.380740392011739 55.75813334214117
      vertex -2.327843818406351 7.253621070209383 53.54566661557165
      vertex -2.560781207584667 7.174085311447086 53.42237424110762
    endloop
  endfacet
  facet normal 0.18582764846735508 0.9825823553601465 4.988502551724004e-16
    outer loop
      vertex -3 7.380740392011739 55.75813334214117
      vertex -1.8606436364105738 7.165263376108542 53.87854301737092
      vertex -2.327843818406351 7.253621070209383 53.54566661557165
    endloop
  endfacet
  facet normal -0.2588190451025209 0.9659258262890682 0
    outer loop
      vertex -3.8451850980029345 7.154273727547033 56.663999999999994
      vertex -3 7.380740392011739 56.663999999999994
      vertex -3 7.380740392011739 55.75813334214117
    endloop
  endfacet
  facet normal -0.2588190451025209 0.9659258262890682 0
    outer loop
      vertex -3.8451850980029345 7.154273727547033 56.663999999999994
      vertex -3 7.380740392011739 57.56986665785882
      vertex -3 7.380740392011739 56.663999999999994
    endloop
  endfacet
  facet normal 0.18582764846735428 0.9825823553601465 0
    outer loop
      vertex -3 7.380740392011739 55.75813334214117
      vertex -3 7.380740392011739 56.663999999999994
      vertex -1.8606436364105738 7.165263376108542 53.87854301737092
    endloop
  endfacet
  facet normal 0.18582764846735428 0.9825823553601465 0
    outer loop
      vertex -3 7.380740392011739 56.663999999999994
      vertex -3 7.380740392011739 57.56986665785882
      vertex -1.8606436364105738 7.165263376108542 53.87854301737092
    endloop
  endfacet
  facet normal 0.25874759806316383 0.9656591823081396 0.023495193562058547
    outer loop
      vertex -3 7.380740392011739 57.56986665785882
      vertex -1.0830993407679432 6.942808451276212 54.458573221964265
      vertex -1.8606436364105738 7.165263376108542 53.87854301737092
    endloop
  endfacet
  facet normal -0.6930780237774947 0.652330293145953 0.3067703401582321
    outer loop
      vertex -5.1034441853748636 5.52824165596043 51.1776
      vertex -3.6167815923682802 6.699866200800795 52.044981732715655
      vertex 2.682833419726127 12.08083432853042 54.83519999999999
    endloop
  endfacet
  facet normal 0.25874759806316433 0.9656591823081394 0.023495193562058894
    outer loop
      vertex -3 7.380740392011739 57.56986665785882
      vertex -1.3096298039941305 6.927807063082327 57.56986665785882
      vertex -1.0830993407679432 6.942808451276212 54.458573221964265
    endloop
  endfacet
  facet normal -0.6930780237774943 0.6523302931459585 0.3067703401582219
    outer loop
      vertex -3.6167815923682802 6.699866200800795 52.044981732715655
      vertex -2.560781207584667 7.174085311447086 53.42237424110762
      vertex 2.682833419726127 12.08083432853042 54.83519999999999
    endloop
  endfacet
  facet normal -0.5218469620118413 0.2784131950291543 0.8063261381554425
    outer loop
      vertex -2.560781207584667 7.174085311447086 53.42237424110762
      vertex -2.327843818406351 7.253621070209383 53.54566661557165
      vertex 2.4781005714852578 11.73465069320566 55.10879305469141
    endloop
  endfacet
  facet normal -0.5218469620118309 0.278413195029139 0.8063261381554547
    outer loop
      vertex -2.327843818406351 7.253621070209383 53.54566661557165
      vertex -1.8606436364105738 7.165263376108542 53.87854301737092
      vertex 2.4781005714852578 11.73465069320566 55.10879305469141
    endloop
  endfacet
  facet normal 0.08553531487990051 -0.759146916337955 0.6452748788872618
    outer loop
      vertex 1.2016130433640957 -5.264610725781848 7.8
      vertex 0 -10.5 1.8
      vertex 2.336469806541297 -10.23674307790915 1.8
    endloop
  endfacet
  facet normal -0.08553531487990094 -0.759146916337955 0.6452748788872616
    outer loop
      vertex -1.2016130433640957 -5.264610725781848 7.8
      vertex 0 -10.5 1.8
      vertex 0 -5.4 7.8
    endloop
  endfacet
  facet normal 0.08553531487990096 -0.7591469163379551 0.6452748788872616
    outer loop
      vertex 0 -5.4 7.8
      vertex 0 -10.5 1.8
      vertex 1.2016130433640957 -5.264610725781848 7.8
    endloop
  endfacet
  facet normal 0.25231684678725425 -0.721080120031309 0.6452748788872616
    outer loop
      vertex 1.2016130433640957 -5.264610725781848 7.8
      vertex 2.336469806541297 -10.23674307790915 1.8
      vertex 2.3429721912348147 -4.8652318866730635 7.8
    endloop
  endfacet
  facet normal -0.11196447610330777 -0.9937122098932426 0
    outer loop
      vertex -1.2016130433640957 -5.264610725781848 7.8
      vertex 0 -5.4 7.8
      vertex 0 -5.4 15.8
    endloop
  endfacet
  facet normal 0.11196447610330777 -0.9937122098932426 0
    outer loop
      vertex 0 -5.4 7.8
      vertex 1.2016130433640957 -5.264610725781848 7.8
      vertex 1.2016130433640957 -5.264610725781848 15.8
    endloop
  endfacet
  facet normal 0.3302790619551667 -0.9438833303083677 0
    outer loop
      vertex 1.2016130433640957 -5.264610725781848 7.8
      vertex 2.3429721912348147 -4.8652318866730635 7.8
      vertex 2.3429721912348147 -4.8652318866730635 15.8
    endloop
  endfacet
  facet normal 0.252316846787256 -0.7210801200313098 0.64527487888726
    outer loop
      vertex 4.321985038004605 -8.974694407082062 2.433930248919438
      vertex 4.122742262918833 -8.821810048598927 2.68268343236509
      vertex 2.336469806541297 -10.23674307790915 1.8
    endloop
  endfacet
  facet normal 0.25231684678725413 -0.7210801200313087 0.645274878887262
    outer loop
      vertex 4.122742262918833 -8.821810048598927 2.68268343236509
      vertex 4.093157098845515 -8.499528295284659 3.054394479117806
      vertex 2.336469806541297 -10.23674307790915 1.8
    endloop
  endfacet
  facet normal 0.25231684678725436 -0.7210801200313084 0.6452748788872623
    outer loop
      vertex 4.321985038004605 -8.974694407082062 2.433930248919438
      vertex 2.336469806541297 -10.23674307790915 1.8
      vertex 4.555779260734362 -9.4601731129754 1.8
    endloop
  endfacet
  facet normal 0.4064461584132911 -0.6468553555379335 0.6452748788872626
    outer loop
      vertex 4.321985038004605 -8.974694407082062 2.433930248919438
      vertex 4.555779260734362 -9.4601731129754 1.8
      vertex 4.510882381605666 -9.11964043678469 2.1696464207432804
    endloop
  endfacet
  facet normal -0.6087614290087217 -0.7933533402912343 0
    outer loop
      vertex 4.321985038004605 -8.974694407082062 2.433930248919438
      vertex 4.510882381605666 -9.11964043678469 2.1696464207432804
      vertex 4.510882381605666 -9.11964043678469 2.68268343236509
    endloop
  endfacet
  facet normal -0.608761429008721 -0.7933533402912349 -9.977868333164193e-16
    outer loop
      vertex 4.321985038004605 -8.974694407082062 2.433930248919438
      vertex 4.510882381605666 -9.11964043678469 2.68268343236509
      vertex 4.122742262918833 -8.821810048598927 2.68268343236509
    endloop
  endfacet
  facet normal -0.5128814148246882 -0.6684000730582289 0.5386965719801642
    outer loop
      vertex 4.510882381605666 -9.11964043678469 2.68268343236509
      vertex 4.093157098845515 -8.499528295284659 3.054394479117806
      vertex 4.122742262918833 -8.821810048598927 2.68268343236509
    endloop
  endfacet
  facet normal 0.2523168467872546 -0.7210801200313088 0.6452748788872618
    outer loop
      vertex 2.3429721912348147 -4.8652318866730635 7.8
      vertex 2.336469806541297 -10.23674307790915 1.8
      vertex 4.093157098845515 -8.499528295284659 3.054394479117806
    endloop
  endfacet
  facet normal -0.5128814148246856 -0.6684000730582289 0.5386965719801668
    outer loop
      vertex 4.510882381605666 -9.11964043678469 2.68268343236509
      vertex 4.050313506069019 -8.215138359643708 3.3664673231347972
      vertex 4.093157098845515 -8.499528295284659 3.054394479117806
    endloop
  endfacet
  facet normal -0.25344090841271033 -0.6621655774602211 0.7051981664537366
    outer loop
      vertex 4.510882381605666 -9.11964043678469 2.68268343236509
      vertex 4.650954239458713 -8.596885146566553 3.223879532511287
      vertex 4.050313506069019 -8.215138359643708 3.3664673231347972
    endloop
  endfacet
  facet normal -0.25344090841271033 -0.6621655774602212 0.7051981664537367
    outer loop
      vertex 4.050313506069019 -8.215138359643708 3.3664673231347972
      vertex 4.650954239458713 -8.596885146566553 3.223879532511287
      vertex 4.091370151895997 -7.575225094289662 3.982087146248541
    endloop
  endfacet
  facet normal 0.07472187419675469 -0.5675689832405297 0.819928100981931
    outer loop
      vertex 4.091370151895997 -7.575225094289662 3.982087146248541
      vertex 4.941341716182545 -8.558654909987759 3.223879532511287
      vertex 4.232279058663951 -7.330522361415743 4.138633437972162
    endloop
  endfacet
  facet normal 0.4064461584132993 -0.6468553555379303 0.6452748788872607
    outer loop
      vertex 4.510882381605666 -9.11964043678469 2.1696464207432804
      vertex 4.555779260734362 -9.4601731129754 1.8
      vertex 5.017664804510474 -9.052921265075879 1.9173165676349102
    endloop
  endfacet
  facet normal 0.13052619222005354 -0.9914448613738102 0
    outer loop
      vertex 4.510882381605666 -9.11964043678469 2.1696464207432804
      vertex 5.211939766255643 -9.027344481143432 1.9173165676349102
      vertex 4.510882381605666 -9.11964043678469 2.68268343236509
    endloop
  endfacet
  facet normal 0.40644615841329473 -0.6468553555379268 0.645274878887267
    outer loop
      vertex 5.017664804510474 -9.052921265075879 1.9173165676349102
      vertex 4.555779260734362 -9.4601731129754 1.8
      vertex 5.189785217629816 -8.988971677304745 1.8730074703832564
    endloop
  endfacet
  facet normal 0.13052619222005024 -0.9914448613738106 -9.402604071298367e-15
    outer loop
      vertex 4.510882381605666 -9.11964043678469 2.1696464207432804
      vertex 5.017664804510474 -9.052921265075879 1.9173165676349102
      vertex 5.211939766255643 -9.027344481143432 1.9173165676349102
    endloop
  endfacet
  facet normal 0.0958727353983431 -0.7282257242001825 -0.6785983445458434
    outer loop
      vertex 5.017664804510474 -9.052921265075879 1.9173165676349102
      vertex 5.189785217629816 -8.988971677304745 1.8730074703832564
      vertex 5.211939766255643 -9.027344481143432 1.9173165676349102
    endloop
  endfacet
  facet normal 0.5827256091475039 -0.4471410864853599 -0.6785983445458457
    outer loop
      vertex 5.189785217629816 -8.988971677304745 1.8730074703832564
      vertex 5.354918862144251 -8.841010495595503 1.9173165676349102
      vertex 5.211939766255643 -9.027344481143432 1.9173165676349102
    endloop
  endfacet
  facet normal 0.13052619222005357 -0.9914448613738103 0
    outer loop
      vertex 4.510882381605666 -9.11964043678469 2.68268343236509
      vertex 5.211939766255643 -9.027344481143432 1.9173165676349102
      vertex 5.211939766255643 -9.027344481143432 2.68268343236509
    endloop
  endfacet
  facet normal 0.09587273539834505 -0.7282257242001784 0.6785983445458474
    outer loop
      vertex 4.510882381605666 -9.11964043678469 2.68268343236509
      vertex 5.211939766255643 -9.027344481143432 2.68268343236509
      vertex 4.650954239458713 -8.596885146566553 3.223879532511287
    endloop
  endfacet
  facet normal 0.4064461584132965 -0.6468553555379287 0.645274878887264
    outer loop
      vertex 5.189785217629816 -8.988971677304745 1.8730074703832564
      vertex 4.555779260734362 -9.4601731129754 1.8
      vertex 6.5466429195167 -8.209230565914314 1.8
    endloop
  endfacet
  facet normal 0.7933533402912346 -0.6087614290087214 -1.2152214920992227e-15
    outer loop
      vertex 5.211939766255643 -9.027344481143432 1.9173165676349102
      vertex 5.354918862144251 -8.841010495595503 1.9173165676349102
      vertex 5.642399100832523 -8.466358954346502 2.111807506906075
    endloop
  endfacet
  facet normal 0.40644615841329673 -0.6468553555379292 0.6452748788872634
    outer loop
      vertex 5.189785217629816 -8.988971677304745 1.8730074703832564
      vertex 6.5466429195167 -8.209230565914314 1.8
      vertex 5.354918862144251 -8.841010495595503 1.9173165676349102
    endloop
  endfacet
  facet normal 0.7933533402912344 -0.6087614290087217 0
    outer loop
      vertex 5.211939766255643 -9.027344481143432 1.9173165676349102
      vertex 5.642399100832523 -8.466358954346502 2.68268343236509
      vertex 5.211939766255643 -9.027344481143432 2.68268343236509
    endloop
  endfacet
  facet normal 0.7933533402912343 -0.6087614290087217 0
    outer loop
      vertex 5.211939766255643 -9.027344481143432 1.9173165676349102
      vertex 5.642399100832523 -8.466358954346502 2.111807506906075
      vertex 5.642399100832523 -8.466358954346502 2.68268343236509
    endloop
  endfacet
  facet normal 0.582725609147503 -0.44714108648535966 0.6785983445458466
    outer loop
      vertex 5.211939766255643 -9.027344481143432 2.68268343236509
      vertex 5.642399100832523 -8.466358954346502 2.68268343236509
      vertex 5.119643810614386 -8.326287096493456 3.223879532511287
    endloop
  endfacet
  facet normal 0.9914448613738104 0.13052619222005193 0
    outer loop
      vertex 5.642399100832523 -8.466358954346502 2.111807506906075
      vertex 5.573153665485208 -7.940387654019691 2.68268343236509
      vertex 5.642399100832523 -8.466358954346502 2.68268343236509
    endloop
  endfacet
  facet normal 0.4064461584132975 -0.6468553555379313 0.6452748788872609
    outer loop
      vertex 5.354918862144251 -8.841010495595503 1.9173165676349102
      vertex 6.5466429195167 -8.209230565914314 1.8
      vertex 5.642399100832523 -8.466358954346502 2.111807506906075
    endloop
  endfacet
  facet normal 0.4064461584132976 -0.6468553555379303 0.6452748788872618
    outer loop
      vertex 5.642399100832523 -8.466358954346502 2.111807506906075
      vertex 6.5466429195167 -8.209230565914314 1.8
      vertex 5.573153665485208 -7.940387654019691 2.68268343236509
    endloop
  endfacet
  facet normal 0.07472187419675465 -0.5675689832405297 0.8199281009819311
    outer loop
      vertex 4.091370151895997 -7.575225094289662 3.982087146248541
      vertex 4.650954239458713 -8.596885146566553 3.223879532511287
      vertex 4.941341716182545 -8.558654909987759 3.223879532511287
    endloop
  endfacet
  facet normal 0.0958727353983437 -0.728225724200179 0.6785983445458468
    outer loop
      vertex 5.211939766255643 -9.027344481143432 2.68268343236509
      vertex 4.941341716182545 -8.558654909987759 3.223879532511287
      vertex 4.650954239458713 -8.596885146566553 3.223879532511287
    endloop
  endfacet
  facet normal 0.5827256091475019 -0.4471410864853602 0.6785983445458471
    outer loop
      vertex 5.211939766255643 -9.027344481143432 2.68268343236509
      vertex 5.119643810614386 -8.326287096493456 3.223879532511287
      vertex 4.941341716182545 -8.558654909987759 3.223879532511287
    endloop
  endfacet
  facet normal 0.45416822078802477 -0.34849553289304047 0.8199281009819311
    outer loop
      vertex 4.232279058663951 -7.330522361415743 4.138633437972162
      vertex 4.941341716182545 -8.558654909987759 3.223879532511287
      vertex 5.119643810614386 -8.326287096493456 3.223879532511287
    endloop
  endfacet
  facet normal 0.7001726657984997 -0.1115965236864974 0.7051981664537361
    outer loop
      vertex 5.119643810614386 -8.326287096493456 3.223879532511287
      vertex 5.032631111435702 -7.527936029489765 3.4366099740206266
      vertex 4.493564861652605 -7.2961460849296955 4.008515041810503
    endloop
  endfacet
  facet normal 0.4541682207880252 -0.34849553289303975 0.819928100981931
    outer loop
      vertex 4.232279058663951 -7.330522361415743 4.138633437972162
      vertex 5.119643810614386 -8.326287096493456 3.223879532511287
      vertex 4.493564861652605 -7.2961460849296955 4.008515041810503
    endloop
  endfacet
  facet normal 0.7001726657985 -0.11159652368649729 0.7051981664537359
    outer loop
      vertex 5.119643810614386 -8.326287096493456 3.223879532511287
      vertex 5.642399100832523 -8.466358954346502 2.68268343236509
      vertex 5.032631111435702 -7.527936029489765 3.4366099740206266
    endloop
  endfacet
  facet normal 0.8352921505721447 0.10996829783797026 0.5386965719801649
    outer loop
      vertex 5.032631111435702 -7.527936029489765 3.4366099740206266
      vertex 5.642399100832523 -8.466358954346502 2.68268343236509
      vertex 5.573153665485208 -7.940387654019691 2.68268343236509
    endloop
  endfacet
  facet normal 0.40644615841328957 -0.6468553555379347 0.6452748788872625
    outer loop
      vertex 2.3429721912348147 -4.8652318866730635 7.8
      vertex 4.093157098845515 -8.499528295284659 3.054394479117806
      vertex 4.050313506069019 -8.215138359643708 3.3664673231347972
    endloop
  endfacet
  facet normal 0.4064461584132983 -0.6468553555379299 0.6452748788872616
    outer loop
      vertex 2.3429721912348147 -4.8652318866730635 7.8
      vertex 4.050313506069019 -8.215138359643708 3.3664673231347972
      vertex 4.091370151895997 -7.575225094289662 3.982087146248541
    endloop
  endfacet
  facet normal 0.406446158413298 -0.64685535553793 0.6452748788872616
    outer loop
      vertex 4.091370151895997 -7.575225094289662 3.982087146248541
      vertex 4.232279058663951 -7.330522361415743 4.138633437972162
      vertex 3.3668449300371606 -4.221890005327362 7.8
    endloop
  endfacet
  facet normal 0.40644615841329645 -0.6468553555379309 0.6452748788872619
    outer loop
      vertex 4.232279058663951 -7.330522361415743 4.138633437972162
      vertex 4.493564861652605 -7.2961460849296955 4.008515041810503
      vertex 3.3668449300371606 -4.221890005327362 7.8
    endloop
  endfacet
  facet normal 0.4064461584132977 -0.6468553555379303 0.6452748788872619
    outer loop
      vertex 5.032631111435702 -7.527936029489765 3.4366099740206266
      vertex 3.3668449300371606 -4.221890005327362 7.8
      vertex 4.493564861652605 -7.2961460849296955 4.008515041810503
    endloop
  endfacet
  facet normal 0.40644615841329745 -0.6468553555379306 0.6452748788872616
    outer loop
      vertex 5.573153665485208 -7.940387654019691 2.68268343236509
      vertex 6.5466429195167 -8.209230565914314 1.8
      vertex 3.3668449300371606 -4.221890005327362 7.8
    endloop
  endfacet
  facet normal 0.40644615841329856 -0.6468553555379298 0.6452748788872616
    outer loop
      vertex 5.032631111435702 -7.527936029489765 3.4366099740206266
      vertex 5.573153665485208 -7.940387654019691 2.68268343236509
      vertex 3.3668449300371606 -4.221890005327362 7.8
    endloop
  endfacet
  facet normal 0.5401945624851429 -0.5401945624851429 0.6452748788872616
    outer loop
      vertex 3.3668449300371606 -4.221890005327362 7.8
      vertex 6.5466429195167 -8.209230565914314 1.8
      vertex 4.221890005327362 -3.3668449300371606 7.8
    endloop
  endfacet
  facet normal 0.40644615841329745 -0.6468553555379305 0.6452748788872619
    outer loop
      vertex 2.3429721912348147 -4.8652318866730635 7.8
      vertex 4.091370151895997 -7.575225094289662 3.982087146248541
      vertex 3.3668449300371606 -4.221890005327362 7.8
    endloop
  endfacet
  facet normal 0.11196447610330777 -0.9937122098932426 0
    outer loop
      vertex 0 -5.4 7.8
      vertex 1.2016130433640957 -5.264610725781848 15.8
      vertex 0 -5.4 15.8
    endloop
  endfacet
  facet normal 0.3302790619551667 -0.9438833303083677 0
    outer loop
      vertex 1.2016130433640957 -5.264610725781848 7.8
      vertex 2.3429721912348147 -4.8652318866730635 15.8
      vertex 1.2016130433640957 -5.264610725781848 15.8
    endloop
  endfacet
  facet normal 0.5320320765153367 -0.8467241992282841 0
    outer loop
      vertex 2.3429721912348147 -4.8652318866730635 7.8
      vertex 3.3668449300371606 -4.221890005327362 15.8
      vertex 2.3429721912348147 -4.8652318866730635 15.8
    endloop
  endfacet
  facet normal 0.6468553555379306 -0.4064461584132973 0.6452748788872618
    outer loop
      vertex 4.221890005327362 -3.3668449300371606 7.8
      vertex 9.4601731129754 -4.555779260734362 1.8
      vertex 4.456044721986552 -3.129352181465551 7.714863852623161
    endloop
  endfacet
  facet normal 0.5320320765153367 -0.8467241992282841 0
    outer loop
      vertex 2.3429721912348147 -4.8652318866730635 7.8
      vertex 3.3668449300371606 -4.221890005327362 7.8
      vertex 3.3668449300371606 -4.221890005327362 15.8
    endloop
  endfacet
  facet normal 0.7071067811865476 -0.7071067811865476 0
    outer loop
      vertex 3.3668449300371606 -4.221890005327362 7.8
      vertex 4.221890005327362 -3.3668449300371606 7.8
      vertex 4.221890005327362 -3.3668449300371606 15.8
    endloop
  endfacet
  facet normal -0.10984327462950998 -0.9748860261114196 0.19373097612759413
    outer loop
      vertex -1.2016130433640957 -5.264610725781848 15.8
      vertex 0 -5.4 15.8
      vertex 4 -2.056888470414087 34.89103998943058
    endloop
  endfacet
  facet normal 0.1107167259487516 -0.9826381209801252 0.14887622305740403
    outer loop
      vertex 0 -5.4 15.8
      vertex 1.2016130433640957 -5.264610725781848 15.8
      vertex 4 -2.056888470414087 34.89103998943058
    endloop
  endfacet
  facet normal 0.7071067811865476 -0.7071067811865476 0
    outer loop
      vertex 3.3668449300371606 -4.221890005327362 7.8
      vertex 4.221890005327362 -3.3668449300371606 15.8
      vertex 3.3668449300371606 -4.221890005327362 15.8
    endloop
  endfacet
  facet normal 0.7120934159892568 -0.7020847291493749 3.824279145737721e-17
    outer loop
      vertex 4.221890005327362 -3.3668449300371606 7.8
      vertex 4.456044721986552 -3.129352181465551 7.714863852623161
      vertex 7.513368475698793 -0.028444235207043533 32.71696001056941
    endloop
  endfacet
  facet normal 0.846127762749465 -0.5316573106368785 -0.037527498596984975
    outer loop
      vertex 4.456044721986552 -3.129352181465551 7.714863852623161
      vertex 4.930431152244795 -2.374370502699052 7.714863852623161
      vertex 7.513368475698793 -0.028444235207043533 32.71696001056941
    endloop
  endfacet
  facet normal 0.3285755483950469 -0.9390149682546761 0.10143470013049743
    outer loop
      vertex 1.2016130433640957 -5.264610725781848 15.8
      vertex 2.3429721912348147 -4.8652318866730635 15.8
      vertex 6.0284442352070435 -1.513368475698793 34.89103998943058
    endloop
  endfacet
  facet normal 0.5314711937584333 -0.8458315594342504 0.04590580867395998
    outer loop
      vertex 2.3429721912348147 -4.8652318866730635 15.8
      vertex 3.3668449300371606 -4.221890005327362 15.8
      vertex 6.0284442352070435 -1.513368475698793 34.89103998943058
    endloop
  endfacet
  facet normal 0.712093415989257 -0.7020847291493747 0
    outer loop
      vertex 4.221890005327362 -3.3668449300371606 7.8
      vertex 7.513368475698793 -0.028444235207043533 34.89103998943058
      vertex 4.221890005327362 -3.3668449300371606 15.8
    endloop
  endfacet
  facet normal 0.7071057133075682 -0.7071057133075682 0.0017379342882423284
    outer loop
      vertex 3.3668449300371606 -4.221890005327362 15.8
      vertex 4.221890005327362 -3.3668449300371606 15.8
      vertex 6.0284442352070435 -1.513368475698793 34.89103998943058
    endloop
  endfacet
  facet normal 0.9419284040534706 -0.32959500367282735 -0.06432740622153722
    outer loop
      vertex 5.048043793645882 -2.1831906787792934 7.658189947541063
      vertex 5.382127117396506 -1.2284353928840188 7.658189947541063
      vertex 7.513368475698793 -0.028444235207043533 32.71696001056941
    endloop
  endfacet
  facet normal 0.8461277627494643 -0.5316573106368794 -0.037527498596984815
    outer loop
      vertex 4.930431152244795 -2.374370502699052 7.714863852623161
      vertex 5.048043793645882 -2.1831906787792934 7.658189947541063
      vertex 7.513368475698793 -0.028444235207043533 32.71696001056941
    endloop
  endfacet
  facet normal 0.9419284040534689 -0.3295950036728321 -0.06432740622153686
    outer loop
      vertex 5.382127117396506 -1.2284353928840188 7.658189947541063
      vertex 5.417550788153364 -1.121824764391635 7.630646961870449
      vertex 7.513368475698793 -0.028444235207043533 32.71696001056941
    endloop
  endfacet
  facet normal 0.5401945624851427 -0.5401945624851429 0.6452748788872616
    outer loop
      vertex 4.221890005327362 -3.3668449300371606 7.8
      vertex 6.5466429195167 -8.209230565914314 1.8
      vertex 8.209230565914314 -6.5466429195167 1.8
    endloop
  endfacet
  facet normal 0.6468553555379305 -0.4064461584132975 0.6452748788872618
    outer loop
      vertex 4.221890005327362 -3.3668449300371606 7.8
      vertex 8.209230565914314 -6.5466429195167 1.8
      vertex 9.4601731129754 -4.555779260734362 1.8
    endloop
  endfacet
  facet normal 0.6468553555379305 -0.40644615841329734 0.6452748788872616
    outer loop
      vertex 4.456044721986552 -3.129352181465551 7.714863852623161
      vertex 9.4601731129754 -4.555779260734362 1.8
      vertex 4.930431152244795 -2.374370502699052 7.714863852623161
    endloop
  endfacet
  facet normal 0.7210801200313088 -0.25231684678725536 0.6452748788872616
    outer loop
      vertex 4.930431152244795 -2.374370502699052 7.714863852623161
      vertex 10.23674307790915 -2.336469806541297 1.8
      vertex 5.048043793645882 -2.1831906787792934 7.658189947541063
    endloop
  endfacet
  facet normal 0.721080120031309 -0.25231684678725386 0.6452748788872619
    outer loop
      vertex 5.048043793645882 -2.1831906787792934 7.658189947541063
      vertex 10.23674307790915 -2.336469806541297 1.8
      vertex 5.382127117396506 -1.2284353928840188 7.658189947541063
    endloop
  endfacet
  facet normal 0.721080120031309 -0.2523168467872547 0.6452748788872616
    outer loop
      vertex 4.930431152244795 -2.374370502699052 7.714863852623161
      vertex 9.4601731129754 -4.555779260734362 1.8
      vertex 10.23674307790915 -2.336469806541297 1.8
    endloop
  endfacet
  facet normal 0.7591469163379548 -0.08553531487990183 0.6452748788872614
    outer loop
      vertex 5.382127117396506 -1.2284353928840188 7.658189947541063
      vertex 9.050050773889948 -0.5951742634919607 3.4269284612817987
      vertex 8.632001728503054 -0.24496688404010872 3.9651730970517383
    endloop
  endfacet
  facet normal 0.7591469163379546 -0.08553531487989806 0.6452748788872624
    outer loop
      vertex 5.382127117396506 -1.2284353928840188 7.658189947541063
      vertex 8.632001728503054 -0.24496688404010872 3.9651730970517383
      vertex 8.569942610327416 0 4.07065575255598
    endloop
  endfacet
  facet normal 0.7591469163379553 0.08553531487989412 0.6452748788872621
    outer loop
      vertex 5.57532690401146 0.1319791221677696 7.576238376809955
      vertex 8.569942610327416 0 4.07065575255598
      vertex 8.632001728503054 0.24496688404010875 3.965173097051739
    endloop
  endfacet
  facet normal 0.7591469163379545 0.08553531487990479 0.6452748788872618
    outer loop
      vertex 5.57532690401146 0.1319791221677696 7.576238376809955
      vertex 8.632001728503054 0.24496688404010875 3.965173097051739
      vertex 9.050050773889948 0.5951742634919607 3.4269284612817987
    endloop
  endfacet
  facet normal 0.7591469163379551 -0.08553531487990025 0.6452748788872618
    outer loop
      vertex 5.382127117396506 -1.2284353928840188 7.658189947541063
      vertex 10.23674307790915 -2.336469806541297 1.8
      vertex 9.652751890989162 -0.8606076275854391 2.68268343236509
    endloop
  endfacet
  facet normal 0.7591469163379551 -0.0855353148798998 0.6452748788872616
    outer loop
      vertex 5.382127117396506 -1.2284353928840188 7.658189947541063
      vertex 9.652751890989162 -0.8606076275854391 2.68268343236509
      vertex 9.050050773889948 -0.5951742634919607 3.4269284612817987
    endloop
  endfacet
  facet normal 0.446731757385788 -0.5505690537737248 0.7051981664537359
    outer loop
      vertex 9.050050773889948 -0.5951742634919607 3.4269284612817987
      vertex 9.7705980500731 -0.2705980500730985 3.223879532511287
      vertex 8.632001728503054 -0.24496688404010872 3.9651730970517383
    endloop
  endfacet
  facet normal 0.7591469163379547 0.08553531487990208 0.6452748788872619
    outer loop
      vertex 5.57532690401146 0.1319791221677696 7.576238376809955
      vertex 9.050050773889948 0.5951742634919607 3.4269284612817987
      vertex 9.652751890989162 0.8606076275854392 2.68268343236509
    endloop
  endfacet
  facet normal 0.5288900949847818 0.21907345034748313 0.8199281009819321
    outer loop
      vertex 8.569942610327416 0 4.07065575255598
      vertex 9.7705980500731 0.2705980500730985 3.223879532511287
      vertex 8.632001728503054 0.24496688404010875 3.965173097051739
    endloop
  endfacet
  facet normal 0.5288900949847805 -0.21907345034748882 0.8199281009819314
    outer loop
      vertex 8.632001728503054 -0.24496688404010872 3.9651730970517383
      vertex 9.7705980500731 -0.2705980500730985 3.223879532511287
      vertex 9.88268343236509 0 3.223879532511287
    endloop
  endfacet
  facet normal 0.52889009498478 0.21907345034748904 0.8199281009819316
    outer loop
      vertex 8.569942610327416 0 4.07065575255598
      vertex 9.88268343236509 0 3.223879532511287
      vertex 9.7705980500731 0.2705980500730985 3.223879532511287
    endloop
  endfacet
  facet normal 0.5288900949847803 -0.2190734503474864 0.819928100981932
    outer loop
      vertex 8.569942610327416 0 4.07065575255598
      vertex 8.632001728503054 -0.24496688404010872 3.9651730970517383
      vertex 9.88268343236509 0 3.223879532511287
    endloop
  endfacet
  facet normal 0.44673175738578813 0.5505690537737256 0.7051981664537352
    outer loop
      vertex 8.632001728503054 0.24496688404010875 3.965173097051739
      vertex 9.7705980500731 0.2705980500730985 3.223879532511287
      vertex 9.050050773889948 0.5951742634919607 3.4269284612817987
    endloop
  endfacet
  facet normal 0.7591469163379554 -0.08553531487990518 0.6452748788872607
    outer loop
      vertex 5.382127117396506 -1.2284353928840188 7.658189947541063
      vertex 8.569942610327416 0 4.07065575255598
      vertex 5.417550788153364 -1.121824764391635 7.630646961870449
    endloop
  endfacet
  facet normal 0.7591469163379548 -0.08553531487989705 0.6452748788872624
    outer loop
      vertex 5.417550788153364 -1.121824764391635 7.630646961870449
      vertex 8.569942610327416 0 4.07065575255598
      vertex 5.452152898362788 -0.9865780358079048 7.607866416355128
    endloop
  endfacet
  facet normal 0.7591469163379551 -0.08553531487990143 0.6452748788872614
    outer loop
      vertex 5.452152898362788 -0.9865780358079048 7.607866416355128
      vertex 8.569942610327416 0 4.07065575255598
      vertex 5.563313546098142 0 7.607866416355128
    endloop
  endfacet
  facet normal 0.7591469163379548 0.08553531487990268 0.6452748788872614
    outer loop
      vertex 5.563313546098142 0 7.607866416355128
      vertex 8.569942610327416 0 4.07065575255598
      vertex 5.57532690401146 0.1319791221677696 7.576238376809955
    endloop
  endfacet
  facet normal 0.7591469163379551 0.08553531487990083 0.6452748788872616
    outer loop
      vertex 5.57532690401146 0.1319791221677696 7.576238376809955
      vertex 9.652751890989162 0.8606076275854392 2.68268343236509
      vertex 5.450039460086471 1.2439359419335532 7.576238376809955
    endloop
  endfacet
  facet normal 0.7591469163379567 -0.08553531487990003 0.6452748788872597
    outer loop
      vertex 10.153281482438189 -0.6532814824381883 2.1213074968861156
      vertex 10.23674307790915 -2.336469806541297 1.8
      vertex 10.391463116088007 -0.07826015217261194 1.9173165676349102
    endloop
  endfacet
  facet normal 0.7591469163379543 -0.08553531487990067 0.6452748788872625
    outer loop
      vertex 9.652751890989162 -0.8606076275854391 2.68268343236509
      vertex 10.23674307790915 -2.336469806541297 1.8
      vertex 10.153281482438189 -0.6532814824381883 2.1213074968861156
    endloop
  endfacet
  facet normal 0.38268343236508906 -0.9238795325112872 0
    outer loop
      vertex 9.652751890989162 -0.8606076275854391 2.68268343236509
      vertex 10.153281482438189 -0.6532814824381883 2.1213074968861156
      vertex 10.153281482438189 -0.6532814824381883 2.68268343236509
    endloop
  endfacet
  facet normal 0.9238795325112874 -0.38268343236508834 0
    outer loop
      vertex 10.153281482438189 -0.6532814824381883 2.1213074968861156
      vertex 10.423879532511286 0 1.9173165676349102
      vertex 10.153281482438189 -0.6532814824381883 2.68268343236509
    endloop
  endfacet
  facet normal 0.6785983445458478 -0.28108463771481934 0.6785983445458468
    outer loop
      vertex 10.153281482438189 -0.6532814824381883 2.68268343236509
      vertex 10.423879532511286 0 2.68268343236509
      vertex 9.7705980500731 -0.2705980500730985 3.223879532511287
    endloop
  endfacet
  facet normal 0.7591469163379502 -0.08553531487989996 0.6452748788872674
    outer loop
      vertex 10.391463116088007 -0.07826015217261194 1.9173165676349102
      vertex 10.23674307790915 -2.336469806541297 1.8
      vertex 10.5 0 1.8
    endloop
  endfacet
  facet normal 0.9238795325112813 -0.3826834323651031 -5.4612613095822464e-14
    outer loop
      vertex 10.153281482438189 -0.6532814824381883 2.1213074968861156
      vertex 10.391463116088007 -0.07826015217261194 1.9173165676349102
      vertex 10.423879532511286 0 1.9173165676349102
    endloop
  endfacet
  facet normal 0.9238795325112873 -0.38268343236508834 0
    outer loop
      vertex 10.153281482438189 -0.6532814824381883 2.68268343236509
      vertex 10.423879532511286 0 1.9173165676349102
      vertex 10.423879532511286 0 2.68268343236509
    endloop
  endfacet
  facet normal 0.3224107357474564 -0.778368370896199 0.5386965719801649
    outer loop
      vertex 9.050050773889948 -0.5951742634919607 3.4269284612817987
      vertex 9.652751890989162 -0.8606076275854391 2.68268343236509
      vertex 10.153281482438189 -0.6532814824381883 2.68268343236509
    endloop
  endfacet
  facet normal 0.44673175738578796 -0.5505690537737247 0.7051981664537358
    outer loop
      vertex 9.050050773889948 -0.5951742634919607 3.4269284612817987
      vertex 10.153281482438189 -0.6532814824381883 2.68268343236509
      vertex 9.7705980500731 -0.2705980500730985 3.223879532511287
    endloop
  endfacet
  facet normal 0.6785983445458478 0.28108463771481934 0.6785983445458468
    outer loop
      vertex 10.153281482438189 0.6532814824381883 2.68268343236509
      vertex 9.7705980500731 0.2705980500730985 3.223879532511287
      vertex 10.423879532511286 0 2.68268343236509
    endloop
  endfacet
  facet normal 0.9238795325112873 0.3826834323650884 0
    outer loop
      vertex 10.153281482438189 0.6532814824381883 2.121307496886115
      vertex 10.153281482438189 0.6532814824381883 2.68268343236509
      vertex 10.423879532511286 0 1.9173165676349102
    endloop
  endfacet
  facet normal 0.3826834323650892 0.9238795325112871 0
    outer loop
      vertex 10.153281482438189 0.6532814824381883 2.121307496886115
      vertex 9.652751890989162 0.8606076275854392 2.68268343236509
      vertex 10.153281482438189 0.6532814824381883 2.68268343236509
    endloop
  endfacet
  facet normal 0.7591469163379567 0.08553531487990047 0.6452748788872598
    outer loop
      vertex 10.153281482438189 0.6532814824381883 2.121307496886115
      vertex 10.391463116088007 0.07826015217261201 1.9173165676349102
      vertex 10.236743077909148 2.336469806541301 1.8
    endloop
  endfacet
  facet normal 0.6785983445458612 -0.2810846377148375 -0.6785983445458258
    outer loop
      vertex 10.391463116088007 -0.07826015217261194 1.9173165676349102
      vertex 10.41112352440266 0 1.9045605595262833
      vertex 10.423879532511286 0 1.9173165676349102
    endloop
  endfacet
  facet normal 0.759146916337956 -0.0855353148799225 0.6452748788872575
    outer loop
      vertex 10.391463116088007 -0.07826015217261194 1.9173165676349102
      vertex 10.5 0 1.8
      vertex 10.41112352440266 0 1.9045605595262833
    endloop
  endfacet
  facet normal 0.6785983445458611 0.2810846377148372 -0.6785983445458258
    outer loop
      vertex 10.41112352440266 0 1.9045605595262833
      vertex 10.391463116088007 0.07826015217261201 1.9173165676349102
      vertex 10.423879532511286 0 1.9173165676349102
    endloop
  endfacet
  facet normal 0.7591469163379558 0.08553531487992241 0.6452748788872577
    outer loop
      vertex 10.41112352440266 0 1.9045605595262833
      vertex 10.5 0 1.8
      vertex 10.391463116088007 0.07826015217261201 1.9173165676349102
    endloop
  endfacet
  facet normal 0.9238795325112814 0.3826834323651024 -5.300635976947476e-14
    outer loop
      vertex 10.153281482438189 0.6532814824381883 2.121307496886115
      vertex 10.423879532511286 0 1.9173165676349102
      vertex 10.391463116088007 0.07826015217261201 1.9173165676349102
    endloop
  endfacet
  facet normal 0.9238795325112873 0.38268343236508834 0
    outer loop
      vertex 10.153281482438189 0.6532814824381883 2.68268343236509
      vertex 10.423879532511286 0 2.68268343236509
      vertex 10.423879532511286 0 1.9173165676349102
    endloop
  endfacet
  facet normal 0.7591469163379504 0.08553531487990042 0.6452748788872673
    outer loop
      vertex 10.391463116088007 0.07826015217261201 1.9173165676349102
      vertex 10.5 0 1.8
      vertex 10.236743077909148 2.336469806541301 1.8
    endloop
  endfacet
  facet normal 0.44673175738578796 0.5505690537737247 0.7051981664537358
    outer loop
      vertex 9.050050773889948 0.5951742634919607 3.4269284612817987
      vertex 9.7705980500731 0.2705980500730985 3.223879532511287
      vertex 10.153281482438189 0.6532814824381883 2.68268343236509
    endloop
  endfacet
  facet normal 0.6785983445458477 -0.2810846377148185 0.6785983445458471
    outer loop
      vertex 9.7705980500731 -0.2705980500730985 3.223879532511287
      vertex 10.423879532511286 0 2.68268343236509
      vertex 9.88268343236509 0 3.223879532511287
    endloop
  endfacet
  facet normal 0.6785983445458477 0.2810846377148185 0.6785983445458471
    outer loop
      vertex 9.88268343236509 0 3.223879532511287
      vertex 10.423879532511286 0 2.68268343236509
      vertex 9.7705980500731 0.2705980500730985 3.223879532511287
    endloop
  endfacet
  facet normal 0.3224107357474565 0.7783683708961989 0.5386965719801651
    outer loop
      vertex 9.050050773889948 0.5951742634919607 3.4269284612817987
      vertex 10.153281482438189 0.6532814824381883 2.68268343236509
      vertex 9.652751890989162 0.8606076275854392 2.68268343236509
    endloop
  endfacet
  facet normal 0.9636069401264058 -0.25819770142789095 -0.06925035680470691
    outer loop
      vertex 5.417550788153364 -1.121824764391635 7.630646961870449
      vertex 5.452152898362788 -0.9865780358079048 7.607866416355128
      vertex 7.513368475698793 -0.028444235207043533 32.71696001056941
    endloop
  endfacet
  facet normal 0.9897325260027394 -0.11151607341949224 -0.08940745126294053
    outer loop
      vertex 5.452152898362788 -0.9865780358079048 7.607866416355128
      vertex 5.563313546098142 0 7.607866416355128
      vertex 8.056888470414087 2 32.71696001056941
    endloop
  endfacet
  facet normal 0.9897325260027398 -0.11151607341948958 -0.08940745126294078
    outer loop
      vertex 5.563313546098142 0 7.607866416355128
      vertex 5.57532690401146 0.1319791221677696 7.576238376809955
      vertex 8.056888470414087 2 32.71696001056941
    endloop
  endfacet
  facet normal 0.9881340675426884 0.11133597040548936 -0.10580815779234329
    outer loop
      vertex 5.57532690401146 0.1319791221677696 7.576238376809955
      vertex 5.450039460086471 1.2439359419335532 7.576238376809955
      vertex 8.056888470414087 2 32.71696001056941
    endloop
  endfacet
  facet normal -0.6776485657859256 -0.6776485657859278 0.2856306051118356
    outer loop
      vertex -3.3668449300371623 -4.221890005327361 15.8
      vertex 1.6399122241228226 -1.681633040578161 33.70502558940598
      vertex 1.4134225515084866 -1.614345497199123 33.32732413649576
    endloop
  endfacet
  facet normal -0.6776485657859275 -0.6776485657859255 0.28563060511183663
    outer loop
      vertex -3.3668449300371623 -4.221890005327361 15.8
      vertex 1.4134225515084866 -1.614345497199123 33.32732413649576
      vertex 0.9046256140555975 -1.254832867274584 32.97315236680279
    endloop
  endfacet
  facet normal -0.513781258507656 -0.8176781887621144 0.2596751779223368
    outer loop
      vertex -2.3429721912348147 -4.8652318866730635 15.8
      vertex 1.7318600849333479 -1.6995828628295027 33.83042806244088
      vertex 1.6399122241228226 -1.681633040578161 33.70502558940598
    endloop
  endfacet
  facet normal -0.32113274489317295 -0.917744657885573 0.23370601849303974
    outer loop
      vertex -1.2016130433640957 -5.264610725781848 15.8
      vertex 1.8084801149962817 -1.7061525046809527 33.909912309249314
      vertex 1.7318600849333479 -1.6995828628295027 33.83042806244088
    endloop
  endfacet
  facet normal -0.25207748278946013 -0.9407659732143382 0.22675168425528536
    outer loop
      vertex -1.2016130433640957 -5.264610725781848 15.8
      vertex 2.5828926970205632 -1.741990096371553 34.62213276319259
      vertex 1.8084801149962817 -1.7061525046809527 33.909912309249314
    endloop
  endfacet
  facet normal -0.2520774827894617 -0.9407659732143376 0.2267516842552856
    outer loop
      vertex -1.2016130433640957 -5.264610725781848 15.8
      vertex 4 -2.056888470414087 34.89103998943058
      vertex 2.5828926970205632 -1.741990096371553 34.62213276319259
    endloop
  endfacet
  facet normal 0.2568406187012034 -0.9585422384403152 0.12340856417207469
    outer loop
      vertex 1.2016130433640957 -5.264610725781848 15.8
      vertex 6.0284442352070435 -1.513368475698793 34.89103998943058
      vertex 4 -2.056888470414087 34.89103998943058
    endloop
  endfacet
  facet normal -0.25207748278946124 -0.940765973214338 0.22675168425528477
    outer loop
      vertex 2.5828926970205632 -1.741990096371553 34.62213276319259
      vertex 4 -2.056888470414087 34.89103998943058
      vertex 2.5415940941514017 -1.666109785705175 34.89103998943058
    endloop
  endfacet
  facet normal 0.7071057133075682 -0.7071057133075682 0.00173793428824233
    outer loop
      vertex 4.221890005327362 -3.3668449300371606 15.8
      vertex 7.513368475698793 -0.028444235207043533 34.89103998943058
      vertex 6.0284442352070435 -1.513368475698793 34.89103998943058
    endloop
  endfacet
  facet normal -0.2586687444322857 -0.9653648965513397 0.034074875792086325
    outer loop
      vertex -2.7571521675298634 0.5264172136726708 56.78308038651686
      vertex 1.3602586524498188 -1.2761178315729362 36.97204499238597
      vertex 1.8779716754369125 -1.432500582620552 36.47166926807766
    endloop
  endfacet
  facet normal -0.2586687444322864 -0.9653648965513395 0.03407487579208609
    outer loop
      vertex -2.7571521675298634 0.5264172136726708 56.78308038651686
      vertex 1.8779716754369125 -1.432500582620552 36.47166926807766
      vertex 2.5415940941514017 -1.666109785705175 34.89103998943058
    endloop
  endfacet
  facet normal -0.258668744432286 -0.9653648965513395 0.03407487579208631
    outer loop
      vertex -2.7571521675298634 0.5264172136726708 56.78308038651686
      vertex 2.5415940941514017 -1.666109785705175 34.89103998943058
      vertex 4 -2.056888470414087 34.89103998943058
    endloop
  endfacet
  facet normal 0.25408817116560783 -0.9482699643923052 0.19032413379583055
    outer loop
      vertex -1.1102450058692566 0.967704657648663 56.78308038651686
      vertex 4 -2.056888470414087 34.89103998943058
      vertex 6.0284442352070435 -1.513368475698793 34.89103998943058
    endloop
  endfacet
  facet normal 0.6755107241113942 -0.6755107241113942 0.29558505243161354
    outer loop
      vertex 6.0284442352070435 -1.513368475698793 34.89103998943058
      vertex 7.513368475698793 -0.028444235207043533 34.89103998943058
      vertex 0.14882641527600243 2.241505695386216 56.909077125467476
    endloop
  endfacet
  facet normal 0.9117643528087567 -0.24430652202259792 0.33015161402672416
    outer loop
      vertex 7.513368475698793 -0.028444235207043533 34.89103998943058
      vertex 7.1055553324096055 0.17959475945549863 36.17122385627317
      vertex 0.14882641527600243 2.241505695386216 56.909077125467476
    endloop
  endfacet
  facet normal 0.712093415989257 -0.7020847291493747 0
    outer loop
      vertex 4.221890005327362 -3.3668449300371606 7.8
      vertex 7.513368475698793 -0.028444235207043533 32.71696001056941
      vertex 7.513368475698793 -0.028444235207043533 34.89103998943058
    endloop
  endfacet
  facet normal 0.9636069401264045 -0.25819770142789567 -0.06925035680470665
    outer loop
      vertex 5.452152898362788 -0.9865780358079048 7.607866416355128
      vertex 8.056888470414087 2 32.71696001056941
      vertex 7.513368475698793 -0.028444235207043533 32.71696001056941
    endloop
  endfacet
  facet normal 0.9659258262890682 -0.25881904510252113 0
    outer loop
      vertex 7.513368475698793 -0.028444235207043533 32.71696001056941
      vertex 7.7763934983188 0.9531785128727746 34.89103998943058
      vertex 7.513368475698793 -0.028444235207043533 34.89103998943058
    endloop
  endfacet
  facet normal 0.9659258262890684 -0.2588190451025203 -3.795727238399533e-16
    outer loop
      vertex 7.513368475698793 -0.028444235207043533 32.71696001056941
      vertex 7.91522376540685 1.4713001232737362 34.16776449535396
      vertex 7.7763934983188 0.9531785128727746 34.89103998943058
    endloop
  endfacet
  facet normal 0.9117643528087577 -0.24430652202259223 0.3301516140267252
    outer loop
      vertex 7.513368475698793 -0.028444235207043533 34.89103998943058
      vertex 7.7763934983188 0.9531785128727746 34.89103998943058
      vertex 7.652224549776447 0.7240111285776513 35.06437167086793
    endloop
  endfacet
  facet normal 0.9659258262890682 -0.2588190451025209 2.91522468433723e-16
    outer loop
      vertex 7.513368475698793 -0.028444235207043533 32.71696001056941
      vertex 8.056888470414087 2 32.71696001056941
      vertex 7.91522376540685 1.4713001232737362 34.16776449535396
    endloop
  endfacet
  facet normal 0.9117643528087584 -0.244306522022592 0.3301516140267236
    outer loop
      vertex 7.513368475698793 -0.028444235207043533 34.89103998943058
      vertex 7.652224549776447 0.7240111285776513 35.06437167086793
      vertex 7.1055553324096055 0.17959475945549863 36.17122385627317
    endloop
  endfacet
  facet normal 0.2540881711656077 -0.9482699643923052 0.1903241337958305
    outer loop
      vertex -2.7571521675298634 0.5264172136726708 56.78308038651686
      vertex 4 -2.056888470414087 34.89103998943058
      vertex -1.1102450058692566 0.967704657648663 56.78308038651686
    endloop
  endfacet
  facet normal 0.25408817116562155 -0.9482699643923006 0.1903241337958345
    outer loop
      vertex -1.1102450058692566 0.967704657648663 56.78308038651686
      vertex 6.0284442352070435 -1.513368475698793 34.89103998943058
      vertex -1.0728627918849922 0.9887683697874499 56.83812178860027
    endloop
  endfacet
  facet normal 0.6755107241113942 -0.6755107241113942 0.2955850524316136
    outer loop
      vertex -1.0728627918849922 0.9887683697874499 56.83812178860027
      vertex 6.0284442352070435 -1.513368475698793 34.89103998943058
      vertex 0.11731161380003716 2.1789427754724793 56.83812178860027
    endloop
  endfacet
  facet normal 0.6755107241113851 -0.6755107241114024 0.2955850524316149
    outer loop
      vertex 6.0284442352070435 -1.513368475698793 34.89103998943058
      vertex 0.14882641527600243 2.241505695386216 56.909077125467476
      vertex 0.11731161380003716 2.1789427754724793 56.83812178860027
    endloop
  endfacet
  facet normal 0.692062482271997 -0.692062482272023 -0.2051805089744335
    outer loop
      vertex -1.1102450058692566 0.967704657648663 56.78308038651686
      vertex -1.0728627918849922 0.9887683697874499 56.83812178860027
      vertex 1.0484587916425456 -0.1635713843303134 67.88
    endloop
  endfacet
  facet normal 0.69206248227201 -0.69206248227201 -0.2051805089744346
    outer loop
      vertex -1.0728627918849922 0.9887683697874499 56.83812178860027
      vertex 0.11731161380003716 2.1789427754724793 56.83812178860027
      vertex 1.0484587916425456 -0.1635713843303134 67.88
    endloop
  endfacet
  facet normal 0.2559997108302784 -0.9554039275415355 -0.14719878835446376
    outer loop
      vertex -1.1102450058692566 0.967704657648663 56.78308038651686
      vertex 1.0484587916425456 -0.1635713843303134 67.88
      vertex -0.3262555487908797 -0.531924981672935 67.88
    endloop
  endfacet
  facet normal 0.6920624822720102 -0.6920624822720096 -0.2051805089744346
    outer loop
      vertex 0.11731161380003716 2.1789427754724793 56.83812178860027
      vertex 2.0548195347333524 0.842789358760494 67.88
      vertex 1.0484587916425456 -0.1635713843303134 67.88
    endloop
  endfacet
  facet normal -0.8608107585886519 -0.40800436703533455 0.30419939904300564
    outer loop
      vertex 5.375446337738235 -8.913045907913823 75.73610746706085
      vertex 5.3638116521391845 -8.730493816093174 75.94803026618737
      vertex 3.4262531403851 -5.94203914130362 74.20519471363012
    endloop
  endfacet
  facet normal -0.8608107585886506 -0.4080043670353176 0.30419939904303145
    outer loop
      vertex 5.194760450623861 -8.404608954176272 75.90674600907366
      vertex 3.4262531403851 -5.94203914130362 74.20519471363012
      vertex 5.3638116521391845 -8.730493816093174 75.94803026618737
    endloop
  endfacet
  facet normal -0.7149974931236925 -0.6277095161977893 -0.3078300636740547
    outer loop
      vertex 5.375446337738235 -8.913045907913823 75.73610746706085
      vertex 3.4262531403851 -5.94203914130362 74.20519471363012
      vertex 2.6658458963863216 -4.096813004704271 72.20871417195433
    endloop
  endfacet
  facet normal -0.4610682895197018 -0.6346060577975 -0.6202347811966792
    outer loop
      vertex 2.6658458963863216 -4.096813004704271 72.20871417195433
      vertex 2.6483198646152952 -3.3840770503397164 71.49249207311942
      vertex 5.685282440508029 -8.79051527161418 74.76659305502253
    endloop
  endfacet
  facet normal -0.17759701131561642 -0.5603236539535079 -0.8090097059936614
    outer loop
      vertex 2.6483198646152952 -3.3840770503397164 71.49249207311942
      vertex 3.0752332603715464 -2.802949501090175 70.99628287808585
      vertex 6.085575614191928 -8.499360876346977 74.28079999999999
    endloop
  endfacet
  facet normal -0.1775970113154826 -0.5603236539534715 -0.8090097059937158
    outer loop
      vertex 6.085575614191928 -8.499360876346977 74.28079999999999
      vertex 3.0752332603715464 -2.802949501090175 70.99628287808585
      vertex 3.1064244873549236 -2.6449418326345158 70.8799988556121
    endloop
  endfacet
  facet normal -1.690209471408532e-14 -0.4883444504515422 -0.8726509598420099
    outer loop
      vertex 3.1064244873549236 -2.6449418326345158 70.8799988556121
      vertex 3.2674338296958663 -2.3284231737965873 70.70287175941793
      vertex 6.788103728039326 -8.722030207731015 74.28079999999999
    endloop
  endfacet
  facet normal -0.71499749312369 -0.6277095161977905 -0.30783006367405796
    outer loop
      vertex 5.375446337738235 -8.913045907913823 75.73610746706085
      vertex 2.6658458963863216 -4.096813004704271 72.20871417195433
      vertex 5.685282440508029 -8.79051527161418 74.76659305502253
    endloop
  endfacet
  facet normal -0.4610682895197167 -0.6346060577975018 -0.6202347811966664
    outer loop
      vertex 2.6483198646152952 -3.3840770503397164 71.49249207311942
      vertex 5.941601965278214 -8.60298698892911 74.3841775629423
      vertex 5.749282973137161 -8.700547918671065 74.62696456930253
    endloop
  endfacet
  facet normal -0.46106828951967477 -0.6346060577974983 -0.6202347811967011
    outer loop
      vertex 2.6483198646152952 -3.3840770503397164 71.49249207311942
      vertex 5.749282973137161 -8.700547918671065 74.62696456930253
      vertex 5.685282440508029 -8.79051527161418 74.76659305502253
    endloop
  endfacet
  facet normal -0.1775970113156318 -0.5603236539535132 -0.8090097059936542
    outer loop
      vertex 2.6483198646152952 -3.3840770503397164 71.49249207311942
      vertex 6.085575614191928 -8.499360876346977 74.28079999999999
      vertex 5.941601965278214 -8.60298698892911 74.3841775629423
    endloop
  endfacet
  facet normal -0.860810758588651 -0.4080043670353261 0.30419939904301946
    outer loop
      vertex 5.194760450623861 -8.404608954176272 75.90674600907366
      vertex 4.846020363790881 -7.537428308958346 76.08299314082053
      vertex 3.4262531403851 -5.94203914130362 74.20519471363012
    endloop
  endfacet
  facet normal -0.17759701131560604 -0.5603236539535033 -0.8090097059936668
    outer loop
      vertex 6.085575614191928 -8.499360876346977 74.28079999999999
      vertex 3.1064244873549236 -2.6449418326345158 70.8799988556121
      vertex 6.788103728039326 -8.722030207731015 74.28079999999999
    endloop
  endfacet
  facet normal 2.413871898580628e-14 -0.4883444504515248 -0.8726509598420196
    outer loop
      vertex 3.3377926530520123 -2.381098593141445 70.73234946573585
      vertex 7.112184655598113 -8.722030207730999 74.28079999999999
      vertex 6.788103728039326 -8.722030207731015 74.28079999999999
    endloop
  endfacet
  facet normal 0.25559290674175966 -0.35179345584004973 -0.9005074294259949
    outer loop
      vertex 3.3377926530520123 -2.381098593141445 70.73234946573585
      vertex 4.19769634545994 -3.0831575857142215 71.25068504877352
      vertex 7.112184655598113 -8.722030207730999 74.28079999999999
    endloop
  endfacet
  facet normal 0.514961205371779 -0.16732103842113172 -0.8407250603281184
    outer loop
      vertex 4.860507311884481 -3.669720454540864 71.77340794981735
      vertex 7.193741446980752 -8.221737584047666 74.10850343855826
      vertex 4.19769634545994 -3.0831575857142215 71.25068504877352
    endloop
  endfacet
  facet normal 0.5843834673454001 -0.10743104644919743 -0.8043348390764868
    outer loop
      vertex 5.291409312299782 -4.060425978414169 72.13866119274448
      vertex 7.046745581675819 -7.478142175750875 73.8704751778265
      vertex 4.860507311884481 -3.669720454540864 71.77340794981735
    endloop
  endfacet
  facet normal 0.5843834673454347 -0.10743104644916888 -0.8043348390764655
    outer loop
      vertex 5.291409312299782 -4.060425978414169 72.13866119274448
      vertex 5.582263685786618 -4.195552474153106 72.36802744563848
      vertex 7.046745581675819 -7.478142175750875 73.8704751778265
    endloop
  endfacet
  facet normal 1.1817594417751729e-13 -0.48834445045148533 -0.8726509598420417
    outer loop
      vertex 3.2674338296958663 -2.3284231737965873 70.70287175941793
      vertex 3.3377926530520123 -2.381098593141445 70.73234946573585
      vertex 6.788103728039326 -8.722030207731015 74.28079999999999
    endloop
  endfacet
  facet normal -0.19329180756125197 -0.5551831451155904 -0.8089560881217628
    outer loop
      vertex 3.0831014734374427 -1.7420121855308022 70.21171031406209
      vertex 3.165269282782146 -2.015834133723239 70.38
      vertex 2.763138410941215 -1.8758287971452843 70.38
    endloop
  endfacet
  facet normal -0.48695504093002173 -0.8195057484174555 -0.302134268866653
    outer loop
      vertex 3.2674338296958663 -2.3284231737965873 70.70287175941793
      vertex 7.966567168246072 -5.836248463558675 72.64378473295957
      vertex 3.3377926530520123 -2.381098593141445 70.73234946573585
    endloop
  endfacet
  facet normal -0.48695504092852304 -0.8195057484171864 -0.3021342688697986
    outer loop
      vertex 3.133879170784023 -2.1724110076042003 70.49495839409181
      vertex 7.966567168246072 -5.836248463558675 72.64378473295957
      vertex 3.2674338296958663 -2.3284231737965873 70.70287175941793
    endloop
  endfacet
  facet normal -0.19329180756127096 -0.5551831451156195 -0.8089560881217384
    outer loop
      vertex 3.133879170784023 -2.1724110076042003 70.49495839409181
      vertex 3.165269282782146 -2.015834133723239 70.38
      vertex 8.292509788852822 -5.6676358208002435 71.66111423594874
    endloop
  endfacet
  facet normal -0.1932918075612428 -0.5551831451155894 -0.8089560881217656
    outer loop
      vertex 3.0831014734374427 -1.7420121855308022 70.21171031406209
      vertex 8.292509788852822 -5.6676358208002435 71.66111423594874
      vertex 3.165269282782146 -2.015834133723239 70.38
    endloop
  endfacet
  facet normal -0.4869550409285475 -0.8195057484171904 -0.3021342688697481
    outer loop
      vertex 3.3377926530520123 -2.381098593141445 70.73234946573585
      vertex 7.966567168246072 -5.836248463558675 72.64378473295957
      vertex 4.19769634545994 -3.0831575857142215 71.25068504877352
    endloop
  endfacet
  facet normal -0.4869550409285367 -0.8195057484171879 -0.3021342688697721
    outer loop
      vertex 4.860507311884481 -3.669720454540864 71.77340794981735
      vertex 4.19769634545994 -3.0831575857142215 71.25068504877352
      vertex 7.966567168246072 -5.836248463558675 72.64378473295957
    endloop
  endfacet
  facet normal -0.4869550409285355 -0.8195057484171876 -0.30213426886977507
    outer loop
      vertex 5.291409312299782 -4.060425978414169 72.13866119274448
      vertex 4.860507311884481 -3.669720454540864 71.77340794981735
      vertex 7.966567168246072 -5.836248463558675 72.64378473295957
    endloop
  endfacet
  facet normal -0.19329180756125403 -0.5551831451156005 -0.8089560881217552
    outer loop
      vertex 3.0831014734374427 -1.7420121855308022 70.21171031406209
      vertex 3.452420606865436 -1.1905349035985597 69.74498874504984
      vertex 8.292509788852822 -5.6676358208002435 71.66111423594874
    endloop
  endfacet
  facet normal -1.2747145680584004e-15 -0.3317235127963577 -0.9433766538652759
    outer loop
      vertex 3.452420606865436 -1.1905349035985597 69.74498874504984
      vertex 3.6038197328289683 -1.015052509965076 69.68328313063644
      vertex 8.66776674307335 -4.914158821892916 71.05434233298115
    endloop
  endfacet
  facet normal 0.12450379909129505 -0.17136477809924464 -0.9773090180893814
    outer loop
      vertex 3.6038197328289683 -1.015052509965076 69.68328313063644
      vertex 3.8714644694778375 -0.7420310723597299 69.66950706666609
      vertex 8.737509194107064 -4.724855344816972 70.98777675268732
    endloop
  endfacet
  facet normal 0.20230519376580303 -0.06573294210467866 -0.9771140101838903
    outer loop
      vertex 3.8714644694778375 -0.7420310723597299 69.66950706666609
      vertex 4.1165565867790805 -0.5106696497267904 69.70468754808753
      vertex 8.957374669289038 -4.490384215740644 70.97467341912686
    endloop
  endfacet
  facet normal 0.20230519376565842 -0.06573294210487898 -0.9771140101839069
    outer loop
      vertex 4.1165565867790805 -0.5106696497267904 69.70468754808753
      vertex 4.128732545060165 -0.4646126549881834 69.70411013116028
      vertex 9.177361481715545 -4.258703785419121 71.00463454760893
    endloop
  endfacet
  facet normal 0.32084177204067055 0.10424781111026481 -0.9413782189919845
    outer loop
      vertex 4.128732545060165 -0.4646126549881834 69.70411013116028
      vertex 4.203924007023109 -0.238070663943668 69.75482414559816
      vertex 9.177361481715545 -4.258703785419121 71.00463454760893
    endloop
  endfacet
  facet normal 0.4729674969331563 0.34900663140791405 -0.8090093436284189
    outer loop
      vertex 4.203924007023109 -0.238070663943668 69.75482414559816
      vertex 4.864047550718821 0.31652088267749073 70.38
      vertex 9.300391654121984 -4.113011156235138 71.06269979185817
    endloop
  endfacet
  facet normal 0.4729674969331531 0.34900663140791816 -0.809009343628419
    outer loop
      vertex 4.203924007023109 -0.238070663943668 69.75482414559816
      vertex 4.619828748002079 0.6474818027006523 70.38
      vertex 4.864047550718821 0.31652088267749073 70.38
    endloop
  endfacet
  facet normal -0.5842746095003322 -0.8041850091066056 0.10913135123072204
    outer loop
      vertex 0.6000514417561462 0.34614909941873073 86.20241342991925
      vertex 0.7453568972142566 0.24535689721425655 86.2376252197032
      vertex 1.2572949016875157 0.8236644243122581 93.23999999999998
    endloop
  endfacet
  facet normal -0.5842746095003284 -0.8041850091066083 0.10913135123072201
    outer loop
      vertex 1.084744321295468 -0.0025158913809256167 86.22809426395497
      vertex 1.2572949016875157 0.8236644243122581 93.23999999999998
      vertex 0.7453568972142566 0.24535689721425655 86.2376252197032
    endloop
  endfacet
  facet normal -0.9453761769351043 -0.30717134023558135 0.109131351230722
    outer loop
      vertex 0.5237080395441983 0.5956066291433895 86.24321719501344
      vertex 1.2 1 93.23999999999998
      vertex 0.38897329105772516 1 86.21428904851436
    endloop
  endfacet
  facet normal -0.9453761769351042 0.30717134023558135 0.10913135123072196
    outer loop
      vertex 0.38897329105772516 1 86.21428904851436
      vertex 1.2572949016875157 1.1763355756877418 93.23999999999998
      vertex 0.5237080395441983 1.4043933708566105 86.24321719501344
    endloop
  endfacet
  facet normal -0.9453761769351041 -0.3071713402355818 0.10913135123072201
    outer loop
      vertex 0.6000514417561462 0.34614909941873073 86.20241342991925
      vertex 1.2 1 93.23999999999998
      vertex 0.5237080395441983 0.5956066291433895 86.24321719501344
    endloop
  endfacet
  facet normal -0.9453761769351048 -0.30717134023557996 0.10913135123072189
    outer loop
      vertex 0.6000514417561462 0.34614909941873073 86.20241342991925
      vertex 1.2572949016875157 0.8236644243122581 93.23999999999998
      vertex 1.2 1 93.23999999999998
    endloop
  endfacet
  facet normal -0.9453761769351046 0.30717134023558057 0.10913135123072201
    outer loop
      vertex 0.38897329105772516 1 86.21428904851436
      vertex 1.2 1 93.23999999999998
      vertex 1.2572949016875157 1.1763355756877418 93.23999999999998
    endloop
  endfacet
  facet normal -0.5842746095003265 -0.8041850091066097 0.10913135123072207
    outer loop
      vertex 1.084744321295468 -0.0025158913809256167 86.22809426395497
      vertex 1.156391854855711 -0.057517131549902595 86.20638337971437
      vertex 1.4072949016875158 0.714683045111454 93.23999999999998
    endloop
  endfacet
  facet normal -3.2680527642473137e-15 -0.9940273377420547 0.10913135123072204
    outer loop
      vertex 1.156391854855711 -0.057517131549902595 86.20638337971437
      vertex 1.5 -0.05327087270178682 86.2450606006097
      vertex 1.4072949016875158 0.714683045111454 93.23999999999998
    endloop
  endfacet
  facet normal 1.5057972184234665e-15 -0.9940273377420547 0.10913135123072208
    outer loop
      vertex 1.5 -0.05327087270178682 86.2450606006097
      vertex 1.843608145144289 -0.057517131549903205 86.20638337971437
      vertex 1.5927050983124842 0.714683045111454 93.23999999999998
    endloop
  endfacet
  facet normal 0.5842746095003272 -0.8041850091066091 0.10913135123072207
    outer loop
      vertex 1.843608145144289 -0.057517131549903205 86.20638337971437
      vertex 1.9152556787045323 -0.0025158913809259498 86.22809426395497
      vertex 1.5927050983124842 0.714683045111454 93.23999999999998
    endloop
  endfacet
  facet normal 0.5842746095003287 -0.8041850091066081 0.10913135123072203
    outer loop
      vertex 1.9152556787045323 -0.0025158913809259498 86.22809426395497
      vertex 2.2546431027857436 0.2453568972142564 86.2376252197032
      vertex 1.5927050983124842 0.714683045111454 93.23999999999998
    endloop
  endfacet
  facet normal 0.5842746095003329 -0.8041850091066047 0.10913135123072207
    outer loop
      vertex 2.2546431027857436 0.2453568972142564 86.2376252197032
      vertex 2.399948558243854 0.34614909941873084 86.20241342991925
      vertex 1.7427050983124843 0.8236644243122581 93.23999999999998
    endloop
  endfacet
  facet normal 0.9453761769351041 -0.3071713402355815 0.10913135123072196
    outer loop
      vertex 2.399948558243854 0.34614909941873084 86.20241342991925
      vertex 2.476291960455802 0.5956066291433895 86.24321719501344
      vertex 1.7427050983124843 0.8236644243122581 93.23999999999998
    endloop
  endfacet
  facet normal 0.9453761769351045 -0.3071713402355804 0.10913135123072196
    outer loop
      vertex 2.476291960455802 0.5956066291433895 86.24321719501344
      vertex 2.6110267089422745 1 86.21428904851436
      vertex 1.7427050983124843 0.8236644243122581 93.23999999999998
    endloop
  endfacet
  facet normal 0.9453761769351046 0.3071713402355804 0.10913135123072197
    outer loop
      vertex 2.6110267089422745 1 86.21428904851436
      vertex 2.476291960455802 1.4043933708566105 86.24321719501344
      vertex 1.8 1 93.23999999999998
    endloop
  endfacet
  facet normal -0.5842746095003284 -0.8041850091066082 0.10913135123072201
    outer loop
      vertex 1.084744321295468 -0.0025158913809256167 86.22809426395497
      vertex 1.4072949016875158 0.714683045111454 93.23999999999998
      vertex 1.2572949016875157 0.8236644243122581 93.23999999999998
    endloop
  endfacet
  facet normal 0 -0.9940273377420548 0.1091313512307221
    outer loop
      vertex 1.5 -0.05327087270178682 86.2450606006097
      vertex 1.5927050983124842 0.714683045111454 93.23999999999998
      vertex 1.4072949016875158 0.714683045111454 93.23999999999998
    endloop
  endfacet
  facet normal 0.5842746095003283 -0.8041850091066082 0.10913135123072201
    outer loop
      vertex 2.2546431027857436 0.2453568972142564 86.2376252197032
      vertex 1.7427050983124843 0.8236644243122581 93.23999999999998
      vertex 1.5927050983124842 0.714683045111454 93.23999999999998
    endloop
  endfacet
  facet normal 0 0 1
    outer loop
      vertex 1.2572949016875157 0.8236644243122581 93.23999999999998
      vertex 1.2572949016875157 1.1763355756877418 93.23999999999998
      vertex 1.2 1 93.23999999999998
    endloop
  endfacet
  facet normal 0 0 1
    outer loop
      vertex 1.2572949016875157 0.8236644243122581 93.23999999999998
      vertex 1.4072949016875158 0.714683045111454 93.23999999999998
      vertex 1.2572949016875157 1.1763355756877418 93.23999999999998
    endloop
  endfacet
  facet normal 0 0 1
    outer loop
      vertex 1.4072949016875158 0.714683045111454 93.23999999999998
      vertex 1.4072949016875158 1.285316954888546 93.23999999999998
      vertex 1.2572949016875157 1.1763355756877418 93.23999999999998
    endloop
  endfacet
  facet normal 0 0 1
    outer loop
      vertex 1.4072949016875158 0.714683045111454 93.23999999999998
      vertex 1.5927050983124842 0.714683045111454 93.23999999999998
      vertex 1.4072949016875158 1.285316954888546 93.23999999999998
    endloop
  endfacet
  facet normal 0 0 1
    outer loop
      vertex 1.5927050983124842 0.714683045111454 93.23999999999998
      vertex 1.5927050983124842 1.285316954888546 93.23999999999998
      vertex 1.4072949016875158 1.285316954888546 93.23999999999998
    endloop
  endfacet
  facet normal 0 0 1
    outer loop
      vertex 1.5927050983124842 0.714683045111454 93.23999999999998
      vertex 1.7427050983124843 0.8236644243122581 93.23999999999998
      vertex 1.5927050983124842 1.285316954888546 93.23999999999998
    endloop
  endfacet
  facet normal 0 0 1
    outer loop
      vertex 1.7427050983124843 0.8236644243122581 93.23999999999998
      vertex 1.8 1 93.23999999999998
      vertex 1.7427050983124843 1.1763355756877418 93.23999999999998
    endloop
  endfacet
  facet normal 0 0 1
    outer loop
      vertex 1.7427050983124843 0.8236644243122581 93.23999999999998
      vertex 1.7427050983124843 1.1763355756877418 93.23999999999998
      vertex 1.5927050983124842 1.285316954888546 93.23999999999998
    endloop
  endfacet
  facet normal 0.9453761769351048 -0.3071713402355798 0.109131351230722
    outer loop
      vertex 2.6110267089422745 1 86.21428904851436
      vertex 1.8 1 93.23999999999998
      vertex 1.7427050983124843 0.8236644243122581 93.23999999999998
    endloop
  endfacet
  facet normal 0.2555929067417146 -0.3517934558400505 -0.9005074294260073
    outer loop
      vertex 7.112184655598113 -8.722030207730999 74.28079999999999
      vertex 7.193741446980752 -8.221737584047666 74.10850343855826
      vertex 7.255307967934122 -8.618045034569917 74.28079999999999
    endloop
  endfacet
  facet normal 0.255592906741754 -0.3517934558400521 -0.9005074294259955
    outer loop
      vertex 4.19769634545994 -3.0831575857142215 71.25068504877352
      vertex 7.193741446980752 -8.221737584047666 74.10850343855826
      vertex 7.112184655598113 -8.722030207730999 74.28079999999999
    endloop
  endfacet
  facet normal 0.51496120537178 -0.16732103842113094 -0.8407250603281181
    outer loop
      vertex 4.860507311884481 -3.669720454540864 71.77340794981735
      vertex 7.046734952531132 -7.637495998317124 73.90218325306884
      vertex 7.193741446980752 -8.221737584047666 74.10850343855826
    endloop
  endfacet
  facet normal 0.5149612053717848 -0.16732103842112697 -0.8407250603281161
    outer loop
      vertex 4.860507311884481 -3.669720454540864 71.77340794981735
      vertex 7.046745581675819 -7.478142175750875 73.8704751778265
      vertex 7.046734952531132 -7.637495998317124 73.90218325306884
    endloop
  endfacet
  facet normal -0.5676443328039866 -0.7812953969293286 0.25953306951631394
    outer loop
      vertex 5.291409312299782 -4.060425978414169 72.13866119274448
      vertex 7.966567168246072 -5.836248463558675 72.64378473295957
      vertex 5.582263685786618 -4.195552474153106 72.36802744563848
    endloop
  endfacet
  facet normal -0.5662970025774635 -0.7692984934825089 0.29578291498550463
    outer loop
      vertex 5.582263685786618 -4.195552474153106 72.36802744563848
      vertex 7.9408467466433255 -5.765670968394745 72.79999534848464
      vertex 6.28841876472566 -4.50235281706791 72.92205695394117
    endloop
  endfacet
  facet normal -0.5676443328039872 -0.7812953969293306 0.2595330695163063
    outer loop
      vertex 5.582263685786618 -4.195552474153106 72.36802744563848
      vertex 7.966567168246072 -5.836248463558675 72.64378473295957
      vertex 7.9408467466433255 -5.765670968394745 72.79999534848464
    endloop
  endfacet
  facet normal 0.5843834673454057 -0.10743104644919002 -0.8043348390764837
    outer loop
      vertex 5.582263685786618 -4.195552474153106 72.36802744563848
      vertex 6.990799909195966 -6 73.63240009080403
      vertex 7.046745581675819 -7.478142175750875 73.8704751778265
    endloop
  endfacet
  facet normal 0.5843834673453968 -0.10743104644920062 -0.8043348390764888
    outer loop
      vertex 6.990799909195966 -6 73.63240009080403
      vertex 6.28841876472566 -4.50235281706791 72.92205695394117
      vertex 7.021144065008905 -5.842423971811151 73.63339975580041
    endloop
  endfacet
  facet normal 0.584383467345397 -0.1074310464492006 -0.8043348390764887
    outer loop
      vertex 5.582263685786618 -4.195552474153106 72.36802744563848
      vertex 6.28841876472566 -4.50235281706791 72.92205695394117
      vertex 6.990799909195966 -6 73.63240009080403
    endloop
  endfacet
  facet normal 0.8837937943254197 0.28716201118474877 -0.3693866652225116
    outer loop
      vertex 6.934724145034399 -5.335607734442332 73.82063169337641
      vertex 7.021144065008905 -5.842423971811151 73.63339975580041
      vertex 6.28841876472566 -4.50235281706791 72.92205695394117
    endloop
  endfacet
  facet normal 0.8837937943254195 0.28716201118474455 -0.3693866652225153
    outer loop
      vertex 6.934724145034399 -5.335607734442332 73.82063169337641
      vertex 6.28841876472566 -4.50235281706791 72.92205695394117
      vertex 6.459516693720513 -4.457499374893467 73.36629468090975
    endloop
  endfacet
  facet normal -0.5662970025774593 -0.7692984934825129 0.29578291498550285
    outer loop
      vertex 7.192692160152851 -4.88742860541995 73.65181204982196
      vertex 6.459516693720513 -4.457499374893467 73.36629468090975
      vertex 6.28841876472566 -4.50235281706791 72.92205695394117
    endloop
  endfacet
  facet normal -0.5662970025774611 -0.7692984934825059 0.29578291498551784
    outer loop
      vertex 7.192692160152851 -4.88742860541995 73.65181204982196
      vertex 6.50770187294012 -4.422490792970862 73.54960199565237
      vertex 6.459516693720513 -4.457499374893467 73.36629468090975
    endloop
  endfacet
  facet normal 0.8954880360980966 0.33019150619043175 -0.2984539268377415
    outer loop
      vertex 6.934724145034399 -5.335607734442332 73.82063169337641
      vertex 6.459516693720513 -4.457499374893467 73.36629468090975
      vertex 6.50770187294012 -4.422490792970862 73.54960199565237
    endloop
  endfacet
  facet normal 0.8954880360980991 0.33019150619043663 -0.29845392683772876
    outer loop
      vertex 6.934724145034399 -5.335607734442332 73.82063169337641
      vertex 6.50770187294012 -4.422490792970862 73.54960199565237
      vertex 6.690584846031611 -4.259311972504908 74.27885953038687
    endloop
  endfacet
  facet normal -0.5662970025774624 -0.7692984934825079 0.2957829149855096
    outer loop
      vertex 6.28841876472566 -4.50235281706791 72.92205695394117
      vertex 7.9408467466433255 -5.765670968394745 72.79999534848464
      vertex 7.891527653292386 -5.605099136078566 73.1232
    endloop
  endfacet
  facet normal -0.5662970025774627 -0.7692984934825078 0.2957829149855096
    outer loop
      vertex 7.618524742698631 -5.404135880237118 73.1232
      vertex 7.192692160152851 -4.88742860541995 73.65181204982196
      vertex 6.28841876472566 -4.50235281706791 72.92205695394117
    endloop
  endfacet
  facet normal -0.5662970025774635 -0.769298493482512 0.2957829149854974
    outer loop
      vertex 7.618524742698631 -5.404135880237118 73.1232
      vertex 6.28841876472566 -4.50235281706791 72.92205695394117
      vertex 7.891527653292386 -5.605099136078566 73.1232
    endloop
  endfacet
  facet normal -0.19329180756125933 -0.5551831451156046 -0.8089560881217512
    outer loop
      vertex 3.452420606865436 -1.1905349035985597 69.74498874504984
      vertex 8.66776674307335 -4.914158821892916 71.05434233298115
      vertex 8.292509788852822 -5.6676358208002435 71.66111423594874
    endloop
  endfacet
  facet normal -0.4869550409285361 -0.8195057484171883 -0.30213426886977257
    outer loop
      vertex 3.133879170784023 -2.1724110076042003 70.49495839409181
      vertex 8.292509788852822 -5.6676358208002435 71.66111423594874
      vertex 7.966567168246072 -5.836248463558675 72.64378473295957
    endloop
  endfacet
  facet normal 2.042702925261488e-14 -0.33172351279633305 -0.9433766538652846
    outer loop
      vertex 3.6038197328289683 -1.015052509965076 69.68328313063644
      vertex 8.737509194107064 -4.724855344816972 70.98777675268732
      vertex 8.66776674307335 -4.914158821892916 71.05434233298115
    endloop
  endfacet
  facet normal 0.12450379909141047 -0.17136477809910539 -0.9773090180893912
    outer loop
      vertex 3.8714644694778375 -0.7420310723597299 69.66950706666609
      vertex 8.74561794919602 -4.698431916112062 70.98417658721557
      vertex 8.737509194107064 -4.724855344816972 70.98777675268732
    endloop
  endfacet
  facet normal 0.12450379909128483 -0.17136477809925874 -0.9773090180893803
    outer loop
      vertex 3.8714644694778375 -0.7420310723597299 69.66950706666609
      vertex 8.957374669289038 -4.490384215740644 70.97467341912686
      vertex 8.74561794919602 -4.698431916112062 70.98417658721557
    endloop
  endfacet
  facet normal 0.895488036098088 0.33019150619044835 -0.2984539268377488
    outer loop
      vertex 6.50770187294012 -4.422490792970862 73.54960199565237
      vertex 6.381006144142947 -3.8724828207470225 73.77795701220337
      vertex 6.410717905231397 -3.9107179052313983 73.82480386256664
    endloop
  endfacet
  facet normal 0.8954880360980978 0.3301915061904397 -0.2984539268377292
    outer loop
      vertex 6.50770187294012 -4.422490792970862 73.54960199565237
      vertex 6.410717905231397 -3.9107179052313983 73.82480386256664
      vertex 6.690584846031611 -4.259311972504908 74.27885953038687
    endloop
  endfacet
  facet normal -0.4110330022499296 -0.4287091133116176 0.8045249326310379
    outer loop
      vertex 6.50770187294012 -4.422490792970862 73.54960199565237
      vertex 7.079682718386566 -4.376151413150091 73.86652084828985
      vertex 6.381006144142947 -3.8724828207470225 73.77795701220337
    endloop
  endfacet
  facet normal -0.41103300224993167 -0.4287091133116102 0.8045249326310406
    outer loop
      vertex 7.192692160152851 -4.88742860541995 73.65181204982196
      vertex 7.079682718386566 -4.376151413150091 73.86652084828985
      vertex 6.50770187294012 -4.422490792970862 73.54960199565237
    endloop
  endfacet
  facet normal -0.4110330022499434 -0.4287091133116401 0.8045249326310189
    outer loop
      vertex 6.381006144142947 -3.8724828207470225 73.77795701220337
      vertex 7.079682718386566 -4.376151413150091 73.86652084828985
      vertex 6.963680548746216 -3.6939387677032696 74.1707874388406
    endloop
  endfacet
  facet normal -0.41103300224989703 -0.42870911331164224 0.8045249326310412
    outer loop
      vertex 7.079682718386566 -4.376151413150091 73.86652084828985
      vertex 7.09424059190285 -3.7871710670322556 74.1878098449585
      vertex 6.963680548746216 -3.6939387677032696 74.1707874388406
    endloop
  endfacet
  facet normal -0.16712882476478513 -0.05430344697436651 0.9844384651055869
    outer loop
      vertex 6.963680548746216 -3.6939387677032696 74.1707874388406
      vertex 7.09424059190285 -3.7871710670322556 74.1878098449585
      vertex 7.18737720805367 -3.601818742305944 74.2138460922667
    endloop
  endfacet
  facet normal -0.16712882476480084 -0.05430344697432808 0.9844384651055864
    outer loop
      vertex 6.963680548746216 -3.6939387677032696 74.1707874388406
      vertex 7.18737720805367 -3.601818742305944 74.2138460922667
      vertex 7.1036334544468485 -3.5412940703150744 74.20296750799231
    endloop
  endfacet
  facet normal -0.10456144828329518 0.03397407401387297 0.9939379587417918
    outer loop
      vertex 7.1036334544468485 -3.5412940703150744 74.20296750799231
      vertex 7.18737720805367 -3.601818742305944 74.2138460922667
      vertex 7.362326534072401 -3.3242471979987025 74.2227628648241
    endloop
  endfacet
  facet normal -0.10456144828337163 0.03397407401396517 0.9939379587417806
    outer loop
      vertex 7.1036334544468485 -3.5412940703150744 74.20296750799231
      vertex 7.362326534072401 -3.3242471979987025 74.2227628648241
      vertex 7.294847474153894 -3.2745365886259936 74.21396495135367
    endloop
  endfacet
  facet normal -0.06434909448612373 0.08856893024936871 0.9939893050899986
    outer loop
      vertex 7.362326534072401 -3.3242471979987025 74.2227628648241
      vertex 7.554219453790307 -3.057144213397271 74.21138558950283
      vertex 7.294847474153894 -3.2745365886259936 74.21396495135367
    endloop
  endfacet
  facet normal 0.2023051937657976 -0.0657329421046855 -0.9771140101838912
    outer loop
      vertex 4.1165565867790805 -0.5106696497267904 69.70468754808753
      vertex 9.177361481715545 -4.258703785419121 71.00463454760893
      vertex 8.957374669289038 -4.490384215740644 70.97467341912686
    endloop
  endfacet
  facet normal 0.3208417720406662 0.10424781111025941 -0.9413782189919866
    outer loop
      vertex 4.203924007023109 -0.238070663943668 69.75482414559816
      vertex 9.300391654121984 -4.113011156235138 71.06269979185817
      vertex 9.177361481715545 -4.258703785419121 71.00463454760893
    endloop
  endfacet
  facet normal -0.06434909448602774 0.08856893024925436 0.993989305090015
    outer loop
      vertex 7.294847474153894 -3.2745365886259936 74.21396495135367
      vertex 7.554219453790307 -3.057144213397271 74.21138558950283
      vertex 7.467206160438768 -2.9918080906701023 74.1999307608908
    endloop
  endfacet
  facet normal 4.601990900397407e-14 0.17268760649851345 0.984976644678347
    outer loop
      vertex 7.467206160438768 -2.9918080906701023 74.1999307608908
      vertex 7.554219453790307 -3.057144213397271 74.21138558950283
      vertex 7.692031382963044 -2.899642071438207 74.18377207393344
    endloop
  endfacet
  facet normal 1.7410268978037608e-14 0.17268760649858111 0.9849766446783351
    outer loop
      vertex 7.467206160438768 -2.9918080906701023 74.1999307608908
      vertex 7.692031382963044 -2.899642071438207 74.18377207393344
      vertex 7.557056354539934 -2.7970627694037375 74.16578771436478
    endloop
  endfacet
  facet normal 0.28836011595701233 0.5203499129128998 0.8037937618921884
    outer loop
      vertex 7.557056354539934 -2.7970627694037375 74.16578771436478
      vertex 7.692031382963044 -2.899642071438207 74.18377207393344
      vertex 7.840021549327756 -2.8400215493277567 74.09208438174741
    endloop
  endfacet
  facet normal 0.4729674969331493 0.349006631407906 -0.8090093436284266
    outer loop
      vertex 4.994585976369028 0.402545424220604 70.49342708043912
      vertex 9.6297333123425 -3.6266284770580977 71.46506681360249
      vertex 9.300391654121984 -4.113011156235138 71.06269979185817
    endloop
  endfacet
  facet normal 0.4729674969331712 0.3490066314079372 -0.8090093436284003
    outer loop
      vertex 4.994585976369028 0.402545424220604 70.49342708043912
      vertex 9.877650122996926 -3.503627638501331 71.66306786633385
      vertex 9.6297333123425 -3.6266284770580977 71.46506681360249
    endloop
  endfacet
  facet normal 0.5670011652979016 0.7687488162102445 0.2958630360930028
    outer loop
      vertex 9.411264473980141 -2.9330276449284884 73.1232
      vertex 9.688125232521877 -3.1372300702308156 73.1232
      vertex 6.294088065324687 -0.1654195873500677 71.90590443443512
    endloop
  endfacet
  facet normal 0.6385085839993866 0.7074766956681586 -0.30295793973019064
    outer loop
      vertex 9.877650122996926 -3.503627638501331 71.66306786633385
      vertex 6.294088065324687 -0.1654195873500677 71.90590443443512
      vertex 9.998722444631927 -3.187072144067401 72.65746778902509
    endloop
  endfacet
  facet normal 0.5670011652979039 0.7687488162102449 0.295863036092997
    outer loop
      vertex 6.294088065324687 -0.1654195873500677 71.90590443443512
      vertex 9.688125232521877 -3.1372300702308156 73.1232
      vertex 9.998722444631927 -3.187072144067401 72.65746778902509
    endloop
  endfacet
  facet normal 0.28836011595701155 0.5203499129129525 0.8037937618921545
    outer loop
      vertex 7.557056354539934 -2.7970627694037375 74.16578771436478
      vertex 7.840021549327756 -2.8400215493277567 74.09208438174741
      vertex 8.813480939798552 -2.704786853478996 73.65531037133849
    endloop
  endfacet
  facet normal 0.2883601159570264 0.5203499129129021 0.8037937618921819
    outer loop
      vertex 7.557056354539934 -2.7970627694037375 74.16578771436478
      vertex 8.813480939798552 -2.704786853478996 73.65531037133849
      vertex 7.479472662712761 -1.6401979511766531 73.44470415720905
    endloop
  endfacet
  facet normal 0.567001165297901 0.7687488162102434 0.2958630360930066
    outer loop
      vertex 7.317917901253512 -1.4098604994724178 73.1772689582583
      vertex 7.4002185123679105 -1.5218235229732318 73.31046200558642
      vertex 8.927389925431909 -2.7434736296975335 73.55798904890207
    endloop
  endfacet
  facet normal 0.5519102801113414 0.7596393312674292 0.344010361906431
    outer loop
      vertex 7.479472662712761 -1.6401979511766531 73.44470415720905
      vertex 8.927389925431909 -2.7434736296975335 73.55798904890207
      vertex 7.4002185123679105 -1.5218235229732318 73.31046200558642
    endloop
  endfacet
  facet normal 0.5519102801113445 0.7596393312674322 0.3440103619064193
    outer loop
      vertex 7.479472662712761 -1.6401979511766531 73.44470415720905
      vertex 8.813480939798552 -2.704786853478996 73.65531037133849
      vertex 8.927389925431909 -2.7434736296975335 73.55798904890207
    endloop
  endfacet
  facet normal 0.5670011652979071 0.7687488162102457 0.29586303609298903
    outer loop
      vertex 7.317917901253512 -1.4098604994724178 73.1772689582583
      vertex 8.927389925431909 -2.7434736296975335 73.55798904890207
      vertex 9.411264473980141 -2.9330276449284884 73.1232
    endloop
  endfacet
  facet normal 0.4729674969331497 0.3490066314079064 -0.809009343628426
    outer loop
      vertex 4.864047550718821 0.31652088267749073 70.38
      vertex 4.994585976369028 0.402545424220604 70.49342708043912
      vertex 9.300391654121984 -4.113011156235138 71.06269979185817
    endloop
  endfacet
  facet normal 0.6385085839993869 0.7074766956681589 -0.3029579397301897
    outer loop
      vertex 4.994585976369028 0.402545424220604 70.49342708043912
      vertex 6.294088065324687 -0.1654195873500677 71.90590443443512
      vertex 9.877650122996926 -3.503627638501331 71.66306786633385
    endloop
  endfacet
  facet normal 0.5670011652979068 0.7687488162102452 0.29586303609299086
    outer loop
      vertex 7.317917901253512 -1.4098604994724178 73.1772689582583
      vertex 9.411264473980141 -2.9330276449284884 73.1232
      vertex 6.294088065324687 -0.1654195873500677 71.90590443443512
    endloop
  endfacet
  facet normal 0.2523168467872539 0.7210801200313092 0.6452748788872618
    outer loop
      vertex 1.2190800756715143 5.341138794564916 7.70765161098297
      vertex 1.3952962010355021 5.319446192681545 7.6629881751697635
      vertex 2.336469806541302 10.236743077909148 1.8
    endloop
  endfacet
  facet normal 0.25231684678725624 0.7210801200313084 0.6452748788872615
    outer loop
      vertex 1.3952962010355021 5.319446192681545 7.6629881751697635
      vertex 1.5335554694129607 5.281717860405787 7.651086282625345
      vertex 2.336469806541302 10.236743077909148 1.8
    endloop
  endfacet
  facet normal 0.25231684678725486 0.7210801200313087 0.6452748788872618
    outer loop
      vertex 2.3978917456601625 4.9792735165275195 7.651086282625345
      vertex 2.336469806541302 10.236743077909148 1.8
      vertex 1.5335554694129607 5.281717860405787 7.651086282625345
    endloop
  endfacet
  facet normal 0.40644615841329734 0.6468553555379303 0.6452748788872619
    outer loop
      vertex 2.589590282013264 4.908602778174089 7.601182917185235
      vertex 4.232279058663949 7.330522361415742 4.138633437972163
      vertex 4.091370151895996 7.575225094289659 3.982087146248543
    endloop
  endfacet
  facet normal 0.406446158413299 0.6468553555379294 0.6452748788872618
    outer loop
      vertex 2.589590282013264 4.908602778174089 7.601182917185235
      vertex 4.091370151895996 7.575225094289659 3.982087146248543
      vertex 4.050313506069017 8.215138359643705 3.366467323134801
    endloop
  endfacet
  facet normal 0.4064461584132996 0.6468553555379295 0.6452748788872614
    outer loop
      vertex 3.472211290071924 4.354015241734842 7.601182917185235
      vertex 4.493564861652604 7.296146084929692 4.008515041810504
      vertex 4.232279058663949 7.330522361415742 4.138633437972163
    endloop
  endfacet
  facet normal 0.40644615841329546 0.6468553555379316 0.6452748788872619
    outer loop
      vertex 3.472211290071924 4.354015241734842 7.601182917185235
      vertex 5.0326311114357 7.527936029489762 3.4366099740206284
      vertex 4.493564861652604 7.296146084929692 4.008515041810504
    endloop
  endfacet
  facet normal 0.5401945624851426 0.540194562485143 0.6452748788872616
    outer loop
      vertex 4.36740842177103 3.482891994743295 7.581029363959448
      vertex 6.546642919516701 8.209230565914313 1.8
      vertex 3.542956441728683 4.307343974785641 7.581029363959448
    endloop
  endfacet
  facet normal 0.6468553555379308 0.4064461584132969 0.6452748788872615
    outer loop
      vertex 4.436785958912685 3.410039808829677 7.557370081912336
      vertex 8.209230565914313 6.546642919516701 1.8
      vertex 4.36740842177103 3.482891994743295 7.581029363959448
    endloop
  endfacet
  facet normal 0.5401945624851465 0.5401945624851396 0.6452748788872613
    outer loop
      vertex 3.542956441728683 4.307343974785641 7.581029363959448
      vertex 6.546642919516701 8.209230565914313 1.8
      vertex 3.472211290071924 4.354015241734842 7.601182917185235
    endloop
  endfacet
  facet normal 0.4064461584132974 0.6468553555379306 0.6452748788872615
    outer loop
      vertex 3.472211290071924 4.354015241734842 7.601182917185235
      vertex 6.546642919516701 8.209230565914313 1.8
      vertex 5.573153665485208 7.94038765401969 2.68268343236509
    endloop
  endfacet
  facet normal 0.4064461584132974 0.6468553555379308 0.6452748788872613
    outer loop
      vertex 3.472211290071924 4.354015241734842 7.601182917185235
      vertex 5.573153665485208 7.94038765401969 2.68268343236509
      vertex 5.0326311114357 7.527936029489762 3.4366099740206284
    endloop
  endfacet
  facet normal 0.40644615841329695 0.6468553555379307 0.6452748788872618
    outer loop
      vertex 2.589590282013264 4.908602778174089 7.601182917185235
      vertex 3.472211290071924 4.354015241734842 7.601182917185235
      vertex 4.232279058663949 7.330522361415742 4.138633437972163
    endloop
  endfacet
  facet normal 0.4064461584132975 0.6468553555379304 0.6452748788872618
    outer loop
      vertex 2.3978917456601625 4.9792735165275195 7.651086282625345
      vertex 2.589590282013264 4.908602778174089 7.601182917185235
      vertex 4.050313506069017 8.215138359643705 3.366467323134801
    endloop
  endfacet
  facet normal -0.11196123222851688 0.9936834197081847 -0.00761208742196092
    outer loop
      vertex -0.8185717838121849 5.322953217368384 7.782136344976729
      vertex 4 6.056888470414087 32.71696001056941
      vertex 0 5.415184106769781 7.782136344976729
    endloop
  endfacet
  facet normal 0.258423648806073 0.9644501872215882 -0.05525444874396014
    outer loop
      vertex 1.3952962010355021 5.319446192681545 7.6629881751697635
      vertex 4 6.056888470414087 32.71696001056941
      vertex 1.5335554694129607 5.281717860405787 7.651086282625345
    endloop
  endfacet
  facet normal 0.11187099459458744 0.9928825385560036 -0.040855173466819675
    outer loop
      vertex 1.2190800756715143 5.341138794564916 7.70765161098297
      vertex 4 6.056888470414087 32.71696001056941
      vertex 1.3952962010355021 5.319446192681545 7.6629881751697635
    endloop
  endfacet
  facet normal -0.11196123222851632 0.9936834197081849 -0.007612087421961011
    outer loop
      vertex 0 5.415184106769781 7.782136344976729
      vertex 4 6.056888470414087 32.71696001056941
      vertex 0.28348693318025486 5.44655482447979 7.70765161098297
    endloop
  endfacet
  facet normal 0.11187099459459063 0.9928825385560031 -0.040855173466820015
    outer loop
      vertex 0.28348693318025486 5.44655482447979 7.70765161098297
      vertex 4 6.056888470414087 32.71696001056941
      vertex 1.2190800756715143 5.341138794564916 7.70765161098297
    endloop
  endfacet
  facet normal -0.15057721260433168 0.988598251588738 3.530558669465271e-17
    outer loop
      vertex -0.8185717838121849 5.322953217368384 7.782136344976729
      vertex -1.2016130433640984 5.264610725781848 15.8
      vertex 4 6.056888470414087 32.71696001056941
    endloop
  endfacet
  facet normal 0.9378573511082748 0.32817048063620563 -0.1128172177071042
    outer loop
      vertex 5.4119000225260265 1.3867650359593129 7.56300898155631
      vertex 5.046725186824778 2.4303747580714963 7.56300898155631
      vertex 7.513368475698793 4.0284442352070435 32.71696001056941
    endloop
  endfacet
  facet normal 0.8410247738083569 0.5284508901693318 -0.1158317163813214
    outer loop
      vertex 4.436785958912685 3.410039808829677 7.557370081912336
      vertex 7.513368475698793 4.0284442352070435 32.71696001056941
      vertex 5.038124962731572 2.4530142666702774 7.557370081912336
    endloop
  endfacet
  facet normal 0.9378573511082737 0.3281704806362086 -0.11281721770710429
    outer loop
      vertex 5.046725186824778 2.4303747580714963 7.56300898155631
      vertex 5.038124962731572 2.4530142666702774 7.557370081912336
      vertex 7.513368475698793 4.0284442352070435 32.71696001056941
    endloop
  endfacet
  facet normal 0.7033245479287865 0.7033245479287866 -0.10329162870986162
    outer loop
      vertex 4.436785958912685 3.410039808829677 7.557370081912336
      vertex 4.36740842177103 3.482891994743295 7.581029363959448
      vertex 7.513368475698793 4.0284442352070435 32.71696001056941
    endloop
  endfacet
  facet normal 0.32951921609310203 0.9417118155942293 -0.06779338165048009
    outer loop
      vertex 2.3978917456601625 4.9792735165275195 7.651086282625345
      vertex 1.5335554694129607 5.281717860405787 7.651086282625345
      vertex 6.0284442352070435 5.513368475698793 32.71696001056941
    endloop
  endfacet
  facet normal 0.5297346663921676 0.8430678919627776 -0.09283163665376673
    outer loop
      vertex 3.542956441728683 4.307343974785641 7.581029363959448
      vertex 3.472211290071924 4.354015241734842 7.601182917185235
      vertex 6.0284442352070435 5.513368475698793 32.71696001056941
    endloop
  endfacet
  facet normal 0.3295192160931024 0.9417118155942292 -0.06779338165048014
    outer loop
      vertex 2.3978917456601625 4.9792735165275195 7.651086282625345
      vertex 6.0284442352070435 5.513368475698793 32.71696001056941
      vertex 2.589590282013264 4.908602778174089 7.601182917185235
    endloop
  endfacet
  facet normal 0.5297346663921619 0.8430678919627814 -0.09283163665376633
    outer loop
      vertex 2.589590282013264 4.908602778174089 7.601182917185235
      vertex 6.0284442352070435 5.513368475698793 32.71696001056941
      vertex 3.472211290071924 4.354015241734842 7.601182917185235
    endloop
  endfacet
  facet normal 0.7033245479287864 0.7033245479287868 -0.10329162870986164
    outer loop
      vertex 4.36740842177103 3.482891994743295 7.581029363959448
      vertex 3.542956441728683 4.307343974785641 7.581029363959448
      vertex 6.0284442352070435 5.513368475698793 32.71696001056941
    endloop
  endfacet
  facet normal -0.08553531487990083 0.7591469163379551 0.6452748788872616
    outer loop
      vertex -0.8185717838121849 5.322953217368384 7.782136344976729
      vertex 0 5.415184106769781 7.782136344976729
      vertex 0 10.5 1.8
    endloop
  endfacet
  facet normal 0.08553531487990113 0.7591469163379551 0.6452748788872616
    outer loop
      vertex 0 5.415184106769781 7.782136344976729
      vertex 0.28348693318025486 5.44655482447979 7.70765161098297
      vertex 0 10.5 1.8
    endloop
  endfacet
  facet normal 0.08553531487990133 0.759146916337955 0.6452748788872615
    outer loop
      vertex 0.28348693318025486 5.44655482447979 7.70765161098297
      vertex 1.2190800756715143 5.341138794564916 7.70765161098297
      vertex 0 10.5 1.8
    endloop
  endfacet
  facet normal 0.08553531487990097 0.7591469163379548 0.6452748788872616
    outer loop
      vertex 1.2190800756715143 5.341138794564916 7.70765161098297
      vertex 2.336469806541302 10.236743077909148 1.8
      vertex 0 10.5 1.8
    endloop
  endfacet
  facet normal 0.4064461584132906 0.6468553555379346 0.6452748788872616
    outer loop
      vertex 2.3978917456601625 4.9792735165275195 7.651086282625345
      vertex 4.050313506069017 8.215138359643705 3.366467323134801
      vertex 4.0931570988455155 8.499528295284668 3.0543944791177955
    endloop
  endfacet
  facet normal 0.2523168467872545 0.721080120031309 0.6452748788872618
    outer loop
      vertex 2.3978917456601625 4.9792735165275195 7.651086282625345
      vertex 4.0931570988455155 8.499528295284668 3.0543944791177955
      vertex 2.336469806541302 10.236743077909148 1.8
    endloop
  endfacet
  facet normal -0.25344090841270883 0.6621655774602208 0.7051981664537376
    outer loop
      vertex 4.091370151895996 7.575225094289659 3.982087146248543
      vertex 4.650954239458713 8.596885146566553 3.223879532511287
      vertex 4.050313506069017 8.215138359643705 3.366467323134801
    endloop
  endfacet
  facet normal 0.07472187419675377 0.5675689832405301 0.8199281009819309
    outer loop
      vertex 4.232279058663949 7.330522361415742 4.138633437972163
      vertex 4.650954239458713 8.596885146566553 3.223879532511287
      vertex 4.091370151895996 7.575225094289659 3.982087146248543
    endloop
  endfacet
  facet normal 0.2523168467872565 0.7210801200313096 0.6452748788872601
    outer loop
      vertex 4.0931570988455155 8.499528295284668 3.0543944791177955
      vertex 4.122742262918833 8.821810048598925 2.68268343236509
      vertex 2.336469806541302 10.236743077909148 1.8
    endloop
  endfacet
  facet normal 0.2523168467872541 0.7210801200313082 0.6452748788872626
    outer loop
      vertex 4.122742262918833 8.821810048598925 2.68268343236509
      vertex 4.321985038004599 8.974694407082056 2.4339302489194465
      vertex 2.336469806541302 10.236743077909148 1.8
    endloop
  endfacet
  facet normal -0.5128814148246913 0.6684000730582289 0.5386965719801615
    outer loop
      vertex 4.0931570988455155 8.499528295284668 3.0543944791177955
      vertex 4.510882381605666 9.11964043678469 2.68268343236509
      vertex 4.122742262918833 8.821810048598925 2.68268343236509
    endloop
  endfacet
  facet normal 0.4064461584132981 0.6468553555379304 0.6452748788872614
    outer loop
      vertex 4.321985038004599 8.974694407082056 2.4339302489194465
      vertex 4.510882381605666 9.11964043678469 2.1696464207432777
      vertex 4.555779260734359 9.4601731129754 1.8
    endloop
  endfacet
  facet normal -0.6087614290087232 0.7933533402912332 0
    outer loop
      vertex 4.122742262918833 8.821810048598925 2.68268343236509
      vertex 4.510882381605666 9.11964043678469 2.68268343236509
      vertex 4.321985038004599 8.974694407082056 2.4339302489194465
    endloop
  endfacet
  facet normal -0.6087614290087233 0.7933533402912332 0
    outer loop
      vertex 4.321985038004599 8.974694407082056 2.4339302489194465
      vertex 4.510882381605666 9.11964043678469 2.68268343236509
      vertex 4.510882381605666 9.11964043678469 2.1696464207432777
    endloop
  endfacet
  facet normal 0.25231684678725497 0.721080120031309 0.6452748788872614
    outer loop
      vertex 4.321985038004599 8.974694407082056 2.4339302489194465
      vertex 4.555779260734359 9.4601731129754 1.8
      vertex 2.336469806541302 10.236743077909148 1.8
    endloop
  endfacet
  facet normal -0.512881414824689 0.6684000730582287 0.538696571980164
    outer loop
      vertex 4.050313506069017 8.215138359643705 3.366467323134801
      vertex 4.510882381605666 9.11964043678469 2.68268343236509
      vertex 4.0931570988455155 8.499528295284668 3.0543944791177955
    endloop
  endfacet
  facet normal -0.25344090841270955 0.6621655774602214 0.7051981664537366
    outer loop
      vertex 4.050313506069017 8.215138359643705 3.366467323134801
      vertex 4.650954239458713 8.596885146566553 3.223879532511287
      vertex 4.510882381605666 9.11964043678469 2.68268343236509
    endloop
  endfacet
  facet normal 0.9914448613738104 -0.1305261922200517 0
    outer loop
      vertex 5.573153665485208 7.94038765401969 2.68268343236509
      vertex 5.642399100832523 8.466358954346502 2.1118075069060733
      vertex 5.642399100832523 8.466358954346502 2.68268343236509
    endloop
  endfacet
  facet normal 0.4064461584132972 0.6468553555379313 0.6452748788872609
    outer loop
      vertex 5.642399100832523 8.466358954346502 2.1118075069060733
      vertex 6.546642919516701 8.209230565914313 1.8
      vertex 5.354918862144253 8.8410104955955 1.9173165676349102
    endloop
  endfacet
  facet normal 0.40644615841329723 0.6468553555379309 0.6452748788872613
    outer loop
      vertex 5.573153665485208 7.94038765401969 2.68268343236509
      vertex 6.546642919516701 8.209230565914313 1.8
      vertex 5.642399100832523 8.466358954346502 2.1118075069060733
    endloop
  endfacet
  facet normal 0.7001726657984997 0.11159652368649706 0.7051981664537363
    outer loop
      vertex 4.493564861652604 7.296146084929692 4.008515041810504
      vertex 5.0326311114357 7.527936029489762 3.4366099740206284
      vertex 5.119643810614386 8.326287096493456 3.223879532511287
    endloop
  endfacet
  facet normal 0.4541682207880258 0.3484955328930392 0.819928100981931
    outer loop
      vertex 4.232279058663949 7.330522361415742 4.138633437972163
      vertex 4.493564861652604 7.296146084929692 4.008515041810504
      vertex 4.941341716182545 8.558654909987759 3.223879532511287
    endloop
  endfacet
  facet normal 0.4541682207880241 0.3484955328930401 0.8199281009819316
    outer loop
      vertex 4.493564861652604 7.296146084929692 4.008515041810504
      vertex 5.119643810614386 8.326287096493456 3.223879532511287
      vertex 4.941341716182545 8.558654909987759 3.223879532511287
    endloop
  endfacet
  facet normal 0.07472187419675459 0.5675689832405296 0.819928100981931
    outer loop
      vertex 4.232279058663949 7.330522361415742 4.138633437972163
      vertex 4.941341716182545 8.558654909987759 3.223879532511287
      vertex 4.650954239458713 8.596885146566553 3.223879532511287
    endloop
  endfacet
  facet normal 0.7001726657985001 0.11159652368649695 0.7051981664537358
    outer loop
      vertex 5.0326311114357 7.527936029489762 3.4366099740206284
      vertex 5.642399100832523 8.466358954346502 2.68268343236509
      vertex 5.119643810614386 8.326287096493456 3.223879532511287
    endloop
  endfacet
  facet normal 0.8352921505721446 -0.10996829783797003 0.5386965719801653
    outer loop
      vertex 5.0326311114357 7.527936029489762 3.4366099740206284
      vertex 5.573153665485208 7.94038765401969 2.68268343236509
      vertex 5.642399100832523 8.466358954346502 2.68268343236509
    endloop
  endfacet
  facet normal 0.4064461584132977 0.6468553555379304 0.6452748788872614
    outer loop
      vertex 4.510882381605666 9.11964043678469 2.1696464207432777
      vertex 5.01766480451047 9.05292126507588 1.9173165676349102
      vertex 4.555779260734359 9.4601731129754 1.8
    endloop
  endfacet
  facet normal 0.09587273539834505 0.7282257242001784 0.6785983445458474
    outer loop
      vertex 4.510882381605666 9.11964043678469 2.68268343236509
      vertex 4.650954239458713 8.596885146566553 3.223879532511287
      vertex 5.211939766255643 9.027344481143432 2.68268343236509
    endloop
  endfacet
  facet normal 0.13052619222005354 0.99144486137381 0
    outer loop
      vertex 4.510882381605666 9.11964043678469 2.1696464207432777
      vertex 4.510882381605666 9.11964043678469 2.68268343236509
      vertex 5.211939766255643 9.027344481143432 1.9173165676349102
    endloop
  endfacet
  facet normal 0.13052619222005624 0.9914448613738097 7.437880832519509e-15
    outer loop
      vertex 4.510882381605666 9.11964043678469 2.1696464207432777
      vertex 5.211939766255643 9.027344481143432 1.9173165676349102
      vertex 5.01766480451047 9.05292126507588 1.9173165676349102
    endloop
  endfacet
  facet normal 0.4064461584133007 0.6468553555379327 0.6452748788872573
    outer loop
      vertex 5.01766480451047 9.05292126507588 1.9173165676349102
      vertex 5.189785217629816 8.988971677304743 1.8730074703832555
      vertex 4.555779260734359 9.4601731129754 1.8
    endloop
  endfacet
  facet normal 0.09587273539834638 0.7282257242001733 -0.6785983445458527
    outer loop
      vertex 5.01766480451047 9.05292126507588 1.9173165676349102
      vertex 5.211939766255643 9.027344481143432 1.9173165676349102
      vertex 5.189785217629816 8.988971677304743 1.8730074703832555
    endloop
  endfacet
  facet normal 0.5827256091475023 0.44714108648535844 -0.678598344545848
    outer loop
      vertex 5.189785217629816 8.988971677304743 1.8730074703832555
      vertex 5.211939766255643 9.027344481143432 1.9173165676349102
      vertex 5.354918862144253 8.8410104955955 1.9173165676349102
    endloop
  endfacet
  facet normal 0.13052619222005357 0.9914448613738103 0
    outer loop
      vertex 4.510882381605666 9.11964043678469 2.68268343236509
      vertex 5.211939766255643 9.027344481143432 2.68268343236509
      vertex 5.211939766255643 9.027344481143432 1.9173165676349102
    endloop
  endfacet
  facet normal 0.7933533402912347 0.6087614290087212 -2.126637611173619e-15
    outer loop
      vertex 5.211939766255643 9.027344481143432 1.9173165676349102
      vertex 5.642399100832523 8.466358954346502 2.1118075069060733
      vertex 5.354918862144253 8.8410104955955 1.9173165676349102
    endloop
  endfacet
  facet normal 0.4064461584132978 0.6468553555379327 0.6452748788872594
    outer loop
      vertex 5.189785217629816 8.988971677304743 1.8730074703832555
      vertex 5.354918862144253 8.8410104955955 1.9173165676349102
      vertex 6.546642919516701 8.209230565914313 1.8
    endloop
  endfacet
  facet normal 0.7933533402912343 0.6087614290087217 0
    outer loop
      vertex 5.211939766255643 9.027344481143432 1.9173165676349102
      vertex 5.642399100832523 8.466358954346502 2.68268343236509
      vertex 5.642399100832523 8.466358954346502 2.1118075069060733
    endloop
  endfacet
  facet normal 0.582725609147503 0.44714108648535966 0.6785983445458464
    outer loop
      vertex 5.119643810614386 8.326287096493456 3.223879532511287
      vertex 5.642399100832523 8.466358954346502 2.68268343236509
      vertex 5.211939766255643 9.027344481143432 2.68268343236509
    endloop
  endfacet
  facet normal 0.7933533402912344 0.6087614290087217 0
    outer loop
      vertex 5.211939766255643 9.027344481143432 1.9173165676349102
      vertex 5.211939766255643 9.027344481143432 2.68268343236509
      vertex 5.642399100832523 8.466358954346502 2.68268343236509
    endloop
  endfacet
  facet normal 0.40644615841329446 0.646855355537926 0.6452748788872682
    outer loop
      vertex 5.189785217629816 8.988971677304743 1.8730074703832555
      vertex 6.546642919516701 8.209230565914313 1.8
      vertex 4.555779260734359 9.4601731129754 1.8
    endloop
  endfacet
  facet normal 0.0958727353983437 0.728225724200179 0.6785983445458468
    outer loop
      vertex 5.211939766255643 9.027344481143432 2.68268343236509
      vertex 4.650954239458713 8.596885146566553 3.223879532511287
      vertex 4.941341716182545 8.558654909987759 3.223879532511287
    endloop
  endfacet
  facet normal 0.5827256091475019 0.4471410864853602 0.6785983445458471
    outer loop
      vertex 5.119643810614386 8.326287096493456 3.223879532511287
      vertex 5.211939766255643 9.027344481143432 2.68268343236509
      vertex 4.941341716182545 8.558654909987759 3.223879532511287
    endloop
  endfacet
  facet normal 0.7210801200313125 0.25231684678724264 0.6452748788872624
    outer loop
      vertex 5.450039460086471 1.2439359419335532 7.576238376809955
      vertex 10.236743077909148 2.336469806541301 1.8
      vertex 5.448619156431566 1.254225979603765 7.573801900232684
    endloop
  endfacet
  facet normal 0.7210801200313094 0.25231684678725297 0.6452748788872616
    outer loop
      vertex 5.448619156431566 1.254225979603765 7.573801900232684
      vertex 10.236743077909148 2.336469806541301 1.8
      vertex 5.4119000225260265 1.3867650359593129 7.56300898155631
    endloop
  endfacet
  facet normal 0.6468553555379261 0.40644615841330545 0.6452748788872612
    outer loop
      vertex 5.046725186824778 2.4303747580714963 7.56300898155631
      vertex 9.4601731129754 4.555779260734361 1.8
      vertex 5.038124962731572 2.4530142666702774 7.557370081912336
    endloop
  endfacet
  facet normal 0.7210801200313087 0.252316846787255 0.6452748788872616
    outer loop
      vertex 5.4119000225260265 1.3867650359593129 7.56300898155631
      vertex 9.4601731129754 4.555779260734361 1.8
      vertex 5.046725186824778 2.4303747580714963 7.56300898155631
    endloop
  endfacet
  facet normal 0.6468553555379305 0.40644615841329734 0.6452748788872618
    outer loop
      vertex 4.436785958912685 3.410039808829677 7.557370081912336
      vertex 5.038124962731572 2.4530142666702774 7.557370081912336
      vertex 9.4601731129754 4.555779260734361 1.8
    endloop
  endfacet
  facet normal 0.759146916337955 0.08553531487990043 0.6452748788872616
    outer loop
      vertex 5.450039460086471 1.2439359419335532 7.576238376809955
      vertex 9.652751890989162 0.8606076275854392 2.68268343236509
      vertex 10.236743077909148 2.336469806541301 1.8
    endloop
  endfacet
  facet normal 0.721080120031309 0.2523168467872547 0.6452748788872615
    outer loop
      vertex 5.4119000225260265 1.3867650359593129 7.56300898155631
      vertex 10.236743077909148 2.336469806541301 1.8
      vertex 9.4601731129754 4.555779260734361 1.8
    endloop
  endfacet
  facet normal 0.6468553555379303 0.4064461584132977 0.6452748788872615
    outer loop
      vertex 4.436785958912685 3.410039808829677 7.557370081912336
      vertex 9.4601731129754 4.555779260734361 1.8
      vertex 8.209230565914313 6.546642919516701 1.8
    endloop
  endfacet
  facet normal 0.5401945624851429 0.5401945624851429 0.6452748788872615
    outer loop
      vertex 4.36740842177103 3.482891994743295 7.581029363959448
      vertex 8.209230565914313 6.546642919516701 1.8
      vertex 6.546642919516701 8.209230565914313 1.8
    endloop
  endfacet
  facet normal 0.7591469163379546 0.085535314879901 0.6452748788872621
    outer loop
      vertex 10.153281482438189 0.6532814824381883 2.121307496886115
      vertex 10.236743077909148 2.336469806541301 1.8
      vertex 9.652751890989162 0.8606076275854392 2.68268343236509
    endloop
  endfacet
  facet normal 0.9881340675426888 0.11133597040548714 -0.10580815779234326
    outer loop
      vertex 5.450039460086471 1.2439359419335532 7.576238376809955
      vertex 5.448619156431566 1.254225979603765 7.573801900232684
      vertex 8.056888470414087 2 32.71696001056941
    endloop
  endfacet
  facet normal 0.9603537654003048 0.2573260158871965 -0.10725654678889532
    outer loop
      vertex 5.448619156431566 1.254225979603765 7.573801900232684
      vertex 5.4119000225260265 1.3867650359593129 7.56300898155631
      vertex 8.056888470414087 2 32.71696001056941
    endloop
  endfacet
  facet normal -0.928303764178364 0.24873824394236413 -0.2763718643652951
    outer loop
      vertex -0.16402030010956992 2.7299405901353526 33.73376040733744
      vertex -0.4893450801567323 3.0284276616382853 35.095134036188874
      vertex 0.13799702186564589 3.857084580512746 33.73376040733744
    endloop
  endfacet
  facet normal -0.5298192039790911 0.843202432761641 0.09111129721287209
    outer loop
      vertex -2.3429721912348134 4.8652318866730635 15.8
      vertex 1.592723751739665 5.4217205427851765 33.53627148779284
      vertex 1.6541334050241285 5.465684685574398 33.48650094700304
    endloop
  endfacet
  facet normal -0.3299798139737373 0.9430281287111859 0.04255902758918169
    outer loop
      vertex -1.2016130433640984 5.264610725781848 15.8
      vertex 1.6541334050241285 5.465684685574398 33.48650094700304
      vertex 1.7200908203932128 5.4936551047646445 33.37812731452513
    endloop
  endfacet
  facet normal -0.2586992744853778 0.9654788362606468 0.03041877896179257
    outer loop
      vertex -1.2016130433640984 5.264610725781848 15.8
      vertex 1.7200908203932128 5.4936551047646445 33.37812731452513
      vertex 1.8553076621366296 5.53804989711878 33.11901982007975
    endloop
  endfacet
  facet normal -0.2586992744853807 0.965478836260646 0.030418778961793118
    outer loop
      vertex -1.2016130433640984 5.264610725781848 15.8
      vertex 1.8553076621366296 5.53804989711878 33.11901982007975
      vertex 3.517189046217358 5.9833496718995285 33.11901982007975
    endloop
  endfacet
  facet normal -0.15057721260433163 0.988598251588738 4.279398986527507e-17
    outer loop
      vertex -1.2016130433640984 5.264610725781848 15.8
      vertex 3.517189046217358 5.9833496718995285 33.11901982007975
      vertex 4 6.056888470414087 32.71696001056941
    endloop
  endfacet
  facet normal 0.25842364880607005 0.9644501872215889 -0.05525444874395987
    outer loop
      vertex 1.5335554694129607 5.281717860405787 7.651086282625345
      vertex 4 6.056888470414087 32.71696001056941
      vertex 6.0284442352070435 5.513368475698793 32.71696001056941
    endloop
  endfacet
  facet normal 0.7033245479287866 0.7033245479287866 -0.10329162870986162
    outer loop
      vertex 4.36740842177103 3.482891994743295 7.581029363959448
      vertex 6.0284442352070435 5.513368475698793 32.71696001056941
      vertex 7.513368475698793 4.0284442352070435 32.71696001056941
    endloop
  endfacet
  facet normal 0.7071067811865476 0.7071067811865476 0
    outer loop
      vertex 6.0284442352070435 5.513368475698793 32.71696001056941
      vertex 6.0284442352070435 5.513368475698793 34.89103998943058
      vertex 6.118824308874645 5.422988402031192 34.89103998943058
    endloop
  endfacet
  facet normal 0.695346449155311 0.6953464491553109 0.18162222136677353
    outer loop
      vertex 6.017995092808358 5.478793407841858 35.06341660993257
      vertex 6.118824308874645 5.422988402031192 34.89103998943058
      vertex 6.0284442352070435 5.513368475698793 34.89103998943058
    endloop
  endfacet
  facet normal 0.2588190451025209 0.9659258262890684 0
    outer loop
      vertex 4 6.056888470414087 32.71696001056941
      vertex 4 6.056888470414087 34.89103998943058
      vertex 6.0284442352070435 5.513368475698793 34.89103998943058
    endloop
  endfacet
  facet normal 0.2588190451025209 0.9659258262890684 0
    outer loop
      vertex 4 6.056888470414087 32.71696001056941
      vertex 6.0284442352070435 5.513368475698793 34.89103998943058
      vertex 6.0284442352070435 5.513368475698793 32.71696001056941
    endloop
  endfacet
  facet normal -0.6863394650736102 0.6863394650736236 -0.24057488930668236
    outer loop
      vertex -3.5966561798842402 5.836318902183604 49.52393950097963
      vertex 1.6541334050241285 5.465684685574398 33.48650094700304
      vertex 1.592723751739665 5.4217205427851765 33.53627148779284
    endloop
  endfacet
  facet normal -0.6863394650736031 0.6863394650736319 -0.24057488930668003
    outer loop
      vertex -3.5966561798842402 5.836318902183604 49.52393950097963
      vertex 1.7200908203932128 5.4936551047646445 33.37812731452513
      vertex 1.6541334050241285 5.465684685574398 33.48650094700304
    endloop
  endfacet
  facet normal -0.6863394650736224 0.6863394650736104 -0.24057488930668577
    outer loop
      vertex -3.0039828743914416 6.569758757682099 49.92553435948543
      vertex 1.8553076621366296 5.53804989711878 33.11901982007975
      vertex 1.7200908203932128 5.4936551047646445 33.37812731452513
    endloop
  endfacet
  facet normal -0.25652186133778676 0.957352619764757 -0.1329379407293266
    outer loop
      vertex -3.0039828743914416 6.569758757682099 49.92553435948543
      vertex 3.517189046217358 5.9833496718995285 33.11901982007975
      vertex 1.8553076621366296 5.53804989711878 33.11901982007975
    endloop
  endfacet
  facet normal -0.2565218613377867 0.9573526197647569 -0.13293794072932663
    outer loop
      vertex -3.0039828743914416 6.569758757682099 49.92553435948543
      vertex 4 6.056888470414087 32.71696001056941
      vertex 3.517189046217358 5.9833496718995285 33.11901982007975
    endloop
  endfacet
  facet normal 0.18582764846735364 0.9825823553601468 0
    outer loop
      vertex -0.9417557638735863 6.991481736709847 49.827682522635655
      vertex 4 6.056888470414087 34.89103998943058
      vertex 4 6.056888470414087 32.71696001056941
    endloop
  endfacet
  facet normal -0.25652186133778593 0.9573526197647572 -0.13293794072932627
    outer loop
      vertex -3.0039828743914416 6.569758757682099 49.92553435948543
      vertex -1.2262888469067357 7.045293117957209 49.91979246806061
      vertex 4 6.056888470414087 32.71696001056941
    endloop
  endfacet
  facet normal 0.18582764846735186 0.9825823553601472 -6.17941983033292e-16
    outer loop
      vertex -1.2262888469067357 7.045293117957209 49.91979246806061
      vertex -0.9417557638735863 6.991481736709847 49.827682522635655
      vertex 4 6.056888470414087 32.71696001056941
    endloop
  endfacet
  facet normal 0.1858276484673547 0.9825823553601464 2.7604240862560833e-16
    outer loop
      vertex -0.9417557638735863 6.991481736709847 49.827682522635655
      vertex -0.6002643916507495 6.926898306806101 49.795125527600554
      vertex 4 6.056888470414087 34.89103998943058
    endloop
  endfacet
  facet normal 0.2587475980631644 0.9656591823081394 0.02349519356205883
    outer loop
      vertex -0.5604967046543132 6.916371699245272 49.7898189851855
      vertex 4 6.056888470414087 34.89103998943058
      vertex -0.6002643916507495 6.926898306806101 49.795125527600554
    endloop
  endfacet
  facet normal 0.2587475980631646 0.9656591823081394 0.023495193562058946
    outer loop
      vertex -0.5604967046543132 6.916371699245272 49.7898189851855
      vertex -0.056733710820239 6.779771450611646 49.856292996001166
      vertex 5.389085903296074 5.636606956393994 36.86702124976722
    endloop
  endfacet
  facet normal 0.2587475980631644 0.9656591823081395 0.02349519356205881
    outer loop
      vertex 5.389085903296074 5.636606956393994 36.86702124976722
      vertex -0.056733710820239 6.779771450611646 49.856292996001166
      vertex 0.38748231463002974 6.657021671560474 50.009286911592554
    endloop
  endfacet
  facet normal 0.2587475980631641 0.9656591823081395 0.023495193562058748
    outer loop
      vertex 5.389085903296074 5.636606956393994 36.86702124976722
      vertex 0.38748231463002974 6.657021671560474 50.009286911592554
      vertex 0.9844192416212969 6.485621351390863 50.47994900420032
    endloop
  endfacet
  facet normal 0.6953464491553102 0.6953464491553123 0.18162222136677098
    outer loop
      vertex 5.448939049272425 5.329513660899227 37.81358802316376
      vertex 1.1806751259306023 6.238184667924672 50.675896321058666
      vertex 1.4868864980410017 5.845835969491259 51.00567581361034
    endloop
  endfacet
  facet normal 0.6953464491553114 0.695346449155311 0.18162222136677153
    outer loop
      vertex 5.448939049272425 5.329513660899227 37.81358802316376
      vertex 0.9844192416212969 6.485621351390863 50.47994900420032
      vertex 1.1806751259306023 6.238184667924672 50.675896321058666
    endloop
  endfacet
  facet normal 0.9117643528087587 -0.24430652202259054 0.33015161402672405
    outer loop
      vertex 6.410297349786045 1.2206470233387687 38.86164627027071
      vertex 6.391682844716847 2.4338649042955467 39.81081347044704
      vertex 0.5590577291331242 3.953539891283989 57.043036281575446
    endloop
  endfacet
  facet normal 0.9241361448425537 0.24762153370697998 0.29095697592624525
    outer loop
      vertex 6.331865140989417 2.5704942113557565 39.884526580380744
      vertex 0.5590577291331242 3.953539891283989 57.043036281575446
      vertex 6.391682844716847 2.4338649042955467 39.81081347044704
    endloop
  endfacet
  facet normal 0.9241361448425551 0.247621533706973 0.2909569759262463
    outer loop
      vertex 5.960047095457849 3.8999957095767224 39.93400913731003
      vertex -0.06671919246666053 5.689170949501743 57.553501606562115
      vertex 6.331865140989417 2.5704942113557565 39.884526580380744
    endloop
  endfacet
  facet normal 0.9117643528087576 -0.24430652202259456 0.3301516140267242
    outer loop
      vertex 6.677683078310613 0.5773008039979096 37.64715439445757
      vertex 0.5590577291331242 3.953539891283989 57.043036281575446
      vertex 7.1055553324096055 0.17959475945549863 36.17122385627317
    endloop
  endfacet
  facet normal 0.9117643528087573 -0.2443065220225952 0.33015161402672427
    outer loop
      vertex 6.677683078310613 0.5773008039979096 37.64715439445757
      vertex 6.410297349786045 1.2206470233387687 38.86164627027071
      vertex 0.5590577291331242 3.953539891283989 57.043036281575446
    endloop
  endfacet
  facet normal 0.2587475980631649 0.9656591823081392 0.02349519356205898
    outer loop
      vertex -0.5604967046543132 6.916371699245272 49.7898189851855
      vertex 5.073479948441952 5.743242038276495 35.95999049188927
      vertex 4 6.056888470414087 34.89103998943058
    endloop
  endfacet
  facet normal 0.2587475980631635 0.9656591823081397 0.023495193562058408
    outer loop
      vertex 6.0284442352070435 5.513368475698793 34.89103998943058
      vertex 5.073479948441952 5.743242038276495 35.95999049188927
      vertex 5.911514918378583 5.535906996955874 35.25241815141749
    endloop
  endfacet
  facet normal 0.695346449155312 0.69534644915531 0.1816222213667734
    outer loop
      vertex 6.017995092808358 5.478793407841858 35.06341660993257
      vertex 6.0284442352070435 5.513368475698793 34.89103998943058
      vertex 5.911514918378583 5.535906996955874 35.25241815141749
    endloop
  endfacet
  facet normal 0.25874759806316444 0.9656591823081394 0.023495193562059275
    outer loop
      vertex 4 6.056888470414087 34.89103998943058
      vertex 5.073479948441952 5.743242038276495 35.95999049188927
      vertex 6.0284442352070435 5.513368475698793 34.89103998943058
    endloop
  endfacet
  facet normal 0.6953464491553121 0.6953464491553102 0.18162222136677186
    outer loop
      vertex 5.543779349871076 4.889054685143692 39.13680010989839
      vertex 1.4868864980410017 5.845835969491259 51.00567581361034
      vertex 5.903546017238032 4.3811413647224855 39.703984281418286
    endloop
  endfacet
  facet normal 0.6953464491553095 0.695346449155313 0.18162222136677078
    outer loop
      vertex 5.543779349871076 4.889054685143692 39.13680010989839
      vertex 5.448939049272425 5.329513660899227 37.81358802316376
      vertex 1.4868864980410017 5.845835969491259 51.00567581361034
    endloop
  endfacet
  facet normal 0.9241361448425548 0.2476215337069751 0.2909569759262459
    outer loop
      vertex 5.960047095457849 3.8999957095767224 39.93400913731003
      vertex 5.903546017238032 4.3811413647224855 39.703984281418286
      vertex -0.06671919246666053 5.689170949501743 57.553501606562115
    endloop
  endfacet
  facet normal 0.2587475980631633 0.9656591823081399 0.023495193562058262
    outer loop
      vertex -0.5604967046543132 6.916371699245272 49.7898189851855
      vertex 5.389085903296074 5.636606956393994 36.86702124976722
      vertex 5.073479948441952 5.743242038276495 35.95999049188927
    endloop
  endfacet
  facet normal 0.6953464491553134 0.6953464491553089 0.1816222213667724
    outer loop
      vertex 5.389085903296074 5.636606956393994 36.86702124976722
      vertex 0.9844192416212969 6.485621351390863 50.47994900420032
      vertex 5.448939049272425 5.329513660899227 37.81358802316376
    endloop
  endfacet
  facet normal 0.9603537654003041 0.2573260158871995 -0.1072565467888953
    outer loop
      vertex 5.4119000225260265 1.3867650359593129 7.56300898155631
      vertex 7.513368475698793 4.0284442352070435 32.71696001056941
      vertex 8.056888470414087 2 32.71696001056941
    endloop
  endfacet
  facet normal 0.9659258262890682 0.2588190451025209 0
    outer loop
      vertex 7.513368475698793 4.0284442352070435 32.71696001056941
      vertex 7.513368475698793 4.0284442352070435 33.63424851402834
      vertex 7.883891230671483 2.6456344882885716 33.549123113841844
    endloop
  endfacet
  facet normal 0.7071067811865476 0.7071067811865476 0
    outer loop
      vertex 7.513368475698793 4.0284442352070435 32.71696001056941
      vertex 7.437656139024965 4.104156571880871 33.57901931288454
      vertex 7.513368475698793 4.0284442352070435 33.63424851402834
    endloop
  endfacet
  facet normal 0.965925826289068 -0.2588190451025216 0
    outer loop
      vertex 8.056888470414087 2 32.71696001056941
      vertex 8.056888470414087 2 34.122635401433264
      vertex 7.91522376540685 1.4713001232737362 34.16776449535396
    endloop
  endfacet
  facet normal 0.9659258262890682 0.25881904510252096 0
    outer loop
      vertex 8.056888470414087 2 32.71696001056941
      vertex 7.883891230671483 2.6456344882885716 33.549123113841844
      vertex 8.056888470414087 2 34.122635401433264
    endloop
  endfacet
  facet normal 0.9659258262890683 0.2588190451025209 3.176526504809504e-17
    outer loop
      vertex 8.056888470414087 2 32.71696001056941
      vertex 7.513368475698793 4.0284442352070435 32.71696001056941
      vertex 7.883891230671483 2.6456344882885716 33.549123113841844
    endloop
  endfacet
  facet normal 0.7071067811865476 0.7071067811865476 0
    outer loop
      vertex 6.0284442352070435 5.513368475698793 32.71696001056941
      vertex 6.450736178111483 5.091076532794354 33.86579421636037
      vertex 7.513368475698793 4.0284442352070435 32.71696001056941
    endloop
  endfacet
  facet normal 0.7071067811865476 0.7071067811865476 0
    outer loop
      vertex 6.0284442352070435 5.513368475698793 32.71696001056941
      vertex 6.118824308874645 5.422988402031192 34.89103998943058
      vertex 6.450736178111483 5.091076532794354 33.86579421636037
    endloop
  endfacet
  facet normal 0.7071067811865476 0.7071067811865476 0
    outer loop
      vertex 7.513368475698793 4.0284442352070435 32.71696001056941
      vertex 6.450736178111483 5.091076532794354 33.86579421636037
      vertex 7.437656139024965 4.104156571880871 33.57901931288454
    endloop
  endfacet
  facet normal 0.19444696526908153 -0.9315097509763245 0.3073759286828921
    outer loop
      vertex 6.677683078310613 0.5773008039979096 37.64715439445757
      vertex 7.1055553324096055 0.17959475945549863 36.17122385627317
      vertex 13.584745545589302 4.4009118385893915 44.86526557344076
    endloop
  endfacet
  facet normal -2.405292702454189e-16 -0.8836735776599112 0.46810362970792363
    outer loop
      vertex 6.677683078310613 0.5773008039979096 37.64715439445757
      vertex 13.028699245434275 4.689922549465757 45.410852303929275
      vertex 6.410297349786045 1.2206470233387687 38.86164627027071
    endloop
  endfacet
  facet normal -0.4109670964762075 -0.5656476814983789 0.7149466735564436
    outer loop
      vertex 6.410297349786045 1.2206470233387687 38.86164627027071
      vertex 12.285898307638718 5.384799229569925 45.53364277433719
      vertex 6.391682844716847 2.4338649042955467 39.81081347044704
    endloop
  endfacet
  facet normal -0.4109670964762003 -0.5656476814983877 0.7149466735564407
    outer loop
      vertex 6.331865140989417 2.5704942113557565 39.884526580380744
      vertex 6.391682844716847 2.4338649042955467 39.81081347044704
      vertex 12.285898307638718 5.384799229569925 45.53364277433719
    endloop
  endfacet
  facet normal -0.5692190231290315 0.7670111487382795 0.2961141695684553
    outer loop
      vertex 5.543779349871076 4.889054685143692 39.13680010989839
      vertex 12.303092186056782 7.7885131747180925 44.6198624881558
      vertex 5.448939049272425 5.329513660899227 37.81358802316376
    endloop
  endfacet
  facet normal -0.5630527038414501 0.7749755618397846 0.2870270566478752
    outer loop
      vertex 5.073479948441952 5.743242038276495 35.95999049188927
      vertex 5.389085903296074 5.636606956393994 36.86702124976722
      vertex 12.654319356144894 8.315829412417088 43.88509625301284
    endloop
  endfacet
  facet normal -0.014089821746421574 0.9549277898429033 -0.29650361398961406
    outer loop
      vertex 6.017995092808358 5.478793407841858 35.06341660993257
      vertex 5.911514918378583 5.535906996955874 35.25241815141749
      vertex 13.311514550566915 8.11007251048164 43.191199999999995
    endloop
  endfacet
  facet normal -9.038131841426912e-16 0.9513861493611627 -0.3080006409144946
    outer loop
      vertex 6.118824308874645 5.422988402031192 34.89103998943058
      vertex 14.374619972660708 8.11007251048164 43.191199999999995
      vertex 6.450736178111483 5.091076532794354 33.86579421636037
    endloop
  endfacet
  facet normal 0.46766654247848694 0.6436877738766545 -0.6057673272865867
    outer loop
      vertex 7.437656139024965 4.104156571880871 33.57901931288454
      vertex 6.450736178111483 5.091076532794354 33.86579421636037
      vertex 14.374619972660708 8.11007251048164 43.191199999999995
    endloop
  endfacet
  facet normal 2.009676488140718e-15 0.951386149361162 -0.3080006409144972
    outer loop
      vertex 6.017995092808358 5.478793407841858 35.06341660993257
      vertex 14.374619972660708 8.11007251048164 43.191199999999995
      vertex 6.118824308874645 5.422988402031192 34.89103998943058
    endloop
  endfacet
  facet normal -0.014089821746429062 0.954927789842905 -0.29650361398960773
    outer loop
      vertex 5.911514918378583 5.535906996955874 35.25241815141749
      vertex 5.073479948441952 5.743242038276495 35.95999049188927
      vertex 13.311514550566915 8.11007251048164 43.191199999999995
    endloop
  endfacet
  facet normal -0.563052703841452 0.774975561839782 0.2870270566478782
    outer loop
      vertex 5.389085903296074 5.636606956393994 36.86702124976722
      vertex 5.448939049272425 5.329513660899227 37.81358802316376
      vertex 12.654319356144894 8.315829412417088 43.88509625301284
    endloop
  endfacet
  facet normal -0.622108240567278 -0.2021352205491087 0.7563879227168087
    outer loop
      vertex 5.960047095457849 3.8999957095767224 39.93400913731003
      vertex 6.331865140989417 2.5704942113557565 39.884526580380744
      vertex 11.98065532311363 6.414697304736674 45.557816214934775
    endloop
  endfacet
  facet normal -0.7139770939206707 0.23198522047395764 0.6606205921996704
    outer loop
      vertex 5.960047095457849 3.8999957095767224 39.93400913731003
      vertex 11.90569551111374 7 45.271265711101904
      vertex 5.903546017238032 4.3811413647224855 39.703984281418286
    endloop
  endfacet
  facet normal -0.7139770939206704 0.2319852204739541 0.660620592199672
    outer loop
      vertex 5.543779349871076 4.889054685143692 39.13680010989839
      vertex 5.903546017238032 4.3811413647224855 39.703984281418286
      vertex 11.90569551111374 7 45.271265711101904
    endloop
  endfacet
  facet normal 0.7192970588152442 -0.6226928624078361 -0.3080021757813976
    outer loop
      vertex 7.652224549776447 0.7240111285776513 35.06437167086793
      vertex 7.7763934983188 0.9531785128727746 34.89103998943058
      vertex 14.513770185851735 4.630284886036963 43.191199999999995
    endloop
  endfacet
  facet normal 0.7192970588152433 -0.6226928624078379 -0.308002175781396
    outer loop
      vertex 7.7763934983188 0.9531785128727746 34.89103998943058
      vertex 7.91522376540685 1.4713001232737362 34.16776449535396
      vertex 14.513770185851735 4.630284886036963 43.191199999999995
    endloop
  endfacet
  facet normal 0.5844107354133246 -0.8043723703521636 -0.10700085115408643
    outer loop
      vertex 7.652224549776447 0.7240111285776513 35.06437167086793
      vertex 14.349834281378257 4.365153648395732 44.27290205799377
      vertex 7.1055553324096055 0.17959475945549863 36.17122385627317
    endloop
  endfacet
  facet normal 0.8029527620028787 -0.26089516751935204 -0.5359109754026294
    outer loop
      vertex 7.91522376540685 1.4713001232737362 34.16776449535396
      vertex 8.056888470414087 2 34.122635401433264
      vertex 15.234690325946733 5.46304814336072 43.191199999999995
    endloop
  endfacet
  facet normal 0.8029527620028788 -0.2608951675193467 -0.535910975402632
    outer loop
      vertex 8.056888470414087 2 34.122635401433264
      vertex 7.883891230671483 2.6456344882885716 33.549123113841844
      vertex 15.563207968185873 6.474121482551734 43.191199999999995
    endloop
  endfacet
  facet normal 0.7192970588152354 -0.6226928624078634 -0.30800217578136285
    outer loop
      vertex 7.652224549776447 0.7240111285776513 35.06437167086793
      vertex 14.513770185851735 4.630284886036963 43.191199999999995
      vertex 14.51481829415747 4.627964186718049 43.19833950840684
    endloop
  endfacet
  facet normal 0.7192970588152434 -0.6226928624078377 -0.30800217578139577
    outer loop
      vertex 7.91522376540685 1.4713001232737362 34.16776449535396
      vertex 15.234690325946733 5.46304814336072 43.191199999999995
      vertex 14.513770185851735 4.630284886036963 43.191199999999995
    endloop
  endfacet
  facet normal 2.2366370247503525e-15 -0.8836735776599121 0.4681036297079221
    outer loop
      vertex 6.677683078310613 0.5773008039979096 37.64715439445757
      vertex 13.507207995764842 4.414408403532134 44.89074402964609
      vertex 13.028699245434275 4.689922549465757 45.410852303929275
    endloop
  endfacet
  facet normal -0.4109670964762077 -0.565647681498379 0.7149466735564435
    outer loop
      vertex 6.410297349786045 1.2206470233387687 38.86164627027071
      vertex 13.028699245434275 4.689922549465757 45.410852303929275
      vertex 12.285898307638718 5.384799229569925 45.53364277433719
    endloop
  endfacet
  facet normal 0.19444696526908206 -0.9315097509763247 0.30737592868289115
    outer loop
      vertex 7.1055553324096055 0.17959475945549863 36.17122385627317
      vertex 14.349834281378257 4.365153648395732 44.27290205799377
      vertex 13.584745545589302 4.4009118385893915 44.86526557344076
    endloop
  endfacet
  facet normal -8.535074673373555e-15 -0.8836735776599064 0.4681036297079325
    outer loop
      vertex 6.677683078310613 0.5773008039979096 37.64715439445757
      vertex 13.584745545589302 4.4009118385893915 44.86526557344076
      vertex 13.507207995764842 4.414408403532134 44.89074402964609
    endloop
  endfacet
  facet normal 0.5844107354133263 -0.804372370352162 -0.10700085115408847
    outer loop
      vertex 7.652224549776447 0.7240111285776513 35.06437167086793
      vertex 14.51481829415747 4.627964186718049 43.19833950840684
      vertex 14.349834281378257 4.365153648395732 44.27290205799377
    endloop
  endfacet
  facet normal 0.7139157479178218 0.23196528794929727 -0.660693885291469
    outer loop
      vertex 7.437656139024965 4.104156571880871 33.57901931288454
      vertex 15.563207968185873 6.474121482551734 43.191199999999995
      vertex 7.513368475698793 4.0284442352070435 33.63424851402834
    endloop
  endfacet
  facet normal 0.7139157479178069 0.23196528794934426 -0.6606938852914686
    outer loop
      vertex 7.513368475698793 4.0284442352070435 33.63424851402834
      vertex 15.563207968185873 6.474121482551734 43.191199999999995
      vertex 7.883891230671483 2.6456344882885716 33.549123113841844
    endloop
  endfacet
  facet normal 0.7139157479178067 0.2319652879493468 -0.6606938852914679
    outer loop
      vertex 7.437656139024965 4.104156571880871 33.57901931288454
      vertex 15.234690325946735 7.485194821742743 43.191199999999995
      vertex 15.563207968185873 6.474121482551734 43.191199999999995
    endloop
  endfacet
  facet normal 0.4676665424784884 0.6436877738766528 -0.6057673272865872
    outer loop
      vertex 7.437656139024965 4.104156571880871 33.57901931288454
      vertex 14.374619972660708 8.11007251048164 43.191199999999995
      vertex 15.234690325946735 7.485194821742743 43.191199999999995
    endloop
  endfacet
  facet normal -0.6221082405672785 -0.20213522054910735 0.7563879227168085
    outer loop
      vertex 6.331865140989417 2.5704942113557565 39.884526580380744
      vertex 12.258714171671542 5.417317889088858 45.519974776377985
      vertex 11.98065532311363 6.414697304736674 45.557816214934775
    endloop
  endfacet
  facet normal -0.62210824056727 -0.20213522054912206 0.7563879227168118
    outer loop
      vertex 6.331865140989417 2.5704942113557565 39.884526580380744
      vertex 12.285898307638718 5.384799229569925 45.53364277433719
      vertex 12.258714171671542 5.417317889088858 45.519974776377985
    endloop
  endfacet
  facet normal -0.7139770939206707 0.23198522047395526 0.6606205921996711
    outer loop
      vertex 5.960047095457849 3.8999957095767224 39.93400913731003
      vertex 11.98065532311363 6.414697304736674 45.557816214934775
      vertex 11.90569551111374 7 45.271265711101904
    endloop
  endfacet
  facet normal -0.71397709392067 0.23198522047396167 0.6606205921996695
    outer loop
      vertex 5.543779349871076 4.889054685143692 39.13680010989839
      vertex 11.90569551111374 7 45.271265711101904
      vertex 11.993829058514601 7.3132071739471245 45.25653092782857
    endloop
  endfacet
  facet normal -0.5692190231290326 0.7670111487382779 0.2961141695684572
    outer loop
      vertex 5.543779349871076 4.889054685143692 39.13680010989839
      vertex 11.993829058514601 7.3132071739471245 45.25653092782857
      vertex 12.303092186056782 7.7885131747180925 44.6198624881558
    endloop
  endfacet
  facet normal -0.014089821746430004 0.9549277898429052 -0.29650361398960734
    outer loop
      vertex 5.073479948441952 5.743242038276495 35.95999049188927
      vertex 12.795402557290517 8.102457352493982 43.191199999999995
      vertex 13.311514550566915 8.11007251048164 43.191199999999995
    endloop
  endfacet
  facet normal 0 0.9513861493611624 -0.3080006409144953
    outer loop
      vertex 6.017995092808358 5.478793407841858 35.06341660993257
      vertex 13.311514550566915 8.11007251048164 43.191199999999995
      vertex 14.374619972660708 8.11007251048164 43.191199999999995
    endloop
  endfacet
  facet normal -0.014089821746427028 0.9549277898429048 -0.29650361398960884
    outer loop
      vertex 5.073479948441952 5.743242038276495 35.95999049188927
      vertex 12.654319356144894 8.315829412417088 43.88509625301284
      vertex 12.795402557290517 8.102457352493982 43.191199999999995
    endloop
  endfacet
  facet normal -0.5630527038414512 0.774975561839783 0.2870270566478771
    outer loop
      vertex 5.448939049272425 5.329513660899227 37.81358802316376
      vertex 12.303092186056782 7.7885131747180925 44.6198624881558
      vertex 12.654319356144894 8.315829412417088 43.88509625301284
    endloop
  endfacet
  facet normal 0.8029527620028789 -0.2608951675193529 -0.5359109754026288
    outer loop
      vertex 8.056888470414087 2 34.122635401433264
      vertex 15.563207968185873 6.474121482551734 43.191199999999995
      vertex 15.234690325946733 5.46304814336072 43.191199999999995
    endloop
  endfacet
  facet normal 0.9117643528087586 -0.24430652202259137 0.33015161402672405
    outer loop
      vertex 7.1055553324096055 0.17959475945549863 36.17122385627317
      vertex 0.5746647546027943 3.8307560135645584 56.909077125467476
      vertex 0.14882641527600243 2.241505695386216 56.909077125467476
    endloop
  endfacet
  facet normal 0.9117643528087607 -0.2443065220225863 0.3301516140267215
    outer loop
      vertex 7.1055553324096055 0.17959475945549863 36.17122385627317
      vertex 0.5590577291331242 3.953539891283989 57.043036281575446
      vertex 0.5746647546027943 3.8307560135645584 56.909077125467476
    endloop
  endfacet
  facet normal 0.9241361448425551 0.2476215337069737 0.2909569759262462
    outer loop
      vertex 6.331865140989417 2.5704942113557565 39.884526580380744
      vertex 0.15326776597381742 5.467968650996024 57.043036281575446
      vertex 0.5590577291331242 3.953539891283989 57.043036281575446
    endloop
  endfacet
  facet normal 0.9241361448425558 0.24762153370696924 0.2909569759262482
    outer loop
      vertex 6.331865140989417 2.5704942113557565 39.884526580380744
      vertex -0.06671919246666053 5.689170949501743 57.553501606562115
      vertex 0.15326776597381742 5.467968650996024 57.043036281575446
    endloop
  endfacet
  facet normal 0.695346449155322 0.6953464491552994 0.18162222136677475
    outer loop
      vertex 5.903546017238032 4.3811413647224855 39.703984281418286
      vertex 1.6444660833230809 5.352719986547568 52.29028758038973
      vertex -0.06671919246666053 5.689170949501743 57.553501606562115
    endloop
  endfacet
  facet normal 0.7693026106278789 -0.5591797513626156 -0.3090169881206753
    outer loop
      vertex 1.6444660833230809 5.352719986547568 52.29028758038973
      vertex 1.4868864980410017 5.845835969491259 51.00567581361034
      vertex 4.300014873386898 8.508276621203088 53.191199999999995
    endloop
  endfacet
  facet normal 0.6953464491553085 0.6953464491553143 0.18162222136677048
    outer loop
      vertex 0.9596528879157922 5.615879431815941 53.904602369217415
      vertex -0.06671919246666053 5.689170949501743 57.553501606562115
      vertex 1.1614115752958902 5.4856482988246205 53.63075685303159
    endloop
  endfacet
  facet normal 0.6953464491553077 0.6953464491553148 0.1816222213667702
    outer loop
      vertex 1.6444660833230809 5.352719986547568 52.29028758038973
      vertex 1.1614115752958902 5.4856482988246205 53.63075685303159
      vertex -0.06671919246666053 5.689170949501743 57.553501606562115
    endloop
  endfacet
  facet normal 0.6953464491553117 0.6953464491553106 0.18162222136677145
    outer loop
      vertex 0.15330892225148318 6.242319672785475 54.593369499224636
      vertex -0.06671919246666053 5.689170949501743 57.553501606562115
      vertex 0.9596528879157922 5.615879431815941 53.904602369217415
    endloop
  endfacet
  facet normal 0.6953464491553113 0.695346449155311 0.18162222136677145
    outer loop
      vertex -0.9603735756595044 6.582825332694587 57.553501606562115
      vertex -0.06671919246666053 5.689170949501743 57.553501606562115
      vertex 0.15330892225148318 6.242319672785475 54.593369499224636
    endloop
  endfacet
  facet normal 0.6953464491553105 0.695346449155312 0.18162222136677106
    outer loop
      vertex -0.9603735756595044 6.582825332694587 57.553501606562115
      vertex 0.15330892225148318 6.242319672785475 54.593369499224636
      vertex -0.08082406969555683 6.45872297659725 54.6612481739634
    endloop
  endfacet
  facet normal 0.6953464491553092 0.6953464491553134 0.18162222136677056
    outer loop
      vertex -0.9603735756595044 6.582825332694587 57.553501606562115
      vertex -0.08082406969555683 6.45872297659725 54.6612481739634
      vertex -0.3730180593194654 6.747271981807966 54.67520311268106
    endloop
  endfacet
  facet normal 0.6531105769024625 -0.6935073834952504 0.30412839948893944
    outer loop
      vertex 1.6444660833230809 5.352719986547568 52.29028758038973
      vertex 4.837238859193556 9.553512132981908 55.01297543823297
      vertex 1.1614115752958902 5.4856482988246205 53.63075685303159
    endloop
  endfacet
  facet normal 0.4550065376048723 -0.6262627720555372 0.6330592318844582
    outer loop
      vertex 0.9596528879157922 5.615879431815941 53.904602369217415
      vertex 1.1614115752958902 5.4856482988246205 53.63075685303159
      vertex 4.488358184119673 9.471606171062405 55.18270415844007
    endloop
  endfacet
  facet normal 0.6953464491553112 0.6953464491553112 0.1816222213667714
    outer loop
      vertex 5.903546017238032 4.3811413647224855 39.703984281418286
      vertex 1.4868864980410017 5.845835969491259 51.00567581361034
      vertex 1.6444660833230809 5.352719986547568 52.29028758038973
    endloop
  endfacet
  facet normal 0.9470205391623024 -0.25375338868421493 -0.196878937766384
    outer loop
      vertex 0.11731161380003716 2.1789427754724793 56.83812178860027
      vertex 0.14882641527600243 2.241505695386216 56.909077125467476
      vertex 2.0548195347333524 0.842789358760494 67.88
    endloop
  endfacet
  facet normal 0.9470205391622996 -0.25375338868422465 -0.19687893776638507
    outer loop
      vertex 0.14882641527600243 2.241505695386216 56.909077125467476
      vertex 0.5746647546027943 3.8307560135645584 56.909077125467476
      vertex 1.4444027426507324 2.4787778586368705 62.83519999999999
    endloop
  endfacet
  facet normal 0.9585031695629814 0.25683015022707245 -0.12373337412379058
    outer loop
      vertex 0.5590577291331242 3.953539891283989 57.043036281575446
      vertex 0.15326776597381742 5.467968650996024 57.043036281575446
      vertex 1.4897988045479056 3.032089292858963 62.34041041243391
    endloop
  endfacet
  facet normal 0.9585031695629815 0.25683015022707134 -0.12373337412379082
    outer loop
      vertex 0.5746647546027943 3.8307560135645584 56.909077125467476
      vertex 0.5590577291331242 3.953539891283989 57.043036281575446
      vertex 1.4897988045479056 3.032089292858963 62.34041041243391
    endloop
  endfacet
  facet normal 0.947020539162299 -0.2537533886842268 -0.1968789377663849
    outer loop
      vertex 0.14882641527600243 2.241505695386216 56.909077125467476
      vertex 1.4444027426507324 2.4787778586368705 62.83519999999999
      vertex 2.0548195347333524 0.842789358760494 67.88
    endloop
  endfacet
  facet normal 0.9470205391623 -0.2537533886842238 -0.19687893776638493
    outer loop
      vertex 0.5746647546027943 3.8307560135645584 56.909077125467476
      vertex 1.4897988045479056 3.032089292858963 62.34041041243391
      vertex 1.4444027426507324 2.4787778586368705 62.83519999999999
    endloop
  endfacet
  facet normal 0.9470205391623001 -0.2537533886842236 -0.19687893776638404
    outer loop
      vertex 2.0548195347333524 0.842789358760494 67.88
      vertex 1.4444027426507324 2.4787778586368705 62.83519999999999
      vertex 1.6178175627247287 2.9203632328483904 63.10020351890131
    endloop
  endfacet
  facet normal 0.9470205391622992 -0.25375338868422626 -0.1968789377663851
    outer loop
      vertex 2.0548195347333524 0.842789358760494 67.88
      vertex 1.6178175627247287 2.9203632328483904 63.10020351890131
      vertex 2.423173132075975 2.2175036991939194 67.88
    endloop
  endfacet
  facet normal 0.9585031695629813 0.2568301502270727 -0.12373337412379048
    outer loop
      vertex 2.423173132075975 2.2175036991939194 67.88
      vertex 1.6178175627247287 2.9203632328483904 63.10020351890131
      vertex 1.3161221273726067 4.320892449778838 63.6701556328993
    endloop
  endfacet
  facet normal 0.9585031695629813 0.2568301502270726 -0.1237333741237905
    outer loop
      vertex 2.423173132075975 2.2175036991939194 67.88
      vertex 1.3161221273726067 4.320892449778838 63.6701556328993
      vertex 2.124356030098136 3.3327043059457027 67.88
    endloop
  endfacet
  facet normal 0.9585031695629819 0.2568301502270698 -0.12373337412379139
    outer loop
      vertex 1.3161221273726067 4.320892449778838 63.6701556328993
      vertex 2.1574633281236184 3.4909669659683926 68.46496806827267
      vertex 2.124356030098136 3.3327043059457027 67.88
    endloop
  endfacet
  facet normal 0.7071057791415488 0.7071057791415478 -0.0016835109882855082
    outer loop
      vertex 0.15326776597381742 5.467968650996024 57.043036281575446
      vertex -0.06671919246666053 5.689170949501743 57.553501606562115
      vertex 0.8880745221776657 4.743132101798977 61.230707786426976
    endloop
  endfacet
  facet normal 0.9585031695629813 0.25683015022707273 -0.12373337412379043
    outer loop
      vertex 0.15326776597381742 5.467968650996024 57.043036281575446
      vertex 0.8880745221776657 4.743132101798977 61.230707786426976
      vertex 1.4897988045479056 3.032089292858963 62.34041041243391
    endloop
  endfacet
  facet normal 0.7071057791415486 0.7071057791415482 -0.00168351098828538
    outer loop
      vertex -0.9603735756595044 6.582825332694587 57.553501606562115
      vertex 0.8880745221776657 4.743132101798977 61.230707786426976
      vertex -0.06671919246666053 5.689170949501743 57.553501606562115
    endloop
  endfacet
  facet normal 0.7071057791415488 0.7071057791415479 -0.001683510988285641
    outer loop
      vertex -0.9603735756595044 6.582825332694587 57.553501606562115
      vertex -0.3104969540046286 5.940902459776674 60.89422331071556
      vertex 0.8880745221776657 4.743132101798977 61.230707786426976
    endloop
  endfacet
  facet normal 0.25634954252945946 0.9567095172169867 0.13781078227546992
    outer loop
      vertex -1.0310309758762226 5.968969024123777 63.70807138492551
      vertex 1.1352505064665526 4.427446814740731 70.38
      vertex -0.04617589620879459 5.679816390299457 63.88344175274779
    endloop
  endfacet
  facet normal 0.7027397282155506 0.7114470285183108 -3.140112105337622e-16
    outer loop
      vertex 1.4960992913451432 4.156416892247656 70.18111729393571
      vertex 0.2618963928810377 5.375514554705862 63.83663855314211
      vertex -0.04617589620879459 5.679816390299457 63.88344175274779
    endloop
  endfacet
  facet normal 0.25634954252946707 0.9567095172169852 0.13781078227546809
    outer loop
      vertex -1.0310309758762226 5.968969024123777 63.70807138492551
      vertex 0.010800358857175937 4.662644417915268 70.83886464403592
      vertex 0.21363281756619373 4.620218608077646 70.75609294965506
    endloop
  endfacet
  facet normal 0.25634954252946074 0.9567095172169865 0.13781078227546942
    outer loop
      vertex -1.0310309758762226 5.968969024123777 63.70807138492551
      vertex 0.21363281756619373 4.620218608077646 70.75609294965506
      vertex 1.1352505064665526 4.427446814740731 70.38
    endloop
  endfacet
  facet normal 0.25634954252945924 0.9567095172169868 0.13781078227547008
    outer loop
      vertex -0.04617589620879459 5.679816390299457 63.88344175274779
      vertex 1.1352505064665526 4.427446814740731 70.38
      vertex 1.2538960568896242 4.395655835319323 70.38
    endloop
  endfacet
  facet normal 0.7027397282155499 0.7114470285183115 2.4692845808335434e-16
    outer loop
      vertex -0.04617589620879459 5.679816390299457 63.88344175274779
      vertex 1.2538960568896242 4.395655835319323 70.38
      vertex 1.4508471111098595 4.201115237401945 70.38
    endloop
  endfacet
  facet normal 0.7071057791415496 0.707105779141547 -0.0016835109882858907
    outer loop
      vertex 1.4960992913451432 4.156416892247656 70.18111729393571
      vertex 1.5 4.152474623251808 70.16366118138133
      vertex 0.2618963928810377 5.375514554705862 63.83663855314211
    endloop
  endfacet
  facet normal 0.7027397282155511 0.7114470285183103 -4.338336950296427e-16
    outer loop
      vertex 1.4960992913451432 4.156416892247656 70.18111729393571
      vertex -0.04617589620879459 5.679816390299457 63.88344175274779
      vertex 1.4508471111098595 4.201115237401945 70.38
    endloop
  endfacet
  facet normal 0.7071057791415485 0.7071057791415483 -0.001683510988285445
    outer loop
      vertex 1.3161221273726067 4.320892449778838 63.6701556328993
      vertex 0.2618963928810377 5.375514554705862 63.83663855314211
      vertex 2.1574633281236184 3.4909669659683926 68.46496806827267
    endloop
  endfacet
  facet normal 0.7071057791415483 0.7071057791415483 -0.0016835109882854006
    outer loop
      vertex 2.1574633281236184 3.4909669659683926 68.46496806827267
      vertex 0.2618963928810377 5.375514554705862 63.83663855314211
      vertex 1.5 4.152474623251808 70.16366118138133
    endloop
  endfacet
  facet normal -0.15444551249223673 0.5676003427736346 -0.8086880947276662
    outer loop
      vertex -3.0039828743914416 6.569758757682099 49.92553435948543
      vertex 3.8065121736591814 11.856080994765561 52.33519999999999
      vertex -1.2262888469067357 7.045293117957209 49.91979246806061
    endloop
  endfacet
  facet normal -0.15444551249224356 0.5676003427736395 -0.8086880947276616
    outer loop
      vertex -1.2262888469067357 7.045293117957209 49.91979246806061
      vertex 4.209199716783804 11.965653310504855 52.33519999999999
      vertex -0.9417557638735863 6.991481736709847 49.827682522635655
    endloop
  endfacet
  facet normal -2.8062931780207763e-15 0.450145480116817 -0.8929552322095439
    outer loop
      vertex -0.9417557638735863 6.991481736709847 49.827682522635655
      vertex 4.209199716783804 11.965653310504855 52.33519999999999
      vertex -0.6002643916507495 6.926898306806101 49.795125527600554
    endloop
  endfacet
  facet normal 8.760188828822659e-14 0.4501454801167434 -0.892955232209581
    outer loop
      vertex -0.5604967046543132 6.916371699245272 49.7898189851855
      vertex -0.6002643916507495 6.926898306806101 49.795125527600554
      vertex 4.5802209531424545 11.96565331050485 52.33519999999999
    endloop
  endfacet
  facet normal 0.19819845500469693 0.2727967701338034 -0.9414347001456426
    outer loop
      vertex -0.5604967046543132 6.916371699245272 49.7898189851855
      vertex 4.880383438630607 11.747572499485905 52.33519999999999
      vertex -0.056733710820239 6.779771450611646 49.856292996001166
    endloop
  endfacet
  facet normal 0.35158213190409715 0.11423595949919252 -0.929160992553534
    outer loop
      vertex -0.056733710820239 6.779771450611646 49.856292996001166
      vertex 4.995035305939443 11.394710334963127 52.33519999999999
      vertex 0.38748231463002974 6.657021671560474 50.009286911592554
    endloop
  endfacet
  facet normal 0.5939073489147301 -0.19297219539986504 -0.7810478811875963
    outer loop
      vertex 1.4868864980410017 5.845835969491259 51.00567581361034
      vertex 1.1806751259306023 6.238184667924672 50.675896321058666
      vertex 5.014574552701309 9.749761139915792 52.72358694536793
    endloop
  endfacet
  facet normal 0.579039161220876 -0.17186643398514656 -0.7969790327492021
    outer loop
      vertex 0.38748231463002974 6.657021671560474 50.009286911592554
      vertex 4.995035305939443 11.394710334963127 52.33519999999999
      vertex 0.9844192416212969 6.485621351390863 50.47994900420032
    endloop
  endfacet
  facet normal 0.5790391612208724 -0.1718664339851421 -0.7969790327492056
    outer loop
      vertex 0.9844192416212969 6.485621351390863 50.47994900420032
      vertex 4.823075328759778 10.815356015211083 52.33519999999999
      vertex 1.1806751259306023 6.238184667924672 50.675896321058666
    endloop
  endfacet
  facet normal -0.41274283876356344 0.13410827779336426 0.900920817206869
    outer loop
      vertex -1.0830993407679432 6.942808451276212 54.458573221964265
      vertex -0.8475844192141102 6.876838262759787 54.57629083225298
      vertex 2.6131463354089437 10.500320967586244 55.622390325905556
    endloop
  endfacet
  facet normal -0.12967913871783504 -0.17848802199351327 0.975359086176083
    outer loop
      vertex -0.3730180593194654 6.747271981807966 54.67520311268106
      vertex -0.08082406969555683 6.45872297659725 54.6612481739634
      vertex 2.9184683854447293 9.91846838544473 55.69314380218552
    endloop
  endfacet
  facet normal -7.407731078702133e-15 -0.29928966570188464 0.9541623006617136
    outer loop
      vertex 0.15330892225148318 6.242319672785475 54.593369499224636
      vertex 3.1590326673905924 9.755235806186649 55.69525698154843
      vertex -0.08082406969555683 6.45872297659725 54.6612481739634
    endloop
  endfacet
  facet normal -0.23087593255402228 -0.07501613787293693 0.9700870490971102
    outer loop
      vertex -0.8475844192141102 6.876838262759787 54.57629083225298
      vertex -0.4030619125281181 6.755383281635285 54.67269296930865
      vertex 2.675401023176921 10.305640750565308 55.67989083448679
    endloop
  endfacet
  facet normal -0.12967913871777698 -0.17848802199357092 0.97535908617608
    outer loop
      vertex -0.4030619125281181 6.755383281635285 54.67269296930865
      vertex -0.3730180593194654 6.747271981807966 54.67520311268106
      vertex 2.8582331145619033 9.997290797996248 55.6995594890287
    endloop
  endfacet
  facet normal -0.5218469620118287 0.2784131950291362 0.8063261381554572
    outer loop
      vertex -1.8606436364105738 7.165263376108542 53.87854301737092
      vertex -1.0830993407679432 6.942808451276212 54.458573221964265
      vertex 2.4602513951192253 11.533788120467142 55.166596280918824
    endloop
  endfacet
  facet normal 0.2805594839137329 -0.5234536412384635 0.8045387880396158
    outer loop
      vertex 0.15330892225148318 6.242319672785475 54.593369499224636
      vertex 0.9596528879157922 5.615879431815941 53.904602369217415
      vertex 3.4232252536639063 9.62638298994775 55.65484004590746
    endloop
  endfacet
  facet normal -0.4127428387635831 0.1341082777933862 0.9009208172068568
    outer loop
      vertex -0.8475844192141102 6.876838262759787 54.57629083225298
      vertex 2.675401023176921 10.305640750565308 55.67989083448679
      vertex 2.6131463354089437 10.500320967586244 55.622390325905556
    endloop
  endfacet
  facet normal -0.23087593255401373 -0.07501613787294498 0.9700870490971115
    outer loop
      vertex -0.4030619125281181 6.755383281635285 54.67269296930865
      vertex 2.8582331145619033 9.997290797996248 55.6995594890287
      vertex 2.675401023176921 10.305640750565308 55.67989083448679
    endloop
  endfacet
  facet normal -0.12967913871781658 -0.17848802199353273 0.9753590861760819
    outer loop
      vertex -0.3730180593194654 6.747271981807966 54.67520311268106
      vertex 2.9184683854447293 9.91846838544473 55.69314380218552
      vertex 2.8582331145619033 9.997290797996248 55.6995594890287
    endloop
  endfacet
  facet normal -0.5218469620118293 0.2784131950291367 0.8063261381554564
    outer loop
      vertex -1.0830993407679432 6.942808451276212 54.458573221964265
      vertex 2.6131463354089437 10.500320967586244 55.622390325905556
      vertex 2.4602513951192253 11.533788120467142 55.166596280918824
    endloop
  endfacet
  facet normal -0.1296791387178334 -0.1784880219935149 0.9753590861760828
    outer loop
      vertex -0.08082406969555683 6.45872297659725 54.6612481739634
      vertex 3.1590326673905924 9.755235806186649 55.69525698154843
      vertex 2.9184683854447293 9.91846838544473 55.69314380218552
    endloop
  endfacet
  facet normal -8.69769596775905e-15 -0.29928966570188326 0.9541623006617139
    outer loop
      vertex 0.15330892225148318 6.242319672785475 54.593369499224636
      vertex 3.4232252536639063 9.62638298994775 55.65484004590746
      vertex 3.1590326673905924 9.755235806186649 55.69525698154843
    endloop
  endfacet
  facet normal -0.5576380079310018 0.7675228722837968 -0.3161463152275771
    outer loop
      vertex -3.65 6.000494299163915 49.64935834403957
      vertex 3.3850420583623335 12.555500661449146 53.15441413153487
      vertex 3.4856494487836582 12.503602002635423 52.85095997807112
    endloop
  endfacet
  facet normal -0.1544455124922374 0.5676003427736354 -0.8086880947276656
    outer loop
      vertex -3.0039828743914416 6.569758757682099 49.92553435948543
      vertex 3.4856494487836582 12.503602002635423 52.85095997807112
      vertex 3.8065121736591814 11.856080994765561 52.33519999999999
    endloop
  endfacet
  facet normal -0.15444551249224436 0.5676003427736407 -0.8086880947276605
    outer loop
      vertex -1.2262888469067357 7.045293117957209 49.91979246806061
      vertex 3.8065121736591814 11.856080994765561 52.33519999999999
      vertex 4.209199716783804 11.965653310504855 52.33519999999999
    endloop
  endfacet
  facet normal 5.9393091026455295e-15 0.45014548011680966 -0.8929552322095476
    outer loop
      vertex -0.6002643916507495 6.926898306806101 49.795125527600554
      vertex 4.209199716783804 11.965653310504855 52.33519999999999
      vertex 4.5802209531424545 11.96565331050485 52.33519999999999
    endloop
  endfacet
  facet normal -0.6930780237774953 0.6523302931459588 0.3067703401582185
    outer loop
      vertex -5.1034441853748636 5.52824165596043 51.1776
      vertex 2.682833419726127 12.08083432853042 54.83519999999999
      vertex 2.954627773226798 12.369606282519651 54.83519999999999
    endloop
  endfacet
  facet normal -0.6930780237774941 0.6523302931459589 0.30677034015822147
    outer loop
      vertex -5.1034441853748636 5.52824165596043 51.1776
      vertex 2.954627773226798 12.369606282519651 54.83519999999999
      vertex 3.0261564250444932 12.716186374988352 54.25981922302414
    endloop
  endfacet
  facet normal -0.5673073281441436 0.7685095179547137 -0.2958978138597291
    outer loop
      vertex -5.1034441853748636 5.52824165596043 51.1776
      vertex 3.0261564250444932 12.716186374988352 54.25981922302414
      vertex 3.3850420583623335 12.555500661449146 53.15441413153487
    endloop
  endfacet
  facet normal -0.693078023777494 0.6523302931459567 0.30677034015822596
    outer loop
      vertex -2.560781207584667 7.174085311447086 53.42237424110762
      vertex 2.4781005714852578 11.73465069320566 55.10879305469141
      vertex 2.682833419726127 12.08083432853042 54.83519999999999
    endloop
  endfacet
  facet normal -0.5218469620118305 0.27841319502913797 0.8063261381554553
    outer loop
      vertex -1.8606436364105738 7.165263376108542 53.87854301737092
      vertex 2.4602513951192253 11.533788120467142 55.166596280918824
      vertex 2.4781005714852578 11.73465069320566 55.10879305469141
    endloop
  endfacet
  facet normal 0.769302610627879 -0.5591797513626157 -0.3090169881206749
    outer loop
      vertex 1.4868864980410017 5.845835969491259 51.00567581361034
      vertex 5.014574552701309 9.749761139915792 52.72358694536793
      vertex 4.300014873386898 8.508276621203088 53.191199999999995
    endloop
  endfacet
  facet normal 0.5790391612208761 -0.1718664339851468 -0.7969790327492019
    outer loop
      vertex 0.9844192416212969 6.485621351390863 50.47994900420032
      vertex 4.995035305939443 11.394710334963127 52.33519999999999
      vertex 4.823075328759778 10.815356015211083 52.33519999999999
    endloop
  endfacet
  facet normal 0.593907348914735 -0.1929721953998743 -0.7810478811875902
    outer loop
      vertex 1.1806751259306023 6.238184667924672 50.675896321058666
      vertex 5.2304079936322605 10.601710088576981 52.677216686701776
      vertex 5.014574552701309 9.749761139915792 52.72358694536793
    endloop
  endfacet
  facet normal 0.5790391612208675 -0.17186643398513607 -0.7969790327492104
    outer loop
      vertex 1.1806751259306023 6.238184667924672 50.675896321058666
      vertex 4.823075328759778 10.815356015211083 52.33519999999999
      vertex 5.2304079936322605 10.601710088576981 52.677216686701776
    endloop
  endfacet
  facet normal 0.280559483913729 -0.523453641238462 0.804538788039618
    outer loop
      vertex 0.9596528879157922 5.615879431815941 53.904602369217415
      vertex 4.488358184119673 9.471606171062405 55.18270415844007
      vertex 3.4232252536639063 9.62638298994775 55.65484004590746
    endloop
  endfacet
  facet normal 0.45500653760484505 -0.6262627720555279 0.633059231884487
    outer loop
      vertex 1.1614115752958902 5.4856482988246205 53.63075685303159
      vertex 4.540274112667079 9.475909965453765 55.149647566521
      vertex 4.488358184119673 9.471606171062405 55.18270415844007
    endloop
  endfacet
  facet normal 0.45500653760488335 -0.6262627720555421 0.6330592318844454
    outer loop
      vertex 1.1614115752958902 5.4856482988246205 53.63075685303159
      vertex 4.837238859193556 9.553512132981908 55.01297543823297
      vertex 4.540274112667079 9.475909965453765 55.149647566521
    endloop
  endfacet
  facet normal 0.7693026106278787 -0.5591797513626152 -0.30901698812067613
    outer loop
      vertex 1.6444660833230809 5.352719986547568 52.29028758038973
      vertex 4.300014873386898 8.508276621203088 53.191199999999995
      vertex 5.78842916729845 10.051065444547032 54.10488676226065
    endloop
  endfacet
  facet normal 0.6531105769024629 -0.6935073834952504 0.3041283994889393
    outer loop
      vertex 1.6444660833230809 5.352719986547568 52.29028758038973
      vertex 5.78842916729845 10.051065444547032 54.10488676226065
      vertex 5.3511882031325655 9.9595628827247 54.83519999999999
    endloop
  endfacet
  facet normal 0.6531105769024638 -0.6935073834952507 0.304128399488937
    outer loop
      vertex 1.6444660833230809 5.352719986547568 52.29028758038973
      vertex 5.061438841440511 9.686691421979663 54.83519999999999
      vertex 4.837238859193556 9.553512132981908 55.01297543823297
    endloop
  endfacet
  facet normal 0.6531105769024619 -0.6935073834952507 0.30412839948894116
    outer loop
      vertex 1.6444660833230809 5.352719986547568 52.29028758038973
      vertex 5.3511882031325655 9.9595628827247 54.83519999999999
      vertex 5.061438841440511 9.686691421979663 54.83519999999999
    endloop
  endfacet
  facet normal 0.7693026106278789 -0.5591797513626175 -0.30901698812067174
    outer loop
      vertex 4.300014873386898 8.508276621203088 53.191199999999995
      vertex 5.7578921866098645 10.11297804688678 53.916830911673294
      vertex 5.78842916729845 10.051065444547032 54.10488676226065
    endloop
  endfacet
  facet normal 0.19819845500471053 0.2727967701337895 -0.9414347001456437
    outer loop
      vertex -0.5604967046543132 6.916371699245272 49.7898189851855
      vertex 4.5802209531424545 11.96565331050485 52.33519999999999
      vertex 4.880383438630607 11.747572499485905 52.33519999999999
    endloop
  endfacet
  facet normal 0.3515821319040878 0.11423595949920355 -0.9291609925535363
    outer loop
      vertex -0.056733710820239 6.779771450611646 49.856292996001166
      vertex 4.880383438630607 11.747572499485905 52.33519999999999
      vertex 4.995035305939443 11.394710334963127 52.33519999999999
    endloop
  endfacet
  facet normal 0.5790391612209346 -0.17186643398498547 -0.7969790327491942
    outer loop
      vertex 4.823075328759778 10.815356015211083 52.33519999999999
      vertex 5.2319551871067596 10.608153780712884 52.676951223284696
      vertex 5.2304079936322605 10.601710088576981 52.677216686701776
    endloop
  endfacet
  facet normal -0.9453761769351041 0.30717134023558174 0.10913135123072197
    outer loop
      vertex 0.5237080395441983 1.4043933708566105 86.24321719501344
      vertex 1.2572949016875157 1.1763355756877418 93.23999999999998
      vertex 0.6000514417561461 1.653850900581269 86.20241342991925
    endloop
  endfacet
  facet normal -0.5842746095003338 0.8041850091066043 0.10913135123072211
    outer loop
      vertex 0.6000514417561461 1.653850900581269 86.20241342991925
      vertex 1.2572949016875157 1.1763355756877418 93.23999999999998
      vertex 0.7453568972142566 1.7546431027857436 86.2376252197032
    endloop
  endfacet
  facet normal -0.5842746095003293 0.8041850091066075 0.10913135123072208
    outer loop
      vertex 0.7453568972142566 1.7546431027857436 86.2376252197032
      vertex 1.4072949016875158 1.285316954888546 93.23999999999998
      vertex 1.0847443212954677 2.0025158913809262 86.22809426395497
    endloop
  endfacet
  facet normal -0.5842746095003287 0.8041850091066081 0.10913135123072204
    outer loop
      vertex 0.7453568972142566 1.7546431027857436 86.2376252197032
      vertex 1.2572949016875157 1.1763355756877418 93.23999999999998
      vertex 1.4072949016875158 1.285316954888546 93.23999999999998
    endloop
  endfacet
  facet normal -0.584274609500321 0.8041850091066136 0.10913135123072229
    outer loop
      vertex 1.0847443212954677 2.0025158913809262 86.22809426395497
      vertex 1.4072949016875158 1.285316954888546 93.23999999999998
      vertex 1.1563918548557113 2.057517131549903 86.20638337971437
    endloop
  endfacet
  facet normal -2.5488232650574197e-15 0.9940273377420547 0.10913135123072205
    outer loop
      vertex 1.1563918548557113 2.057517131549903 86.20638337971437
      vertex 1.4072949016875158 1.285316954888546 93.23999999999998
      vertex 1.5 2.0532708727017868 86.2450606006097
    endloop
  endfacet
  facet normal 2.5488232650574197e-15 0.9940273377420547 0.10913135123072205
    outer loop
      vertex 1.5 2.0532708727017868 86.2450606006097
      vertex 1.5927050983124842 1.285316954888546 93.23999999999998
      vertex 1.8436081451442887 2.057517131549903 86.20638337971437
    endloop
  endfacet
  facet normal 0.5842746095003287 0.8041850091066081 0.10913135123072196
    outer loop
      vertex 1.8436081451442887 2.057517131549903 86.20638337971437
      vertex 1.5927050983124842 1.285316954888546 93.23999999999998
      vertex 1.915255678704532 2.0025158913809253 86.22809426395497
    endloop
  endfacet
  facet normal 0.5842746095003275 0.804185009106609 0.10913135123072204
    outer loop
      vertex 1.915255678704532 2.0025158913809253 86.22809426395497
      vertex 1.7427050983124843 1.1763355756877418 93.23999999999998
      vertex 2.2546431027857436 1.7546431027857436 86.2376252197032
    endloop
  endfacet
  facet normal 0.584274609500334 0.8041850091066042 0.10913135123072214
    outer loop
      vertex 2.2546431027857436 1.7546431027857436 86.2376252197032
      vertex 1.7427050983124843 1.1763355756877418 93.23999999999998
      vertex 2.399948558243854 1.653850900581269 86.20241342991925
    endloop
  endfacet
  facet normal 0.945376176935104 0.30717134023558174 0.109131351230722
    outer loop
      vertex 2.476291960455802 1.4043933708566105 86.24321719501344
      vertex 2.399948558243854 1.653850900581269 86.20241342991925
      vertex 1.8 1 93.23999999999998
    endloop
  endfacet
  facet normal 0 0.9940273377420548 0.1091313512307221
    outer loop
      vertex 1.5 2.0532708727017868 86.2450606006097
      vertex 1.4072949016875158 1.285316954888546 93.23999999999998
      vertex 1.5927050983124842 1.285316954888546 93.23999999999998
    endloop
  endfacet
  facet normal 0.5842746095003284 0.8041850091066082 0.10913135123072196
    outer loop
      vertex 1.915255678704532 2.0025158913809253 86.22809426395497
      vertex 1.5927050983124842 1.285316954888546 93.23999999999998
      vertex 1.7427050983124843 1.1763355756877418 93.23999999999998
    endloop
  endfacet
  facet normal 0.9453761769351045 0.30717134023558085 0.10913135123072192
    outer loop
      vertex 2.399948558243854 1.653850900581269 86.20241342991925
      vertex 1.7427050983124843 1.1763355756877418 93.23999999999998
      vertex 1.8 1 93.23999999999998
    endloop
  endfacet
  facet normal -0.39663965676028173 -0.5936131960090992 -0.7002145072825531
    outer loop
      vertex -21.42462120245875 -13.424621202458749 47.20479999999999
      vertex -16.474873734152915 -8.474873734152917 40.20479999999999
      vertex -18.018176039833442 -15.70073509136851 47.20479999999999
    endloop
  endfacet
  facet normal -0.13928132531715348 -0.7002145072825532 -0.7002145072825532
    outer loop
      vertex -18.018176039833442 -15.70073509136851 47.20479999999999
      vertex -15.339392013277815 -9.233578363789503 40.20479999999999
      vertex -14 -16.5 47.20479999999999
    endloop
  endfacet
  facet normal -0.39663965676028196 -0.5936131960090992 -0.7002145072825529
    outer loop
      vertex -18.018176039833442 -15.70073509136851 47.20479999999999
      vertex -16.474873734152915 -8.474873734152917 40.20479999999999
      vertex -15.339392013277815 -9.233578363789503 40.20479999999999
    endloop
  endfacet
  facet normal -0.13928132531715381 -0.700214507282553 -0.700214507282553
    outer loop
      vertex -14 -16.5 47.20479999999999
      vertex -15.339392013277815 -9.233578363789503 40.20479999999999
      vertex -14 -9.5 40.20479999999999
    endloop
  endfacet
  facet normal -0.5936131960090993 -0.39663965676028184 -0.7002145072825531
    outer loop
      vertex -23.70073509136851 -10.018176039833442 47.20479999999999
      vertex -17.233578363789505 -7.3393920132778145 40.20479999999999
      vertex -21.42462120245875 -13.424621202458749 47.20479999999999
    endloop
  endfacet
  facet normal -0.7002145072825532 -0.13928132531715348 -0.700214507282553
    outer loop
      vertex -23.70073509136851 -10.018176039833442 47.20479999999999
      vertex -24.5 -6 47.20479999999999
      vertex -17.233578363789505 -7.3393920132778145 40.20479999999999
    endloop
  endfacet
  facet normal -0.7002145072825532 0.13928132531715345 -0.7002145072825531
    outer loop
      vertex -24.5 -6 47.20479999999999
      vertex -23.70073509136851 -1.9818239601665573 47.20479999999999
      vertex -17.233578363789505 -4.6606079867221855 40.20479999999999
    endloop
  endfacet
  facet normal -0.5936131960090993 0.39663965676028184 -0.7002145072825531
    outer loop
      vertex -23.70073509136851 -1.9818239601665573 47.20479999999999
      vertex -21.42462120245875 1.4246212024587495 47.20479999999999
      vertex -17.233578363789505 -4.6606079867221855 40.20479999999999
    endloop
  endfacet
  facet normal -0.5936131960090982 -0.3966396567602828 -0.7002145072825533
    outer loop
      vertex -21.42462120245875 -13.424621202458749 47.20479999999999
      vertex -17.233578363789505 -7.3393920132778145 40.20479999999999
      vertex -16.474873734152915 -8.474873734152917 40.20479999999999
    endloop
  endfacet
  facet normal 0 0 -1
    outer loop
      vertex -17.233578363789505 -7.3393920132778145 40.20479999999999
      vertex -17.214285714285715 -6 40.20479999999999
      vertex -16.78365308359284 -7.607142857142858 40.20479999999999
    endloop
  endfacet
  facet normal 0 0 -1
    outer loop
      vertex -17.233578363789505 -7.3393920132778145 40.20479999999999
      vertex -17.5 -6 40.20479999999999
      vertex -17.233578363789505 -4.6606079867221855 40.20479999999999
    endloop
  endfacet
  facet normal 0 0 -1
    outer loop
      vertex -17.233578363789505 -7.3393920132778145 40.20479999999999
      vertex -17.233578363789505 -4.6606079867221855 40.20479999999999
      vertex -17.214285714285715 -6 40.20479999999999
    endloop
  endfacet
  facet normal 0 0 -1
    outer loop
      vertex -17.214285714285715 -6 40.20479999999999
      vertex -17.233578363789505 -4.6606079867221855 40.20479999999999
      vertex -16.78365308359284 -4.392857142857142 40.20479999999999
    endloop
  endfacet
  facet normal -0.7002145072825532 -0.1392813253171528 -0.7002145072825532
    outer loop
      vertex -24.5 -6 47.20479999999999
      vertex -17.5 -6 40.20479999999999
      vertex -17.233578363789505 -7.3393920132778145 40.20479999999999
    endloop
  endfacet
  facet normal -0.7002145072825532 0.1392813253171528 -0.7002145072825532
    outer loop
      vertex -24.5 -6 47.20479999999999
      vertex -17.233578363789505 -4.6606079867221855 40.20479999999999
      vertex -17.5 -6 40.20479999999999
    endloop
  endfacet
  facet normal 0 0 -1
    outer loop
      vertex -16.474873734152915 -8.474873734152917 40.20479999999999
      vertex -16.78365308359284 -7.607142857142858 40.20479999999999
      vertex -15.607142857142858 -8.783653083592839 40.20479999999999
    endloop
  endfacet
  facet normal 0 0 -1
    outer loop
      vertex -17.233578363789505 -7.3393920132778145 40.20479999999999
      vertex -16.78365308359284 -7.607142857142858 40.20479999999999
      vertex -16.474873734152915 -8.474873734152917 40.20479999999999
    endloop
  endfacet
  facet normal 0 0 -1
    outer loop
      vertex -15.339392013277815 -9.233578363789503 40.20479999999999
      vertex -16.474873734152915 -8.474873734152917 40.20479999999999
      vertex -15.607142857142858 -8.783653083592839 40.20479999999999
    endloop
  endfacet
  facet normal -0.6816253147819289 -0.6816253147819289 -0.2660335702441946
    outer loop
      vertex -16.78365308359284 -7.607142857142858 40.20479999999999
      vertex -16.165063509461095 -7.25 37.70479999999999
      vertex -15.25 -8.165063509461095 37.70479999999999
    endloop
  endfacet
  facet normal -0.6816253147819288 -0.6816253147819288 -0.26603357024419455
    outer loop
      vertex -16.78365308359284 -7.607142857142858 40.20479999999999
      vertex -15.25 -8.165063509461095 37.70479999999999
      vertex -15.607142857142858 -8.783653083592839 40.20479999999999
    endloop
  endfacet
  facet normal 0 0 -1
    outer loop
      vertex -15.339392013277815 -9.233578363789503 40.20479999999999
      vertex -15.607142857142858 -8.783653083592839 40.20479999999999
      vertex -14 -9.5 40.20479999999999
    endloop
  endfacet
  facet normal 0 0 -1
    outer loop
      vertex -14 -9.5 40.20479999999999
      vertex -15.607142857142858 -8.783653083592839 40.20479999999999
      vertex -14 -9.214285714285715 40.20479999999999
    endloop
  endfacet
  facet normal -0.24949218107275137 -0.9311174958546792 -0.2660335702441947
    outer loop
      vertex -15.607142857142858 -8.783653083592839 40.20479999999999
      vertex -15.25 -8.165063509461095 37.70479999999999
      vertex -14 -8.5 37.70479999999999
    endloop
  endfacet
  facet normal -0.24949218107275106 -0.9311174958546795 -0.2660335702441945
    outer loop
      vertex -14 -9.214285714285715 40.20479999999999
      vertex -15.607142857142858 -8.783653083592839 40.20479999999999
      vertex -14 -8.5 37.70479999999999
    endloop
  endfacet
  facet normal 0 0 -1
    outer loop
      vertex -16.165063509461095 -7.25 37.70479999999999
      vertex -15.25 -3.8349364905389036 37.70479999999999
      vertex -15.25 -8.165063509461095 37.70479999999999
    endloop
  endfacet
  facet normal -0.9311174958546793 -0.249492181072751 -0.26603357024419466
    outer loop
      vertex -17.214285714285715 -6 40.20479999999999
      vertex -16.165063509461095 -7.25 37.70479999999999
      vertex -16.78365308359284 -7.607142857142858 40.20479999999999
    endloop
  endfacet
  facet normal -0.9311174958546793 -0.2494921810727514 -0.2660335702441945
    outer loop
      vertex -17.214285714285715 -6 40.20479999999999
      vertex -16.5 -6 37.70479999999999
      vertex -16.165063509461095 -7.25 37.70479999999999
    endloop
  endfacet
  facet normal 0 0 -1
    outer loop
      vertex -16.165063509461095 -7.25 37.70479999999999
      vertex -16.5 -6 37.70479999999999
      vertex -16.165063509461095 -4.75 37.70479999999999
    endloop
  endfacet
  facet normal 0 0 -1
    outer loop
      vertex -16.165063509461095 -7.25 37.70479999999999
      vertex -16.165063509461095 -4.75 37.70479999999999
      vertex -15.25 -3.8349364905389036 37.70479999999999
    endloop
  endfacet
  facet normal -0.9311174958546795 0.24949218107275106 -0.2660335702441945
    outer loop
      vertex -17.214285714285715 -6 40.20479999999999
      vertex -16.78365308359284 -4.392857142857142 40.20479999999999
      vertex -16.5 -6 37.70479999999999
    endloop
  endfacet
  facet normal -0.9311174958546792 0.24949218107275137 -0.26603357024419466
    outer loop
      vertex -16.5 -6 37.70479999999999
      vertex -16.78365308359284 -4.392857142857142 40.20479999999999
      vertex -16.165063509461095 -4.75 37.70479999999999
    endloop
  endfacet
  facet normal 0 0 -1
    outer loop
      vertex -15.25 -8.165063509461095 37.70479999999999
      vertex -14 -3.5 37.70479999999999
      vertex -14 -8.5 37.70479999999999
    endloop
  endfacet
  facet normal 0 0 -1
    outer loop
      vertex -15.25 -8.165063509461095 37.70479999999999
      vertex -15.25 -3.8349364905389036 37.70479999999999
      vertex -14 -3.5 37.70479999999999
    endloop
  endfacet
  facet normal -0.593613196009098 0.39663965676028295 -0.7002145072825534
    outer loop
      vertex -21.42462120245875 1.4246212024587495 47.20479999999999
      vertex -16.474873734152915 -3.5251262658470837 40.20479999999999
      vertex -17.233578363789505 -4.6606079867221855 40.20479999999999
    endloop
  endfacet
  facet normal -0.3966396567602816 0.5936131960090993 -0.7002145072825532
    outer loop
      vertex -21.42462120245875 1.4246212024587495 47.20479999999999
      vertex -18.018176039833442 3.700735091368511 47.20479999999999
      vertex -16.474873734152915 -3.5251262658470837 40.20479999999999
    endloop
  endfacet
  facet normal 0 0 -1
    outer loop
      vertex -17.233578363789505 -4.6606079867221855 40.20479999999999
      vertex -16.474873734152915 -3.5251262658470837 40.20479999999999
      vertex -16.78365308359284 -4.392857142857142 40.20479999999999
    endloop
  endfacet
  facet normal 0 0 -1
    outer loop
      vertex -16.78365308359284 -4.392857142857142 40.20479999999999
      vertex -16.474873734152915 -3.5251262658470837 40.20479999999999
      vertex -15.607142857142858 -3.2163469164071614 40.20479999999999
    endloop
  endfacet
  facet normal -0.6816253147819292 0.6816253147819286 -0.26603357024419433
    outer loop
      vertex -16.165063509461095 -4.75 37.70479999999999
      vertex -15.607142857142858 -3.2163469164071614 40.20479999999999
      vertex -15.25 -3.8349364905389036 37.70479999999999
    endloop
  endfacet
  facet normal -0.6816253147819288 0.6816253147819288 -0.2660335702441946
    outer loop
      vertex -16.165063509461095 -4.75 37.70479999999999
      vertex -16.78365308359284 -4.392857142857142 40.20479999999999
      vertex -15.607142857142858 -3.2163469164071614 40.20479999999999
    endloop
  endfacet
  facet normal 0 0 -1
    outer loop
      vertex -16.474873734152915 -3.5251262658470837 40.20479999999999
      vertex -15.339392013277815 -2.7664216362104965 40.20479999999999
      vertex -15.607142857142858 -3.2163469164071614 40.20479999999999
    endloop
  endfacet
  facet normal -0.24949218107275056 0.9311174958546795 -0.2660335702441943
    outer loop
      vertex -15.25 -3.8349364905389036 37.70479999999999
      vertex -15.607142857142858 -3.2163469164071614 40.20479999999999
      vertex -14 -2.7857142857142856 40.20479999999999
    endloop
  endfacet
  facet normal -0.2494921810727508 0.9311174958546796 -0.2660335702441942
    outer loop
      vertex -15.25 -3.8349364905389036 37.70479999999999
      vertex -14 -2.7857142857142856 40.20479999999999
      vertex -14 -3.5 37.70479999999999
    endloop
  endfacet
  facet normal 0 0 -1
    outer loop
      vertex -15.607142857142858 -3.2163469164071614 40.20479999999999
      vertex -15.339392013277815 -2.7664216362104965 40.20479999999999
      vertex -14 -2.7857142857142856 40.20479999999999
    endloop
  endfacet
  facet normal 0 0 -1
    outer loop
      vertex -15.339392013277815 -2.7664216362104965 40.20479999999999
      vertex -14 -2.5 40.20479999999999
      vertex -14 -2.7857142857142856 40.20479999999999
    endloop
  endfacet
  facet normal -0.3966396567602821 0.593613196009099 -0.700214507282553
    outer loop
      vertex -16.474873734152915 -3.5251262658470837 40.20479999999999
      vertex -18.018176039833442 3.700735091368511 47.20479999999999
      vertex -15.339392013277815 -2.7664216362104965 40.20479999999999
    endloop
  endfacet
  facet normal -0.13928132531715348 0.7002145072825531 -0.7002145072825531
    outer loop
      vertex -15.339392013277815 -2.7664216362104965 40.20479999999999
      vertex -14 4.5 47.20479999999999
      vertex -14 -2.5 40.20479999999999
    endloop
  endfacet
  facet normal 0.13928132531715345 -0.7002145072825531 -0.7002145072825531
    outer loop
      vertex -14 -16.5 47.20479999999999
      vertex -12.660607986722185 -9.233578363789503 40.20479999999999
      vertex -9.981823960166558 -15.70073509136851 47.20479999999999
    endloop
  endfacet
  facet normal 0.13928132531715381 -0.700214507282553 -0.700214507282553
    outer loop
      vertex -14 -16.5 47.20479999999999
      vertex -14 -9.5 40.20479999999999
      vertex -12.660607986722185 -9.233578363789503 40.20479999999999
    endloop
  endfacet
  facet normal 0.3966396567602815 -0.5936131960090995 -0.700214507282553
    outer loop
      vertex -9.981823960166558 -15.70073509136851 47.20479999999999
      vertex -12.660607986722185 -9.233578363789503 40.20479999999999
      vertex -11.525126265847083 -8.474873734152917 40.20479999999999
    endloop
  endfacet
  facet normal 0.39663965676028173 -0.5936131960090993 -0.7002145072825531
    outer loop
      vertex -9.981823960166558 -15.70073509136851 47.20479999999999
      vertex -11.525126265847083 -8.474873734152917 40.20479999999999
      vertex -6.5753787975412505 -13.424621202458749 47.20479999999999
    endloop
  endfacet
  facet normal 0 0 -1
    outer loop
      vertex -14 -9.5 40.20479999999999
      vertex -14 -9.214285714285715 40.20479999999999
      vertex -12.660607986722185 -9.233578363789503 40.20479999999999
    endloop
  endfacet
  facet normal 0 0 -1
    outer loop
      vertex -14 -9.214285714285715 40.20479999999999
      vertex -12.392857142857142 -8.783653083592839 40.20479999999999
      vertex -12.660607986722185 -9.233578363789503 40.20479999999999
    endloop
  endfacet
  facet normal 0.2494921810727514 -0.9311174958546793 -0.2660335702441945
    outer loop
      vertex -14 -9.214285714285715 40.20479999999999
      vertex -14 -8.5 37.70479999999999
      vertex -12.75 -8.165063509461095 37.70479999999999
    endloop
  endfacet
  facet normal 0.249492181072751 -0.9311174958546793 -0.26603357024419466
    outer loop
      vertex -14 -9.214285714285715 40.20479999999999
      vertex -12.75 -8.165063509461095 37.70479999999999
      vertex -12.392857142857142 -8.783653083592839 40.20479999999999
    endloop
  endfacet
  facet normal 0 0 -1
    outer loop
      vertex -12.660607986722185 -9.233578363789503 40.20479999999999
      vertex -12.392857142857142 -8.783653083592839 40.20479999999999
      vertex -11.525126265847083 -8.474873734152917 40.20479999999999
    endloop
  endfacet
  facet normal 0.6816253147819288 -0.6816253147819288 -0.2660335702441946
    outer loop
      vertex -12.75 -8.165063509461095 37.70479999999999
      vertex -11.834936490538905 -7.25 37.70479999999999
      vertex -12.392857142857142 -8.783653083592839 40.20479999999999
    endloop
  endfacet
  facet normal 0 0 -1
    outer loop
      vertex -12.392857142857142 -8.783653083592839 40.20479999999999
      vertex -11.216346916407161 -7.607142857142858 40.20479999999999
      vertex -11.525126265847083 -8.474873734152917 40.20479999999999
    endloop
  endfacet
  facet normal 0.6816253147819288 -0.6816253147819288 -0.26603357024419455
    outer loop
      vertex -12.392857142857142 -8.783653083592839 40.20479999999999
      vertex -11.834936490538905 -7.25 37.70479999999999
      vertex -11.216346916407161 -7.607142857142858 40.20479999999999
    endloop
  endfacet
  facet normal 0 0 -1
    outer loop
      vertex -11.525126265847083 -8.474873734152917 40.20479999999999
      vertex -11.216346916407161 -7.607142857142858 40.20479999999999
      vertex -10.766421636210497 -7.3393920132778145 40.20479999999999
    endloop
  endfacet
  facet normal 0 0 -1
    outer loop
      vertex -14 -8.5 37.70479999999999
      vertex -12.825563102713723 -5.619243722597932 37.70479999999999
      vertex -12.75 -8.165063509461095 37.70479999999999
    endloop
  endfacet
  facet normal 0 0 -1
    outer loop
      vertex -14 -8.5 37.70479999999999
      vertex -12.9437365366748 -5.255543290364443 37.70479999999999
      vertex -12.825563102713723 -5.619243722597932 37.70479999999999
    endloop
  endfacet
  facet normal 0 0 -1
    outer loop
      vertex -14 -8.5 37.70479999999999
      vertex -12.825563102713723 -4.891842858130958 37.70479999999999
      vertex -12.9437365366748 -5.255543290364443 37.70479999999999
    endloop
  endfacet
  facet normal 0 0 -1
    outer loop
      vertex -12.75 -8.165063509461095 37.70479999999999
      vertex -12.516181036036313 -5.844022951441251 37.70479999999999
      vertex -11.834936490538905 -7.25 37.70479999999999
    endloop
  endfacet
  facet normal 0 0 -1
    outer loop
      vertex -12.75 -8.165063509461095 37.70479999999999
      vertex -12.825563102713723 -5.619243722597932 37.70479999999999
      vertex -12.516181036036313 -5.844022951441251 37.70479999999999
    endloop
  endfacet
  facet normal 0 0 -1
    outer loop
      vertex -14 -8.5 37.70479999999999
      vertex -12.75 -3.8349364905389036 37.70479999999999
      vertex -12.825563102713723 -4.891842858130958 37.70479999999999
    endloop
  endfacet
  facet normal 0 0 -1
    outer loop
      vertex -14 -8.5 37.70479999999999
      vertex -14 -3.5 37.70479999999999
      vertex -12.75 -3.8349364905389036 37.70479999999999
    endloop
  endfacet
  facet normal 0 0 -1
    outer loop
      vertex -11.834936490538905 -7.25 37.70479999999999
      vertex -12.516181036036313 -5.844022951441251 37.70479999999999
      vertex -11.5 -6 37.70479999999999
    endloop
  endfacet
  facet normal 0.9311174958546804 -0.2494921810727525 -0.26603357024418944
    outer loop
      vertex -11.834936490538905 -7.25 37.70479999999999
      vertex -11.49735423099819 -6 37.71406019150632
      vertex -11.51267726015747 -6.266335130737564 37.91020458063893
    endloop
  endfacet
  facet normal 0.9311174958546542 -0.24949218107274468 -0.266033570244289
    outer loop
      vertex -11.834936490538905 -7.25 37.70479999999999
      vertex -11.5 -6 37.70479999999999
      vertex -11.49735423099819 -6 37.71406019150632
    endloop
  endfacet
  facet normal 0.9311174958546793 -0.24949218107275115 -0.26603357024419466
    outer loop
      vertex -11.216346916407161 -7.607142857142858 40.20479999999999
      vertex -11.834936490538905 -7.25 37.70479999999999
      vertex -11.507191885535695 -6.672041029456661 38.309883379557284
    endloop
  endfacet
  facet normal 0.9311174958546814 -0.24949218107274587 -0.2660335702441924
    outer loop
      vertex -11.216346916407161 -7.607142857142858 40.20479999999999
      vertex -11.507191885535695 -6.672041029456661 38.309883379557284
      vertex -11.26586453488768 -6.992940963398076 39.45547618035315
    endloop
  endfacet
  facet normal 0.9311174958546794 -0.24949218107275095 -0.26603357024419483
    outer loop
      vertex -11.834936490538905 -7.25 37.70479999999999
      vertex -11.51267726015747 -6.266335130737564 37.91020458063893
      vertex -11.507191885535695 -6.672041029456661 38.309883379557284
    endloop
  endfacet
  facet normal 0 0 -1
    outer loop
      vertex -11.216346916407161 -7.607142857142858 40.20479999999999
      vertex -10.934778845669872 -6.556316511362145 40.20479999999999
      vertex -10.766421636210497 -7.3393920132778145 40.20479999999999
    endloop
  endfacet
  facet normal 0.9311174958546791 -0.24949218107275073 -0.26603357024419616
    outer loop
      vertex -11.216346916407161 -7.607142857142858 40.20479999999999
      vertex -11.26586453488768 -6.992940963398076 39.45547618035315
      vertex -10.934778845669872 -6.556316511362145 40.20479999999999
    endloop
  endfacet
  facet normal 0 0 -1
    outer loop
      vertex -10.766421636210497 -7.3393920132778145 40.20479999999999
      vertex -10.934778845669872 -6.556316511362145 40.20479999999999
      vertex -10.574488296701361 -6.3744779557079365 40.20479999999999
    endloop
  endfacet
  facet normal 0 0 -1
    outer loop
      vertex -12.516181036036313 -5.844022951441251 37.70479999999999
      vertex -11.503633087183246 -5.9864411340437975 37.70479999999999
      vertex -11.5 -6 37.70479999999999
    endloop
  endfacet
  facet normal 0.9311174958546563 0.249492181072736 -0.2660335702442896
    outer loop
      vertex -11.5 -6 37.70479999999999
      vertex -11.503633087183246 -5.9864411340437975 37.70479999999999
      vertex -11.49735423099819 -6 37.71406019150632
    endloop
  endfacet
  facet normal 0.5936131960090993 -0.3966396567602816 -0.700214507282553
    outer loop
      vertex -6.5753787975412505 -13.424621202458749 47.20479999999999
      vertex -11.525126265847083 -8.474873734152917 40.20479999999999
      vertex -10.766421636210497 -7.3393920132778145 40.20479999999999
    endloop
  endfacet
  facet normal 0.5936131960090993 -0.3966396567602816 -0.7002145072825532
    outer loop
      vertex -6.5753787975412505 -13.424621202458749 47.20479999999999
      vertex -10.766421636210497 -7.3393920132778145 40.20479999999999
      vertex -4.299264908631489 -10.018176039833442 47.20479999999999
    endloop
  endfacet
  facet normal 0.7002145072825531 -0.1392813253171534 -0.7002145072825532
    outer loop
      vertex -10.766421636210497 -7.3393920132778145 40.20479999999999
      vertex -10.574488296701361 -6.3744779557079365 40.20479999999999
      vertex -3.5 -6 47.20479999999999
    endloop
  endfacet
  facet normal 0.7002145072825516 -0.13928132531717313 -0.7002145072825506
    outer loop
      vertex -10.574488296701361 -6.3744779557079365 40.20479999999999
      vertex -10.41183704595239 -6.243271073864324 40.34135257926494
      vertex -3.5 -6 47.20479999999999
    endloop
  endfacet
  facet normal 0.7002145072825541 -0.13928132531714493 -0.700214507282554
    outer loop
      vertex -10.41183704595239 -6.243271073864324 40.34135257926494
      vertex -10.247233890632678 -6 40.45756610936731
      vertex -3.5 -6 47.20479999999999
    endloop
  endfacet
  facet normal 0.7002145072825532 0.1392813253171533 -0.7002145072825532
    outer loop
      vertex -10.247233890632678 -6 40.45756610936731
      vertex -10.194521004682922 -5.880252822282757 40.53409818992384
      vertex -3.5 -6 47.20479999999999
    endloop
  endfacet
  facet normal 0.7002145072825532 0.13928132531715207 -0.7002145072825532
    outer loop
      vertex -10.194521004682922 -5.880252822282757 40.53409818992384
      vertex -9.968399659651359 -4.827066834201497 40.96971125313573
      vertex -3.5 -6 47.20479999999999
    endloop
  endfacet
  facet normal 0.7002145072825532 0.13928132531715745 -0.7002145072825523
    outer loop
      vertex -9.968399659651359 -4.827066834201497 40.96971125313573
      vertex -9.98952593188737 -4.5067145232415005 41.012307017468316
      vertex -3.5 -6 47.20479999999999
    endloop
  endfacet
  facet normal 0.7002145072825534 0.13928132531716414 -0.7002145072825509
    outer loop
      vertex -10.024024321159388 -4.353096950158645 41.00836506332933
      vertex -3.5 -6 47.20479999999999
      vertex -9.98952593188737 -4.5067145232415005 41.012307017468316
    endloop
  endfacet
  facet normal 0 0 -1
    outer loop
      vertex -12.825563102713723 -4.891842858130958 37.70479999999999
      vertex -12.75 -3.8349364905389036 37.70479999999999
      vertex -12.374020786494244 -4.210915704044661 37.70479999999999
    endloop
  endfacet
  facet normal 0.6816253147819296 0.6816253147819279 -0.2660335702441952
    outer loop
      vertex -12.374020786494244 -4.210915704044661 37.70479999999999
      vertex -12.75 -3.8349364905389036 37.70479999999999
      vertex -12.644338103029535 -3.8144720481631125 38.02795811000946
    endloop
  endfacet
  facet normal 0.24949218107275056 0.9311174958546796 -0.2660335702441942
    outer loop
      vertex -14 -3.5 37.70479999999999
      vertex -14 -2.7857142857142856 40.20479999999999
      vertex -12.816707389888796 -3.286113966067985 39.56311916627359
    endloop
  endfacet
  facet normal 0.24949218107275084 0.9311174958546796 -0.26603357024419394
    outer loop
      vertex -14 -3.5 37.70479999999999
      vertex -12.669582081026277 -3.695648569037461 38.26772543281604
      vertex -12.75 -3.8349364905389036 37.70479999999999
    endloop
  endfacet
  facet normal 0.24949218107275092 0.9311174958546794 -0.2660335702441944
    outer loop
      vertex -14 -3.5 37.70479999999999
      vertex -12.816707389888796 -3.286113966067985 39.56311916627359
      vertex -12.702898590669728 -3.6536629550231425 38.383430120378605
    endloop
  endfacet
  facet normal 0.24949218107275115 0.9311174958546792 -0.2660335702441948
    outer loop
      vertex -14 -3.5 37.70479999999999
      vertex -12.702898590669728 -3.6536629550231425 38.383430120378605
      vertex -12.669582081026277 -3.695648569037461 38.26772543281604
    endloop
  endfacet
  facet normal 0.24949218107275073 0.9311174958546796 -0.26603357024419405
    outer loop
      vertex -14 -2.7857142857142856 40.20479999999999
      vertex -12.427047833073425 -3.2755669290076113 39.96546516848601
      vertex -12.816707389888796 -3.286113966067985 39.56311916627359
    endloop
  endfacet
  facet normal 0.6816253147819282 0.6816253147819293 -0.2660335702441949
    outer loop
      vertex -12.75 -3.8349364905389036 37.70479999999999
      vertex -12.669582081026277 -3.695648569037461 38.26772543281604
      vertex -12.644338103029535 -3.8144720481631125 38.02795811000946
    endloop
  endfacet
  facet normal 0.6816253147819256 0.681625314781932 -0.2660335702441953
    outer loop
      vertex -12.427047833073425 -3.2755669290076113 39.96546516848601
      vertex -12.392857142857142 -3.2163469164071614 40.20479999999999
      vertex -12.299611931577257 -3.309592127687046 40.20479999999999
    endloop
  endfacet
  facet normal 0 0 -1
    outer loop
      vertex -12.392857142857142 -3.2163469164071614 40.20479999999999
      vertex -12.01321990889748 -3.198992520256601 40.20479999999999
      vertex -12.299611931577257 -3.309592127687046 40.20479999999999
    endloop
  endfacet
  facet normal 0 0 -1
    outer loop
      vertex -14 -2.7857142857142856 40.20479999999999
      vertex -14 -2.5 40.20479999999999
      vertex -12.392857142857142 -3.2163469164071614 40.20479999999999
    endloop
  endfacet
  facet normal 0.2494921810727505 0.9311174958546794 -0.26603357024419483
    outer loop
      vertex -14 -2.7857142857142856 40.20479999999999
      vertex -12.392857142857142 -3.2163469164071614 40.20479999999999
      vertex -12.427047833073425 -3.2755669290076113 39.96546516848601
    endloop
  endfacet
  facet normal 0 0 -1
    outer loop
      vertex -14 -2.5 40.20479999999999
      vertex -12.660607986722185 -2.7664216362104965 40.20479999999999
      vertex -12.392857142857142 -3.2163469164071614 40.20479999999999
    endloop
  endfacet
  facet normal 0 0 -1
    outer loop
      vertex -12.660607986722185 -2.7664216362104965 40.20479999999999
      vertex -12.01321990889748 -3.198992520256601 40.20479999999999
      vertex -12.392857142857142 -3.2163469164071614 40.20479999999999
    endloop
  endfacet
  facet normal 0.13928132531715348 0.7002145072825531 -0.7002145072825531
    outer loop
      vertex -14 -2.5 40.20479999999999
      vertex -14 4.5 47.20479999999999
      vertex -12.660607986722185 -2.7664216362104965 40.20479999999999
    endloop
  endfacet
  facet normal 0.39663965676028123 0.5936131960090995 -0.7002145072825532
    outer loop
      vertex -12.660607986722185 -2.7664216362104965 40.20479999999999
      vertex -9.981823960166558 3.700735091368511 47.20479999999999
      vertex -12.01321990889748 -3.198992520256601 40.20479999999999
    endloop
  endfacet
  facet normal 0.3966396567602886 0.593613196009096 -0.7002145072825519
    outer loop
      vertex -12.01321990889748 -3.198992520256601 40.20479999999999
      vertex -9.981823960166558 3.700735091368511 47.20479999999999
      vertex -11.700297356309616 -3.1532751166000184 40.42081373061496
    endloop
  endfacet
  facet normal 0.3966396567602793 0.5936131960091002 -0.7002145072825536
    outer loop
      vertex -11.700297356309616 -3.1532751166000184 40.42081373061496
      vertex -9.981823960166558 3.700735091368511 47.20479999999999
      vertex -11.287269062741927 -3.287269062741928 40.541180882539436
    endloop
  endfacet
  facet normal 0.5936131960090995 0.3966396567602815 -0.7002145072825533
    outer loop
      vertex -10.534016347279476 -3.745121582108666 40.92040508160704
      vertex -11.287269062741927 -3.287269062741928 40.541180882539436
      vertex -6.5753787975412505 1.4246212024587495 47.20479999999999
    endloop
  endfacet
  facet normal 0.5936131960090896 0.3966396567602919 -0.7002145072825556
    outer loop
      vertex -10.534016347279476 -3.745121582108666 40.92040508160704
      vertex -6.5753787975412505 1.4246212024587495 47.20479999999999
      vertex -10.37330311641871 -3.8577414874812312 40.99285712804884
    endloop
  endfacet
  facet normal 0.5936131960091086 0.39663965676027235 -0.7002145072825506
    outer loop
      vertex -10.149309395703442 -4.140255631599091 41.022718427792654
      vertex -10.37330311641871 -3.8577414874812312 40.99285712804884
      vertex -6.5753787975412505 1.4246212024587495 47.20479999999999
    endloop
  endfacet
  facet normal 0.5936131960090969 0.396639656760286 -0.7002145072825527
    outer loop
      vertex -10.024024321159388 -4.353096950158645 41.00836506332933
      vertex -10.149309395703442 -4.140255631599091 41.022718427792654
      vertex -4.299264908631489 -1.9818239601665573 47.20479999999999
    endloop
  endfacet
  facet normal 0.3966396567602815 0.5936131960090993 -0.7002145072825532
    outer loop
      vertex -11.287269062741927 -3.287269062741928 40.541180882539436
      vertex -9.981823960166558 3.700735091368511 47.20479999999999
      vertex -6.5753787975412505 1.4246212024587495 47.20479999999999
    endloop
  endfacet
  facet normal 0.7002145072825532 -0.13928132531715348 -0.7002145072825532
    outer loop
      vertex -4.299264908631489 -10.018176039833442 47.20479999999999
      vertex -10.766421636210497 -7.3393920132778145 40.20479999999999
      vertex -3.5 -6 47.20479999999999
    endloop
  endfacet
  facet normal 0.700214507282553 0.13928132531715348 -0.7002145072825532
    outer loop
      vertex -10.024024321159388 -4.353096950158645 41.00836506332933
      vertex -4.299264908631489 -1.9818239601665573 47.20479999999999
      vertex -3.5 -6 47.20479999999999
    endloop
  endfacet
  facet normal 0.5936131960090991 0.39663965676028157 -0.7002145072825533
    outer loop
      vertex -10.149309395703442 -4.140255631599091 41.022718427792654
      vertex -6.5753787975412505 1.4246212024587495 47.20479999999999
      vertex -4.299264908631489 -1.9818239601665573 47.20479999999999
    endloop
  endfacet
  facet normal -0.296366872759201 -0.44354436963456995 0.8458339487726911
    outer loop
      vertex -21.42462120245875 -13.424621202458749 47.20479999999999
      vertex -18.018176039833442 -15.70073509136851 47.20479999999999
      vertex -14.565685424949239 -6.565685424949238 53.20479999999999
    endloop
  endfacet
  facet normal -0.10407020607863532 -0.5231962569727987 0.8458339487726912
    outer loop
      vertex -18.018176039833442 -15.70073509136851 47.20479999999999
      vertex -14 -16.5 47.20479999999999
      vertex -14.306146745892072 -6.73910362600903 53.20479999999999
    endloop
  endfacet
  facet normal -0.5231962569727987 -0.10407020607863532 0.8458339487726912
    outer loop
      vertex -23.70073509136851 -10.018176039833442 47.20479999999999
      vertex -14.8 -6 53.20479999999999
      vertex -24.5 -6 47.20479999999999
    endloop
  endfacet
  facet normal -0.5231962569727987 0.10407020607863529 0.8458339487726911
    outer loop
      vertex -24.5 -6 47.20479999999999
      vertex -14.8 -6 53.20479999999999
      vertex -23.70073509136851 -1.9818239601665573 47.20479999999999
    endloop
  endfacet
  facet normal -0.5936131960090998 -0.3966396567602816 -0.7002145072825527
    outer loop
      vertex -23.48528137423857 -3.4852813742385713 72.4792
      vertex -26.08655439013544 0.40779881161892284 72.4792
      vertex -18.233578363789505 3.6606079867221855 63.9792
    endloop
  endfacet
  facet normal -0.44354436963456995 -0.296366872759201 0.8458339487726911
    outer loop
      vertex -23.70073509136851 -10.018176039833442 47.20479999999999
      vertex -21.42462120245875 -13.424621202458749 47.20479999999999
      vertex -14.73910362600903 -6.306146745892072 53.20479999999999
    endloop
  endfacet
  facet normal -0.5231962569727986 -0.10407020607863623 0.8458339487726911
    outer loop
      vertex -23.70073509136851 -10.018176039833442 47.20479999999999
      vertex -14.73910362600903 -6.306146745892072 53.20479999999999
      vertex -14.8 -6 53.20479999999999
    endloop
  endfacet
  facet normal -0.29636687275920204 -0.4435443696345696 0.8458339487726909
    outer loop
      vertex -18.018176039833442 -15.70073509136851 47.20479999999999
      vertex -14.306146745892072 -6.73910362600903 53.20479999999999
      vertex -14.565685424949239 -6.565685424949238 53.20479999999999
    endloop
  endfacet
  facet normal -0.4435443696345702 -0.2963668727592011 0.845833948772691
    outer loop
      vertex -21.42462120245875 -13.424621202458749 47.20479999999999
      vertex -14.565685424949239 -6.565685424949238 53.20479999999999
      vertex -14.73910362600903 -6.306146745892072 53.20479999999999
    endloop
  endfacet
  facet normal -0.10407020607863625 -0.5231962569727986 0.845833948772691
    outer loop
      vertex -14 -16.5 47.20479999999999
      vertex -14 -6.8 53.20479999999999
      vertex -14.306146745892072 -6.73910362600903 53.20479999999999
    endloop
  endfacet
  facet normal 0 0 1
    outer loop
      vertex -14.73910362600903 -6.306146745892072 53.20479999999999
      vertex -14.565685424949239 -6.565685424949238 53.20479999999999
      vertex -14.73910362600903 -5.693853254107928 53.20479999999999
    endloop
  endfacet
  facet normal 0 0 1
    outer loop
      vertex -14.565685424949239 -6.565685424949238 53.20479999999999
      vertex -14.306146745892072 -6.73910362600903 53.20479999999999
      vertex -14.565685424949239 -5.434314575050762 53.20479999999999
    endloop
  endfacet
  facet normal 0 0 1
    outer loop
      vertex -14 -6.8 53.20479999999999
      vertex -14.306146745892072 -5.26089637399097 53.20479999999999
      vertex -14.306146745892072 -6.73910362600903 53.20479999999999
    endloop
  endfacet
  facet normal 0 0 1
    outer loop
      vertex -14 -6.8 53.20479999999999
      vertex -13.693853254107928 -6.73910362600903 53.20479999999999
      vertex -14 -5.2 53.20479999999999
    endloop
  endfacet
  facet normal 0 0 1
    outer loop
      vertex -14.73910362600903 -6.306146745892072 53.20479999999999
      vertex -14.73910362600903 -5.693853254107928 53.20479999999999
      vertex -14.8 -6 53.20479999999999
    endloop
  endfacet
  facet normal 0 0 1
    outer loop
      vertex -14.565685424949239 -6.565685424949238 53.20479999999999
      vertex -14.565685424949239 -5.434314575050762 53.20479999999999
      vertex -14.73910362600903 -5.693853254107928 53.20479999999999
    endloop
  endfacet
  facet normal 0 0 1
    outer loop
      vertex -14.306146745892072 -6.73910362600903 53.20479999999999
      vertex -14.306146745892072 -5.26089637399097 53.20479999999999
      vertex -14.565685424949239 -5.434314575050762 53.20479999999999
    endloop
  endfacet
  facet normal 0 0 1
    outer loop
      vertex -14 -6.8 53.20479999999999
      vertex -14 -5.2 53.20479999999999
      vertex -14.306146745892072 -5.26089637399097 53.20479999999999
    endloop
  endfacet
  facet normal 0 0 1
    outer loop
      vertex -14 -5.2 53.20479999999999
      vertex -13.693853254107928 -6.73910362600903 53.20479999999999
      vertex -13.693853254107928 -5.26089637399097 53.20479999999999
    endloop
  endfacet
  facet normal -0.4435443696345699 0.296366872759201 0.8458339487726912
    outer loop
      vertex -23.70073509136851 -1.9818239601665573 47.20479999999999
      vertex -14.73910362600903 -5.693853254107928 53.20479999999999
      vertex -21.42462120245875 1.4246212024587495 47.20479999999999
    endloop
  endfacet
  facet normal -0.5231962569727986 0.10407020607863623 0.8458339487726911
    outer loop
      vertex -23.70073509136851 -1.9818239601665573 47.20479999999999
      vertex -14.8 -6 53.20479999999999
      vertex -14.73910362600903 -5.693853254107928 53.20479999999999
    endloop
  endfacet
  facet normal -0.2963668727592009 0.44354436963456995 0.8458339487726911
    outer loop
      vertex -21.42462120245875 1.4246212024587495 47.20479999999999
      vertex -14.565685424949239 -5.434314575050762 53.20479999999999
      vertex -18.018176039833442 3.700735091368511 47.20479999999999
    endloop
  endfacet
  facet normal -0.443544369634571 0.29636687275920165 0.8458339487726905
    outer loop
      vertex -21.42462120245875 1.4246212024587495 47.20479999999999
      vertex -14.73910362600903 -5.693853254107928 53.20479999999999
      vertex -14.565685424949239 -5.434314575050762 53.20479999999999
    endloop
  endfacet
  facet normal -0.2963668727592008 0.44354436963457 0.8458339487726911
    outer loop
      vertex -14.565685424949239 -5.434314575050762 53.20479999999999
      vertex -14.306146745892072 -5.26089637399097 53.20479999999999
      vertex -18.018176039833442 3.700735091368511 47.20479999999999
    endloop
  endfacet
  facet normal -0.10407020607863476 0.5231962569727987 0.8458339487726912
    outer loop
      vertex -14.306146745892072 -5.26089637399097 53.20479999999999
      vertex -14 -5.2 53.20479999999999
      vertex -14 4.5 47.20479999999999
    endloop
  endfacet
  facet normal 0.10407020607863476 0.5231962569727987 0.8458339487726912
    outer loop
      vertex -14 -5.2 53.20479999999999
      vertex -13.693853254107928 -5.26089637399097 53.20479999999999
      vertex -14 4.5 47.20479999999999
    endloop
  endfacet
  facet normal -0.10407020607863532 0.5231962569727987 0.8458339487726912
    outer loop
      vertex -14.306146745892072 -5.26089637399097 53.20479999999999
      vertex -14 4.5 47.20479999999999
      vertex -18.018176039833442 3.700735091368511 47.20479999999999
    endloop
  endfacet
  facet normal -0.3966396567602815 -0.5936131960090998 -0.7002145072825529
    outer loop
      vertex -23.48528137423857 -3.4852813742385713 72.4792
      vertex -17.474873734152915 2.5251262658470837 63.9792
      vertex -19.592201188381075 -6.08655439013544 72.4792
    endloop
  endfacet
  facet normal -0.5936131960090989 -0.3966396567602826 -0.7002145072825529
    outer loop
      vertex -23.48528137423857 -3.4852813742385713 72.4792
      vertex -18.233578363789505 3.6606079867221855 63.9792
      vertex -17.474873734152915 2.5251262658470837 63.9792
    endloop
  endfacet
  facet normal -0.3966396567602818 -0.5936131960090996 -0.7002145072825527
    outer loop
      vertex -16.339392013277813 1.7664216362104965 63.9792
      vertex -19.592201188381075 -6.08655439013544 72.4792
      vertex -17.474873734152915 2.5251262658470837 63.9792
    endloop
  endfacet
  facet normal -0.13928132531715365 -0.7002145072825533 -0.7002145072825529
    outer loop
      vertex -16.339392013277813 1.7664216362104965 63.9792
      vertex -15 -7 72.4792
      vertex -19.592201188381075 -6.08655439013544 72.4792
    endloop
  endfacet
  facet normal -0.13928132531715373 -0.7002145072825533 -0.7002145072825529
    outer loop
      vertex -16.339392013277813 1.7664216362104965 63.9792
      vertex -15 1.5 63.9792
      vertex -15 -7 72.4792
    endloop
  endfacet
  facet normal 0.13928132531715354 -0.7002145072825534 -0.7002145072825529
    outer loop
      vertex -15 1.5 63.9792
      vertex -13.660607986722185 1.7664216362104965 63.9792
      vertex -15 -7 72.4792
    endloop
  endfacet
  facet normal -0.4234266968295032 -0.28292467354620504 0.8606180694772967
    outer loop
      vertex -23.48528137423857 -3.4852813742385713 72.4792
      vertex -15.73910362600903 4.693853254107928 78.9792
      vertex -26.08655439013544 0.40779881161892284 72.4792
    endloop
  endfacet
  facet normal -0.282924673546205 -0.42342669682950335 0.8606180694772968
    outer loop
      vertex -23.48528137423857 -3.4852813742385713 72.4792
      vertex -19.592201188381075 -6.08655439013544 72.4792
      vertex -15.565685424949239 4.434314575050762 78.9792
    endloop
  endfacet
  facet normal -0.09934993343405021 -0.499465843893074 0.8606180694772968
    outer loop
      vertex -19.592201188381075 -6.08655439013544 72.4792
      vertex -15 -7 72.4792
      vertex -15.306146745892072 4.26089637399097 78.9792
    endloop
  endfacet
  facet normal -0.28292467354620565 -0.42342669682950224 0.8606180694772971
    outer loop
      vertex -19.592201188381075 -6.08655439013544 72.4792
      vertex -15.306146745892072 4.26089637399097 78.9792
      vertex -15.565685424949239 4.434314575050762 78.9792
    endloop
  endfacet
  facet normal -0.09934993343405099 -0.499465843893074 0.8606180694772968
    outer loop
      vertex -15 -7 72.4792
      vertex -15 4.2 78.9792
      vertex -15.306146745892072 4.26089637399097 78.9792
    endloop
  endfacet
  facet normal 0.10407020607863532 -0.5231962569727987 0.8458339487726911
    outer loop
      vertex -14 -16.5 47.20479999999999
      vertex -9.981823960166558 -15.70073509136851 47.20479999999999
      vertex -14 -6.8 53.20479999999999
    endloop
  endfacet
  facet normal 0.29636687275920093 -0.44354436963456995 0.8458339487726912
    outer loop
      vertex -9.981823960166558 -15.70073509136851 47.20479999999999
      vertex -6.5753787975412505 -13.424621202458749 47.20479999999999
      vertex -13.434314575050761 -6.565685424949238 53.20479999999999
    endloop
  endfacet
  facet normal -0.09312468225400983 -0.46816939278725483 0.8787179372314547
    outer loop
      vertex -3.4748846207461668 -11.010433922646728 79.88
      vertex 1.5 -11.591875031048968 80.0974436309985
      vertex 0.4468381151160459 -10 80.83396188488395
    endloop
  endfacet
  facet normal -0.7002145072825535 -0.13928132531715345 -0.7002145072825526
    outer loop
      vertex -1.2387953251128678 -13.826834323650898 83.28079999999999
      vertex -2 -10 83.28079999999999
      vertex 1.5 -11.591875031048968 80.0974436309985
    endloop
  endfacet
  facet normal 0.10407020607863623 -0.5231962569727986 0.8458339487726911
    outer loop
      vertex -9.981823960166558 -15.70073509136851 47.20479999999999
      vertex -13.693853254107928 -6.73910362600903 53.20479999999999
      vertex -14 -6.8 53.20479999999999
    endloop
  endfacet
  facet normal 0.29636687275920204 -0.4435443696345696 0.8458339487726909
    outer loop
      vertex -9.981823960166558 -15.70073509136851 47.20479999999999
      vertex -13.434314575050761 -6.565685424949238 53.20479999999999
      vertex -13.693853254107928 -6.73910362600903 53.20479999999999
    endloop
  endfacet
  facet normal 0.4435443696345705 -0.29636687275919926 0.8458339487726915
    outer loop
      vertex -6.5753787975412505 -13.424621202458749 47.20479999999999
      vertex -13.26089637399097 -6.306146745892072 53.20479999999999
      vertex -13.434314575050761 -6.565685424949238 53.20479999999999
    endloop
  endfacet
  facet normal 0 0 1
    outer loop
      vertex -13.693853254107928 -6.73910362600903 53.20479999999999
      vertex -13.434314575050761 -6.565685424949238 53.20479999999999
      vertex -13.693853254107928 -5.26089637399097 53.20479999999999
    endloop
  endfacet
  facet normal 0 0 1
    outer loop
      vertex -13.434314575050761 -6.565685424949238 53.20479999999999
      vertex -13.26089637399097 -6.306146745892072 53.20479999999999
      vertex -13.434314575050761 -5.434314575050762 53.20479999999999
    endloop
  endfacet
  facet normal 0 0 1
    outer loop
      vertex -13.434314575050761 -6.565685424949238 53.20479999999999
      vertex -13.434314575050761 -5.434314575050762 53.20479999999999
      vertex -13.693853254107928 -5.26089637399097 53.20479999999999
    endloop
  endfacet
  facet normal 0 0 1
    outer loop
      vertex -13.26089637399097 -6.306146745892072 53.20479999999999
      vertex -13.2 -6 53.20479999999999
      vertex -13.26089637399097 -5.693853254107928 53.20479999999999
    endloop
  endfacet
  facet normal 0 0 1
    outer loop
      vertex -13.26089637399097 -6.306146745892072 53.20479999999999
      vertex -13.26089637399097 -5.693853254107928 53.20479999999999
      vertex -13.434314575050761 -5.434314575050762 53.20479999999999
    endloop
  endfacet
  facet normal 0.44354436963456995 -0.2963668727592009 0.8458339487726911
    outer loop
      vertex -6.5753787975412505 -13.424621202458749 47.20479999999999
      vertex -4.299264908631489 -10.018176039833442 47.20479999999999
      vertex -13.26089637399097 -6.306146745892072 53.20479999999999
    endloop
  endfacet
  facet normal 0.5231962569727986 -0.10407020607863623 0.8458339487726911
    outer loop
      vertex -4.299264908631489 -10.018176039833442 47.20479999999999
      vertex -13.2 -6 53.20479999999999
      vertex -13.26089637399097 -6.306146745892072 53.20479999999999
    endloop
  endfacet
  facet normal 0.2963668727592008 0.44354436963457 0.8458339487726911
    outer loop
      vertex -13.434314575050761 -5.434314575050762 53.20479999999999
      vertex -9.981823960166558 3.700735091368511 47.20479999999999
      vertex -13.693853254107928 -5.26089637399097 53.20479999999999
    endloop
  endfacet
  facet normal 0.4435443696345713 0.2963668727591998 0.845833948772691
    outer loop
      vertex -6.5753787975412505 1.4246212024587495 47.20479999999999
      vertex -13.434314575050761 -5.434314575050762 53.20479999999999
      vertex -13.26089637399097 -5.693853254107928 53.20479999999999
    endloop
  endfacet
  facet normal 0.10407020607863532 0.5231962569727987 0.8458339487726912
    outer loop
      vertex -13.693853254107928 -5.26089637399097 53.20479999999999
      vertex -9.981823960166558 3.700735091368511 47.20479999999999
      vertex -14 4.5 47.20479999999999
    endloop
  endfacet
  facet normal 0.5231962569727986 0.10407020607863623 0.8458339487726911
    outer loop
      vertex -4.299264908631489 -1.9818239601665573 47.20479999999999
      vertex -13.26089637399097 -5.693853254107928 53.20479999999999
      vertex -13.2 -6 53.20479999999999
    endloop
  endfacet
  facet normal 0.44354436963456995 0.2963668727592009 0.8458339487726911
    outer loop
      vertex -4.299264908631489 -1.9818239601665573 47.20479999999999
      vertex -6.5753787975412505 1.4246212024587495 47.20479999999999
      vertex -13.26089637399097 -5.693853254107928 53.20479999999999
    endloop
  endfacet
  facet normal 0.2963668727592009 0.44354436963457 0.8458339487726912
    outer loop
      vertex -6.5753787975412505 1.4246212024587495 47.20479999999999
      vertex -9.981823960166558 3.700735091368511 47.20479999999999
      vertex -13.434314575050761 -5.434314575050762 53.20479999999999
    endloop
  endfacet
  facet normal 0.13928132531715365 -0.7002145072825534 -0.7002145072825527
    outer loop
      vertex -15 -7 72.4792
      vertex -13.660607986722185 1.7664216362104965 63.9792
      vertex -10.407798811618923 -6.08655439013544 72.4792
    endloop
  endfacet
  facet normal 0.3966396567602818 -0.5936131960090996 -0.7002145072825527
    outer loop
      vertex -13.660607986722185 1.7664216362104965 63.9792
      vertex -12.525126265847083 2.5251262658470837 63.9792
      vertex -10.407798811618923 -6.08655439013544 72.4792
    endloop
  endfacet
  facet normal 0.39663965676028157 -0.5936131960090997 -0.7002145072825529
    outer loop
      vertex -10.407798811618923 -6.08655439013544 72.4792
      vertex -12.525126265847083 2.5251262658470837 63.9792
      vertex -6.514718625761429 -3.4852813742385713 72.4792
    endloop
  endfacet
  facet normal 0.5936131960090998 -0.39663965676028146 -0.7002145072825529
    outer loop
      vertex -6.514718625761429 -3.4852813742385713 72.4792
      vertex -12.525126265847083 2.5251262658470837 63.9792
      vertex -11.766421636210497 3.6606079867221855 63.9792
    endloop
  endfacet
  facet normal 0.593613196009099 -0.39663965676028223 -0.700214507282553
    outer loop
      vertex -6.514718625761429 -3.4852813742385713 72.4792
      vertex -11.766421636210497 3.6606079867221855 63.9792
      vertex -3.9474247347593234 0.42187342598790306 72.44242126024115
    endloop
  endfacet
  facet normal 0.5231962569727987 -0.10407020607863532 0.8458339487726912
    outer loop
      vertex -4.299264908631489 -10.018176039833442 47.20479999999999
      vertex -3.5 -6 47.20479999999999
      vertex -13.2 -6 53.20479999999999
    endloop
  endfacet
  facet normal 0.5231962569727987 0.10407020607863529 0.8458339487726911
    outer loop
      vertex -3.5 -6 47.20479999999999
      vertex -4.299264908631489 -1.9818239601665573 47.20479999999999
      vertex -13.2 -6 53.20479999999999
    endloop
  endfacet
  facet normal -0.9311174958546776 -0.24949218107275553 -0.2660335702441964
    outer loop
      vertex -0.9379862805794263 -0.4075720353731463 68.98300424761203
      vertex -1.2836530835928386 -0.6071428571428572 70.38
      vertex -1.2064137439709015 -0.3680119999854575 69.88540009111081
    endloop
  endfacet
  facet normal -0.6816253147819312 -0.6816253147819259 -0.2660335702441963
    outer loop
      vertex -0.9379862805794263 -0.4075720353731463 68.98300424761203
      vertex 0.25 -1.1650635094610964 67.88
      vertex -1.2836530835928386 -0.6071428571428572 70.38
    endloop
  endfacet
  facet normal -0.5936131960090998 -0.39663965676028173 -0.7002145072825527
    outer loop
      vertex -10.510433922646728 -3.9748846207461668 79.88
      vertex -5.709120417811618 -4.380576563941177 76.0394489780224
      vertex -7.692388155425119 -8.19238815542512 79.88
    endloop
  endfacet
  facet normal 0.09934993343405019 -0.499465843893074 0.8606180694772967
    outer loop
      vertex -15 -7 72.4792
      vertex -10.407798811618923 -6.08655439013544 72.4792
      vertex -15 4.2 78.9792
    endloop
  endfacet
  facet normal 0.28292467354620504 -0.4234266968295032 0.8606180694772967
    outer loop
      vertex -10.407798811618923 -6.08655439013544 72.4792
      vertex -6.514718625761429 -3.4852813742385713 72.4792
      vertex -14.434314575050761 4.434314575050762 78.9792
    endloop
  endfacet
  facet normal 0.09934993343405105 -0.4994658438930743 0.8606180694772966
    outer loop
      vertex -10.407798811618923 -6.08655439013544 72.4792
      vertex -14.693853254107928 4.26089637399097 78.9792
      vertex -15 4.2 78.9792
    endloop
  endfacet
  facet normal 0.28292467354620604 -0.42342669682950285 0.8606180694772966
    outer loop
      vertex -10.407798811618923 -6.08655439013544 72.4792
      vertex -14.434314575050761 4.434314575050762 78.9792
      vertex -14.693853254107928 4.26089637399097 78.9792
    endloop
  endfacet
  facet normal 0.4234266968295034 -0.28292467354620476 0.8606180694772967
    outer loop
      vertex -6.514718625761429 -3.4852813742385713 72.4792
      vertex -4.148242860151308 0.5050550170956042 72.6266935384235
      vertex -14.26089637399097 4.693853254107928 78.9792
    endloop
  endfacet
  facet normal -0.7002145072825537 -0.13928132531715356 -0.7002145072825524
    outer loop
      vertex -10.510433922646728 -3.9748846207461668 79.88
      vertex -11.5 1 79.88
      vertex -7.402260108881212 -0.29297575876877313 76.0394489780224
    endloop
  endfacet
  facet normal -0.7002145072825534 -0.1392813253171474 -0.700214507282554
    outer loop
      vertex -11.5 1 79.88
      vertex -7.5443548693253195 0.39977567907485734 76.04374690995938
      vertex -7.402260108881212 -0.29297575876877313 76.0394489780224
    endloop
  endfacet
  facet normal -0.700214507282539 -0.13928132531717735 -0.7002145072825624
    outer loop
      vertex -10.510433922646728 -3.9748846207461668 79.88
      vertex -7.402260108881212 -0.29297575876877313 76.0394489780224
      vertex -7.313957385963482 -0.29053261862468616 75.95066028431478
    endloop
  endfacet
  facet normal -0.6042200337429149 -0.5068203228924061 -0.6148587733186768
    outer loop
      vertex -7.388421797856804 -0.23825667713449894 75.98074585961108
      vertex -7.313957385963482 -0.29053261862468616 75.95066028431478
      vertex -7.402260108881212 -0.29297575876877313 76.0394489780224
    endloop
  endfacet
  facet normal -0.904920593413631 -0.18323104590327444 -0.3841160025735902
    outer loop
      vertex -7.388421797856804 -0.23825667713449894 75.98074585961108
      vertex -7.402260108881212 -0.29297575876877313 76.0394489780224
      vertex -7.5443548693253195 0.39977567907485734 76.04374690995938
    endloop
  endfacet
  facet normal -0.3746065934159667 -2.018725586636222e-14 -0.9271838545667654
    outer loop
      vertex -7.388421797856804 -0.23825667713449894 75.98074585961108
      vertex -7.5443548693253195 0.39977567907485734 76.04374690995938
      vertex -7.313957385963482 -0.29053261862468616 75.95066028431478
    endloop
  endfacet
  facet normal -0.7002145072825532 0.13928132531715906 -0.700214507282552
    outer loop
      vertex -11.5 1 79.88
      vertex -7.5443548693253195 1.6002243209251428 76.04374690995938
      vertex -4.519003925133842 1 72.89900392513383
    endloop
  endfacet
  facet normal -0.4681693927872515 -0.09312468225400919 0.8787179372314566
    outer loop
      vertex -10.510433922646728 -3.9748846207461668 79.88
      vertex 0.5237080395441983 0.5956066291433895 86.24321719501344
      vertex -11.5 1 79.88
    endloop
  endfacet
  facet normal -0.3966396567602818 -0.5936131960090998 -0.7002145072825525
    outer loop
      vertex -3.4748846207461668 -11.010433922646728 79.88
      vertex -7.692388155425119 -8.19238815542512 79.88
      vertex -3.880576563941176 -6.209120417811619 76.0394489780224
    endloop
  endfacet
  facet normal -0.39663965676028223 -0.593613196009099 -0.7002145072825532
    outer loop
      vertex -7.692388155425119 -8.19238815542512 79.88
      vertex -0.9748737341529163 -1.4748737341529163 70.38
      vertex -4.470901971998222 -5.819747347116779 76.04374690995938
    endloop
  endfacet
  facet normal -0.5936131960090956 -0.39663965676028556 -0.700214507282554
    outer loop
      vertex -7.692388155425119 -8.19238815542512 79.88
      vertex -5.709120417811618 -4.380576563941177 76.0394489780224
      vertex -5.319747347116781 -4.970901971998218 76.04374690995938
    endloop
  endfacet
  facet normal -0.2648868624816321 -0.26488686248161003 -0.9271838545667658
    outer loop
      vertex -5.660643020562197 -4.409483634059545 75.98074585961108
      vertex -5.6449534026759824 -4.319864670732088 75.95066028431478
      vertex -5.319747347116781 -4.970901971998218 76.04374690995938
    endloop
  endfacet
  facet normal -0.7694394031202494 -0.5103115729560278 -0.3841160025735702
    outer loop
      vertex -5.660643020562197 -4.409483634059545 75.98074585961108
      vertex -5.319747347116781 -4.970901971998218 76.04374690995938
      vertex -5.709120417811618 -4.380576563941177 76.0394489780224
    endloop
  endfacet
  facet normal -0.3966396567602854 -0.5936131960090957 -0.700214507282554
    outer loop
      vertex -7.692388155425119 -8.19238815542512 79.88
      vertex -4.470901971998222 -5.819747347116779 76.04374690995938
      vertex -3.880576563941176 -6.209120417811619 76.0394489780224
    endloop
  endfacet
  facet normal -0.5103115729560268 -0.7694394031202483 -0.38411600257357364
    outer loop
      vertex -3.909483634059545 -6.160643020562197 75.98074585961108
      vertex -3.880576563941176 -6.209120417811619 76.0394489780224
      vertex -4.470901971998222 -5.819747347116779 76.04374690995938
    endloop
  endfacet
  facet normal -0.2648868624816065 -0.2648868624816272 -0.9271838545667682
    outer loop
      vertex -3.909483634059545 -6.160643020562197 75.98074585961108
      vertex -4.470901971998222 -5.819747347116779 76.04374690995938
      vertex -3.819864670732086 -6.1449534026759824 75.95066028431478
    endloop
  endfacet
  facet normal -0.06887199602799483 -0.7856241703487606 -0.6148587733186714
    outer loop
      vertex -3.909483634059545 -6.160643020562197 75.98074585961108
      vertex -3.819864670732086 -6.1449534026759824 75.95066028431478
      vertex -3.880576563941176 -6.209120417811619 76.0394489780224
    endloop
  endfacet
  facet normal -0.39663965676025886 -0.5936131960091047 -0.7002145072825614
    outer loop
      vertex -3.4748846207461668 -11.010433922646728 79.88
      vertex -3.880576563941176 -6.209120417811619 76.0394489780224
      vertex -3.819864670732086 -6.1449534026759824 75.95066028431478
    endloop
  endfacet
  facet normal -0.13928132531715356 -0.7002145072825537 -0.7002145072825524
    outer loop
      vertex -3.4748846207461668 -11.010433922646728 79.88
      vertex 0.20702424123122687 -7.902260108881212 76.0394489780224
      vertex 1.5 -12 79.88
    endloop
  endfacet
  facet normal -0.09312468225401241 -0.468169392787248 0.8787179372314582
    outer loop
      vertex -3.4748846207461668 -11.010433922646728 79.88
      vertex 0.4468381151160459 -10 80.83396188488395
      vertex -0.6326142273799398 -6.424254108284291 82.62467430784918
    endloop
  endfacet
  facet normal -0.39663965676028023 -0.5936131960090999 -0.7002145072825534
    outer loop
      vertex -3.4748846207461668 -11.010433922646728 79.88
      vertex -3.819864670732086 -6.1449534026759824 75.95066028431478
      vertex -0.9748737341529163 -1.4748737341529163 70.38
    endloop
  endfacet
  facet normal -0.13928132531715554 -0.7002145072825525 -0.7002145072825533
    outer loop
      vertex -3.4748846207461668 -11.010433922646728 79.88
      vertex 0.16060798672218568 -2.2335783637895035 70.38
      vertex 0.20702424123122687 -7.902260108881212 76.0394489780224
    endloop
  endfacet
  facet normal -0.3966396567602818 -0.5936131960090991 -0.7002145072825531
    outer loop
      vertex -3.4748846207461668 -11.010433922646728 79.88
      vertex -0.9748737341529163 -1.4748737341529163 70.38
      vertex 0.16060798672218568 -2.2335783637895035 70.38
    endloop
  endfacet
  facet normal -0.09312468225399793 -0.4681693927872554 0.8787179372314557
    outer loop
      vertex -3.4748846207461668 -11.010433922646728 79.88
      vertex -0.6326142273799398 -6.424254108284291 82.62467430784918
      vertex -0.5894445934835219 -5.201343629401571 83.28079999999999
    endloop
  endfacet
  facet normal -0.700214507282552 0.13928132531715312 -0.7002145072825544
    outer loop
      vertex -2 -10 83.28079999999999
      vertex -1.2387953251128678 -6.173165676349102 83.28079999999999
      vertex 0.4468381151160459 -10 80.83396188488395
    endloop
  endfacet
  facet normal -0.26519665806620124 -0.3968948467015064 0.8787179372314566
    outer loop
      vertex -3.4748846207461668 -11.010433922646728 79.88
      vertex 1.084744321295468 -0.0025158913809256167 86.22809426395497
      vertex -7.692388155425119 -8.19238815542512 79.88
    endloop
  endfacet
  facet normal -0.0931246822539963 -0.4681693927872566 0.8787179372314551
    outer loop
      vertex -3.4748846207461668 -11.010433922646728 79.88
      vertex -0.5894445934835219 -5.201343629401571 83.28079999999999
      vertex 1.084744321295468 -0.0025158913809256167 86.22809426395497
    endloop
  endfacet
  facet normal -0.5936131960091021 0.3966396567602836 -0.7002145072825497
    outer loop
      vertex -0.6326142273799398 -6.424254108284291 82.62467430784918
      vertex -1.2387953251128678 -6.173165676349102 83.28079999999999
      vertex -0.5894445934835219 -5.201343629401571 83.28079999999999
    endloop
  endfacet
  facet normal -0.5936131960091001 -0.3966396567602801 -0.7002145072825533
    outer loop
      vertex -10.510433922646728 -3.9748846207461668 79.88
      vertex -1.7335783637895035 -0.3393920132778143 70.38
      vertex -5.709120417811618 -4.380576563941177 76.0394489780224
    endloop
  endfacet
  facet normal -0.593613196009097 -0.3966396567602856 -0.7002145072825529
    outer loop
      vertex -7.692388155425119 -8.19238815542512 79.88
      vertex -5.319747347116781 -4.970901971998218 76.04374690995938
      vertex -1.7335783637895035 -0.3393920132778143 70.38
    endloop
  endfacet
  facet normal -0.5936131960090966 -0.3966396567602845 -0.7002145072825537
    outer loop
      vertex -5.6449534026759824 -4.319864670732088 75.95066028431478
      vertex -1.7335783637895035 -0.3393920132778143 70.38
      vertex -5.319747347116781 -4.970901971998218 76.04374690995938
    endloop
  endfacet
  facet normal -0.5936131960089353 -0.3966396567604803 -0.7002145072825798
    outer loop
      vertex -5.6449534026759824 -4.319864670732088 75.95066028431478
      vertex -5.709120417811618 -4.380576563941177 76.0394489780224
      vertex -1.7335783637895035 -0.3393920132778143 70.38
    endloop
  endfacet
  facet normal -0.7856241703487656 -0.0688719960279933 -0.6148587733186653
    outer loop
      vertex -5.660643020562197 -4.409483634059545 75.98074585961108
      vertex -5.709120417811618 -4.380576563941177 76.0394489780224
      vertex -5.6449534026759824 -4.319864670732088 75.95066028431478
    endloop
  endfacet
  facet normal -0.7002145072825527 -0.1392813253171548 -0.7002145072825532
    outer loop
      vertex -10.510433922646728 -3.9748846207461668 79.88
      vertex -7.313957385963482 -0.29053261862468616 75.95066028431478
      vertex -1.7335783637895035 -0.3393920132778143 70.38
    endloop
  endfacet
  facet normal -0.7002145072825534 -0.13928132531713988 -0.7002145072825556
    outer loop
      vertex -11.5 1 79.88
      vertex -1.7335783637895035 -0.3393920132778143 70.38
      vertex -7.5443548693253195 0.39977567907485734 76.04374690995938
    endloop
  endfacet
  facet normal -0.7002145072825527 -0.13928132531716303 -0.7002145072825516
    outer loop
      vertex -11.5 1 79.88
      vertex -4.519003925133842 1 72.89900392513383
      vertex -4.148242860151308 0.5050550170956042 72.6266935384235
    endloop
  endfacet
  facet normal -0.7002145072825529 -0.1392813253171633 -0.7002145072825515
    outer loop
      vertex -11.5 1 79.88
      vertex -4.148242860151308 0.5050550170956042 72.6266935384235
      vertex -3.96581410463875 0.32942382055775243 72.4792
    endloop
  endfacet
  facet normal -0.7002145072825531 -0.13928132531715065 -0.7002145072825536
    outer loop
      vertex -7.313957385963482 -0.29053261862468616 75.95066028431478
      vertex -7.5443548693253195 0.39977567907485734 76.04374690995938
      vertex -1.7335783637895035 -0.3393920132778143 70.38
    endloop
  endfacet
  facet normal -0.7002145072825532 -0.1392813253171598 -0.7002145072825519
    outer loop
      vertex -11.5 1 79.88
      vertex -3.96581410463875 0.32942382055775243 72.4792
      vertex -1.7335783637895035 -0.3393920132778143 70.38
    endloop
  endfacet
  facet normal 0.42342669682950007 -0.28292467354620293 0.860618069477299
    outer loop
      vertex -6.514718625761429 -3.4852813742385713 72.4792
      vertex -3.96581410463875 0.32942382055775243 72.4792
      vertex -4.148242860151308 0.5050550170956042 72.6266935384235
    endloop
  endfacet
  facet normal 0.5936131960091435 -0.3966396567603108 -0.700214507282499
    outer loop
      vertex -6.514718625761429 -3.4852813742385713 72.4792
      vertex -3.9474247347593234 0.42187342598790306 72.44242126024115
      vertex -3.96581410463875 0.32942382055775243 72.4792
    endloop
  endfacet
  facet normal -0.39663965676028357 -0.5936131960090979 -0.7002145072825533
    outer loop
      vertex -3.819864670732086 -6.1449534026759824 75.95066028431478
      vertex -4.470901971998222 -5.819747347116779 76.04374690995938
      vertex -0.9748737341529163 -1.4748737341529163 70.38
    endloop
  endfacet
  facet normal -0.5936131960090995 -0.39663965676028146 -0.700214507282553
    outer loop
      vertex -7.692388155425119 -8.19238815542512 79.88
      vertex -1.7335783637895035 -0.3393920132778143 70.38
      vertex -0.9748737341529163 -1.4748737341529163 70.38
    endloop
  endfacet
  facet normal -0.7002145072825546 -0.13928132531719054 -0.7002145072825441
    outer loop
      vertex -3.96581410463875 0.32942382055775243 72.4792
      vertex -3.9474247347593234 0.42187342598790306 72.44242126024115
      vertex -1.7335783637895035 -0.3393920132778143 70.38
    endloop
  endfacet
  facet normal -0.7002145072825504 -0.13928132531716325 -0.7002145072825539
    outer loop
      vertex -3.9474247347593234 0.42187342598790306 72.44242126024115
      vertex -3.947424734759326 1 72.3274247347593
      vertex -2.405765446040102 1 70.78576544604009
    endloop
  endfacet
  facet normal -0.7002145072825514 -0.13928132531715795 -0.7002145072825537
    outer loop
      vertex -3.9474247347593234 0.42187342598790306 72.44242126024115
      vertex -2.320935362900806 0.6667967001559914 70.76721362009148
      vertex -1.8232669305616025 0.1115028604477254 70.38
    endloop
  endfacet
  facet normal -0.7002145072825516 -0.13928132531715232 -0.7002145072825549
    outer loop
      vertex -3.9474247347593234 0.42187342598790306 72.44242126024115
      vertex -1.8232669305616025 0.1115028604477254 70.38
      vertex -1.7335783637895035 -0.3393920132778143 70.38
    endloop
  endfacet
  facet normal -0.7002145072825507 -0.1392813253171623 -0.7002145072825537
    outer loop
      vertex -3.9474247347593234 0.42187342598790306 72.44242126024115
      vertex -2.405765446040102 1 70.78576544604009
      vertex -2.320935362900806 0.6667967001559914 70.76721362009148
    endloop
  endfacet
  facet normal 0 0 -1
    outer loop
      vertex -0.9748737341529163 -1.4748737341529163 70.38
      vertex -1.7335783637895035 -0.3393920132778143 70.38
      vertex -1.2836530835928386 -0.6071428571428572 70.38
    endloop
  endfacet
  facet normal 0 0 -1
    outer loop
      vertex -1.2836530835928386 -0.6071428571428572 70.38
      vertex -1.7335783637895035 -0.3393920132778143 70.38
      vertex -1.4405325906044177 -0.27123147950945914 70.38
    endloop
  endfacet
  facet normal 0 0 -1
    outer loop
      vertex -1.2836530835928386 -0.6071428571428572 70.38
      vertex -1.4405325906044177 -0.27123147950945914 70.38
      vertex -1.3653304753079032 -0.30231868143253054 70.38
    endloop
  endfacet
  facet normal 0 0 -1
    outer loop
      vertex -0.9748737341529163 -1.4748737341529163 70.38
      vertex -1.2836530835928386 -0.6071428571428572 70.38
      vertex -0.1071428571428572 -1.7836530835928386 70.38
    endloop
  endfacet
  facet normal -0.9311174958546797 -0.2494921810727504 -0.2660335702441943
    outer loop
      vertex -1.2064137439709015 -0.3680119999854575 69.88540009111081
      vertex -1.2836530835928386 -0.6071428571428572 70.38
      vertex -1.3653304753079032 -0.30231868143253054 70.38
    endloop
  endfacet
  facet normal 0 0 -1
    outer loop
      vertex -1.8232669305616025 0.1115028604477254 70.38
      vertex -1.4405325906044177 -0.27123147950945914 70.38
      vertex -1.7335783637895035 -0.3393920132778143 70.38
    endloop
  endfacet
  facet normal -0.39689484670150627 -0.2651966580662012 0.8787179372314566
    outer loop
      vertex -10.510433922646728 -3.9748846207461668 79.88
      vertex -7.692388155425119 -8.19238815542512 79.88
      vertex 0.6000514417561462 0.34614909941873073 86.20241342991925
    endloop
  endfacet
  facet normal -0.26519665806619114 -0.3968948467015154 0.8787179372314554
    outer loop
      vertex -7.692388155425119 -8.19238815542512 79.88
      vertex 1.084744321295468 -0.0025158913809256167 86.22809426395497
      vertex 0.7453568972142566 0.24535689721425655 86.2376252197032
    endloop
  endfacet
  facet normal -0.3968948467015359 -0.2651966580661673 0.8787179372314535
    outer loop
      vertex -7.692388155425119 -8.19238815542512 79.88
      vertex 0.7453568972142566 0.24535689721425655 86.2376252197032
      vertex 0.6000514417561462 0.34614909941873073 86.20241342991925
    endloop
  endfacet
  facet normal -0.39689484670150293 -0.2651966580662105 0.8787179372314554
    outer loop
      vertex -10.510433922646728 -3.9748846207461668 79.88
      vertex 0.6000514417561462 0.34614909941873073 86.20241342991925
      vertex 0.5237080395441983 0.5956066291433895 86.24321719501344
    endloop
  endfacet
  facet normal -0.46816939278725145 -0.09312468225401273 0.8787179372314563
    outer loop
      vertex -11.5 1 79.88
      vertex 0.5237080395441983 0.5956066291433895 86.24321719501344
      vertex 0.38897329105772516 1 86.21428904851436
    endloop
  endfacet
  facet normal -0.13928132531715354 0.7002145072825531 -0.7002145072825531
    outer loop
      vertex -15.339392013277815 -2.7664216362104965 40.20479999999999
      vertex -18.018176039833442 3.700735091368511 47.20479999999999
      vertex -14 4.5 47.20479999999999
    endloop
  endfacet
  facet normal 0.13928132531715354 0.7002145072825531 -0.7002145072825531
    outer loop
      vertex -12.660607986722185 -2.7664216362104965 40.20479999999999
      vertex -14 4.5 47.20479999999999
      vertex -9.981823960166558 3.700735091368511 47.20479999999999
    endloop
  endfacet
  facet normal -0.7002145072825535 -0.13928132531715368 -0.7002145072825527
    outer loop
      vertex -26.08655439013544 0.40779881161892284 72.4792
      vertex -27 5 72.4792
      vertex -18.233578363789505 3.6606079867221855 63.9792
    endloop
  endfacet
  facet normal -0.7002145072825534 0.1392813253171536 -0.7002145072825527
    outer loop
      vertex -18.233578363789505 6.3393920132778145 63.9792
      vertex -27 5 72.4792
      vertex -26.08655439013544 9.592201188381077 72.4792
    endloop
  endfacet
  facet normal -0.7002145072825534 -0.13928132531715282 -0.7002145072825527
    outer loop
      vertex -18.233578363789505 3.6606079867221855 63.9792
      vertex -27 5 72.4792
      vertex -18.5 5 63.9792
    endloop
  endfacet
  facet normal -0.7002145072825534 0.13928132531715282 -0.7002145072825529
    outer loop
      vertex -18.5 5 63.9792
      vertex -27 5 72.4792
      vertex -18.233578363789505 6.3393920132778145 63.9792
    endloop
  endfacet
  facet normal -0.5936131960090998 0.3966396567602816 -0.7002145072825527
    outer loop
      vertex -18.233578363789505 6.3393920132778145 63.9792
      vertex -26.08655439013544 9.592201188381077 72.4792
      vertex -23.48528137423857 13.485281374238571 72.4792
    endloop
  endfacet
  facet normal 0 0 -1
    outer loop
      vertex -17.78365308359284 3.392857142857143 63.9792
      vertex -18.233578363789505 3.6606079867221855 63.9792
      vertex -18.214285714285715 5 63.9792
    endloop
  endfacet
  facet normal -0.6816253147819292 -0.6816253147819286 -0.2660335702441945
    outer loop
      vertex -17.78365308359284 3.392857142857143 63.9792
      vertex -17.165063509461095 3.75 61.4792
      vertex -16.25 2.8349364905389036 61.4792
    endloop
  endfacet
  facet normal 0 0 -1
    outer loop
      vertex -17.474873734152915 2.5251262658470837 63.9792
      vertex -18.233578363789505 3.6606079867221855 63.9792
      vertex -17.78365308359284 3.392857142857143 63.9792
    endloop
  endfacet
  facet normal 0 0 -1
    outer loop
      vertex -16.607142857142858 2.2163469164071614 63.9792
      vertex -17.474873734152915 2.5251262658470837 63.9792
      vertex -17.78365308359284 3.392857142857143 63.9792
    endloop
  endfacet
  facet normal -0.9311174958546793 -0.24949218107275106 -0.2660335702441946
    outer loop
      vertex -17.78365308359284 3.392857142857143 63.9792
      vertex -18.214285714285715 5 63.9792
      vertex -17.165063509461095 3.75 61.4792
    endloop
  endfacet
  facet normal 0 0 -1
    outer loop
      vertex -18.233578363789505 3.6606079867221855 63.9792
      vertex -18.5 5 63.9792
      vertex -18.233578363789505 6.3393920132778145 63.9792
    endloop
  endfacet
  facet normal 0 0 -1
    outer loop
      vertex -18.233578363789505 3.6606079867221855 63.9792
      vertex -18.233578363789505 6.3393920132778145 63.9792
      vertex -18.214285714285715 5 63.9792
    endloop
  endfacet
  facet normal -0.9311174958546793 -0.2494921810727514 -0.2660335702441945
    outer loop
      vertex -17.165063509461095 3.75 61.4792
      vertex -18.214285714285715 5 63.9792
      vertex -17.5 5 61.4792
    endloop
  endfacet
  facet normal 0 0 -1
    outer loop
      vertex -17.165063509461095 3.75 61.4792
      vertex -17.5 5 61.4792
      vertex -17.165063509461095 6.25 61.4792
    endloop
  endfacet
  facet normal -0.9311174958546795 0.24949218107275106 -0.2660335702441945
    outer loop
      vertex -17.5 5 61.4792
      vertex -18.214285714285715 5 63.9792
      vertex -17.78365308359284 6.607142857142858 63.9792
    endloop
  endfacet
  facet normal 0 0 -1
    outer loop
      vertex -18.214285714285715 5 63.9792
      vertex -18.233578363789505 6.3393920132778145 63.9792
      vertex -17.78365308359284 6.607142857142858 63.9792
    endloop
  endfacet
  facet normal -0.9311174958546792 0.24949218107275137 -0.26603357024419466
    outer loop
      vertex -17.5 5 61.4792
      vertex -17.78365308359284 6.607142857142858 63.9792
      vertex -17.165063509461095 6.25 61.4792
    endloop
  endfacet
  facet normal 0 0 -1
    outer loop
      vertex -18.233578363789505 6.3393920132778145 63.9792
      vertex -17.474873734152915 7.474873734152917 63.9792
      vertex -17.78365308359284 6.607142857142858 63.9792
    endloop
  endfacet
  facet normal -0.6816253147819288 0.6816253147819288 -0.2660335702441946
    outer loop
      vertex -17.165063509461095 6.25 61.4792
      vertex -17.78365308359284 6.607142857142858 63.9792
      vertex -16.607142857142858 7.783653083592839 63.9792
    endloop
  endfacet
  facet normal 0 0 -1
    outer loop
      vertex -16.339392013277813 1.7664216362104965 63.9792
      vertex -17.474873734152915 2.5251262658470837 63.9792
      vertex -16.607142857142858 2.2163469164071614 63.9792
    endloop
  endfacet
  facet normal 0 0 -1
    outer loop
      vertex -16.339392013277813 1.7664216362104965 63.9792
      vertex -16.607142857142858 2.2163469164071614 63.9792
      vertex -15 1.5 63.9792
    endloop
  endfacet
  facet normal 0 0 -1
    outer loop
      vertex -16.607142857142858 2.2163469164071614 63.9792
      vertex -15 1.7857142857142856 63.9792
      vertex -15 1.5 63.9792
    endloop
  endfacet
  facet normal -0.24949218107275078 -0.9311174958546794 -0.26603357024419433
    outer loop
      vertex -16.607142857142858 2.2163469164071614 63.9792
      vertex -16.25 2.8349364905389036 61.4792
      vertex -15 2.5 61.4792
    endloop
  endfacet
  facet normal -0.24949218107275062 -0.9311174958546796 -0.2660335702441942
    outer loop
      vertex -16.607142857142858 2.2163469164071614 63.9792
      vertex -15 2.5 61.4792
      vertex -15 1.7857142857142856 63.9792
    endloop
  endfacet
  facet normal -0.681625314781929 -0.6816253147819288 -0.2660335702441944
    outer loop
      vertex -16.607142857142858 2.2163469164071614 63.9792
      vertex -17.78365308359284 3.392857142857143 63.9792
      vertex -16.25 2.8349364905389036 61.4792
    endloop
  endfacet
  facet normal 0.2494921810727508 -0.9311174958546796 -0.2660335702441942
    outer loop
      vertex -15 1.7857142857142856 63.9792
      vertex -15 2.5 61.4792
      vertex -13.75 2.8349364905389036 61.4792
    endloop
  endfacet
  facet normal 0 0 -1
    outer loop
      vertex -15 1.5 63.9792
      vertex -15 1.7857142857142856 63.9792
      vertex -13.660607986722185 1.7664216362104965 63.9792
    endloop
  endfacet
  facet normal 0 0 -1
    outer loop
      vertex -15 1.7857142857142856 63.9792
      vertex -13.392857142857142 2.2163469164071614 63.9792
      vertex -13.660607986722185 1.7664216362104965 63.9792
    endloop
  endfacet
  facet normal 0.24949218107275056 -0.9311174958546795 -0.2660335702441943
    outer loop
      vertex -15 1.7857142857142856 63.9792
      vertex -13.75 2.8349364905389036 61.4792
      vertex -13.392857142857142 2.2163469164071614 63.9792
    endloop
  endfacet
  facet normal 0 0 -1
    outer loop
      vertex -15 2.5 61.4792
      vertex -14.441621640710574 4.904660801523017 61.4792
      vertex -14.414312705170548 4.817539005851586 61.4792
    endloop
  endfacet
  facet normal 0 0 -1
    outer loop
      vertex -15 2.5 61.4792
      vertex -14.108005636231884 3.874822782458675 61.4792
      vertex -13.75 2.8349364905389036 61.4792
    endloop
  endfacet
  facet normal 0 0 -1
    outer loop
      vertex -15 2.5 61.4792
      vertex -14.414312705170548 4.817539005851586 61.4792
      vertex -14.108005636231884 3.874822782458675 61.4792
    endloop
  endfacet
  facet normal 0 0 -1
    outer loop
      vertex -17.165063509461095 3.75 61.4792
      vertex -16.25 7.165063509461096 61.4792
      vertex -16.25 2.8349364905389036 61.4792
    endloop
  endfacet
  facet normal 0 0 -1
    outer loop
      vertex -16.25 2.8349364905389036 61.4792
      vertex -15 7.5 61.4792
      vertex -15 2.5 61.4792
    endloop
  endfacet
  facet normal 0 0 -1
    outer loop
      vertex -17.165063509461095 3.75 61.4792
      vertex -17.165063509461095 6.25 61.4792
      vertex -16.25 7.165063509461096 61.4792
    endloop
  endfacet
  facet normal 0 0 -1
    outer loop
      vertex -16.25 2.8349364905389036 61.4792
      vertex -16.25 7.165063509461096 61.4792
      vertex -15 7.5 61.4792
    endloop
  endfacet
  facet normal 0 0 -1
    outer loop
      vertex -15 2.5 61.4792
      vertex -15 7.5 61.4792
      vertex -14.441621640710574 4.904660801523017 61.4792
    endloop
  endfacet
  facet normal 0 0 -1
    outer loop
      vertex -14.441621640710574 4.904660801523017 61.4792
      vertex -15 7.5 61.4792
      vertex -14.329764417895442 5.248921934695296 61.4792
    endloop
  endfacet
  facet normal 0 0 -1
    outer loop
      vertex -14.329764417895442 5.248921934695296 61.4792
      vertex -15 7.5 61.4792
      vertex -14.108005636231885 5.760255229244494 61.4792
    endloop
  endfacet
  facet normal 0 0 -1
    outer loop
      vertex -14.108005636231885 5.760255229244494 61.4792
      vertex -15 7.5 61.4792
      vertex -13.75 7.165063509461096 61.4792
    endloop
  endfacet
  facet normal 0 0 -1
    outer loop
      vertex -17.78365308359284 6.607142857142858 63.9792
      vertex -17.474873734152915 7.474873734152917 63.9792
      vertex -16.607142857142858 7.783653083592839 63.9792
    endloop
  endfacet
  facet normal -0.5936131960090988 0.3966396567602826 -0.700214507282553
    outer loop
      vertex -18.233578363789505 6.3393920132778145 63.9792
      vertex -23.48528137423857 13.485281374238571 72.4792
      vertex -17.474873734152915 7.474873734152917 63.9792
    endloop
  endfacet
  facet normal -0.39663965676028134 0.5936131960090998 -0.7002145072825529
    outer loop
      vertex -17.474873734152915 7.474873734152917 63.9792
      vertex -23.48528137423857 13.485281374238571 72.4792
      vertex -19.592201188381075 16.08655439013544 72.4792
    endloop
  endfacet
  facet normal -0.39663965676028146 0.5936131960090998 -0.7002145072825529
    outer loop
      vertex -17.474873734152915 7.474873734152917 63.9792
      vertex -19.592201188381075 16.08655439013544 72.4792
      vertex -16.339392013277813 8.233578363789503 63.9792
    endloop
  endfacet
  facet normal -0.6816253147819292 0.6816253147819286 -0.26603357024419433
    outer loop
      vertex -17.165063509461095 6.25 61.4792
      vertex -16.607142857142858 7.783653083592839 63.9792
      vertex -16.25 7.165063509461096 61.4792
    endloop
  endfacet
  facet normal 0 0 -1
    outer loop
      vertex -17.474873734152915 7.474873734152917 63.9792
      vertex -16.339392013277813 8.233578363789503 63.9792
      vertex -16.607142857142858 7.783653083592839 63.9792
    endloop
  endfacet
  facet normal -0.24949218107275078 0.9311174958546794 -0.2660335702441945
    outer loop
      vertex -16.25 7.165063509461096 61.4792
      vertex -15 8.214285714285715 63.9792
      vertex -15 7.5 61.4792
    endloop
  endfacet
  facet normal -0.24949218107275106 0.9311174958546795 -0.2660335702441944
    outer loop
      vertex -16.25 7.165063509461096 61.4792
      vertex -16.607142857142858 7.783653083592839 63.9792
      vertex -15 8.214285714285715 63.9792
    endloop
  endfacet
  facet normal 0 0 -1
    outer loop
      vertex -16.607142857142858 7.783653083592839 63.9792
      vertex -16.339392013277813 8.233578363789503 63.9792
      vertex -15 8.214285714285715 63.9792
    endloop
  endfacet
  facet normal 0 0 -1
    outer loop
      vertex -16.339392013277813 8.233578363789503 63.9792
      vertex -15 8.5 63.9792
      vertex -15 8.214285714285715 63.9792
    endloop
  endfacet
  facet normal 0.24949218107275078 0.9311174958546794 -0.26603357024419433
    outer loop
      vertex -15 7.5 61.4792
      vertex -13.392857142857142 7.783653083592839 63.9792
      vertex -13.75 7.165063509461096 61.4792
    endloop
  endfacet
  facet normal 0.24949218107275106 0.9311174958546795 -0.2660335702441945
    outer loop
      vertex -15 7.5 61.4792
      vertex -15 8.214285714285715 63.9792
      vertex -13.392857142857142 7.783653083592839 63.9792
    endloop
  endfacet
  facet normal 0 0 -1
    outer loop
      vertex -15 8.214285714285715 63.9792
      vertex -15 8.5 63.9792
      vertex -13.392857142857142 7.783653083592839 63.9792
    endloop
  endfacet
  facet normal 0 0 -1
    outer loop
      vertex -15 8.5 63.9792
      vertex -13.660607986722185 8.233578363789503 63.9792
      vertex -13.392857142857142 7.783653083592839 63.9792
    endloop
  endfacet
  facet normal -0.13928132531715393 0.7002145072825533 -0.7002145072825527
    outer loop
      vertex -16.339392013277813 8.233578363789503 63.9792
      vertex -15 17 72.4792
      vertex -15 8.5 63.9792
    endloop
  endfacet
  facet normal 0.13928132531715376 0.7002145072825534 -0.7002145072825529
    outer loop
      vertex -15 8.5 63.9792
      vertex -15 17 72.4792
      vertex -13.660607986722185 8.233578363789503 63.9792
    endloop
  endfacet
  facet normal -0.49946584389307397 -0.09934993343405017 0.8606180694772967
    outer loop
      vertex -26.08655439013544 0.40779881161892284 72.4792
      vertex -15.8 5 78.9792
      vertex -27 5 72.4792
    endloop
  endfacet
  facet normal -0.499465843893074 0.09934993343405019 0.8606180694772967
    outer loop
      vertex -27 5 72.4792
      vertex -15.8 5 78.9792
      vertex -26.08655439013544 9.592201188381077 72.4792
    endloop
  endfacet
  facet normal -0.42342669682950324 0.28292467354620504 0.8606180694772967
    outer loop
      vertex -26.08655439013544 9.592201188381077 72.4792
      vertex -15.73910362600903 5.306146745892072 78.9792
      vertex -23.48528137423857 13.485281374238571 72.4792
    endloop
  endfacet
  facet normal -0.4994658438930743 -0.09934993343405105 0.8606180694772966
    outer loop
      vertex -26.08655439013544 0.40779881161892284 72.4792
      vertex -15.73910362600903 4.693853254107928 78.9792
      vertex -15.8 5 78.9792
    endloop
  endfacet
  facet normal -0.4234266968295044 -0.2829246735462053 0.8606180694772962
    outer loop
      vertex -23.48528137423857 -3.4852813742385713 72.4792
      vertex -15.565685424949239 4.434314575050762 78.9792
      vertex -15.73910362600903 4.693853254107928 78.9792
    endloop
  endfacet
  facet normal -0.4994658438930743 0.09934993343405105 0.8606180694772966
    outer loop
      vertex -26.08655439013544 9.592201188381077 72.4792
      vertex -15.8 5 78.9792
      vertex -15.73910362600903 5.306146745892072 78.9792
    endloop
  endfacet
  facet normal 0 0 1
    outer loop
      vertex -15.565685424949239 4.434314575050762 78.9792
      vertex -15.73910362600903 5.306146745892072 78.9792
      vertex -15.73910362600903 4.693853254107928 78.9792
    endloop
  endfacet
  facet normal 0 0 1
    outer loop
      vertex -15.565685424949239 4.434314575050762 78.9792
      vertex -15.306146745892072 4.26089637399097 78.9792
      vertex -15.565685424949239 5.565685424949238 78.9792
    endloop
  endfacet
  facet normal 0 0 1
    outer loop
      vertex -15.73910362600903 4.693853254107928 78.9792
      vertex -15.73910362600903 5.306146745892072 78.9792
      vertex -15.8 5 78.9792
    endloop
  endfacet
  facet normal 0 0 1
    outer loop
      vertex -15.565685424949239 4.434314575050762 78.9792
      vertex -15.565685424949239 5.565685424949238 78.9792
      vertex -15.73910362600903 5.306146745892072 78.9792
    endloop
  endfacet
  facet normal 0 0 1
    outer loop
      vertex -15.306146745892072 4.26089637399097 78.9792
      vertex -15 4.2 78.9792
      vertex -15.306146745892072 5.73910362600903 78.9792
    endloop
  endfacet
  facet normal 0 0 1
    outer loop
      vertex -15 4.2 78.9792
      vertex -14.693853254107928 4.26089637399097 78.9792
      vertex -15 5.8 78.9792
    endloop
  endfacet
  facet normal 0 0 1
    outer loop
      vertex -14.693853254107928 4.26089637399097 78.9792
      vertex -14.434314575050761 4.434314575050762 78.9792
      vertex -14.693853254107928 5.73910362600903 78.9792
    endloop
  endfacet
  facet normal 0 0 1
    outer loop
      vertex -15.306146745892072 4.26089637399097 78.9792
      vertex -15.306146745892072 5.73910362600903 78.9792
      vertex -15.565685424949239 5.565685424949238 78.9792
    endloop
  endfacet
  facet normal 0 0 1
    outer loop
      vertex -15 4.2 78.9792
      vertex -15 5.8 78.9792
      vertex -15.306146745892072 5.73910362600903 78.9792
    endloop
  endfacet
  facet normal 0 0 1
    outer loop
      vertex -14.693853254107928 4.26089637399097 78.9792
      vertex -14.693853254107928 5.73910362600903 78.9792
      vertex -15 5.8 78.9792
    endloop
  endfacet
  facet normal 0 0 1
    outer loop
      vertex -14.434314575050761 4.434314575050762 78.9792
      vertex -14.26089637399097 4.693853254107928 78.9792
      vertex -14.434314575050761 5.565685424949238 78.9792
    endloop
  endfacet
  facet normal 0 0 1
    outer loop
      vertex -14.26089637399097 4.693853254107928 78.9792
      vertex -14.2 5 78.9792
      vertex -14.26089637399097 5.306146745892072 78.9792
    endloop
  endfacet
  facet normal 0 0 1
    outer loop
      vertex -14.26089637399097 4.693853254107928 78.9792
      vertex -14.26089637399097 5.306146745892072 78.9792
      vertex -14.434314575050761 5.565685424949238 78.9792
    endloop
  endfacet
  facet normal 0 0 1
    outer loop
      vertex -14.434314575050761 4.434314575050762 78.9792
      vertex -14.434314575050761 5.565685424949238 78.9792
      vertex -14.693853254107928 5.73910362600903 78.9792
    endloop
  endfacet
  facet normal -0.4234266968295035 0.2829246735462049 0.8606180694772968
    outer loop
      vertex -15.73910362600903 5.306146745892072 78.9792
      vertex -15.565685424949239 5.565685424949238 78.9792
      vertex -23.48528137423857 13.485281374238571 72.4792
    endloop
  endfacet
  facet normal -0.2829246735462051 0.4234266968295033 0.8606180694772968
    outer loop
      vertex -15.565685424949239 5.565685424949238 78.9792
      vertex -19.592201188381075 16.08655439013544 72.4792
      vertex -23.48528137423857 13.485281374238571 72.4792
    endloop
  endfacet
  facet normal -0.2829246735462052 0.42342669682950324 0.8606180694772968
    outer loop
      vertex -15.565685424949239 5.565685424949238 78.9792
      vertex -15.306146745892072 5.73910362600903 78.9792
      vertex -19.592201188381075 16.08655439013544 72.4792
    endloop
  endfacet
  facet normal -0.09934993343404955 0.4994658438930741 0.8606180694772969
    outer loop
      vertex -15.306146745892072 5.73910362600903 78.9792
      vertex -15 5.8 78.9792
      vertex -15 17 72.4792
    endloop
  endfacet
  facet normal 0.09934993343404955 0.4994658438930741 0.8606180694772969
    outer loop
      vertex -15 5.8 78.9792
      vertex -14.693853254107928 5.73910362600903 78.9792
      vertex -15 17 72.4792
    endloop
  endfacet
  facet normal -0.13928132531715365 0.7002145072825533 -0.7002145072825529
    outer loop
      vertex -16.339392013277813 8.233578363789503 63.9792
      vertex -19.592201188381075 16.08655439013544 72.4792
      vertex -15 17 72.4792
    endloop
  endfacet
  facet normal -0.09934993343405028 0.499465843893074 0.8606180694772968
    outer loop
      vertex -15.306146745892072 5.73910362600903 78.9792
      vertex -15 17 72.4792
      vertex -19.592201188381075 16.08655439013544 72.4792
    endloop
  endfacet
  facet normal 0.6816253147819273 -0.6816253147819304 -0.2660335702441945
    outer loop
      vertex -13.392857142857142 2.2163469164071614 63.9792
      vertex -13.75 2.8349364905389036 61.4792
      vertex -13.263599484994907 2.9054911918213 62.54467092315942
    endloop
  endfacet
  facet normal 0 0 -1
    outer loop
      vertex -13.660607986722185 1.7664216362104965 63.9792
      vertex -13.392857142857142 2.2163469164071614 63.9792
      vertex -12.525126265847083 2.5251262658470837 63.9792
    endloop
  endfacet
  facet normal 0.6816253147819287 -0.6816253147819287 -0.26603357024419527
    outer loop
      vertex -13.75 2.8349364905389036 61.4792
      vertex -13.296448076028943 3.2884884145099607 61.4792
      vertex -13.263599484994907 2.9054911918213 62.54467092315942
    endloop
  endfacet
  facet normal 0 0 -1
    outer loop
      vertex -14.108005636231884 3.874822782458675 61.4792
      vertex -13.306083318756121 3.292192114655919 61.4792
      vertex -13.75 2.8349364905389036 61.4792
    endloop
  endfacet
  facet normal 0 0 -1
    outer loop
      vertex -13.75 2.8349364905389036 61.4792
      vertex -13.306083318756121 3.292192114655919 61.4792
      vertex -13.296448076028943 3.2884884145099607 61.4792
    endloop
  endfacet
  facet normal 0.6816253147819309 -0.6816253147819274 -0.2660335702441928
    outer loop
      vertex -13.392857142857142 2.2163469164071614 63.9792
      vertex -13.263599484994907 2.9054911918213 62.54467092315942
      vertex -12.917173923791488 3.046123296329256 63.071950354741496
    endloop
  endfacet
  facet normal 0.6816253147819282 -0.6816253147819291 -0.2660335702441959
    outer loop
      vertex -13.392857142857142 2.2163469164071614 63.9792
      vertex -12.917173923791488 3.046123296329256 63.071950354741496
      vertex -12.365122045586501 3.299453128093798 63.83732935841523
    endloop
  endfacet
  facet normal 0 0 -1
    outer loop
      vertex -13.392857142857142 2.2163469164071614 63.9792
      vertex -12.216346916407161 3.392857142857143 63.9792
      vertex -12.525126265847083 2.5251262658470837 63.9792
    endloop
  endfacet
  facet normal 0.6816253147819304 -0.6816253147819301 -0.26603357024418695
    outer loop
      vertex -13.392857142857142 2.2163469164071614 63.9792
      vertex -12.365122045586501 3.299453128093798 63.83732935841523
      vertex -12.216346916407161 3.392857142857143 63.9792
    endloop
  endfacet
  facet normal 0 0 -1
    outer loop
      vertex -12.525126265847083 2.5251262658470837 63.9792
      vertex -12.216346916407161 3.392857142857143 63.9792
      vertex -11.766421636210497 3.6606079867221855 63.9792
    endloop
  endfacet
  facet normal 0.6816253147819333 -0.6816253147819248 -0.26603357024419355
    outer loop
      vertex -12.365122045586501 3.299453128093798 63.83732935841523
      vertex -12.24742098106613 3.410797762452814 63.8536156628303
      vertex -12.216346916407161 3.392857142857143 63.9792
    endloop
  endfacet
  facet normal 0.9311174958546801 -0.24949218107274976 -0.2660335702441934
    outer loop
      vertex -12.24742098106613 3.410797762452814 63.8536156628303
      vertex -12.136596046578225 3.6904914410065475 63.9792
      vertex -12.216346916407161 3.392857142857143 63.9792
    endloop
  endfacet
  facet normal 0 0 -1
    outer loop
      vertex -12.216346916407161 3.392857142857143 63.9792
      vertex -12.136596046578225 3.6904914410065475 63.9792
      vertex -11.766421636210497 3.6606079867221855 63.9792
    endloop
  endfacet
  facet normal 0 0 -1
    outer loop
      vertex -12.136596046578225 3.6904914410065475 63.9792
      vertex -11.831723439928085 3.9119943553617307 63.9792
      vertex -11.766421636210497 3.6606079867221855 63.9792
    endloop
  endfacet
  facet normal 0 0 -1
    outer loop
      vertex -11.766421636210497 3.6606079867221855 63.9792
      vertex -11.831723439928085 3.9119943553617307 63.9792
      vertex -11.695617423103291 4.01656480348494 63.9792
    endloop
  endfacet
  facet normal 0 0 -1
    outer loop
      vertex -14.108005636231885 5.760255229244494 61.4792
      vertex -13.75 7.165063509461096 61.4792
      vertex -13.306083318756123 6.3428858970472515 61.4792
    endloop
  endfacet
  facet normal 0 0 -1
    outer loop
      vertex -13.306083318756123 6.3428858970472515 61.4792
      vertex -13.75 7.165063509461096 61.4792
      vertex -12.99135130540463 6.406414814865724 61.4792
    endloop
  endfacet
  facet normal 0.6816253147819297 0.681625314781928 -0.2660335702441943
    outer loop
      vertex -12.99135130540463 6.406414814865724 61.4792
      vertex -13.75 7.165063509461096 61.4792
      vertex -12.947311480251363 6.700979671719209 62.34676540818376
    endloop
  endfacet
  facet normal 0.6816253147819313 0.6816253147819251 -0.2660335702441976
    outer loop
      vertex -13.75 7.165063509461096 61.4792
      vertex -12.715178439083633 6.7050284539054505 62.951905239001526
      vertex -12.947311480251363 6.700979671719209 62.34676540818376
    endloop
  endfacet
  facet normal 0.9311174958546792 0.2494921810727517 -0.26603357024419455
    outer loop
      vertex -12.209900117438295 6.340910394864763 63.752085089958754
      vertex -12.216346916407161 6.607142857142858 63.9792
      vertex -12.031942234010382 5.918935213284477 63.9792
    endloop
  endfacet
  facet normal 0.6816253147819278 0.6816253147819303 -0.2660335702441935
    outer loop
      vertex -13.75 7.165063509461096 61.4792
      vertex -12.216346916407161 6.607142857142858 63.9792
      vertex -12.715178439083633 6.7050284539054505 62.951905239001526
    endloop
  endfacet
  facet normal 0.6816253147819309 0.6816253147819266 -0.2660335702441953
    outer loop
      vertex -12.715178439083633 6.7050284539054505 62.951905239001526
      vertex -12.216346916407161 6.607142857142858 63.9792
      vertex -12.377582349830343 6.514053536253078 63.32757475377154
    endloop
  endfacet
  facet normal 0.9311174958546787 0.2494921810727523 -0.26603357024419527
    outer loop
      vertex -12.209900117438295 6.340910394864763 63.752085089958754
      vertex -12.377582349830343 6.514053536253078 63.32757475377154
      vertex -12.216346916407161 6.607142857142858 63.9792
    endloop
  endfacet
  facet normal 0 0 -1
    outer loop
      vertex -12.216346916407161 6.607142857142858 63.9792
      vertex -12.525126265847083 7.474873734152917 63.9792
      vertex -11.766421636210497 6.3393920132778145 63.9792
    endloop
  endfacet
  facet normal 0 0 -1
    outer loop
      vertex -11.600760540320119 5.5065574435992675 63.9792
      vertex -11.83172343992808 5.77346774447774 63.9792
      vertex -11.766421636210497 6.3393920132778145 63.9792
    endloop
  endfacet
  facet normal 0 0 -1
    outer loop
      vertex -12.216346916407161 6.607142857142858 63.9792
      vertex -11.766421636210497 6.3393920132778145 63.9792
      vertex -12.031942234010382 5.918935213284477 63.9792
    endloop
  endfacet
  facet normal 0 0 -1
    outer loop
      vertex -12.031942234010382 5.918935213284477 63.9792
      vertex -11.766421636210497 6.3393920132778145 63.9792
      vertex -11.83172343992808 5.77346774447774 63.9792
    endloop
  endfacet
  facet normal 0.7002145072825535 -0.13928132531715143 -0.7002145072825533
    outer loop
      vertex -11.766421636210497 3.6606079867221855 63.9792
      vertex -11.695617423103291 4.01656480348494 63.9792
      vertex -3 5 72.4792
    endloop
  endfacet
  facet normal 0.7002145072825533 0.13928132531715331 -0.7002145072825529
    outer loop
      vertex -11.600760540320119 5.5065574435992675 63.9792
      vertex -11.766421636210497 6.3393920132778145 63.9792
      vertex -3 5 72.4792
    endloop
  endfacet
  facet normal 0.7002145072825532 -0.1392813253171568 -0.7002145072825523
    outer loop
      vertex -11.695617423103291 4.01656480348494 63.9792
      vertex -11.49752649565238 4.3786141106851675 64.10527484264755
      vertex -3 5 72.4792
    endloop
  endfacet
  facet normal 0.7002145072825545 -0.13928132531713586 -0.7002145072825552
    outer loop
      vertex -11.49752649565238 4.3786141106851675 64.10527484264755
      vertex -11.407180072797624 4.7533036684639285 64.1210908785321
      vertex -3 5 72.4792
    endloop
  endfacet
  facet normal 0.7002145072825514 -0.13928132531717002 -0.7002145072825513
    outer loop
      vertex -11.407180072797624 4.7533036684639285 64.1210908785321
      vertex -11.402932057554619 5 64.07626794244538
      vertex -3 5 72.4792
    endloop
  endfacet
  facet normal 0.7002145072825525 0.1392813253171609 -0.7002145072825522
    outer loop
      vertex -11.402932057554619 5 64.07626794244538
      vertex -11.431712950373166 5.118626177552922 64.07108326343709
      vertex -3 5 72.4792
    endloop
  endfacet
  facet normal 0.700214507282554 0.1392813253171462 -0.7002145072825539
    outer loop
      vertex -11.431712950373166 5.118626177552922 64.07108326343709
      vertex -11.600760540320119 5.5065574435992675 63.9792
      vertex -3 5 72.4792
    endloop
  endfacet
  facet normal 0.681625314781929 0.681625314781929 -0.2660335702441944
    outer loop
      vertex -13.75 7.165063509461096 61.4792
      vertex -13.392857142857142 7.783653083592839 63.9792
      vertex -12.216346916407161 6.607142857142858 63.9792
    endloop
  endfacet
  facet normal 0 0 -1
    outer loop
      vertex -13.392857142857142 7.783653083592839 63.9792
      vertex -13.660607986722185 8.233578363789503 63.9792
      vertex -12.525126265847083 7.474873734152917 63.9792
    endloop
  endfacet
  facet normal 0 0 -1
    outer loop
      vertex -13.392857142857142 7.783653083592839 63.9792
      vertex -12.525126265847083 7.474873734152917 63.9792
      vertex -12.216346916407161 6.607142857142858 63.9792
    endloop
  endfacet
  facet normal 0.39663965676028146 0.5936131960090998 -0.7002145072825529
    outer loop
      vertex -12.525126265847083 7.474873734152917 63.9792
      vertex -13.660607986722185 8.233578363789503 63.9792
      vertex -10.407798811618923 16.08655439013544 72.4792
    endloop
  endfacet
  facet normal 0.5936131960090998 0.39663965676028146 -0.7002145072825529
    outer loop
      vertex -12.525126265847083 7.474873734152917 63.9792
      vertex -6.514718625761429 13.485281374238571 72.4792
      vertex -11.766421636210497 6.3393920132778145 63.9792
    endloop
  endfacet
  facet normal 0.5936131960090997 0.39663965676028157 -0.7002145072825529
    outer loop
      vertex -11.766421636210497 6.3393920132778145 63.9792
      vertex -6.514718625761429 13.485281374238571 72.4792
      vertex -3.91344560986456 9.592201188381077 72.4792
    endloop
  endfacet
  facet normal 0.39663965676028146 0.5936131960090998 -0.7002145072825529
    outer loop
      vertex -12.525126265847083 7.474873734152917 63.9792
      vertex -10.407798811618923 16.08655439013544 72.4792
      vertex -6.514718625761429 13.485281374238571 72.4792
    endloop
  endfacet
  facet normal 0.7002145072825522 -0.13928132531715667 -0.7002145072825533
    outer loop
      vertex -3.9474247347593234 0.42187342598790306 72.44242126024115
      vertex -11.766421636210497 3.6606079867221855 63.9792
      vertex -3.947424734759326 1 72.3274247347593
    endloop
  endfacet
  facet normal 0.7002145072825532 -0.13928132531715345 -0.7002145072825532
    outer loop
      vertex -3.947424734759326 1 72.3274247347593
      vertex -11.766421636210497 3.6606079867221855 63.9792
      vertex -3.5327642173398663 3.084639195048188 72.3274247347593
    endloop
  endfacet
  facet normal 0.7002145072825542 -0.1392813253171466 -0.7002145072825537
    outer loop
      vertex -11.766421636210497 3.6606079867221855 63.9792
      vertex -3.2407668910018264 3.7895831004701606 72.4792
      vertex -3.5327642173398663 3.084639195048188 72.3274247347593
    endloop
  endfacet
  facet normal 0.7002145072825534 -0.1392813253171538 -0.7002145072825529
    outer loop
      vertex -11.766421636210497 3.6606079867221855 63.9792
      vertex -3 5 72.4792
      vertex -3.2407668910018264 3.7895831004701606 72.4792
    endloop
  endfacet
  facet normal 0.7002145072825534 0.1392813253171536 -0.7002145072825529
    outer loop
      vertex -11.766421636210497 6.3393920132778145 63.9792
      vertex -3.91344560986456 9.592201188381077 72.4792
      vertex -3 5 72.4792
    endloop
  endfacet
  facet normal -0.5936131960090998 -0.3966396567602822 -0.7002145072825523
    outer loop
      vertex -2.894761094485006 6.010231767141988 62.83519999999999
      vertex -4.624614623879797 8.599140527801467 62.83519999999999
      vertex -2.0348450043125395 6.509415961469638 61.82343320751432
    endloop
  endfacet
  facet normal -0.5936131960090995 -0.3966396567602815 -0.7002145072825531
    outer loop
      vertex -2.0348450043125395 6.509415961469638 61.82343320751432
      vertex -4.624614623879797 8.599140527801467 62.83519999999999
      vertex 2.4602513951192253 11.533788120467142 55.166596280918824
    endloop
  endfacet
  facet normal -0.41269028841538 -0.2757508347959113 0.8681291395621902
    outer loop
      vertex -2.894761094485006 6.010231767141988 62.83519999999999
      vertex 5.26089637399097 12.693853254107928 68.8352
      vertex -4.624614623879797 8.599140527801467 62.83519999999999
    endloop
  endfacet
  facet normal -0.7002145072825532 -0.13928132531715354 -0.7002145072825529
    outer loop
      vertex -4.624614623879797 8.599140527801467 62.83519999999999
      vertex -5.5 13 62.83519999999999
      vertex 2.4602513951192253 11.533788120467142 55.166596280918824
    endloop
  endfacet
  facet normal -0.4868013866703876 -0.09683081626630716 0.86812913956219
    outer loop
      vertex -4.624614623879797 8.599140527801467 62.83519999999999
      vertex 5.2 13 68.8352
      vertex -5.5 13 62.83519999999999
    endloop
  endfacet
  facet normal 0.4234266968295044 -0.2829246735462053 0.8606180694772962
    outer loop
      vertex -6.514718625761429 -3.4852813742385713 72.4792
      vertex -14.26089637399097 4.693853254107928 78.9792
      vertex -14.434314575050761 4.434314575050762 78.9792
    endloop
  endfacet
  facet normal 0.49946584389307386 -0.09934993343405031 0.8606180694772968
    outer loop
      vertex -4.519003925133842 1 72.89900392513383
      vertex -14.2 5 78.9792
      vertex -14.26089637399097 4.693853254107928 78.9792
    endloop
  endfacet
  facet normal 0.49946584389307375 0.09934993343405094 0.8606180694772968
    outer loop
      vertex -14.2 5 78.9792
      vertex -3.91344560986456 9.592201188381077 72.4792
      vertex -14.26089637399097 5.306146745892072 78.9792
    endloop
  endfacet
  facet normal 0.49946584389307874 -0.0993499334340374 0.8606180694772957
    outer loop
      vertex -4.148242860151308 0.5050550170956042 72.6266935384235
      vertex -4.519003925133842 1 72.89900392513383
      vertex -14.26089637399097 4.693853254107928 78.9792
    endloop
  endfacet
  facet normal 0.4994658438930735 -0.09934993343405277 0.8606180694772968
    outer loop
      vertex -4.519003925133842 1 72.89900392513383
      vertex -4.060834532536265 3.303373081489171 72.89900392513384
      vertex -14.2 5 78.9792
    endloop
  endfacet
  facet normal 0.4994658438930741 -0.09934993343405156 0.8606180694772967
    outer loop
      vertex -14.2 5 78.9792
      vertex -4.060834532536265 3.303373081489171 72.89900392513384
      vertex -3.2407668910018264 3.7895831004701606 72.4792
    endloop
  endfacet
  facet normal -0.7002145072825534 0.1392813253171474 -0.700214507282554
    outer loop
      vertex -11.5 1 79.88
      vertex -7.402260108881212 2.2929757587687734 76.0394489780224
      vertex -7.5443548693253195 1.6002243209251428 76.04374690995938
    endloop
  endfacet
  facet normal -0.7002145072825536 0.13928132531715356 -0.7002145072825525
    outer loop
      vertex -11.5 1 79.88
      vertex -10.510433922646728 5.974884620746167 79.88
      vertex -7.402260108881212 2.2929757587687734 76.0394489780224
    endloop
  endfacet
  facet normal -0.9049205934136307 0.18323104590327435 -0.3841160025735908
    outer loop
      vertex -7.388421797856804 2.238256677134499 75.98074585961108
      vertex -7.5443548693253195 1.6002243209251428 76.04374690995938
      vertex -7.402260108881212 2.2929757587687734 76.0394489780224
    endloop
  endfacet
  facet normal -0.37460659341596664 2.0187255866362238e-14 -0.9271838545667653
    outer loop
      vertex -7.388421797856804 2.238256677134499 75.98074585961108
      vertex -7.313957385963482 2.2905326186246864 75.95066028431478
      vertex -7.5443548693253195 1.6002243209251428 76.04374690995938
    endloop
  endfacet
  facet normal -0.6042200337429156 0.5068203228924045 -0.6148587733186773
    outer loop
      vertex -7.388421797856804 2.238256677134499 75.98074585961108
      vertex -7.402260108881212 2.2929757587687734 76.0394489780224
      vertex -7.313957385963482 2.2905326186246864 75.95066028431478
    endloop
  endfacet
  facet normal -0.700214507282539 0.13928132531717735 -0.7002145072825624
    outer loop
      vertex -10.510433922646728 5.974884620746167 79.88
      vertex -7.313957385963482 2.2905326186246864 75.95066028431478
      vertex -7.402260108881212 2.2929757587687734 76.0394489780224
    endloop
  endfacet
  facet normal -0.7002145072825536 0.13928132531715315 -0.7002145072825526
    outer loop
      vertex -10.510433922646728 5.974884620746167 79.88
      vertex -4.060834532536265 3.303373081489171 72.89900392513384
      vertex -7.313957385963482 2.2905326186246864 75.95066028431478
    endloop
  endfacet
  facet normal -0.4681693927872516 0.0931246822540092 0.8787179372314566
    outer loop
      vertex -11.5 1 79.88
      vertex 0.38897329105772516 1 86.21428904851436
      vertex -10.510433922646728 5.974884620746167 79.88
    endloop
  endfacet
  facet normal 0.2829246735462052 0.42342669682950324 0.8606180694772968
    outer loop
      vertex -14.693853254107928 5.73910362600903 78.9792
      vertex -14.434314575050761 5.565685424949238 78.9792
      vertex -10.407798811618923 16.08655439013544 72.4792
    endloop
  endfacet
  facet normal 0.4234266968295035 0.2829246735462049 0.8606180694772968
    outer loop
      vertex -14.26089637399097 5.306146745892072 78.9792
      vertex -6.514718625761429 13.485281374238571 72.4792
      vertex -14.434314575050761 5.565685424949238 78.9792
    endloop
  endfacet
  facet normal 0.28292467354620515 0.42342669682950324 0.8606180694772967
    outer loop
      vertex -14.434314575050761 5.565685424949238 78.9792
      vertex -6.514718625761429 13.485281374238571 72.4792
      vertex -10.407798811618923 16.08655439013544 72.4792
    endloop
  endfacet
  facet normal 0.42342669682950324 0.28292467354620504 0.8606180694772967
    outer loop
      vertex -14.26089637399097 5.306146745892072 78.9792
      vertex -3.91344560986456 9.592201188381077 72.4792
      vertex -6.514718625761429 13.485281374238571 72.4792
    endloop
  endfacet
  facet normal -0.5936131960090998 0.39663965676028173 -0.7002145072825527
    outer loop
      vertex -10.510433922646728 5.974884620746167 79.88
      vertex -7.692388155425119 10.19238815542512 79.88
      vertex -5.709120417811618 6.380576563941177 76.0394489780224
    endloop
  endfacet
  facet normal -0.7002145072825547 0.13928132531715137 -0.7002145072825519
    outer loop
      vertex -7.5443548693253195 1.6002243209251428 76.04374690995938
      vertex -7.313957385963482 2.2905326186246864 75.95066028431478
      vertex -4.519003925133842 1 72.89900392513383
    endloop
  endfacet
  facet normal -0.7002145072825536 0.13928132531715434 -0.7002145072825523
    outer loop
      vertex -4.519003925133842 1 72.89900392513383
      vertex -7.313957385963482 2.2905326186246864 75.95066028431478
      vertex -4.060834532536265 3.303373081489171 72.89900392513384
    endloop
  endfacet
  facet normal 0.499465843893074 -0.09934993343405046 0.8606180694772967
    outer loop
      vertex -14.2 5 78.9792
      vertex -3.2407668910018264 3.7895831004701606 72.4792
      vertex -3 5 72.4792
    endloop
  endfacet
  facet normal 0.499465843893074 0.09934993343405024 0.8606180694772967
    outer loop
      vertex -14.2 5 78.9792
      vertex -3 5 72.4792
      vertex -3.91344560986456 9.592201188381077 72.4792
    endloop
  endfacet
  facet normal -0.5936131960090972 0.3966396567602839 -0.7002145072825536
    outer loop
      vertex -4.060834532536265 3.303373081489171 72.89900392513384
      vertex -5.709120417811618 6.380576563941177 76.0394489780224
      vertex -3.2407668910018264 3.7895831004701606 72.4792
    endloop
  endfacet
  facet normal -0.5936131960089335 0.3966396567604825 -0.70021450728258
    outer loop
      vertex -5.6449534026759824 6.319864670732088 75.95066028431478
      vertex -2.3002041931159285 2.915373732591813 71.1866296185845
      vertex -5.709120417811618 6.380576563941177 76.0394489780224
    endloop
  endfacet
  facet normal -0.593613196009097 0.3966396567602847 -0.7002145072825532
    outer loop
      vertex -5.6449534026759824 6.319864670732088 75.95066028431478
      vertex -5.319747347116781 6.970901971998218 76.04374690995938
      vertex -2.181922039000314 3.2499124222002282 71.27585579546903
    endloop
  endfacet
  facet normal -0.5936131960091074 0.39663965676027324 -0.700214507282551
    outer loop
      vertex -7.692388155425119 10.19238815542512 79.88
      vertex -2.181922039000314 3.2499124222002282 71.27585579546903
      vertex -5.319747347116781 6.970901971998218 76.04374690995938
    endloop
  endfacet
  facet normal -0.5936131960090998 0.3966396567602817 -0.7002145072825527
    outer loop
      vertex -10.510433922646728 5.974884620746167 79.88
      vertex -5.709120417811618 6.380576563941177 76.0394489780224
      vertex -4.060834532536265 3.303373081489171 72.89900392513384
    endloop
  endfacet
  facet normal -0.7856241703487656 0.06887199602799332 -0.6148587733186653
    outer loop
      vertex -5.6449534026759824 6.319864670732088 75.95066028431478
      vertex -5.709120417811618 6.380576563941177 76.0394489780224
      vertex -5.660643020562197 6.409483634059545 75.98074585961108
    endloop
  endfacet
  facet normal -0.2648868624816321 0.26488686248161003 -0.9271838545667658
    outer loop
      vertex -5.6449534026759824 6.319864670732088 75.95066028431478
      vertex -5.660643020562197 6.409483634059545 75.98074585961108
      vertex -5.319747347116781 6.970901971998218 76.04374690995938
    endloop
  endfacet
  facet normal -0.7694394031202494 0.5103115729560278 -0.3841160025735702
    outer loop
      vertex -5.660643020562197 6.409483634059545 75.98074585961108
      vertex -5.709120417811618 6.380576563941177 76.0394489780224
      vertex -5.319747347116781 6.970901971998218 76.04374690995938
    endloop
  endfacet
  facet normal -0.7002145072825505 0.13928132531715293 -0.7002145072825559
    outer loop
      vertex -3.947424734759326 1 72.3274247347593
      vertex -3.5327642173398663 3.084639195048188 72.3274247347593
      vertex -2.5739394615855566 1.9469006748869258 71.1422897165007
    endloop
  endfacet
  facet normal -0.7002145072825512 0.13928132531715545 -0.7002145072825545
    outer loop
      vertex -3.947424734759326 1 72.3274247347593
      vertex -2.5739394615855566 1.9469006748869258 71.1422897165007
      vertex -2.405765446040102 1 70.78576544604009
    endloop
  endfacet
  facet normal -0.7002145072825522 0.13928132531715026 -0.7002145072825546
    outer loop
      vertex -2.5739394615855566 1.9469006748869258 71.1422897165007
      vertex -3.5327642173398663 3.084639195048188 72.3274247347593
      vertex -2.4054547885544713 2.617692340654211 71.10723380172593
    endloop
  endfacet
  facet normal -0.593613196009091 0.3966396567602907 -0.700214507282555
    outer loop
      vertex -3.5327642173398663 3.084639195048188 72.3274247347593
      vertex -3.2407668910018264 3.7895831004701606 72.4792
      vertex -2.3002041931159285 2.915373732591813 71.1866296185845
    endloop
  endfacet
  facet normal -0.5936131960090881 0.3966396567602988 -0.7002145072825529
    outer loop
      vertex -3.5327642173398663 3.084639195048188 72.3274247347593
      vertex -2.3002041931159285 2.915373732591813 71.1866296185845
      vertex -2.4054547885544713 2.617692340654211 71.10723380172593
    endloop
  endfacet
  facet normal -0.5936131960091053 0.39663965676027396 -0.7002145072825522
    outer loop
      vertex -5.6449534026759824 6.319864670732088 75.95066028431478
      vertex -2.181922039000314 3.2499124222002282 71.27585579546903
      vertex -2.3002041931159285 2.915373732591813 71.1866296185845
    endloop
  endfacet
  facet normal -0.39663965676028606 0.5936131960090958 -0.7002145072825536
    outer loop
      vertex -1.500375131417538 4.000375131417538 71.12317120305764
      vertex -4.470901971998222 7.819747347116779 76.04374690995938
      vertex -1.2384776847849783 4.238222252485562 71.17645526954294
    endloop
  endfacet
  facet normal -0.5936131960090847 0.396639656760297 -0.7002145072825567
    outer loop
      vertex -5.709120417811618 6.380576563941177 76.0394489780224
      vertex -2.3002041931159285 2.915373732591813 71.1866296185845
      vertex -3.2407668910018264 3.7895831004701606 72.4792
    endloop
  endfacet
  facet normal -0.593613196009095 0.3966396567602864 -0.7002145072825541
    outer loop
      vertex -7.692388155425119 10.19238815542512 79.88
      vertex -1.500375131417538 4.000375131417538 71.12317120305764
      vertex -2.181922039000314 3.2499124222002282 71.27585579546903
    endloop
  endfacet
  facet normal -0.3966396567602835 0.5936131960090979 -0.7002145072825531
    outer loop
      vertex -1.2384776847849783 4.238222252485562 71.17645526954294
      vertex -4.470901971998222 7.819747347116779 76.04374690995938
      vertex -3.819864670732086 8.144953402675982 75.95066028431478
    endloop
  endfacet
  facet normal -0.39663965676028123 0.5936131960090992 -0.7002145072825533
    outer loop
      vertex -1.2384776847849783 4.238222252485562 71.17645526954294
      vertex -3.819864670732086 8.144953402675982 75.95066028431478
      vertex -0.014464527340022352 4.6562408016372405 70.83748652608296
    endloop
  endfacet
  facet normal -0.3968948467015064 0.26519665806620124 0.8787179372314566
    outer loop
      vertex -10.510433922646728 5.974884620746167 79.88
      vertex 0.5237080395441983 1.4043933708566105 86.24321719501344
      vertex -7.692388155425119 10.19238815542512 79.88
    endloop
  endfacet
  facet normal -0.4681693927872509 0.09312468225401209 0.8787179372314567
    outer loop
      vertex -10.510433922646728 5.974884620746167 79.88
      vertex 0.38897329105772516 1 86.21428904851436
      vertex 0.5237080395441983 1.4043933708566105 86.24321719501344
    endloop
  endfacet
  facet normal -0.39689484670149827 0.26519665806621084 0.8787179372314573
    outer loop
      vertex -7.692388155425119 10.19238815542512 79.88
      vertex 0.5237080395441983 1.4043933708566105 86.24321719501344
      vertex 0.6000514417561461 1.653850900581269 86.20241342991925
    endloop
  endfacet
  facet normal -0.3968948467015359 0.2651966580661673 0.8787179372314535
    outer loop
      vertex -7.692388155425119 10.19238815542512 79.88
      vertex 0.6000514417561461 1.653850900581269 86.20241342991925
      vertex 0.7453568972142566 1.7546431027857436 86.2376252197032
    endloop
  endfacet
  facet normal -0.26519665806619114 0.3968948467015123 0.878717937231457
    outer loop
      vertex -3.4748846207461668 13.010433922646728 79.88
      vertex 0.7453568972142566 1.7546431027857436 86.2376252197032
      vertex 1.0847443212954677 2.0025158913809262 86.22809426395497
    endloop
  endfacet
  facet normal -0.39663965676028307 0.5936131960090982 -0.7002145072825533
    outer loop
      vertex -7.692388155425119 10.19238815542512 79.88
      vertex -4.470901971998222 7.819747347116779 76.04374690995938
      vertex -1.500375131417538 4.000375131417538 71.12317120305764
    endloop
  endfacet
  facet normal -0.5936131960090956 0.39663965676028556 -0.700214507282554
    outer loop
      vertex -7.692388155425119 10.19238815542512 79.88
      vertex -5.319747347116781 6.970901971998218 76.04374690995938
      vertex -5.709120417811618 6.380576563941177 76.0394489780224
    endloop
  endfacet
  facet normal -0.264886862481605 0.2648868624816237 -0.9271838545667697
    outer loop
      vertex -3.819864670732086 8.144953402675982 75.95066028431478
      vertex -4.470901971998222 7.819747347116779 76.04374690995938
      vertex -3.909483634059545 8.160643020562198 75.98074585961108
    endloop
  endfacet
  facet normal -0.510311572956029 0.7694394031202518 -0.38411600257356393
    outer loop
      vertex -3.909483634059545 8.160643020562198 75.98074585961108
      vertex -4.470901971998222 7.819747347116779 76.04374690995938
      vertex -3.880576563941176 8.209120417811619 76.0394489780224
    endloop
  endfacet
  facet normal -0.06887199602798506 0.7856241703487645 -0.6148587733186675
    outer loop
      vertex -3.819864670732086 8.144953402675982 75.95066028431478
      vertex -3.909483634059545 8.160643020562198 75.98074585961108
      vertex -3.880576563941176 8.209120417811619 76.0394489780224
    endloop
  endfacet
  facet normal -0.3966396567602854 0.5936131960090957 -0.700214507282554
    outer loop
      vertex -7.692388155425119 10.19238815542512 79.88
      vertex -3.880576563941176 8.209120417811619 76.0394489780224
      vertex -4.470901971998222 7.819747347116779 76.04374690995938
    endloop
  endfacet
  facet normal -0.3966396567602818 0.5936131960090998 -0.7002145072825525
    outer loop
      vertex -7.692388155425119 10.19238815542512 79.88
      vertex -3.4748846207461668 13.010433922646728 79.88
      vertex -3.880576563941176 8.209120417811619 76.0394489780224
    endloop
  endfacet
  facet normal -0.39663965676028057 0.5936131960090999 -0.7002145072825533
    outer loop
      vertex -3.819864670732086 8.144953402675982 75.95066028431478
      vertex -3.4748846207461668 13.010433922646728 79.88
      vertex -0.014464527340022352 4.6562408016372405 70.83748652608296
    endloop
  endfacet
  facet normal -0.1392813253171556 0.7002145072825524 -0.7002145072825534
    outer loop
      vertex -3.4748846207461668 13.010433922646728 79.88
      vertex 0.20702424123122687 9.902260108881212 76.0394489780224
      vertex -0.014464527340022352 4.6562408016372405 70.83748652608296
    endloop
  endfacet
  facet normal -0.3966396567602587 0.5936131960091049 -0.7002145072825614
    outer loop
      vertex -3.819864670732086 8.144953402675982 75.95066028431478
      vertex -3.880576563941176 8.209120417811619 76.0394489780224
      vertex -3.4748846207461668 13.010433922646728 79.88
    endloop
  endfacet
  facet normal -0.13928132531715356 0.7002145072825537 -0.7002145072825524
    outer loop
      vertex -3.4748846207461668 13.010433922646728 79.88
      vertex 1.5 14 79.88
      vertex 0.20702424123122687 9.902260108881212 76.0394489780224
    endloop
  endfacet
  facet normal -0.26519665806620146 0.3968948467015067 0.8787179372314564
    outer loop
      vertex -7.692388155425119 10.19238815542512 79.88
      vertex 0.7453568972142566 1.7546431027857436 86.2376252197032
      vertex -3.4748846207461668 13.010433922646728 79.88
    endloop
  endfacet
  facet normal 0.13928132531715365 0.7002145072825534 -0.7002145072825527
    outer loop
      vertex -15 17 72.4792
      vertex -10.407798811618923 16.08655439013544 72.4792
      vertex -13.660607986722185 8.233578363789503 63.9792
    endloop
  endfacet
  facet normal -0.7002145072825531 0.1392813253171535 -0.7002145072825531
    outer loop
      vertex -5.5 13 62.83519999999999
      vertex -4.624614623879797 17.400859472198533 62.83519999999999
      vertex 2.7664216362104965 14.339392013277815 54.83519999999999
    endloop
  endfacet
  facet normal -0.4868013866703876 0.09683081626630716 0.8681291395621902
    outer loop
      vertex -5.5 13 62.83519999999999
      vertex 5.2 13 68.8352
      vertex -4.624614623879797 17.400859472198533 62.83519999999999
    endloop
  endfacet
  facet normal -0.5936131960090993 0.39663965676028157 -0.7002145072825532
    outer loop
      vertex -4.624614623879797 17.400859472198533 62.83519999999999
      vertex -2.1317279836452965 21.1317279836453 62.83519999999999
      vertex 2.7664216362104965 14.339392013277815 54.83519999999999
    endloop
  endfacet
  facet normal 0.09934993343405023 0.49946584389307397 0.8606180694772967
    outer loop
      vertex -14.693853254107928 5.73910362600903 78.9792
      vertex -10.407798811618923 16.08655439013544 72.4792
      vertex -15 17 72.4792
    endloop
  endfacet
  facet normal -0.3966396567602818 -0.5936131960090993 -0.7002145072825532
    outer loop
      vertex 0.9289321881345245 -17.071067811865476 83.28079999999999
      vertex 5.525126265847083 -12.474873734152917 76.78079999999999
      vertex 4.173165676349102 -19.238795325112868 83.28079999999999
    endloop
  endfacet
  facet normal -0.5936131960090992 -0.39663965676028173 -0.7002145072825533
    outer loop
      vertex -1.2387953251128678 -13.826834323650898 83.28079999999999
      vertex 4.766421636210497 -11.339392013277815 76.78079999999999
      vertex 0.9289321881345245 -17.071067811865476 83.28079999999999
    endloop
  endfacet
  facet normal -0.7002145072825537 -0.13928132531715265 -0.7002145072825526
    outer loop
      vertex -1.2387953251128678 -13.826834323650898 83.28079999999999
      vertex 1.5 -11.591875031048968 80.0974436309985
      vertex 1.7872590075525157 -11.942860630756599 79.88
    endloop
  endfacet
  facet normal -0.09312468225400979 -0.4681693927872545 0.8787179372314549
    outer loop
      vertex -3.4748846207461668 -11.010433922646728 79.88
      vertex 1.5 -12 79.88
      vertex 1.5 -11.591875031048968 80.0974436309985
    endloop
  endfacet
  facet normal -0.7002145072825526 -0.1392813253171466 -0.7002145072825551
    outer loop
      vertex -2 -10 83.28079999999999
      vertex 0.4468381151160459 -10 80.83396188488395
      vertex 1.5 -11.591875031048968 80.0974436309985
    endloop
  endfacet
  facet normal -0.7002145072825514 -0.13928132531715895 -0.7002145072825536
    outer loop
      vertex -1.2387953251128678 -13.826834323650898 83.28079999999999
      vertex 1.7872590075525157 -11.942860630756599 79.88
      vertex 4.766421636210497 -11.339392013277815 76.78079999999999
    endloop
  endfacet
  facet normal 0.093124682254009 -0.4681693927872545 0.878717937231455
    outer loop
      vertex 1.5 -12 79.88
      vertex 1.7872590075525157 -11.942860630756599 79.88
      vertex 1.5 -11.591875031048968 80.0974436309985
    endloop
  endfacet
  facet normal 0.13928132531715223 -0.7002145072825531 -0.7002145072825534
    outer loop
      vertex 1.5 -12 79.88
      vertex 3.085436977478497 -10 78.19536302252149
      vertex 1.7872590075525157 -11.942860630756599 79.88
    endloop
  endfacet
  facet normal -0.5936131960090996 -0.39663965676028146 -0.700214507282553
    outer loop
      vertex 0.9289321881345245 -17.071067811865476 83.28079999999999
      vertex 4.766421636210497 -11.339392013277815 76.78079999999999
      vertex 5.525126265847083 -12.474873734152917 76.78079999999999
    endloop
  endfacet
  facet normal -0.39663965676028107 -0.5936131960090993 -0.7002145072825533
    outer loop
      vertex 4.173165676349102 -19.238795325112868 83.28079999999999
      vertex 5.525126265847083 -12.474873734152917 76.78079999999999
      vertex 6.6606079867221855 -13.233578363789503 76.78079999999999
    endloop
  endfacet
  facet normal -0.6816253147819286 -0.6816253147819292 -0.26603357024419433
    outer loop
      vertex 5.834936490538904 -11.25 74.28079999999999
      vertex 6.75 -12.165063509461095 74.28079999999999
      vertex 5.216346916407161 -11.607142857142858 76.78079999999999
    endloop
  endfacet
  facet normal -0.9311174958546796 -0.2494921810727508 -0.2660335702441942
    outer loop
      vertex 5.834936490538904 -11.25 74.28079999999999
      vertex 4.785714285714286 -10 76.78079999999999
      vertex 5.5 -10 74.28079999999999
    endloop
  endfacet
  facet normal -0.700214507282553 -0.13928132531715146 -0.7002145072825535
    outer loop
      vertex 1.7872590075525157 -11.942860630756599 79.88
      vertex 3.085436977478497 -10 78.19536302252149
      vertex 4.766421636210497 -11.339392013277815 76.78079999999999
    endloop
  endfacet
  facet normal -0.7002145072825537 -0.1392813253171538 -0.7002145072825524
    outer loop
      vertex 3.085436977478497 -10 78.19536302252149
      vertex 4.5 -10 76.78079999999999
      vertex 4.766421636210497 -11.339392013277815 76.78079999999999
    endloop
  endfacet
  facet normal 0 0 -1
    outer loop
      vertex 5.525126265847083 -12.474873734152917 76.78079999999999
      vertex 5.216346916407161 -11.607142857142858 76.78079999999999
      vertex 6.392857142857142 -12.783653083592839 76.78079999999999
    endloop
  endfacet
  facet normal -0.6816253147819288 -0.6816253147819288 -0.26603357024419455
    outer loop
      vertex 5.216346916407161 -11.607142857142858 76.78079999999999
      vertex 6.75 -12.165063509461095 74.28079999999999
      vertex 6.392857142857142 -12.783653083592839 76.78079999999999
    endloop
  endfacet
  facet normal 0 0 -1
    outer loop
      vertex 5.525126265847083 -12.474873734152917 76.78079999999999
      vertex 4.766421636210497 -11.339392013277815 76.78079999999999
      vertex 5.216346916407161 -11.607142857142858 76.78079999999999
    endloop
  endfacet
  facet normal -0.9311174958546795 -0.24949218107275056 -0.2660335702441943
    outer loop
      vertex 5.834936490538904 -11.25 74.28079999999999
      vertex 5.216346916407161 -11.607142857142858 76.78079999999999
      vertex 4.785714285714286 -10 76.78079999999999
    endloop
  endfacet
  facet normal 0 0 -1
    outer loop
      vertex 4.766421636210497 -11.339392013277815 76.78079999999999
      vertex 4.785714285714286 -10 76.78079999999999
      vertex 5.216346916407161 -11.607142857142858 76.78079999999999
    endloop
  endfacet
  facet normal -0.4859930382108353 -0.32473016630997775 0.8113945315929212
    outer loop
      vertex -1.2387953251128678 -13.826834323650898 83.28079999999999
      vertex 0.9289321881345245 -17.071067811865476 83.28079999999999
      vertex 7.26089637399097 -10.306146745892072 89.78079999999999
    endloop
  endfacet
  facet normal -0.5732678755819551 -0.11403007027471389 0.811394531592921
    outer loop
      vertex -1.2387953251128678 -13.826834323650898 83.28079999999999
      vertex 7.2 -10 89.78079999999999
      vertex -2 -10 83.28079999999999
    endloop
  endfacet
  facet normal -0.32473016630997775 -0.4859930382108353 0.8113945315929212
    outer loop
      vertex 0.9289321881345245 -17.071067811865476 83.28079999999999
      vertex 4.173165676349102 -19.238795325112868 83.28079999999999
      vertex 7.434314575050762 -10.565685424949239 89.78079999999999
    endloop
  endfacet
  facet normal -0.5732678755819549 -0.11403007027471497 0.8113945315929211
    outer loop
      vertex -1.2387953251128678 -13.826834323650898 83.28079999999999
      vertex 7.26089637399097 -10.306146745892072 89.78079999999999
      vertex 7.2 -10 89.78079999999999
    endloop
  endfacet
  facet normal -0.4859930382108359 -0.32473016630997714 0.8113945315929211
    outer loop
      vertex 0.9289321881345245 -17.071067811865476 83.28079999999999
      vertex 7.434314575050762 -10.565685424949239 89.78079999999999
      vertex 7.26089637399097 -10.306146745892072 89.78079999999999
    endloop
  endfacet
  facet normal -0.13928132531715337 -0.7002145072825532 -0.7002145072825532
    outer loop
      vertex 4.173165676349102 -19.238795325112868 83.28079999999999
      vertex 6.6606079867221855 -13.233578363789503 76.78079999999999
      vertex 8 -20 83.28079999999999
    endloop
  endfacet
  facet normal 0.13928132531715764 -0.7002145072825531 -0.7002145072825523
    outer loop
      vertex 10.360680521051952 -15.699186930353607 79.44955548142309
      vertex 8 -20 83.28079999999999
      vertex 9.339392013277815 -13.233578363789503 76.78079999999999
    endloop
  endfacet
  facet normal 0.13928132531715953 -0.7002145072825534 -0.7002145072825515
    outer loop
      vertex 10.360680521051952 -16.372831448930512 80.1232
      vertex 8 -20 83.28079999999999
      vertex 10.360680521051952 -15.699186930353607 79.44955548142309
    endloop
  endfacet
  facet normal 0.13928132531714352 -0.7002145072825494 -0.7002145072825589
    outer loop
      vertex 10.360680521051952 -16.372831448930512 80.1232
      vertex 10.635244684412317 -16.36204345727982 80.16702621608093
      vertex 8 -20 83.28079999999999
    endloop
  endfacet
  facet normal -0.13928132531715615 -0.7002145072825537 -0.7002145072825519
    outer loop
      vertex 10.360680521051952 -16.372831448930512 80.1232
      vertex 10.360680521051952 -15.699186930353607 79.44955548142309
      vertex 11 -16.5 80.1232
    endloop
  endfacet
  facet normal -0.11005689066680346 -0.5532933528297874 0.8256839265306838
    outer loop
      vertex 10.360680521051952 -16.372831448930512 80.1232
      vertex 11 -16.5 80.1232
      vertex 10.635244684412317 -16.36204345727982 80.16702621608093
    endloop
  endfacet
  facet normal -0.11005689066681264 -0.5532933528298071 0.8256839265306695
    outer loop
      vertex 10.635244684412317 -16.36204345727982 80.16702621608093
      vertex 11 -16.5 80.1232
      vertex 11 -16.25795073827433 80.28539795888832
    endloop
  endfacet
  facet normal 0.39663965676027696 -0.5936131960091008 -0.7002145072825544
    outer loop
      vertex 10.635244684412317 -16.36204345727982 80.16702621608093
      vertex 11 -16.25795073827433 80.28539795888832
      vertex 11.826834323650898 -19.238795325112868 83.28079999999999
    endloop
  endfacet
  facet normal 0.39663965676028085 -0.593613196009099 -0.7002145072825537
    outer loop
      vertex 11 -16.25795073827433 80.28539795888832
      vertex 13.229933847286524 -15.229933847286524 80.67704337714669
      vertex 11.826834323650898 -19.238795325112868 83.28079999999999
    endloop
  endfacet
  facet normal -0.11403007027471389 -0.5732678755819551 0.811394531592921
    outer loop
      vertex 4.173165676349102 -19.238795325112868 83.28079999999999
      vertex 8 -20 83.28079999999999
      vertex 7.693853254107928 -10.73910362600903 89.78079999999999
    endloop
  endfacet
  facet normal 0.11403007027471389 -0.5732678755819551 0.811394531592921
    outer loop
      vertex 8 -20 83.28079999999999
      vertex 11.826834323650898 -19.238795325112868 83.28079999999999
      vertex 8 -10.8 89.78079999999999
    endloop
  endfacet
  facet normal 0.13928132531715315 -0.7002145072825523 -0.7002145072825541
    outer loop
      vertex 10.635244684412317 -16.36204345727982 80.16702621608093
      vertex 11.826834323650898 -19.238795325112868 83.28079999999999
      vertex 8 -20 83.28079999999999
    endloop
  endfacet
  facet normal -0.1392813253171539 -0.7002145072825531 -0.7002145072825531
    outer loop
      vertex 8 -20 83.28079999999999
      vertex 6.6606079867221855 -13.233578363789503 76.78079999999999
      vertex 8 -13.5 76.78079999999999
    endloop
  endfacet
  facet normal 0.1392813253171539 -0.7002145072825531 -0.7002145072825531
    outer loop
      vertex 8 -20 83.28079999999999
      vertex 8 -13.5 76.78079999999999
      vertex 9.339392013277815 -13.233578363789503 76.78079999999999
    endloop
  endfacet
  facet normal 0 0 -1
    outer loop
      vertex 8 -13.5 76.78079999999999
      vertex 8 -13.214285714285715 76.78079999999999
      vertex 9.339392013277815 -13.233578363789503 76.78079999999999
    endloop
  endfacet
  facet normal -0.24949218107275137 -0.9311174958546792 -0.26603357024419466
    outer loop
      vertex 6.75 -12.165063509461095 74.28079999999999
      vertex 8 -12.5 74.28079999999999
      vertex 6.392857142857142 -12.783653083592839 76.78079999999999
    endloop
  endfacet
  facet normal 0 0 -1
    outer loop
      vertex 5.834936490538904 -11.25 74.28079999999999
      vertex 7.70657945594555 -9.293420544054449 74.28079999999999
      vertex 6.75 -12.165063509461095 74.28079999999999
    endloop
  endfacet
  facet normal 0.2494921810727514 -0.9311174958546793 -0.2660335702441945
    outer loop
      vertex 8 -12.5 74.28079999999999
      vertex 9.25 -12.165063509461095 74.28079999999999
      vertex 8 -13.214285714285715 76.78079999999999
    endloop
  endfacet
  facet normal 0 0 -1
    outer loop
      vertex 6.75 -12.165063509461095 74.28079999999999
      vertex 9.217613645416364 -10.303061310624553 74.28079999999999
      vertex 8 -12.5 74.28079999999999
    endloop
  endfacet
  facet normal 0 0 -1
    outer loop
      vertex 6.75 -12.165063509461095 74.28079999999999
      vertex 7.70657945594555 -9.293420544054449 74.28079999999999
      vertex 9.217613645416364 -10.303061310624553 74.28079999999999
    endloop
  endfacet
  facet normal 0 0 -1
    outer loop
      vertex 8 -12.5 74.28079999999999
      vertex 9.217613645416364 -10.303061310624553 74.28079999999999
      vertex 9.25 -12.165063509461095 74.28079999999999
    endloop
  endfacet
  facet normal 0 0 -1
    outer loop
      vertex 5.525126265847083 -12.474873734152917 76.78079999999999
      vertex 6.392857142857142 -12.783653083592839 76.78079999999999
      vertex 6.6606079867221855 -13.233578363789503 76.78079999999999
    endloop
  endfacet
  facet normal 0 0 -1
    outer loop
      vertex 6.6606079867221855 -13.233578363789503 76.78079999999999
      vertex 6.392857142857142 -12.783653083592839 76.78079999999999
      vertex 8 -13.5 76.78079999999999
    endloop
  endfacet
  facet normal 0 0 -1
    outer loop
      vertex 6.392857142857142 -12.783653083592839 76.78079999999999
      vertex 8 -13.214285714285715 76.78079999999999
      vertex 8 -13.5 76.78079999999999
    endloop
  endfacet
  facet normal -0.24949218107275106 -0.9311174958546795 -0.2660335702441945
    outer loop
      vertex 8 -12.5 74.28079999999999
      vertex 8 -13.214285714285715 76.78079999999999
      vertex 6.392857142857142 -12.783653083592839 76.78079999999999
    endloop
  endfacet
  facet normal 0 0 -1
    outer loop
      vertex 8 -13.214285714285715 76.78079999999999
      vertex 9.399607234079282 -12.839262086193413 76.78079999999999
      vertex 9.339392013277815 -13.233578363789503 76.78079999999999
    endloop
  endfacet
  facet normal 0.2494921810727505 -0.9311174958546756 -0.26603357024420804
    outer loop
      vertex 8 -13.214285714285715 76.78079999999999
      vertex 9.589419634478496 -12.752955561464308 76.65673744134946
      vertex 9.399607234079282 -12.839262086193413 76.78079999999999
    endloop
  endfacet
  facet normal 0.24949218107275264 -0.9311174958546792 -0.2660335702441938
    outer loop
      vertex 9.25 -12.165063509461095 74.28079999999999
      vertex 9.589419634478496 -12.752955561464308 76.65673744134946
      vertex 8 -13.214285714285715 76.78079999999999
    endloop
  endfacet
  facet normal -0.13928132531715273 -0.7002145072825525 -0.7002145072825539
    outer loop
      vertex 11 -16.5 80.1232
      vertex 10.360680521051952 -15.699186930353607 79.44955548142309
      vertex 9.807963163520476 -12.920489130852083 76.78079999999999
    endloop
  endfacet
  facet normal 0.39663965676028184 -0.5936131960091005 -0.700214507282552
    outer loop
      vertex 10.360680521051952 -15.699186930353607 79.44955548142309
      vertex 9.339392013277815 -13.233578363789503 76.78079999999999
      vertex 9.807963163520476 -12.920489130852083 76.78079999999999
    endloop
  endfacet
  facet normal -0.13928132531716209 -0.7002145072825532 -0.7002145072825513
    outer loop
      vertex 11 -16.5 80.1232
      vertex 9.807963163520476 -12.920489130852083 76.78079999999999
      vertex 10.372127746061008 -11.369548592740504 75.1176401491835
    endloop
  endfacet
  facet normal 0.11005689066679855 -0.5532933528298078 0.8256839265306707
    outer loop
      vertex 11 -16.5 80.1232
      vertex 13.229933847286524 -15.229933847286524 80.67704337714669
      vertex 11 -16.25795073827433 80.28539795888832
    endloop
  endfacet
  facet normal 0.681625314781929 -0.681625314781929 -0.2660335702441936
    outer loop
      vertex 9.25 -12.165063509461095 74.28079999999999
      vertex 10.165063509461095 -11.25 74.28079999999999
      vertex 9.589419634478496 -12.752955561464308 76.65673744134946
    endloop
  endfacet
  facet normal 0 0 -1
    outer loop
      vertex 9.25 -12.165063509461095 74.28079999999999
      vertex 10.358013471134216 -10.52990093971745 74.28079999999999
      vertex 10.165063509461095 -11.25 74.28079999999999
    endloop
  endfacet
  facet normal 0.6816253147819246 -0.6816253147819323 -0.26603357024419677
    outer loop
      vertex 9.589419634478496 -12.752955561464308 76.65673744134946
      vertex 10.165063509461095 -11.25 74.28079999999999
      vertex 10.372127746061008 -11.369548592740504 75.1176401491835
    endloop
  endfacet
  facet normal 0 0 -1
    outer loop
      vertex 9.25 -12.165063509461095 74.28079999999999
      vertex 9.217613645416364 -10.303061310624553 74.28079999999999
      vertex 10.358013471134216 -10.52990093971745 74.28079999999999
    endloop
  endfacet
  facet normal 0.9311174958546786 -0.2494921810727513 -0.266033570244197
    outer loop
      vertex 10.165063509461095 -11.25 74.28079999999999
      vertex 10.358013471134216 -10.52990093971745 74.28079999999999
      vertex 10.372127746061008 -11.369548592740504 75.1176401491835
    endloop
  endfacet
  facet normal 0.13928132531715381 -0.700214507282553 -0.700214507282553
    outer loop
      vertex 11 -16.5 80.1232
      vertex 11 -9.5 73.1232
      vertex 12.339392013277815 -9.233578363789503 73.1232
    endloop
  endfacet
  facet normal 0 0 -1
    outer loop
      vertex 9.339392013277815 -13.233578363789503 76.78079999999999
      vertex 9.399607234079282 -12.839262086193413 76.78079999999999
      vertex 9.807963163520476 -12.920489130852083 76.78079999999999
    endloop
  endfacet
  facet normal -0.1392813253171516 -0.7002145072825333 -0.7002145072825734
    outer loop
      vertex 9.399607234079282 -12.839262086193413 76.78079999999999
      vertex 9.589419634478496 -12.752955561464308 76.65673744134946
      vertex 9.807963163520476 -12.920489130852083 76.78079999999999
    endloop
  endfacet
  facet normal -0.13928132531717585 -0.7002145072825494 -0.7002145072825524
    outer loop
      vertex 9.589419634478496 -12.752955561464308 76.65673744134946
      vertex 10.372127746061008 -11.369548592740504 75.1176401491835
      vertex 9.807963163520476 -12.920489130852083 76.78079999999999
    endloop
  endfacet
  facet normal -0.13928132531712828 -0.7002145072825545 -0.7002145072825566
    outer loop
      vertex 11 -16.5 80.1232
      vertex 10.372127746061008 -11.369548592740504 75.1176401491835
      vertex 10.358013471134216 -10.52990093971745 74.28079999999999
    endloop
  endfacet
  facet normal -0.1392813253171487 -0.7002145072825536 -0.7002145072825536
    outer loop
      vertex 11 -16.5 80.1232
      vertex 10.358013471134216 -10.52990093971745 74.28079999999999
      vertex 11 -9.5 73.1232
    endloop
  endfacet
  facet normal -0.3247301663099778 -0.4859930382108359 0.8113945315929206
    outer loop
      vertex 4.173165676349102 -19.238795325112868 83.28079999999999
      vertex 7.693853254107928 -10.73910362600903 89.78079999999999
      vertex 7.434314575050762 -10.565685424949239 89.78079999999999
    endloop
  endfacet
  facet normal -0.114030070274715 -0.5732678755819551 0.811394531592921
    outer loop
      vertex 8 -20 83.28079999999999
      vertex 8 -10.8 89.78079999999999
      vertex 7.693853254107928 -10.73910362600903 89.78079999999999
    endloop
  endfacet
  facet normal 0.11403007027471497 -0.5732678755819549 0.8113945315929211
    outer loop
      vertex 11.826834323650898 -19.238795325112868 83.28079999999999
      vertex 8.306146745892072 -10.73910362600903 89.78079999999999
      vertex 8 -10.8 89.78079999999999
    endloop
  endfacet
  facet normal 0.32473016630997775 -0.4859930382108353 0.8113945315929212
    outer loop
      vertex 11.826834323650898 -19.238795325112868 83.28079999999999
      vertex 15.071067811865476 -17.071067811865476 83.28079999999999
      vertex 8.565685424949239 -10.565685424949239 89.78079999999999
    endloop
  endfacet
  facet normal 0.32473016630997714 -0.4859930382108359 0.8113945315929211
    outer loop
      vertex 11.826834323650898 -19.238795325112868 83.28079999999999
      vertex 8.565685424949239 -10.565685424949239 89.78079999999999
      vertex 8.306146745892072 -10.73910362600903 89.78079999999999
    endloop
  endfacet
  facet normal 0.4859930382108364 -0.32473016630997653 0.811394531592921
    outer loop
      vertex 8.565685424949239 -10.565685424949239 89.78079999999999
      vertex 15.071067811865476 -17.071067811865476 83.28079999999999
      vertex 8.73910362600903 -10.306146745892072 89.78079999999999
    endloop
  endfacet
  facet normal 0.5732678755819548 -0.11403007027471494 0.8113945315929212
    outer loop
      vertex 8.73910362600903 -10.306146745892072 89.78079999999999
      vertex 17.238795325112868 -13.826834323650898 83.28079999999999
      vertex 8.8 -10 89.78079999999999
    endloop
  endfacet
  facet normal -0.24949218107275065 -0.9311174958546796 -0.2660335702441942
    outer loop
      vertex 1.5 -1.5 67.88
      vertex 1.5 -2.2142857142857144 70.38
      vertex -0.1071428571428572 -1.7836530835928386 70.38
    endloop
  endfacet
  facet normal 0.24949218107275062 -0.9311174958546796 -0.26603357024419433
    outer loop
      vertex 2.75 -1.1650635094610964 67.88
      vertex 2.763138410941215 -1.8758287971452843 70.38
      vertex 1.5 -2.2142857142857144 70.38
    endloop
  endfacet
  facet normal -0.6816253147819289 -0.6816253147819289 -0.2660335702441942
    outer loop
      vertex -1.2836530835928386 -0.6071428571428572 70.38
      vertex 0.25 -1.1650635094610964 67.88
      vertex -0.1071428571428572 -1.7836530835928386 70.38
    endloop
  endfacet
  facet normal -0.6816253147819292 -0.6816253147819292 -0.26603357024419194
    outer loop
      vertex -0.9379862805794263 -0.4075720353731463 68.98300424761203
      vertex -0.4039591431441032 -0.5111043663169932 67.88
      vertex 0.25 -1.1650635094610964 67.88
    endloop
  endfacet
  facet normal 0 0 -1
    outer loop
      vertex -0.3262555487908797 -0.531924981672935 67.88
      vertex 0.25 -1.1650635094610964 67.88
      vertex -0.4039591431441032 -0.5111043663169932 67.88
    endloop
  endfacet
  facet normal 0 0 -1
    outer loop
      vertex -0.3262555487908797 -0.531924981672935 67.88
      vertex 1.5 -1.5 67.88
      vertex 0.25 -1.1650635094610964 67.88
    endloop
  endfacet
  facet normal -0.24949218107275078 -0.9311174958546794 -0.2660335702441943
    outer loop
      vertex 0.25 -1.1650635094610964 67.88
      vertex 1.5 -1.5 67.88
      vertex -0.1071428571428572 -1.7836530835928386 70.38
    endloop
  endfacet
  facet normal 0 0 -1
    outer loop
      vertex -0.3262555487908797 -0.531924981672935 67.88
      vertex 1.0484587916425456 -0.1635713843303134 67.88
      vertex 1.5 -1.5 67.88
    endloop
  endfacet
  facet normal 0.2494921810727508 -0.9311174958546796 -0.2660335702441942
    outer loop
      vertex 1.5 -1.5 67.88
      vertex 2.75 -1.1650635094610964 67.88
      vertex 1.5 -2.2142857142857144 70.38
    endloop
  endfacet
  facet normal 0 0 -1
    outer loop
      vertex 1.5 -1.5 67.88
      vertex 1.0484587916425456 -0.1635713843303134 67.88
      vertex 2.0548195347333524 0.842789358760494 67.88
    endloop
  endfacet
  facet normal 0 0 -1
    outer loop
      vertex 1.5 -1.5 67.88
      vertex 2.0548195347333524 0.842789358760494 67.88
      vertex 2.423173132075975 2.2175036991939194 67.88
    endloop
  endfacet
  facet normal 0 0 -1
    outer loop
      vertex 1.5 -1.5 67.88
      vertex 2.75 3.1650635094610964 67.88
      vertex 2.75 -1.1650635094610964 67.88
    endloop
  endfacet
  facet normal 0.2494921810727463 -0.9311174958546806 -0.26603357024419455
    outer loop
      vertex 2.75 -1.1650635094610964 67.88
      vertex 3.0831014734374427 -1.7420121855308022 70.21171031406209
      vertex 2.763138410941215 -1.8758287971452843 70.38
    endloop
  endfacet
  facet normal 0.6816253147819296 -0.681625314781928 -0.2660335702441948
    outer loop
      vertex 2.75 -1.1650635094610964 67.88
      vertex 3.452420606865436 -1.1905349035985597 69.74498874504984
      vertex 3.0831014734374427 -1.7420121855308022 70.21171031406209
    endloop
  endfacet
  facet normal 0.6816253147819289 -0.6816253147819289 -0.26603357024419455
    outer loop
      vertex 2.75 -1.1650635094610964 67.88
      vertex 3.6650635094610964 -0.25 67.88
      vertex 3.452420606865436 -1.1905349035985597 69.74498874504984
    endloop
  endfacet
  facet normal 0.6816253147819298 -0.6816253147819281 -0.26603357024419405
    outer loop
      vertex 3.452420606865436 -1.1905349035985597 69.74498874504984
      vertex 3.6650635094610964 -0.25 67.88
      vertex 3.6038197328289683 -1.015052509965076 69.68328313063644
    endloop
  endfacet
  facet normal 0.681625314781931 -0.681625314781927 -0.26603357024419355
    outer loop
      vertex 3.6038197328289683 -1.015052509965076 69.68328313063644
      vertex 3.6650635094610964 -0.25 67.88
      vertex 3.8714644694778375 -0.7420310723597299 69.66950706666609
    endloop
  endfacet
  facet normal 0.6816253147819303 -0.6816253147819278 -0.26603357024419366
    outer loop
      vertex 3.8714644694778375 -0.7420310723597299 69.66950706666609
      vertex 3.6650635094610964 -0.25 67.88
      vertex 4.1165565867790805 -0.5106696497267904 69.70468754808753
    endloop
  endfacet
  facet normal 0.931117495854674 -0.2494921810727706 -0.266033570244195
    outer loop
      vertex 3.6650635094610964 -0.25 67.88
      vertex 4.128732545060165 -0.4646126549881834 69.70411013116028
      vertex 4.1165565867790805 -0.5106696497267904 69.70468754808753
    endloop
  endfacet
  facet normal 0.9311174958546771 -0.24949218107275967 -0.2660335702441945
    outer loop
      vertex 3.6650635094610964 -0.25 67.88
      vertex 4.203924007023109 -0.238070663943668 69.75482414559816
      vertex 4.128732545060165 -0.4646126549881834 69.70411013116028
    endloop
  endfacet
  facet normal 0 0 -1
    outer loop
      vertex 2.75 -1.1650635094610964 67.88
      vertex 3.6650635094610964 2.25 67.88
      vertex 3.6650635094610964 -0.25 67.88
    endloop
  endfacet
  facet normal 0.9311174958546793 -0.24949218107275073 -0.26603357024419516
    outer loop
      vertex 3.6650635094610964 -0.25 67.88
      vertex 4 1 67.88
      vertex 4.203924007023109 -0.238070663943668 69.75482414559816
    endloop
  endfacet
  facet normal 0.9311174958546801 -0.2494921810727489 -0.26603357024419405
    outer loop
      vertex 4.203924007023109 -0.238070663943668 69.75482414559816
      vertex 4 1 67.88
      vertex 4.619828748002079 0.6474818027006523 70.38
    endloop
  endfacet
  facet normal 0 0 -1
    outer loop
      vertex 3.6650635094610964 -0.25 67.88
      vertex 3.6650635094610964 2.25 67.88
      vertex 4 1 67.88
    endloop
  endfacet
  facet normal 0.9311174958546796 -0.24949218107275067 -0.2660335702441942
    outer loop
      vertex 4 1 67.88
      vertex 4.714285714285714 1 70.38
      vertex 4.619828748002079 0.6474818027006523 70.38
    endloop
  endfacet
  facet normal -0.39663965676028157 -0.5936131960090993 -0.7002145072825531
    outer loop
      vertex 7.221825406947977 -0.7781745930520234 53.191199999999995
      vertex 12.525126265847083 4.525126265847083 45.691199999999995
      vertex 10.790482243984012 -3.162674857624154 53.191199999999995
    endloop
  endfacet
  facet normal -0.3026939739841992 -0.45301354578887043 0.838543430864167
    outer loop
      vertex 7.221825406947977 -0.7781745930520234 53.191199999999995
      vertex 10.790482243984012 -3.162674857624154 53.191199999999995
      vertex 14.434314575050761 6.434314575050762 59.691199999999995
    endloop
  endfacet
  facet normal -0.1392813253171474 -0.7002145072825534 -0.700214507282554
    outer loop
      vertex 1.5 -12 79.88
      vertex 0.20702424123122687 -7.902260108881212 76.0394489780224
      vertex 0.8997756790748573 -8.04435486932532 76.04374690995938
    endloop
  endfacet
  facet normal -0.5068203228924061 -0.6042200337429149 -0.6148587733186768
    outer loop
      vertex 0.26174332286550106 -7.888421797856804 75.98074585961108
      vertex 0.20702424123122687 -7.902260108881212 76.0394489780224
      vertex 0.20946738137531384 -7.813957385963482 75.95066028431478
    endloop
  endfacet
  facet normal -0.18323104590327444 -0.904920593413631 -0.3841160025735902
    outer loop
      vertex 0.26174332286550106 -7.888421797856804 75.98074585961108
      vertex 0.8997756790748573 -8.04435486932532 76.04374690995938
      vertex 0.20702424123122687 -7.902260108881212 76.0394489780224
    endloop
  endfacet
  facet normal -2.018725586636222e-14 -0.3746065934159667 -0.9271838545667654
    outer loop
      vertex 0.26174332286550106 -7.888421797856804 75.98074585961108
      vertex 0.20946738137531384 -7.813957385963482 75.95066028431478
      vertex 0.8997756790748573 -8.04435486932532 76.04374690995938
    endloop
  endfacet
  facet normal 0.1392813253171544 -0.7002145072825537 -0.7002145072825523
    outer loop
      vertex 1.5 -12 79.88
      vertex 2.7929757587687734 -7.902260108881212 76.0394489780224
      vertex 3.085436977478497 -10 78.19536302252149
    endloop
  endfacet
  facet normal 0.1392813253171474 -0.7002145072825534 -0.700214507282554
    outer loop
      vertex 1.5 -12 79.88
      vertex 2.1002243209251428 -8.04435486932532 76.04374690995938
      vertex 2.7929757587687734 -7.902260108881212 76.0394489780224
    endloop
  endfacet
  facet normal 0.13928132531716975 -0.700214507282553 -0.70021450728255
    outer loop
      vertex 1.5 -12 79.88
      vertex 2.6483198646152952 -3.3840770503397164 71.49249207311942
      vertex 2.1002243209251428 -8.04435486932532 76.04374690995938
    endloop
  endfacet
  facet normal 0.18323104590327435 -0.9049205934136307 -0.3841160025735908
    outer loop
      vertex 2.738256677134499 -7.888421797856804 75.98074585961108
      vertex 2.7929757587687734 -7.902260108881212 76.0394489780224
      vertex 2.1002243209251428 -8.04435486932532 76.04374690995938
    endloop
  endfacet
  facet normal 2.0187255866362238e-14 -0.37460659341596664 -0.9271838545667653
    outer loop
      vertex 2.738256677134499 -7.888421797856804 75.98074585961108
      vertex 2.1002243209251428 -8.04435486932532 76.04374690995938
      vertex 2.7905326186246864 -7.813957385963482 75.95066028431478
    endloop
  endfacet
  facet normal 0.5068203228924045 -0.6042200337429156 -0.6148587733186773
    outer loop
      vertex 2.738256677134499 -7.888421797856804 75.98074585961108
      vertex 2.7905326186246864 -7.813957385963482 75.95066028431478
      vertex 2.7929757587687734 -7.902260108881212 76.0394489780224
    endloop
  endfacet
  facet normal -0.13928132531713988 -0.7002145072825534 -0.7002145072825556
    outer loop
      vertex 1.5 -12 79.88
      vertex 0.8997756790748573 -8.04435486932532 76.04374690995938
      vertex 0.16060798672218568 -2.2335783637895035 70.38
    endloop
  endfacet
  facet normal -0.13928132531715065 -0.7002145072825531 -0.7002145072825536
    outer loop
      vertex 0.20946738137531384 -7.813957385963482 75.95066028431478
      vertex 0.16060798672218568 -2.2335783637895035 70.38
      vertex 0.8997756790748573 -8.04435486932532 76.04374690995938
    endloop
  endfacet
  facet normal -0.13928132531653714 -0.7002145072826115 -0.7002145072826175
    outer loop
      vertex 0.20946738137531384 -7.813957385963482 75.95066028431478
      vertex 0.20702424123122687 -7.902260108881212 76.0394489780224
      vertex 0.16060798672218568 -2.2335783637895035 70.38
    endloop
  endfacet
  facet normal -0.13928132531715398 -0.7002145072825531 -0.7002145072825531
    outer loop
      vertex 1.5 -12 79.88
      vertex 0.16060798672218568 -2.2335783637895035 70.38
      vertex 1.5 -2.5 70.38
    endloop
  endfacet
  facet normal 0.1392813253171507 -0.7002145072825534 -0.7002145072825535
    outer loop
      vertex 2.7905326186246864 -7.813957385963482 75.95066028431478
      vertex 2.1002243209251428 -8.04435486932532 76.04374690995938
      vertex 2.6658458963863216 -4.096813004704271 72.20871417195433
    endloop
  endfacet
  facet normal 0.13928132531714962 -0.7002145072825534 -0.7002145072825534
    outer loop
      vertex 1.5 -12 79.88
      vertex 1.5 -2.5 70.38
      vertex 2.6483198646152952 -3.3840770503397164 71.49249207311942
    endloop
  endfacet
  facet normal 0.13928132531717619 -0.7002145072825529 -0.700214507282549
    outer loop
      vertex 2.1002243209251428 -8.04435486932532 76.04374690995938
      vertex 2.6483198646152952 -3.3840770503397164 71.49249207311942
      vertex 2.6658458963863216 -4.096813004704271 72.20871417195433
    endloop
  endfacet
  facet normal -0.9311174958546794 0.24949218107275078 -0.26603357024419416
    outer loop
      vertex 5.5 -10 74.28079999999999
      vertex 4.785714285714286 -10 76.78079999999999
      vertex 5.375446337738235 -8.913045907913823 75.73610746706085
    endloop
  endfacet
  facet normal 0 0 -1
    outer loop
      vertex 5.834936490538904 -11.25 74.28079999999999
      vertex 5.5 -10 74.28079999999999
      vertex 5.834936490538904 -8.75 74.28079999999999
    endloop
  endfacet
  facet normal -0.9311174958546802 0.24949218107275095 -0.2660335702441918
    outer loop
      vertex 5.5 -10 74.28079999999999
      vertex 5.749282973137161 -8.700547918671065 74.62696456930253
      vertex 5.834936490538904 -8.75 74.28079999999999
    endloop
  endfacet
  facet normal -0.9311174958546747 0.24949218107275423 -0.2660335702442078
    outer loop
      vertex 5.5 -10 74.28079999999999
      vertex 5.685282440508029 -8.79051527161418 74.76659305502253
      vertex 5.749282973137161 -8.700547918671065 74.62696456930253
    endloop
  endfacet
  facet normal -0.9311174958546802 0.24949218107274915 -0.266033570244193
    outer loop
      vertex 5.5 -10 74.28079999999999
      vertex 5.375446337738235 -8.913045907913823 75.73610746706085
      vertex 5.685282440508029 -8.79051527161418 74.76659305502253
    endloop
  endfacet
  facet normal -0.6816253147819307 0.6816253147819277 -0.2660335702441929
    outer loop
      vertex 5.834936490538904 -8.75 74.28079999999999
      vertex 5.749282973137161 -8.700547918671065 74.62696456930253
      vertex 5.941601965278214 -8.60298698892911 74.3841775629423
    endloop
  endfacet
  facet normal -0.6816253147819269 0.6816253147819292 -0.2660335702441991
    outer loop
      vertex 5.834936490538904 -8.75 74.28079999999999
      vertex 5.941601965278214 -8.60298698892911 74.3841775629423
      vertex 6.085575614191928 -8.499360876346977 74.28079999999999
    endloop
  endfacet
  facet normal 0.13928132531716234 -0.7002145072825524 -0.700214507282552
    outer loop
      vertex 3.085436977478497 -10 78.19536302252149
      vertex 2.7929757587687734 -7.902260108881212 76.0394489780224
      vertex 3.7432097046542756 -9.342227272824216 77.66842942570602
    endloop
  endfacet
  facet normal -0.7002145072825534 0.13928132531715653 -0.7002145072825522
    outer loop
      vertex 3.085436977478497 -10 78.19536302252149
      vertex 3.7432097046542756 -9.342227272824216 77.66842942570602
      vertex 4.5 -10 76.78079999999999
    endloop
  endfacet
  facet normal -0.7002145072825547 0.13928132531715412 -0.7002145072825515
    outer loop
      vertex 3.7432097046542756 -9.342227272824216 77.66842942570602
      vertex 4.667406001074406 -9.158393199579779 76.78079999999999
      vertex 4.5 -10 76.78079999999999
    endloop
  endfacet
  facet normal -0.593613196009102 -0.3966396567602814 -0.700214507282551
    outer loop
      vertex 3.9113928612515734 -8.93619721520434 77.29585307791828
      vertex 4.667406001074406 -9.158393199579779 76.78079999999999
      vertex 3.7432097046542756 -9.342227272824216 77.66842942570602
    endloop
  endfacet
  facet normal 0.13928132531712867 -0.7002145072825664 -0.7002145072825448
    outer loop
      vertex 3.9113928612515734 -8.93619721520434 77.29585307791828
      vertex 3.7432097046542756 -9.342227272824216 77.66842942570602
      vertex 2.7929757587687734 -7.902260108881212 76.0394489780224
    endloop
  endfacet
  facet normal 0.13928132531715656 -0.7002145072825497 -0.7002145072825559
    outer loop
      vertex 3.9113928612515734 -8.93619721520434 77.29585307791828
      vertex 2.7929757587687734 -7.902260108881212 76.0394489780224
      vertex 4.846020363790881 -7.537428308958346 76.08299314082053
    endloop
  endfacet
  facet normal 0 0 -1
    outer loop
      vertex 4.766421636210497 -11.339392013277815 76.78079999999999
      vertex 4.5 -10 76.78079999999999
      vertex 4.667406001074406 -9.158393199579779 76.78079999999999
    endloop
  endfacet
  facet normal 0 0 -1
    outer loop
      vertex 4.766421636210497 -11.339392013277815 76.78079999999999
      vertex 4.667406001074406 -9.158393199579779 76.78079999999999
      vertex 4.785714285714286 -10 76.78079999999999
    endloop
  endfacet
  facet normal 0 0 -1
    outer loop
      vertex 4.785714285714286 -10 76.78079999999999
      vertex 4.667406001074406 -9.158393199579779 76.78079999999999
      vertex 4.91281116632416 -9.525667984080432 76.78079999999999
    endloop
  endfacet
  facet normal -0.931117495854679 0.24949218107275026 -0.2660335702441971
    outer loop
      vertex 4.785714285714286 -10 76.78079999999999
      vertex 4.91281116632416 -9.525667984080432 76.78079999999999
      vertex 5.3638116521391845 -8.730493816093174 75.94803026618737
    endloop
  endfacet
  facet normal -0.9311174958546796 0.24949218107275606 -0.2660335702441888
    outer loop
      vertex 5.375446337738235 -8.913045907913823 75.73610746706085
      vertex 4.785714285714286 -10 76.78079999999999
      vertex 5.3638116521391845 -8.730493816093174 75.94803026618737
    endloop
  endfacet
  facet normal -0.593613196009095 -0.3966396567602852 -0.7002145072825549
    outer loop
      vertex 4.667406001074406 -9.158393199579779 76.78079999999999
      vertex 5.3638116521391845 -8.730493816093174 75.94803026618737
      vertex 4.91281116632416 -9.525667984080432 76.78079999999999
    endloop
  endfacet
  facet normal -0.5936131960091021 -0.3966396567602799 -0.7002145072825517
    outer loop
      vertex 3.9113928612515734 -8.93619721520434 77.29585307791828
      vertex 5.194760450623861 -8.404608954176272 75.90674600907366
      vertex 4.667406001074406 -9.158393199579779 76.78079999999999
    endloop
  endfacet
  facet normal -0.7002145072825575 -0.1392813253171451 -0.7002145072825504
    outer loop
      vertex 3.9113928612515734 -8.93619721520434 77.29585307791828
      vertex 4.846020363790881 -7.537428308958346 76.08299314082053
      vertex 5.194760450623861 -8.404608954176272 75.90674600907366
    endloop
  endfacet
  facet normal -0.5936131960090912 -0.39663965676029067 -0.7002145072825547
    outer loop
      vertex 4.667406001074406 -9.158393199579779 76.78079999999999
      vertex 5.194760450623861 -8.404608954176272 75.90674600907366
      vertex 5.3638116521391845 -8.730493816093174 75.94803026618737
    endloop
  endfacet
  facet normal 0.13928132531710133 -0.7002145072825473 -0.7002145072825694
    outer loop
      vertex 2.7905326186246864 -7.813957385963482 75.95066028431478
      vertex 3.4262531403851 -5.94203914130362 74.20519471363012
      vertex 2.7929757587687734 -7.902260108881212 76.0394489780224
    endloop
  endfacet
  facet normal 0.13928132531715676 -0.7002145072825512 -0.7002145072825544
    outer loop
      vertex 2.7929757587687734 -7.902260108881212 76.0394489780224
      vertex 3.4262531403851 -5.94203914130362 74.20519471363012
      vertex 4.846020363790881 -7.537428308958346 76.08299314082053
    endloop
  endfacet
  facet normal 0.13928132531716098 -0.7002145072825521 -0.7002145072825527
    outer loop
      vertex 2.7905326186246864 -7.813957385963482 75.95066028431478
      vertex 2.6658458963863216 -4.096813004704271 72.20871417195433
      vertex 3.4262531403851 -5.94203914130362 74.20519471363012
    endloop
  endfacet
  facet normal -0.7002145072825587 0.13928132531714663 -0.700214507282549
    outer loop
      vertex -0.6326142273799398 -6.424254108284291 82.62467430784918
      vertex 0.4468381151160459 -10 80.83396188488395
      vertex -1.2387953251128678 -6.173165676349102 83.28079999999999
    endloop
  endfacet
  facet normal -0.5732678755819551 0.11403007027471389 0.811394531592921
    outer loop
      vertex -2 -10 83.28079999999999
      vertex 7.2 -10 89.78079999999999
      vertex -1.2387953251128678 -6.173165676349102 83.28079999999999
    endloop
  endfacet
  facet normal -0.4859930382108353 0.3247301663099777 0.8113945315929211
    outer loop
      vertex -1.2387953251128678 -6.173165676349102 83.28079999999999
      vertex 7.26089637399097 -9.693853254107928 89.78079999999999
      vertex -0.5894445934835219 -5.201343629401571 83.28079999999999
    endloop
  endfacet
  facet normal -0.48599303821083506 0.3247301663099779 0.8113945315929212
    outer loop
      vertex -0.5894445934835219 -5.201343629401571 83.28079999999999
      vertex 7.26089637399097 -9.693853254107928 89.78079999999999
      vertex 1.5 -4.097313629830608 84.09044765623779
    endloop
  endfacet
  facet normal -0.5732678755819549 0.11403007027471497 0.8113945315929211
    outer loop
      vertex -1.2387953251128678 -6.173165676349102 83.28079999999999
      vertex 7.2 -10 89.78079999999999
      vertex 7.26089637399097 -9.693853254107928 89.78079999999999
    endloop
  endfacet
  facet normal -0.4859930382108355 0.3247301663099776 0.8113945315929211
    outer loop
      vertex 7.26089637399097 -9.693853254107928 89.78079999999999
      vertex 7.434314575050762 -9.434314575050761 89.78079999999999
      vertex 1.5 -4.097313629830608 84.09044765623779
    endloop
  endfacet
  facet normal -0.4859930382108252 0.3247301663099894 0.8113945315929224
    outer loop
      vertex 7.434314575050762 -9.434314575050761 89.78079999999999
      vertex 1.8402408393079477 -3.8402408393079477 84.19135465771552
      vertex 1.5 -4.097313629830608 84.09044765623779
    endloop
  endfacet
  facet normal -0.3247301663099817 0.48599303821083295 0.811394531592921
    outer loop
      vertex 7.434314575050762 -9.434314575050761 89.78079999999999
      vertex 3.2446991924241892 -3.212076452611865 84.37719085690777
      vertex 1.8402408393079477 -3.8402408393079477 84.19135465771552
    endloop
  endfacet
  facet normal -0.32473016630998064 0.4859930382108331 0.8113945315929212
    outer loop
      vertex 7.693853254107928 -9.26089637399097 89.78079999999999
      vertex 4.7237837485393515 -2.2237837485393515 84.37719085690777
      vertex 3.2446991924241892 -3.212076452611865 84.37719085690777
    endloop
  endfacet
  facet normal -0.32473016630997714 0.4859930382108356 0.8113945315929211
    outer loop
      vertex 7.434314575050762 -9.434314575050761 89.78079999999999
      vertex 7.693853254107928 -9.26089637399097 89.78079999999999
      vertex 3.2446991924241892 -3.212076452611865 84.37719085690777
    endloop
  endfacet
  facet normal 0 0 -1
    outer loop
      vertex -0.9748737341529163 -1.4748737341529163 70.38
      vertex -0.1071428571428572 -1.7836530835928386 70.38
      vertex 0.16060798672218568 -2.2335783637895035 70.38
    endloop
  endfacet
  facet normal 0 0 -1
    outer loop
      vertex 0.16060798672218568 -2.2335783637895035 70.38
      vertex -0.1071428571428572 -1.7836530835928386 70.38
      vertex 1.5 -2.5 70.38
    endloop
  endfacet
  facet normal 0 0 -1
    outer loop
      vertex -0.1071428571428572 -1.7836530835928386 70.38
      vertex 1.5 -2.2142857142857144 70.38
      vertex 1.5 -2.5 70.38
    endloop
  endfacet
  facet normal 0 0 -1
    outer loop
      vertex 1.5 -2.5 70.38
      vertex 1.5 -2.2142857142857144 70.38
      vertex 2.8393920132778145 -2.2335783637895035 70.38
    endloop
  endfacet
  facet normal 0.13928132531715418 -0.7002145072825502 -0.7002145072825557
    outer loop
      vertex 2.6483198646152952 -3.3840770503397164 71.49249207311942
      vertex 1.5 -2.5 70.38
      vertex 3.0752332603715464 -2.802949501090175 70.99628287808585
    endloop
  endfacet
  facet normal 0.13928132531715326 -0.7002145072825521 -0.7002145072825543
    outer loop
      vertex 1.5 -2.5 70.38
      vertex 2.8393920132778145 -2.2335783637895035 70.38
      vertex 3.0752332603715464 -2.802949501090175 70.99628287808585
    endloop
  endfacet
  facet normal 0 0 -1
    outer loop
      vertex 1.5 -2.2142857142857144 70.38
      vertex 2.763138410941215 -1.8758287971452843 70.38
      vertex 2.8393920132778145 -2.2335783637895035 70.38
    endloop
  endfacet
  facet normal 0.39663965676027224 -0.5936131960091056 -0.7002145072825531
    outer loop
      vertex 3.1064244873549236 -2.6449418326345158 70.8799988556121
      vertex 2.8393920132778145 -2.2335783637895035 70.38
      vertex 3.2674338296958663 -2.3284231737965873 70.70287175941793
    endloop
  endfacet
  facet normal 0.39663965676029345 -0.5936131960090917 -0.7002145072825529
    outer loop
      vertex 3.1064244873549236 -2.6449418326345158 70.8799988556121
      vertex 3.0752332603715464 -2.802949501090175 70.99628287808585
      vertex 2.8393920132778145 -2.2335783637895035 70.38
    endloop
  endfacet
  facet normal 0 0 -1
    outer loop
      vertex 2.763138410941215 -1.8758287971452843 70.38
      vertex 3.165269282782146 -2.015834133723239 70.38
      vertex 2.8393920132778145 -2.2335783637895035 70.38
    endloop
  endfacet
  facet normal 0.3966396567602996 -0.5936131960090602 -0.700214507282576
    outer loop
      vertex 2.8393920132778145 -2.2335783637895035 70.38
      vertex 3.133879170784023 -2.1724110076042003 70.49495839409181
      vertex 3.2674338296958663 -2.3284231737965873 70.70287175941793
    endloop
  endfacet
  facet normal 0.3966396567602939 -0.5936131960091177 -0.7002145072825307
    outer loop
      vertex 2.8393920132778145 -2.2335783637895035 70.38
      vertex 3.165269282782146 -2.015834133723239 70.38
      vertex 3.133879170784023 -2.1724110076042003 70.49495839409181
    endloop
  endfacet
  facet normal 0 0 -1
    outer loop
      vertex 4.864047550718821 0.31652088267749073 70.38
      vertex 4.619828748002079 0.6474818027006523 70.38
      vertex 4.714285714285714 1 70.38
    endloop
  endfacet
  facet normal 0 0 -1
    outer loop
      vertex 4.864047550718821 0.31652088267749073 70.38
      vertex 4.714285714285714 1 70.38
      vertex 4.733578363789503 2.3393920132778145 70.38
    endloop
  endfacet
  facet normal 0 0 -1
    outer loop
      vertex 4.864047550718821 0.31652088267749073 70.38
      vertex 4.733578363789503 2.3393920132778145 70.38
      vertex 5 1 70.38
    endloop
  endfacet
  facet normal 0.7002145072825736 -0.13928132531715717 -0.7002145072825319
    outer loop
      vertex 4.864047550718821 0.31652088267749073 70.38
      vertex 5 1 70.38
      vertex 4.994585976369028 0.402545424220604 70.49342708043912
    endloop
  endfacet
  facet normal 0.7002145072825506 -0.13928132531716114 -0.700214507282554
    outer loop
      vertex 4.994585976369028 0.402545424220604 70.49342708043912
      vertex 5 1 70.38
      vertex 6.294088065324687 -0.1654195873500677 71.90590443443512
    endloop
  endfacet
  facet normal -0.09312468225401153 -0.46816939278725156 0.8787179372314561
    outer loop
      vertex -0.5894445934835219 -5.201343629401571 83.28079999999999
      vertex 1.5 -4.097313629830608 84.09044765623779
      vertex 1.156391854855711 -0.057517131549902595 86.20638337971437
    endloop
  endfacet
  facet normal -0.0931246822540013 -0.46816939278725433 0.8787179372314559
    outer loop
      vertex -0.5894445934835219 -5.201343629401571 83.28079999999999
      vertex 1.156391854855711 -0.057517131549902595 86.20638337971437
      vertex 1.084744321295468 -0.0025158913809256167 86.22809426395497
    endloop
  endfacet
  facet normal 0.09312468225401008 -0.46816939278725256 0.878717937231456
    outer loop
      vertex 1.5 -4.097313629830608 84.09044765623779
      vertex 1.8402408393079477 -3.8402408393079477 84.19135465771552
      vertex 1.5 -0.05327087270178682 86.2450606006097
    endloop
  endfacet
  facet normal 0.0931246822540039 -0.4681693927872519 0.8787179372314569
    outer loop
      vertex 1.8402408393079477 -3.8402408393079477 84.19135465771552
      vertex 3.2446991924241892 -3.212076452611865 84.37719085690777
      vertex 1.843608145144289 -0.057517131549903205 86.20638337971437
    endloop
  endfacet
  facet normal -0.09312468225402418 -0.4681693927872519 0.8787179372314547
    outer loop
      vertex 1.5 -4.097313629830608 84.09044765623779
      vertex 1.5 -0.05327087270178682 86.2450606006097
      vertex 1.156391854855711 -0.057517131549902595 86.20638337971437
    endloop
  endfacet
  facet normal 0.09312468225402262 -0.46816939278725117 0.8787179372314554
    outer loop
      vertex 1.8402408393079477 -3.8402408393079477 84.19135465771552
      vertex 1.843608145144289 -0.057517131549903205 86.20638337971437
      vertex 1.5 -0.05327087270178682 86.2450606006097
    endloop
  endfacet
  facet normal 0.0931246822540029 -0.4681693927872523 0.8787179372314567
    outer loop
      vertex 1.843608145144289 -0.057517131549903205 86.20638337971437
      vertex 3.2446991924241892 -3.212076452611865 84.37719085690777
      vertex 1.9152556787045323 -0.0025158913809259498 86.22809426395497
    endloop
  endfacet
  facet normal 0.2651966580661892 -0.3968948467015105 0.8787179372314583
    outer loop
      vertex 1.9152556787045323 -0.0025158913809259498 86.22809426395497
      vertex 3.2446991924241892 -3.212076452611865 84.37719085690777
      vertex 2.2546431027857436 0.2453568972142564 86.2376252197032
    endloop
  endfacet
  facet normal 0.26519665806620424 -0.396894846701505 0.8787179372314563
    outer loop
      vertex 2.2546431027857436 0.2453568972142564 86.2376252197032
      vertex 3.2446991924241892 -3.212076452611865 84.37719085690777
      vertex 4.7237837485393515 -2.2237837485393515 84.37719085690777
    endloop
  endfacet
  facet normal -0.32473016630975554 0.4859930382109468 0.8113945315929433
    outer loop
      vertex 7.693853254107928 -9.26089637399097 89.78079999999999
      vertex 4.76344778842524 -2.1862717554875783 84.37059670696519
      vertex 4.7237837485393515 -2.2237837485393515 84.37719085690777
    endloop
  endfacet
  facet normal 0.39689484670153424 -0.26519665806617226 0.8787179372314528
    outer loop
      vertex 2.2546431027857436 0.2453568972142564 86.2376252197032
      vertex 4.7237837485393515 -2.2237837485393515 84.37719085690777
      vertex 2.399948558243854 0.34614909941873084 86.20241342991925
    endloop
  endfacet
  facet normal 0.3968948467015007 -0.26519665806620796 0.8787179372314572
    outer loop
      vertex 2.399948558243854 0.34614909941873084 86.20241342991925
      vertex 4.76344778842524 -2.1862717554875783 84.37059670696519
      vertex 2.476291960455802 0.5956066291433895 86.24321719501344
    endloop
  endfacet
  facet normal 0.39689484670156583 -0.26519665806613746 0.878717937231449
    outer loop
      vertex 2.399948558243854 0.34614909941873084 86.20241342991925
      vertex 4.7237837485393515 -2.2237837485393515 84.37719085690777
      vertex 4.76344778842524 -2.1862717554875783 84.37059670696519
    endloop
  endfacet
  facet normal 0.4681693927872496 -0.0931246822540117 0.8787179372314575
    outer loop
      vertex 2.476291960455802 0.5956066291433895 86.24321719501344
      vertex 6.595139697729205 -1.1104759649849882 83.86794208660291
      vertex 2.6110267089422745 1 86.21428904851436
    endloop
  endfacet
  facet normal 0.3968948467015034 -0.2651966580662055 0.8787179372314567
    outer loop
      vertex 2.476291960455802 0.5956066291433895 86.24321719501344
      vertex 4.76344778842524 -2.1862717554875783 84.37059670696519
      vertex 6.595139697729205 -1.1104759649849882 83.86794208660291
    endloop
  endfacet
  facet normal 0.46816939278725456 -0.09312468225400022 0.8787179372314559
    outer loop
      vertex 2.6110267089422745 1 86.21428904851436
      vertex 6.595139697729205 -1.1104759649849882 83.86794208660291
      vertex 7.914671514686554 -0.01697289101861795 83.28079999999999
    endloop
  endfacet
  facet normal 0.46816939278725167 0.0931246822540125 0.8787179372314562
    outer loop
      vertex 2.6110267089422745 1 86.21428904851436
      vertex 9.913331486978883 1 82.32371683070797
      vertex 2.476291960455802 1.4043933708566105 86.24321719501344
    endloop
  endfacet
  facet normal 0 0 -1
    outer loop
      vertex 5.834936490538904 -11.25 74.28079999999999
      vertex 5.834936490538904 -8.75 74.28079999999999
      vertex 7.70657945594555 -9.293420544054449 74.28079999999999
    endloop
  endfacet
  facet normal 0 0 -1
    outer loop
      vertex 5.834936490538904 -8.75 74.28079999999999
      vertex 6.085575614191928 -8.499360876346977 74.28079999999999
      vertex 6.788103728039326 -8.722030207731015 74.28079999999999
    endloop
  endfacet
  facet normal 0 0 -1
    outer loop
      vertex 7.70657945594555 -9.293420544054449 74.28079999999999
      vertex 5.834936490538904 -8.75 74.28079999999999
      vertex 6.788103728039326 -8.722030207731015 74.28079999999999
    endloop
  endfacet
  facet normal 0 0 -1
    outer loop
      vertex 7.70657945594555 -9.293420544054449 74.28079999999999
      vertex 6.788103728039326 -8.722030207731015 74.28079999999999
      vertex 7.112184655598113 -8.722030207730999 74.28079999999999
    endloop
  endfacet
  facet normal 0 0 -1
    outer loop
      vertex 7.70657945594555 -9.293420544054449 74.28079999999999
      vertex 7.112184655598113 -8.722030207730999 74.28079999999999
      vertex 7.255307967934122 -8.618045034569917 74.28079999999999
    endloop
  endfacet
  facet normal -0.5936131960091005 -0.3966396567602834 -0.7002145072825512
    outer loop
      vertex 7.70657945594555 -9.293420544054449 74.28079999999999
      vertex 7.255307967934122 -8.618045034569917 74.28079999999999
      vertex 7.766421636210497 -7.3393920132778145 73.1232
    endloop
  endfacet
  facet normal -0.5936131960090953 -0.39663965676028917 -0.7002145072825522
    outer loop
      vertex 7.193741446980752 -8.221737584047666 74.10850343855826
      vertex 7.046734952531132 -7.637495998317124 73.90218325306884
      vertex 7.766421636210497 -7.3393920132778145 73.1232
    endloop
  endfacet
  facet normal -0.7002145072825565 -0.13928132531714263 -0.7002145072825519
    outer loop
      vertex 7.046734952531132 -7.637495998317124 73.90218325306884
      vertex 7.046745581675819 -7.478142175750875 73.8704751778265
      vertex 7.766421636210497 -7.3393920132778145 73.1232
    endloop
  endfacet
  facet normal -0.593613196009104 -0.3966396567602806 -0.7002145072825496
    outer loop
      vertex 7.255307967934122 -8.618045034569917 74.28079999999999
      vertex 7.193741446980752 -8.221737584047666 74.10850343855826
      vertex 7.766421636210497 -7.3393920132778145 73.1232
    endloop
  endfacet
  facet normal -0.3966396567602843 -0.5936131960091006 -0.7002145072825503
    outer loop
      vertex 7.70657945594555 -9.293420544054449 74.28079999999999
      vertex 8.525126265847083 -8.474873734152917 73.1232
      vertex 9.217613645416364 -10.303061310624553 74.28079999999999
    endloop
  endfacet
  facet normal -0.39663965676028207 -0.5936131960091006 -0.7002145072825517
    outer loop
      vertex 9.217613645416364 -10.303061310624553 74.28079999999999
      vertex 8.525126265847083 -8.474873734152917 73.1232
      vertex 9.660607986722185 -9.233578363789503 73.1232
    endloop
  endfacet
  facet normal -0.6816253147819289 -0.6816253147819289 -0.2660335702441946
    outer loop
      vertex 8.216346916407161 -7.607142857142858 73.1232
      vertex 8.834936490538905 -7.25 70.6232
      vertex 9.75 -8.165063509461095 70.6232
    endloop
  endfacet
  facet normal -0.6816253147819288 -0.6816253147819288 -0.26603357024419455
    outer loop
      vertex 8.216346916407161 -7.607142857142858 73.1232
      vertex 9.75 -8.165063509461095 70.6232
      vertex 9.392857142857142 -8.783653083592839 73.1232
    endloop
  endfacet
  facet normal -0.5936131960091019 -0.3966396567602829 -0.7002145072825503
    outer loop
      vertex 7.70657945594555 -9.293420544054449 74.28079999999999
      vertex 7.766421636210497 -7.3393920132778145 73.1232
      vertex 8.525126265847083 -8.474873734152917 73.1232
    endloop
  endfacet
  facet normal 0 0 -1
    outer loop
      vertex 7.766421636210497 -7.3393920132778145 73.1232
      vertex 8.216346916407161 -7.607142857142858 73.1232
      vertex 8.525126265847083 -8.474873734152917 73.1232
    endloop
  endfacet
  facet normal 0 0 -1
    outer loop
      vertex 8.525126265847083 -8.474873734152917 73.1232
      vertex 8.216346916407161 -7.607142857142858 73.1232
      vertex 9.392857142857142 -8.783653083592839 73.1232
    endloop
  endfacet
  facet normal 0 0 -1
    outer loop
      vertex 9.660607986722185 -9.233578363789503 73.1232
      vertex 8.525126265847083 -8.474873734152917 73.1232
      vertex 9.392857142857142 -8.783653083592839 73.1232
    endloop
  endfacet
  facet normal -0.7002145072825544 -0.13928132531715395 -0.7002145072825519
    outer loop
      vertex 7.766421636210497 -7.3393920132778145 73.1232
      vertex 7.046745581675819 -7.478142175750875 73.8704751778265
      vertex 7.5 -6 73.1232
    endloop
  endfacet
  facet normal -0.700214507282549 -0.13928132531715784 -0.7002145072825564
    outer loop
      vertex 7.046745581675819 -7.478142175750875 73.8704751778265
      vertex 6.990799909195966 -6 73.63240009080403
      vertex 7.5 -6 73.1232
    endloop
  endfacet
  facet normal 0 0 -1
    outer loop
      vertex 7.766421636210497 -7.3393920132778145 73.1232
      vertex 7.5 -6 73.1232
      vertex 7.618524742698631 -5.404135880237118 73.1232
    endloop
  endfacet
  facet normal 0 0 -1
    outer loop
      vertex 7.766421636210497 -7.3393920132778145 73.1232
      vertex 7.618524742698631 -5.404135880237118 73.1232
      vertex 7.785714285714286 -6 73.1232
    endloop
  endfacet
  facet normal -0.7002145072826208 0.1392813253171134 -0.7002145072824936
    outer loop
      vertex 6.934724145034399 -5.335607734442332 73.82063169337641
      vertex 6.690584846031611 -4.259311972504908 74.27885953038687
      vertex 6.713784410006013 -4.224591371369493 74.26256632338115
    endloop
  endfacet
  facet normal -0.7002145072825419 0.13928132531717521 -0.70021450728256
    outer loop
      vertex 7.5 -6 73.1232
      vertex 7.021144065008905 -5.842423971811151 73.63339975580041
      vertex 6.934724145034399 -5.335607734442332 73.82063169337641
    endloop
  endfacet
  facet normal -0.7002145072825507 0.1392813253171411 -0.700214507282558
    outer loop
      vertex 7.5 -6 73.1232
      vertex 6.990799909195966 -6 73.63240009080403
      vertex 7.021144065008905 -5.842423971811151 73.63339975580041
    endloop
  endfacet
  facet normal 0 0 -1
    outer loop
      vertex 7.618524742698631 -5.404135880237118 73.1232
      vertex 7.891527653292386 -5.605099136078566 73.1232
      vertex 7.785714285714286 -6 73.1232
    endloop
  endfacet
  facet normal -0.7002145072825555 0.13928132531715437 -0.7002145072825505
    outer loop
      vertex 7.5 -6 73.1232
      vertex 7.192692160152851 -4.88742860541995 73.65181204982196
      vertex 7.618524742698631 -5.404135880237118 73.1232
    endloop
  endfacet
  facet normal -0.7002145072825595 0.13928132531714735 -0.7002145072825481
    outer loop
      vertex 7.5 -6 73.1232
      vertex 6.934724145034399 -5.335607734442332 73.82063169337641
      vertex 6.713784410006013 -4.224591371369493 74.26256632338115
    endloop
  endfacet
  facet normal -0.7002145072825439 0.13928132531716236 -0.7002145072825606
    outer loop
      vertex 7.5 -6 73.1232
      vertex 6.713784410006013 -4.224591371369493 74.26256632338115
      vertex 7.192692160152851 -4.88742860541995 73.65181204982196
    endloop
  endfacet
  facet normal -0.9311174958546795 -0.24949218107275056 -0.26603357024419466
    outer loop
      vertex 8.216346916407161 -7.607142857142858 73.1232
      vertex 7.785714285714286 -6 73.1232
      vertex 8.834936490538905 -7.25 70.6232
    endloop
  endfacet
  facet normal -0.9311174958546794 -0.24949218107275145 -0.26603357024419416
    outer loop
      vertex 8.834936490538905 -7.25 70.6232
      vertex 7.785714285714286 -6 73.1232
      vertex 8.5 -6 70.6232
    endloop
  endfacet
  facet normal 0 0 -1
    outer loop
      vertex 7.766421636210497 -7.3393920132778145 73.1232
      vertex 7.785714285714286 -6 73.1232
      vertex 8.216346916407161 -7.607142857142858 73.1232
    endloop
  endfacet
  facet normal -0.9311174958546794 0.24949218107275045 -0.26603357024419466
    outer loop
      vertex 8.5 -6 70.6232
      vertex 8.292509788852822 -5.6676358208002435 71.66111423594874
      vertex 8.66776674307335 -4.914158821892916 71.05434233298115
    endloop
  endfacet
  facet normal -0.9311174958546801 0.24949218107274854 -0.2660335702441944
    outer loop
      vertex 8.5 -6 70.6232
      vertex 7.785714285714286 -6 73.1232
      vertex 7.966567168246072 -5.836248463558675 72.64378473295957
    endloop
  endfacet
  facet normal -0.9311174958546798 0.24949218107274926 -0.26603357024419433
    outer loop
      vertex 8.5 -6 70.6232
      vertex 7.966567168246072 -5.836248463558675 72.64378473295957
      vertex 8.292509788852822 -5.6676358208002435 71.66111423594874
    endloop
  endfacet
  facet normal 0 0 -1
    outer loop
      vertex 8.834936490538905 -7.25 70.6232
      vertex 8.5 -6 70.6232
      vertex 8.834936490538905 -4.75 70.6232
    endloop
  endfacet
  facet normal -0.9311174958546786 0.24949218107275123 -0.2660335702441968
    outer loop
      vertex 8.5 -6 70.6232
      vertex 8.66776674307335 -4.914158821892916 71.05434233298115
      vertex 8.834936490538905 -4.75 70.6232
    endloop
  endfacet
  facet normal -0.9311174958546765 0.24949218107276597 -0.26603357024419044
    outer loop
      vertex 8.737509194107064 -4.724855344816972 70.98777675268732
      vertex 8.834936490538905 -4.75 70.6232
      vertex 8.66776674307335 -4.914158821892916 71.05434233298115
    endloop
  endfacet
  facet normal -0.9311174958546828 0.24949218107274276 -0.26603357024419055
    outer loop
      vertex 8.737509194107064 -4.724855344816972 70.98777675268732
      vertex 8.74561794919602 -4.698431916112062 70.98417658721557
      vertex 8.834936490538905 -4.75 70.6232
    endloop
  endfacet
  facet normal -0.6816253147819381 0.681625314781921 -0.2660335702441911
    outer loop
      vertex 8.834936490538905 -4.75 70.6232
      vertex 8.74561794919602 -4.698431916112062 70.98417658721557
      vertex 8.957374669289038 -4.490384215740644 70.97467341912686
    endloop
  endfacet
  facet normal 0 0 -1
    outer loop
      vertex 8.834936490538905 -7.25 70.6232
      vertex 8.834936490538905 -4.75 70.6232
      vertex 9.75 -3.8349364905389036 70.6232
    endloop
  endfacet
  facet normal -0.9311174958546787 0.24949218107275783 -0.26603357024419066
    outer loop
      vertex 7.785714285714286 -6 73.1232
      vertex 7.9408467466433255 -5.765670968394745 72.79999534848464
      vertex 7.966567168246072 -5.836248463558675 72.64378473295957
    endloop
  endfacet
  facet normal -0.9311174958546791 0.2494921810727503 -0.26603357024419616
    outer loop
      vertex 7.785714285714286 -6 73.1232
      vertex 7.891527653292386 -5.605099136078566 73.1232
      vertex 7.9408467466433255 -5.765670968394745 72.79999534848464
    endloop
  endfacet
  facet normal -0.13928132531715925 -0.7002145072825529 -0.7002145072825523
    outer loop
      vertex 9.217613645416364 -10.303061310624553 74.28079999999999
      vertex 9.660607986722185 -9.233578363789503 73.1232
      vertex 10.358013471134216 -10.52990093971745 74.28079999999999
    endloop
  endfacet
  facet normal 0 0 -1
    outer loop
      vertex 9.660607986722185 -9.233578363789503 73.1232
      vertex 9.392857142857142 -8.783653083592839 73.1232
      vertex 11 -9.5 73.1232
    endloop
  endfacet
  facet normal -0.1392813253171534 -0.7002145072825516 -0.7002145072825544
    outer loop
      vertex 10.358013471134216 -10.52990093971745 74.28079999999999
      vertex 9.660607986722185 -9.233578363789503 73.1232
      vertex 11 -9.5 73.1232
    endloop
  endfacet
  facet normal 0 0 -1
    outer loop
      vertex 11 -9.5 73.1232
      vertex 9.392857142857142 -8.783653083592839 73.1232
      vertex 11 -9.214285714285715 73.1232
    endloop
  endfacet
  facet normal -0.24949218107275137 -0.9311174958546792 -0.2660335702441947
    outer loop
      vertex 9.392857142857142 -8.783653083592839 73.1232
      vertex 9.75 -8.165063509461095 70.6232
      vertex 11 -8.5 70.6232
    endloop
  endfacet
  facet normal -0.24949218107275106 -0.9311174958546795 -0.2660335702441945
    outer loop
      vertex 11 -9.214285714285715 73.1232
      vertex 9.392857142857142 -8.783653083592839 73.1232
      vertex 11 -8.5 70.6232
    endloop
  endfacet
  facet normal 0 0 -1
    outer loop
      vertex 11 -9.5 73.1232
      vertex 11 -9.214285714285715 73.1232
      vertex 12.339392013277815 -9.233578363789503 73.1232
    endloop
  endfacet
  facet normal 0 0 -1
    outer loop
      vertex 11 -9.214285714285715 73.1232
      vertex 12.607142857142858 -8.783653083592839 73.1232
      vertex 12.339392013277815 -9.233578363789503 73.1232
    endloop
  endfacet
  facet normal 0.2494921810727514 -0.9311174958546793 -0.2660335702441945
    outer loop
      vertex 11 -9.214285714285715 73.1232
      vertex 11 -8.5 70.6232
      vertex 12.25 -8.165063509461095 70.6232
    endloop
  endfacet
  facet normal 0.249492181072751 -0.9311174958546793 -0.26603357024419466
    outer loop
      vertex 11 -9.214285714285715 73.1232
      vertex 12.25 -8.165063509461095 70.6232
      vertex 12.607142857142858 -8.783653083592839 73.1232
    endloop
  endfacet
  facet normal 0.6816253147819289 -0.6816253147819289 -0.2660335702441946
    outer loop
      vertex 12.607142857142858 -8.783653083592839 73.1232
      vertex 12.25 -8.165063509461095 70.6232
      vertex 13.165063509461095 -7.25 70.6232
    endloop
  endfacet
  facet normal 0 0 -1
    outer loop
      vertex 8.834936490538905 -7.25 70.6232
      vertex 9.75 -3.8349364905389036 70.6232
      vertex 9.75 -8.165063509461095 70.6232
    endloop
  endfacet
  facet normal 0 0 -1
    outer loop
      vertex 9.75 -8.165063509461095 70.6232
      vertex 11 -3.5 70.6232
      vertex 11 -8.5 70.6232
    endloop
  endfacet
  facet normal 0 0 -1
    outer loop
      vertex 9.75 -8.165063509461095 70.6232
      vertex 9.75 -3.8349364905389036 70.6232
      vertex 11 -3.5 70.6232
    endloop
  endfacet
  facet normal 0 0 -1
    outer loop
      vertex 11 -8.5 70.6232
      vertex 12.25 -3.8349364905389036 70.6232
      vertex 12.25 -8.165063509461095 70.6232
    endloop
  endfacet
  facet normal 0 0 -1
    outer loop
      vertex 11 -8.5 70.6232
      vertex 11 -3.5 70.6232
      vertex 12.25 -3.8349364905389036 70.6232
    endloop
  endfacet
  facet normal 0 0 -1
    outer loop
      vertex 12.25 -8.165063509461095 70.6232
      vertex 12.25 -3.8349364905389036 70.6232
      vertex 13.165063509461095 -4.75 70.6232
    endloop
  endfacet
  facet normal 0 0 1
    outer loop
      vertex 7.26089637399097 -10.306146745892072 89.78079999999999
      vertex 7.434314575050762 -10.565685424949239 89.78079999999999
      vertex 7.26089637399097 -9.693853254107928 89.78079999999999
    endloop
  endfacet
  facet normal 0 0 1
    outer loop
      vertex 7.26089637399097 -10.306146745892072 89.78079999999999
      vertex 7.26089637399097 -9.693853254107928 89.78079999999999
      vertex 7.2 -10 89.78079999999999
    endloop
  endfacet
  facet normal 0 0 1
    outer loop
      vertex 7.693853254107928 -10.73910362600903 89.78079999999999
      vertex 7.434314575050762 -9.434314575050761 89.78079999999999
      vertex 7.434314575050762 -10.565685424949239 89.78079999999999
    endloop
  endfacet
  facet normal 0 0 1
    outer loop
      vertex 7.434314575050762 -10.565685424949239 89.78079999999999
      vertex 7.434314575050762 -9.434314575050761 89.78079999999999
      vertex 7.26089637399097 -9.693853254107928 89.78079999999999
    endloop
  endfacet
  facet normal 0 0 1
    outer loop
      vertex 7.693853254107928 -10.73910362600903 89.78079999999999
      vertex 7.693853254107928 -9.26089637399097 89.78079999999999
      vertex 7.434314575050762 -9.434314575050761 89.78079999999999
    endloop
  endfacet
  facet normal 0 0 1
    outer loop
      vertex 7.693853254107928 -10.73910362600903 89.78079999999999
      vertex 8 -10.8 89.78079999999999
      vertex 7.693853254107928 -9.26089637399097 89.78079999999999
    endloop
  endfacet
  facet normal 0 0 1
    outer loop
      vertex 8 -10.8 89.78079999999999
      vertex 8.306146745892072 -10.73910362600903 89.78079999999999
      vertex 8 -9.2 89.78079999999999
    endloop
  endfacet
  facet normal 0 0 1
    outer loop
      vertex 7.693853254107928 -9.26089637399097 89.78079999999999
      vertex 8 -10.8 89.78079999999999
      vertex 8 -9.2 89.78079999999999
    endloop
  endfacet
  facet normal 0 0 1
    outer loop
      vertex 8.306146745892072 -10.73910362600903 89.78079999999999
      vertex 8.565685424949239 -10.565685424949239 89.78079999999999
      vertex 8.306146745892072 -9.26089637399097 89.78079999999999
    endloop
  endfacet
  facet normal 0 0 1
    outer loop
      vertex 8.306146745892072 -10.73910362600903 89.78079999999999
      vertex 8.306146745892072 -9.26089637399097 89.78079999999999
      vertex 8 -9.2 89.78079999999999
    endloop
  endfacet
  facet normal 0 0 1
    outer loop
      vertex 8.565685424949239 -10.565685424949239 89.78079999999999
      vertex 8.565685424949239 -9.434314575050761 89.78079999999999
      vertex 8.306146745892072 -9.26089637399097 89.78079999999999
    endloop
  endfacet
  facet normal 0 0 1
    outer loop
      vertex 8.565685424949239 -10.565685424949239 89.78079999999999
      vertex 8.73910362600903 -10.306146745892072 89.78079999999999
      vertex 8.565685424949239 -9.434314575050761 89.78079999999999
    endloop
  endfacet
  facet normal 0 0 1
    outer loop
      vertex 8.73910362600903 -10.306146745892072 89.78079999999999
      vertex 8.8 -10 89.78079999999999
      vertex 8.73910362600903 -9.693853254107928 89.78079999999999
    endloop
  endfacet
  facet normal 0 0 1
    outer loop
      vertex 8.73910362600903 -10.306146745892072 89.78079999999999
      vertex 8.73910362600903 -9.693853254107928 89.78079999999999
      vertex 8.565685424949239 -9.434314575050761 89.78079999999999
    endloop
  endfacet
  facet normal 0.3247301663099764 0.4859930382108363 0.811394531592921
    outer loop
      vertex 8.306146745892072 -9.26089637399097 89.78079999999999
      vertex 8.565685424949239 -9.434314575050761 89.78079999999999
      vertex 10.505038528214312 -3.952302010917869 85.72113941682692
    endloop
  endfacet
  facet normal -0.114030070274715 0.5732678755819551 0.811394531592921
    outer loop
      vertex 7.693853254107928 -9.26089637399097 89.78079999999999
      vertex 8 -9.2 89.78079999999999
      vertex 8 0 83.28079999999999
    endloop
  endfacet
  facet normal 0.114030070274715 0.5732678755819551 0.811394531592921
    outer loop
      vertex 8 -9.2 89.78079999999999
      vertex 8.306146745892072 -9.26089637399097 89.78079999999999
      vertex 8 0 83.28079999999999
    endloop
  endfacet
  facet normal 0.48599303821083606 0.32473016630997625 0.8113945315929213
    outer loop
      vertex 8.565685424949239 -9.434314575050761 89.78079999999999
      vertex 8.73910362600903 -9.693853254107928 89.78079999999999
      vertex 11.740986901626497 -6.296678880005815 86.6232
    endloop
  endfacet
  facet normal 0.5732678755819548 0.11403007027471494 0.8113945315929212
    outer loop
      vertex 8.8 -10 89.78079999999999
      vertex 17.238795325112868 -6.173165676349102 83.28079999999999
      vertex 8.73910362600903 -9.693853254107928 89.78079999999999
    endloop
  endfacet
  facet normal 0.32473016630993246 0.48599303821085527 0.8113945315929272
    outer loop
      vertex 8.565685424949239 -9.434314575050761 89.78079999999999
      vertex 10.41901689825804 -4.5973827162649705 86.14194401531796
      vertex 10.505038528214312 -3.952302010917869 85.72113941682692
    endloop
  endfacet
  facet normal 0 0 1
    outer loop
      vertex 10.451693566289192 -5.422702304356656 86.6232
      vertex 11 -5.2 86.6232
      vertex 10.693853254107928 -5.26089637399097 86.6232
    endloop
  endfacet
  facet normal 0 0 1
    outer loop
      vertex 10.451693566289192 -5.422702304356656 86.6232
      vertex 11.306146745892072 -5.26089637399097 86.6232
      vertex 11 -5.2 86.6232
    endloop
  endfacet
  facet normal -0.31341550806460616 0.46905945547822353 0.8256839265306533
    outer loop
      vertex 10.451693566289192 -5.422702304356656 86.6232
      vertex 10.693853254107928 -5.26089637399097 86.6232
      vertex 10.41901689825804 -4.5973827162649705 86.14194401531796
    endloop
  endfacet
  facet normal -0.11005689066684156 0.553293352829821 0.8256839265306561
    outer loop
      vertex 10.693853254107928 -5.26089637399097 86.6232
      vertex 10.505038528214312 -3.952302010917869 85.72113941682692
      vertex 10.41901689825804 -4.5973827162649705 86.14194401531796
    endloop
  endfacet
  facet normal 0.485993038210837 0.3247301663099754 0.811394531592921
    outer loop
      vertex 8.73910362600903 -9.693853254107928 89.78079999999999
      vertex 13.965797350730778 -6 85.17189249693298
      vertex 11.740986901626497 -6.296678880005815 86.6232
    endloop
  endfacet
  facet normal 0 0 1
    outer loop
      vertex 11.725900105707188 -6.274099894292812 86.6232
      vertex 11.740986901626497 -6.296678880005815 86.6232
      vertex 11.8 -6 86.6232
    endloop
  endfacet
  facet normal 0.5532933528298226 -0.11005689066681065 0.8256839265306594
    outer loop
      vertex 11.740986901626497 -6.296678880005815 86.6232
      vertex 13.965797350730778 -6 85.17189249693298
      vertex 11.8 -6 86.6232
    endloop
  endfacet
  facet normal 0 0 1
    outer loop
      vertex 11.725900105707188 -6.274099894292812 86.6232
      vertex 11.565685424949239 -5.434314575050762 86.6232
      vertex 10.451693566289192 -5.422702304356656 86.6232
    endloop
  endfacet
  facet normal 0 0 1
    outer loop
      vertex 10.451693566289192 -5.422702304356656 86.6232
      vertex 11.565685424949239 -5.434314575050762 86.6232
      vertex 11.306146745892072 -5.26089637399097 86.6232
    endloop
  endfacet
  facet normal 0 0 1
    outer loop
      vertex 11.725900105707188 -6.274099894292812 86.6232
      vertex 11.73910362600903 -5.693853254107928 86.6232
      vertex 11.565685424949239 -5.434314575050762 86.6232
    endloop
  endfacet
  facet normal 0 0 1
    outer loop
      vertex 11.725900105707188 -6.274099894292812 86.6232
      vertex 11.8 -6 86.6232
      vertex 11.73910362600903 -5.693853254107928 86.6232
    endloop
  endfacet
  facet normal 0.32473016630997165 0.48599303821083956 0.811394531592921
    outer loop
      vertex 8.565685424949239 -9.434314575050761 89.78079999999999
      vertex 11.725900105707188 -6.274099894292812 86.6232
      vertex 10.451693566289192 -5.422702304356656 86.6232
    endloop
  endfacet
  facet normal 0.32473016631000384 0.48599303821082224 0.8113945315929183
    outer loop
      vertex 8.565685424949239 -9.434314575050761 89.78079999999999
      vertex 10.451693566289192 -5.422702304356656 86.6232
      vertex 10.41901689825804 -4.5973827162649705 86.14194401531796
    endloop
  endfacet
  facet normal 0.4859930382108886 0.32473016630991813 0.8113945315929131
    outer loop
      vertex 8.565685424949239 -9.434314575050761 89.78079999999999
      vertex 11.740986901626497 -6.296678880005815 86.6232
      vertex 11.725900105707188 -6.274099894292812 86.6232
    endloop
  endfacet
  facet normal 0.5936131960094566 -0.39663965675984997 -0.7002145072824948
    outer loop
      vertex 6.719187890687753 -4.219187890687753 74.26104629958405
      vertex 6.410717905231397 -3.9107179052313983 73.82480386256664
      vertex 6.381006144142947 -3.8724828207470225 73.77795701220337
    endloop
  endfacet
  facet normal -0.5936131960089893 0.39663965676049867 -0.7002145072825232
    outer loop
      vertex 6.713784410006013 -4.224591371369493 74.26256632338115
      vertex 6.719187890687753 -4.219187890687753 74.26104629958405
      vertex 7.079682718386566 -4.376151413150091 73.86652084828985
    endloop
  endfacet
  facet normal 0.39663965676045626 -0.5936131960089606 -0.7002145072825717
    outer loop
      vertex 6.713784410006013 -4.224591371369493 74.26256632338115
      vertex 6.410717905231397 -3.9107179052313983 73.82480386256664
      vertex 6.719187890687753 -4.219187890687753 74.26104629958405
    endloop
  endfacet
  facet normal 0.39663965676020285 -0.5936131960091644 -0.7002145072825424
    outer loop
      vertex 6.690584846031611 -4.259311972504908 74.27885953038687
      vertex 6.410717905231397 -3.9107179052313983 73.82480386256664
      vertex 6.713784410006013 -4.224591371369493 74.26256632338115
    endloop
  endfacet
  facet normal 0.5936131960091027 -0.3966396567602771 -0.700214507282553
    outer loop
      vertex 6.719187890687753 -4.219187890687753 74.26104629958405
      vertex 6.381006144142947 -3.8724828207470225 73.77795701220337
      vertex 6.963680548746216 -3.6939387677032696 74.1707874388406
    endloop
  endfacet
  facet normal 0.5936131960090858 -0.39663965676027224 -0.7002145072825698
    outer loop
      vertex 6.719187890687753 -4.219187890687753 74.26104629958405
      vertex 6.963680548746216 -3.6939387677032696 74.1707874388406
      vertex 7.1036334544468485 -3.5412940703150744 74.20296750799231
    endloop
  endfacet
  facet normal -0.7002145072825653 0.13928132531713255 -0.7002145072825451
    outer loop
      vertex 7.192692160152851 -4.88742860541995 73.65181204982196
      vertex 6.713784410006013 -4.224591371369493 74.26256632338115
      vertex 7.079682718386566 -4.376151413150091 73.86652084828985
    endloop
  endfacet
  facet normal -0.5936131960091047 0.3966396567602882 -0.700214507282545
    outer loop
      vertex 6.719187890687753 -4.219187890687753 74.26104629958405
      vertex 7.09424059190285 -3.7871710670322556 74.1878098449585
      vertex 7.079682718386566 -4.376151413150091 73.86652084828985
    endloop
  endfacet
  facet normal -0.5936131960091181 0.3966396567603032 -0.700214507282525
    outer loop
      vertex 6.719187890687753 -4.219187890687753 74.26104629958405
      vertex 7.18737720805367 -3.601818742305944 74.2138460922667
      vertex 7.09424059190285 -3.7871710670322556 74.1878098449585
    endloop
  endfacet
  facet normal 0.5936131960089811 -0.39663965676022295 -0.7002145072826864
    outer loop
      vertex 6.719187890687753 -4.219187890687753 74.26104629958405
      vertex 7.1036334544468485 -3.5412940703150744 74.20296750799231
      vertex 7.294847474153894 -3.2745365886259936 74.21396495135367
    endloop
  endfacet
  facet normal -0.5936131960090842 0.396639656760274 -0.7002145072825702
    outer loop
      vertex 6.719187890687753 -4.219187890687753 74.26104629958405
      vertex 7.720547431463183 -2.720547431463184 74.26104629958405
      vertex 7.18737720805367 -3.601818742305944 74.2138460922667
    endloop
  endfacet
  facet normal 0.5936131960091336 -0.396639656760307 -0.7002145072825096
    outer loop
      vertex 6.719187890687753 -4.219187890687753 74.26104629958405
      vertex 7.294847474153894 -3.2745365886259936 74.21396495135367
      vertex 7.720547431463183 -2.720547431463184 74.26104629958405
    endloop
  endfacet
  facet normal -0.593613196009064 0.39663965676026314 -0.7002145072825935
    outer loop
      vertex 7.18737720805367 -3.601818742305944 74.2138460922667
      vertex 7.720547431463183 -2.720547431463184 74.26104629958405
      vertex 7.362326534072401 -3.3242471979987025 74.2227628648241
    endloop
  endfacet
  facet normal -0.5936131960091379 0.39663965676030144 -0.7002145072825093
    outer loop
      vertex 7.362326534072401 -3.3242471979987025 74.2227628648241
      vertex 7.720547431463183 -2.720547431463184 74.26104629958405
      vertex 7.554219453790307 -3.057144213397271 74.21138558950283
    endloop
  endfacet
  facet normal 0.593613196009053 -0.39663965676023577 -0.7002145072826184
    outer loop
      vertex 7.294847474153894 -3.2745365886259936 74.21396495135367
      vertex 7.467206160438768 -2.9918080906701023 74.1999307608908
      vertex 7.720547431463183 -2.720547431463184 74.26104629958405
    endloop
  endfacet
  facet normal -0.593613196009115 0.39663965676029367 -0.700214507282533
    outer loop
      vertex 7.554219453790307 -3.057144213397271 74.21138558950283
      vertex 7.720547431463183 -2.720547431463184 74.26104629958405
      vertex 7.692031382963044 -2.899642071438207 74.18377207393344
    endloop
  endfacet
  facet normal 0.5936131960091121 -0.3966396567603119 -0.700214507282525
    outer loop
      vertex 7.467206160438768 -2.9918080906701023 74.1999307608908
      vertex 7.557056354539934 -2.7970627694037375 74.16578771436478
      vertex 7.720547431463183 -2.720547431463184 74.26104629958405
    endloop
  endfacet
  facet normal -0.5936131960090844 0.3966396567602988 -0.7002145072825562
    outer loop
      vertex 7.692031382963044 -2.899642071438207 74.18377207393344
      vertex 7.720547431463183 -2.720547431463184 74.26104629958405
      vertex 7.840021549327756 -2.8400215493277567 74.09208438174741
    endloop
  endfacet
  facet normal -0.6816253147819282 0.6816253147819276 -0.26603357024419944
    outer loop
      vertex 8.834936490538905 -4.75 70.6232
      vertex 8.957374669289038 -4.490384215740644 70.97467341912686
      vertex 9.75 -3.8349364905389036 70.6232
    endloop
  endfacet
  facet normal -0.6816253147819276 0.6816253147819317 -0.26603357024419055
    outer loop
      vertex 8.957374669289038 -4.490384215740644 70.97467341912686
      vertex 9.177361481715545 -4.258703785419121 71.00463454760893
      vertex 9.75 -3.8349364905389036 70.6232
    endloop
  endfacet
  facet normal -0.6816253147819289 0.6816253147819282 -0.2660335702441964
    outer loop
      vertex 9.177361481715545 -4.258703785419121 71.00463454760893
      vertex 9.300391654121984 -4.113011156235138 71.06269979185817
      vertex 9.75 -3.8349364905389036 70.6232
    endloop
  endfacet
  facet normal -0.3966396567602821 0.593613196009098 -0.700214507282554
    outer loop
      vertex 7.720547431463183 -2.720547431463184 74.26104629958405
      vertex 8.529415589993988 -1.911679272932381 74.48858460722325
      vertex 7.840021549327756 -2.8400215493277567 74.09208438174741
    endloop
  endfacet
  facet normal -0.39663965676028345 0.5936131960090986 -0.7002145072825527
    outer loop
      vertex 7.840021549327756 -2.8400215493277567 74.09208438174741
      vertex 8.529415589993988 -1.911679272932381 74.48858460722325
      vertex 8.813480939798552 -2.704786853478996 73.65531037133849
    endloop
  endfacet
  facet normal 0.5936131960091114 -0.3966396567603045 -0.7002145072825298
    outer loop
      vertex 7.557056354539934 -2.7970627694037375 74.16578771436478
      vertex 8.529415589993988 -1.911679272932381 74.48858460722325
      vertex 7.720547431463183 -2.720547431463184 74.26104629958405
    endloop
  endfacet
  facet normal 0.5936131960091002 -0.3966396567602846 -0.7002145072825505
    outer loop
      vertex 7.557056354539934 -2.7970627694037375 74.16578771436478
      vertex 7.479472662712761 -1.6401979511766531 73.44470415720905
      vertex 8.529415589993988 -1.911679272932381 74.48858460722325
    endloop
  endfacet
  facet normal 0.5936131960091134 -0.39663965676025514 -0.7002145072825562
    outer loop
      vertex 7.479472662712761 -1.6401979511766531 73.44470415720905
      vertex 7.4002185123679105 -1.5218235229732318 73.31046200558642
      vertex 8.529415589993988 -1.911679272932381 74.48858460722325
    endloop
  endfacet
  facet normal -0.39663965676027263 0.593613196009104 -0.7002145072825543
    outer loop
      vertex 8.813480939798552 -2.704786853478996 73.65531037133849
      vertex 8.529415589993988 -1.911679272932381 74.48858460722325
      vertex 8.927389925431909 -2.7434736296975335 73.55798904890207
    endloop
  endfacet
  facet normal -0.3966396567602843 0.5936131960091046 -0.7002145072825472
    outer loop
      vertex 9.411264473980141 -2.9330276449284884 73.1232
      vertex 8.927389925431909 -2.7434736296975335 73.55798904890207
      vertex 9.660607986722185 -2.7664216362104965 73.1232
    endloop
  endfacet
  facet normal -0.396639656760288 0.5936131960090951 -0.7002145072825531
    outer loop
      vertex 8.927389925431909 -2.7434736296975335 73.55798904890207
      vertex 8.529415589993988 -1.911679272932381 74.48858460722325
      vertex 9.660607986722185 -2.7664216362104965 73.1232
    endloop
  endfacet
  facet normal -0.3966396567602861 0.5936131960090969 -0.7002145072825525
    outer loop
      vertex 8.529415589993988 -1.911679272932381 74.48858460722325
      vertex 9.009161010741066 -1.193689511629936 74.82551298479528
      vertex 9.660607986722185 -2.7664216362104965 73.1232
    endloop
  endfacet
  facet normal 0.5936131960091261 -0.39663965676022955 -0.7002145072825599
    outer loop
      vertex 7.317917901253512 -1.4098604994724178 73.1772689582583
      vertex 8.529415589993988 -1.911679272932381 74.48858460722325
      vertex 7.4002185123679105 -1.5218235229732318 73.31046200558642
    endloop
  endfacet
  facet normal 0.7002145072825487 -0.13928132531715925 -0.7002145072825564
    outer loop
      vertex 7.317917901253512 -1.4098604994724178 73.1772689582583
      vertex 6.294088065324687 -0.1654195873500677 71.90590443443512
      vertex 9.009161010741066 -1.193689511629936 74.82551298479528
    endloop
  endfacet
  facet normal 0.7002145072825522 -0.13928132531715814 -0.7002145072825532
    outer loop
      vertex 5 1 70.38
      vertex 11 0.7971494776290093 76.420349477629
      vertex 6.294088065324687 -0.1654195873500677 71.90590443443512
    endloop
  endfacet
  facet normal 0.7002145072825485 -0.1392813253171652 -0.7002145072825554
    outer loop
      vertex 7.317917901253512 -1.4098604994724178 73.1772689582583
      vertex 9.009161010741066 -1.193689511629936 74.82551298479528
      vertex 8.529415589993988 -1.911679272932381 74.48858460722325
    endloop
  endfacet
  facet normal 0.7002145072825525 -0.1392813253171463 -0.7002145072825553
    outer loop
      vertex 9.009161010741066 -1.193689511629936 74.82551298479528
      vertex 6.294088065324687 -0.1654195873500677 71.90590443443512
      vertex 10.515163191603966 0.31231266923297285 76.03195270658382
    endloop
  endfacet
  facet normal 0.7002145072825537 -0.1392813253171189 -0.7002145072825594
    outer loop
      vertex 6.294088065324687 -0.1654195873500677 71.90590443443512
      vertex 10.54435486932532 0.39977567907485734 76.04374690995938
      vertex 10.515163191603966 0.31231266923297285 76.03195270658382
    endloop
  endfacet
  facet normal 0.7002145072825523 -0.1392813253171624 -0.7002145072825523
    outer loop
      vertex 6.294088065324687 -0.1654195873500677 71.90590443443512
      vertex 11 0.7971494776290093 76.420349477629
      vertex 10.54435486932532 0.39977567907485734 76.04374690995938
    endloop
  endfacet
  facet normal 0.7002145072825561 -0.1392813253171254 -0.7002145072825557
    outer loop
      vertex 5 1 70.38
      vertex 11.303587260740128 1 76.68358726074013
      vertex 11 0.7971494776290093 76.420349477629
    endloop
  endfacet
  facet normal -0.6816253147819284 0.6816253147819289 -0.2660335702441953
    outer loop
      vertex 9.300391654121984 -4.113011156235138 71.06269979185817
      vertex 9.6297333123425 -3.6266284770580977 71.46506681360249
      vertex 9.75 -3.8349364905389036 70.6232
    endloop
  endfacet
  facet normal -0.24949218107274188 0.9311174958546818 -0.26603357024419455
    outer loop
      vertex 9.75 -3.8349364905389036 70.6232
      vertex 9.6297333123425 -3.6266284770580977 71.46506681360249
      vertex 9.877650122996926 -3.503627638501331 71.66306786633385
    endloop
  endfacet
  facet normal -0.24949218107275462 0.931117495854679 -0.26603357024419205
    outer loop
      vertex 9.75 -3.8349364905389036 70.6232
      vertex 9.877650122996926 -3.503627638501331 71.66306786633385
      vertex 11 -2.7857142857142856 73.1232
    endloop
  endfacet
  facet normal -0.2494921810727508 0.9311174958546796 -0.2660335702441942
    outer loop
      vertex 9.75 -3.8349364905389036 70.6232
      vertex 11 -2.7857142857142856 73.1232
      vertex 11 -3.5 70.6232
    endloop
  endfacet
  facet normal -0.24949218107275098 0.9311174958546791 -0.2660335702441949
    outer loop
      vertex 9.877650122996926 -3.503627638501331 71.66306786633385
      vertex 9.998722444631927 -3.187072144067401 72.65746778902509
      vertex 11 -2.7857142857142856 73.1232
    endloop
  endfacet
  facet normal 0 0 -1
    outer loop
      vertex 9.411264473980141 -2.9330276449284884 73.1232
      vertex 9.660607986722185 -2.7664216362104965 73.1232
      vertex 9.688125232521877 -3.1372300702308156 73.1232
    endloop
  endfacet
  facet normal -0.24949218107275045 0.9311174958546791 -0.26603357024419594
    outer loop
      vertex 9.688125232521877 -3.1372300702308156 73.1232
      vertex 11 -2.7857142857142856 73.1232
      vertex 9.998722444631927 -3.187072144067401 72.65746778902509
    endloop
  endfacet
  facet normal 0 0 -1
    outer loop
      vertex 9.688125232521877 -3.1372300702308156 73.1232
      vertex 9.660607986722185 -2.7664216362104965 73.1232
      vertex 11 -2.7857142857142856 73.1232
    endloop
  endfacet
  facet normal 0 0 -1
    outer loop
      vertex 9.660607986722185 -2.7664216362104965 73.1232
      vertex 11 -2.5 73.1232
      vertex 11 -2.7857142857142856 73.1232
    endloop
  endfacet
  facet normal 0.24949218107275062 0.9311174958546796 -0.2660335702441942
    outer loop
      vertex 11 -3.5 70.6232
      vertex 11 -2.7857142857142856 73.1232
      vertex 12.607142857142858 -3.2163469164071614 73.1232
    endloop
  endfacet
  facet normal 0.24949218107275078 0.9311174958546794 -0.26603357024419433
    outer loop
      vertex 11 -3.5 70.6232
      vertex 12.607142857142858 -3.2163469164071614 73.1232
      vertex 12.25 -3.8349364905389036 70.6232
    endloop
  endfacet
  facet normal 0 0 -1
    outer loop
      vertex 11 -2.7857142857142856 73.1232
      vertex 11 -2.5 73.1232
      vertex 12.607142857142858 -3.2163469164071614 73.1232
    endloop
  endfacet
  facet normal 0 0 -1
    outer loop
      vertex 11 -2.5 73.1232
      vertex 12.339392013277815 -2.7664216362104965 73.1232
      vertex 12.607142857142858 -3.2163469164071614 73.1232
    endloop
  endfacet
  facet normal -0.13928132531715348 0.7002145072825531 -0.700214507282553
    outer loop
      vertex 9.009161010741066 -1.193689511629936 74.82551298479528
      vertex 10.515163191603966 0.31231266923297285 76.03195270658382
      vertex 9.660607986722185 -2.7664216362104965 73.1232
    endloop
  endfacet
  facet normal -0.13928132531715348 0.7002145072825532 -0.7002145072825531
    outer loop
      vertex 9.660607986722185 -2.7664216362104965 73.1232
      vertex 10.515163191603966 0.31231266923297285 76.03195270658382
      vertex 11 -2.5 73.1232
    endloop
  endfacet
  facet normal -0.13928132531676946 0.700214507282617 -0.7002145072825656
    outer loop
      vertex 11 -2.5 73.1232
      vertex 10.524329971319736 0.3178396744991103 76.03565632599545
      vertex 10.529318184366684 0.32646766199569155 76.04329209622587
    endloop
  endfacet
  facet normal -0.13928132531725396 0.7002145072825349 -0.7002145072825513
    outer loop
      vertex 11 -2.5 73.1232
      vertex 10.515163191603966 0.31231266923297285 76.03195270658382
      vertex 10.524329971319736 0.3178396744991103 76.03565632599545
    endloop
  endfacet
  facet normal -0.13928132531716017 0.7002145072825521 -0.7002145072825529
    outer loop
      vertex 11 -2.5 73.1232
      vertex 10.529318184366684 0.32646766199569155 76.04329209622587
      vertex 11 0.7971494776290093 76.420349477629
    endloop
  endfacet
  facet normal 0.1392813253171534 0.7002145072825527 -0.7002145072825534
    outer loop
      vertex 11 -2.5 73.1232
      vertex 11 0.7971494776290093 76.420349477629
      vertex 12.339392013277815 -2.7664216362104965 73.1232
    endloop
  endfacet
  facet normal 0.13928132531716736 0.7002145072825543 -0.7002145072825492
    outer loop
      vertex 12.339392013277815 -2.7664216362104965 73.1232
      vertex 11 0.7971494776290093 76.420349477629
      vertex 11.303587260740128 1 76.68358726074013
    endloop
  endfacet
  facet normal 0.3746065934158103 7.660141179554518e-14 -0.9271838545668285
    outer loop
      vertex 10.515163191603966 0.31231266923297285 76.03195270658382
      vertex 10.54435486932532 0.39977567907485734 76.04374690995938
      vertex 10.524329971319736 0.3178396744991103 76.03565632599545
    endloop
  endfacet
  facet normal 0.9049205934136879 -0.18323104590328282 -0.38411600257345185
    outer loop
      vertex 10.524329971319736 0.3178396744991103 76.03565632599545
      vertex 10.54435486932532 0.39977567907485734 76.04374690995938
      vertex 10.529318184366684 0.32646766199569155 76.04329209622587
    endloop
  endfacet
  facet normal 0.7002145072825423 -0.13928132531713688 -0.7002145072825671
    outer loop
      vertex 10.529318184366684 0.32646766199569155 76.04329209622587
      vertex 10.54435486932532 0.39977567907485734 76.04374690995938
      vertex 11 0.7971494776290093 76.420349477629
    endloop
  endfacet
  facet normal 0.13928132531715218 0.7002145072825535 -0.7002145072825531
    outer loop
      vertex 12.339392013277815 -2.7664216362104965 73.1232
      vertex 11.303587260740128 1 76.68358726074013
      vertex 13.969680985543341 3.6660937248032157 79.88
    endloop
  endfacet
  facet normal -0.11403007027471626 0.5732678755819548 0.8113945315929211
    outer loop
      vertex 7.693853254107928 -9.26089637399097 89.78079999999999
      vertex 6.595139697729205 -1.1104759649849882 83.86794208660291
      vertex 4.76344778842524 -2.1862717554875783 84.37059670696519
    endloop
  endfacet
  facet normal -0.11403007027471498 0.573267875581955 0.811394531592921
    outer loop
      vertex 7.693853254107928 -9.26089637399097 89.78079999999999
      vertex 7.914671514686554 -0.01697289101861795 83.28079999999999
      vertex 6.595139697729205 -1.1104759649849882 83.86794208660291
    endloop
  endfacet
  facet normal 0.11403007027471512 0.5732678755819551 0.811394531592921
    outer loop
      vertex 8.306146745892072 -9.26089637399097 89.78079999999999
      vertex 10.505038528214312 -3.952302010917869 85.72113941682692
      vertex 8 0 83.28079999999999
    endloop
  endfacet
  facet normal -0.11403007027471807 0.5732678755819549 0.8113945315929206
    outer loop
      vertex 7.693853254107928 -9.26089637399097 89.78079999999999
      vertex 8 0 83.28079999999999
      vertex 7.914671514686554 -0.01697289101861795 83.28079999999999
    endloop
  endfacet
  facet normal 0.4681693927872515 -0.09312468225401628 0.8787179372314557
    outer loop
      vertex 2.6110267089422745 1 86.21428904851436
      vertex 7.914671514686554 -0.01697289101861795 83.28079999999999
      vertex 9.913331486978883 1 82.32371683070797
    endloop
  endfacet
  facet normal -0.3134155080645937 0.4690594554782307 0.825683926530654
    outer loop
      vertex 8.40449394275165 -0.3798911261877924 82.98136772155566
      vertex 8.659886203063794 -0.35046553394020974 83.06159399291236
      vertex 8.575948287076763 -0.14782147876698523 82.91461334951975
    endloop
  endfacet
  facet normal 0.13928132531714188 0.7002145072825456 -0.7002145072825628
    outer loop
      vertex 8.40449394275165 -0.3798911261877924 82.98136772155566
      vertex 8 0 83.28079999999999
      vertex 8.659886203063794 -0.35046553394020974 83.06159399291236
    endloop
  endfacet
  facet normal 0.13928132531715465 0.7002145072825595 -0.7002145072825465
    outer loop
      vertex 8 0 83.28079999999999
      vertex 10.033176423429467 -0.40442393568486107 83.28079999999999
      vertex 8.659886203063794 -0.35046553394020974 83.06159399291236
    endloop
  endfacet
  facet normal 0.4681693927872454 -0.09312468225399947 0.8787179372314609
    outer loop
      vertex 7.914671514686554 -0.01697289101861795 83.28079999999999
      vertex 8 -0.048839001392281214 83.2319609986077
      vertex 9.913331486978883 1 82.32371683070797
    endloop
  endfacet
  facet normal -0.13928132531715348 0.7002145072825519 -0.7002145072825544
    outer loop
      vertex 7.914671514686554 -0.01697289101861795 83.28079999999999
      vertex 8 0 83.28079999999999
      vertex 8 -0.048839001392281214 83.2319609986077
    endloop
  endfacet
  facet normal 0.1392813253171539 0.7002145072825514 -0.7002145072825549
    outer loop
      vertex 8.40449394275165 -0.3798911261877924 82.98136772155566
      vertex 8 -0.048839001392281214 83.2319609986077
      vertex 8 0 83.28079999999999
    endloop
  endfacet
  facet normal 0.46816939278725117 -0.093124682253977 0.8787179372314601
    outer loop
      vertex 8.40449394275165 -0.3798911261877924 82.98136772155566
      vertex 8.575948287076763 -0.14782147876698523 82.91461334951975
      vertex 8 -0.048839001392281214 83.2319609986077
    endloop
  endfacet
  facet normal 0.46816939278724656 -0.09312468225400262 0.8787179372314599
    outer loop
      vertex 8.575948287076763 -0.14782147876698523 82.91461334951975
      vertex 9.913331486978883 1 82.32371683070797
      vertex 8 -0.048839001392281214 83.2319609986077
    endloop
  endfacet
  facet normal -0.11005689066681767 0.5532933528298298 0.8256839265306536
    outer loop
      vertex 8.575948287076763 -0.14782147876698523 82.91461334951975
      vertex 8.659886203063794 -0.35046553394020974 83.06159399291236
      vertex 9.913331486978883 1 82.32371683070797
    endloop
  endfacet
  facet normal -0.11005689066740722 0.5532933528297285 0.8256839265306427
    outer loop
      vertex 10.693853254107928 -5.26089637399097 86.6232
      vertex 10.033176423429467 -0.40442393568486107 83.28079999999999
      vertex 10.505038528214312 -3.952302010917869 85.72113941682692
    endloop
  endfacet
  facet normal -0.11005689066680788 0.5532933528298227 0.8256839265306596
    outer loop
      vertex 10.693853254107928 -5.26089637399097 86.6232
      vertex 11 -5.2 86.6232
      vertex 9.913331486978883 1 82.32371683070797
    endloop
  endfacet
  facet normal 0.3134155080646021 0.46905945547821587 0.8256839265306593
    outer loop
      vertex 11.565685424949239 -5.434314575050762 86.6232
      vertex 15.018176039833442 3.700735091368511 80.1232
      vertex 11.306146745892072 -5.26089637399097 86.6232
    endloop
  endfacet
  facet normal 0.11005689066680792 0.553293352829823 0.8256839265306594
    outer loop
      vertex 11 -5.2 86.6232
      vertex 11.306146745892072 -5.26089637399097 86.6232
      vertex 11 2.2830604562228043 81.60877804479915
    endloop
  endfacet
  facet normal 0.11403007027471374 0.5732678755819547 0.8113945315929214
    outer loop
      vertex 10.505038528214312 -3.952302010917869 85.72113941682692
      vertex 10.033176423429467 -0.40442393568486107 83.28079999999999
      vertex 8 0 83.28079999999999
    endloop
  endfacet
  facet normal -0.11005689066683984 0.5532933528298186 0.8256839265306581
    outer loop
      vertex 10.693853254107928 -5.26089637399097 86.6232
      vertex 9.913331486978883 1 82.32371683070797
      vertex 10.033176423429467 -0.40442393568486107 83.28079999999999
    endloop
  endfacet
  facet normal -0.11005689066680631 0.5532933528298231 0.8256839265306596
    outer loop
      vertex 11 -5.2 86.6232
      vertex 11 2.2830604562228043 81.60877804479915
      vertex 9.913331486978883 1 82.32371683070797
    endloop
  endfacet
  facet normal -0.1100568906668054 0.5532933528298221 0.8256839265306603
    outer loop
      vertex 8.659886203063794 -0.35046553394020974 83.06159399291236
      vertex 10.033176423429467 -0.40442393568486107 83.28079999999999
      vertex 9.913331486978883 1 82.32371683070797
    endloop
  endfacet
  facet normal 0.11005689066680933 0.5532933528298228 0.8256839265306591
    outer loop
      vertex 11.306146745892072 -5.26089637399097 86.6232
      vertex 15.018176039833442 3.700735091368511 80.1232
      vertex 11 2.2830604562228043 81.60877804479915
    endloop
  endfacet
  facet normal 0.39663965676028157 -0.5936131960090991 -0.7002145072825533
    outer loop
      vertex 11.826834323650898 -19.238795325112868 83.28079999999999
      vertex 13.229933847286524 -15.229933847286524 80.67704337714669
      vertex 15.071067811865476 -17.071067811865476 83.28079999999999
    endloop
  endfacet
  facet normal 0.11005689066680799 -0.5532933528298203 0.8256839265306611
    outer loop
      vertex 11 -16.5 80.1232
      vertex 15.018176039833442 -15.70073509136851 80.1232
      vertex 13.229933847286524 -15.229933847286524 80.67704337714669
    endloop
  endfacet
  facet normal 0.11005689066680559 -0.5532933528298256 0.8256839265306579
    outer loop
      vertex 13.229933847286524 -15.229933847286524 80.67704337714669
      vertex 15.018176039833442 -15.70073509136851 80.1232
      vertex 14.42909021173148 -14.27855609576297 81.15472684945466
    endloop
  endfacet
  facet normal 0.13928132531715345 -0.7002145072825531 -0.7002145072825531
    outer loop
      vertex 11 -16.5 80.1232
      vertex 12.339392013277815 -9.233578363789503 73.1232
      vertex 15.018176039833442 -15.70073509136851 80.1232
    endloop
  endfacet
  facet normal 0.3134155080646076 -0.4690594554782147 0.8256839265306577
    outer loop
      vertex 15.018176039833442 -15.70073509136851 80.1232
      vertex 15.50898914611385 -13.110325144032723 81.40847128383385
      vertex 14.42909021173148 -14.27855609576297 81.15472684945466
    endloop
  endfacet
  facet normal 0.39663965676028134 -0.5936131960090995 -0.7002145072825532
    outer loop
      vertex 12.339392013277815 -9.233578363789503 73.1232
      vertex 13.474873734152917 -8.474873734152917 73.1232
      vertex 15.018176039833442 -15.70073509136851 80.1232
    endloop
  endfacet
  facet normal 0.39663965676028184 -0.5936131960090993 -0.7002145072825531
    outer loop
      vertex 15.018176039833442 -15.70073509136851 80.1232
      vertex 13.474873734152917 -8.474873734152917 73.1232
      vertex 18.42462120245875 -13.424621202458749 80.1232
    endloop
  endfacet
  facet normal 0.31341550806460156 -0.4690594554782147 0.8256839265306601
    outer loop
      vertex 15.018176039833442 -15.70073509136851 80.1232
      vertex 18.42462120245875 -13.424621202458749 80.1232
      vertex 15.50898914611385 -13.110325144032723 81.40847128383385
    endloop
  endfacet
  facet normal 0.3134155080646008 -0.46905945547821715 0.825683926530659
    outer loop
      vertex 15.50898914611385 -13.110325144032723 81.40847128383385
      vertex 18.42462120245875 -13.424621202458749 80.1232
      vertex 16.4384766228183 -11.4384766228183 82.00540741328336
    endloop
  endfacet
  facet normal 0.46905945547822064 -0.3134155080645969 0.8256839265306584
    outer loop
      vertex 18.42462120245875 -13.424621202458749 80.1232
      vertex 16.969156667759794 -10 82.24995666775978
      vertex 16.4384766228183 -11.4384766228183 82.00540741328336
    endloop
  endfacet
  facet normal 0.46905945547821404 -0.3134155080646011 0.8256839265306606
    outer loop
      vertex 18.42462120245875 -13.424621202458749 80.1232
      vertex 20.70073509136851 -10.018176039833442 80.1232
      vertex 16.969156667759794 -10 82.24995666775978
    endloop
  endfacet
  facet normal 0.5936131960090972 -0.3966396567602838 -0.7002145072825536
    outer loop
      vertex 13.229933847286524 -15.229933847286524 80.67704337714669
      vertex 14.42909021173148 -14.27855609576297 81.15472684945466
      vertex 15.071067811865476 -17.071067811865476 83.28079999999999
    endloop
  endfacet
  facet normal 0.4859930382108351 -0.3247301663099776 0.8113945315929212
    outer loop
      vertex 8.73910362600903 -10.306146745892072 89.78079999999999
      vertex 15.071067811865476 -17.071067811865476 83.28079999999999
      vertex 17.238795325112868 -13.826834323650898 83.28079999999999
    endloop
  endfacet
  facet normal 0.5936131960090975 -0.3966396567602837 -0.7002145072825535
    outer loop
      vertex 15.071067811865476 -17.071067811865476 83.28079999999999
      vertex 14.42909021173148 -14.27855609576297 81.15472684945466
      vertex 15.50898914611385 -13.110325144032723 81.40847128383385
    endloop
  endfacet
  facet normal 0.5936131960091009 -0.3966396567602829 -0.700214507282551
    outer loop
      vertex 15.071067811865476 -17.071067811865476 83.28079999999999
      vertex 15.50898914611385 -13.110325144032723 81.40847128383385
      vertex 17.238795325112868 -13.826834323650898 83.28079999999999
    endloop
  endfacet
  facet normal 0.5732678755819551 -0.11403007027471397 0.811394531592921
    outer loop
      vertex 8.8 -10 89.78079999999999
      vertex 17.238795325112868 -13.826834323650898 83.28079999999999
      vertex 18 -10 83.28079999999999
    endloop
  endfacet
  facet normal 0.7002145072825559 -0.1392813253171522 -0.7002145072825507
    outer loop
      vertex 15.50898914611385 -13.110325144032723 81.40847128383385
      vertex 16.4384766228183 -11.4384766228183 82.00540741328336
      vertex 17.238795325112868 -13.826834323650898 83.28079999999999
    endloop
  endfacet
  facet normal 0.7002145072825535 -0.13928132531715381 -0.7002145072825525
    outer loop
      vertex 17.238795325112868 -13.826834323650898 83.28079999999999
      vertex 16.4384766228183 -11.4384766228183 82.00540741328336
      vertex 16.969156667759794 -10 82.24995666775978
    endloop
  endfacet
  facet normal 0.7002145072825543 -0.1392813253171536 -0.7002145072825519
    outer loop
      vertex 17.238795325112868 -13.826834323650898 83.28079999999999
      vertex 16.969156667759794 -10 82.24995666775978
      vertex 18 -10 83.28079999999999
    endloop
  endfacet
  facet normal -0.13928132531715348 -0.7002145072825531 -0.7002145072825531
    outer loop
      vertex 10.790482243984012 -3.162674857624154 53.191199999999995
      vertex 13.660607986722185 3.7664216362104965 45.691199999999995
      vertex 15 -4 53.191199999999995
    endloop
  endfacet
  facet normal -0.1392813253171538 -0.7002145072825531 -0.7002145072825531
    outer loop
      vertex 15 -4 53.191199999999995
      vertex 13.660607986722185 3.7664216362104965 45.691199999999995
      vertex 15 3.5 45.691199999999995
    endloop
  endfacet
  facet normal 0.13928132531715395 -0.7002145072825531 -0.7002145072825531
    outer loop
      vertex 15 -4 53.191199999999995
      vertex 15 3.5 45.691199999999995
      vertex 16.339392013277813 3.7664216362104965 45.691199999999995
    endloop
  endfacet
  facet normal -0.10629198856814107 -0.5343659118252044 0.838543430864167
    outer loop
      vertex 10.790482243984012 -3.162674857624154 53.191199999999995
      vertex 15 -4 53.191199999999995
      vertex 14.693853254107928 6.26089637399097 59.691199999999995
    endloop
  endfacet
  facet normal 0.13928132531715348 -0.7002145072825531 -0.7002145072825531
    outer loop
      vertex 15 -4 53.191199999999995
      vertex 16.339392013277813 3.7664216362104965 45.691199999999995
      vertex 19.209517756015988 -3.162674857624154 53.191199999999995
    endloop
  endfacet
  facet normal 0.10629198856814107 -0.5343659118252044 0.838543430864167
    outer loop
      vertex 15 -4 53.191199999999995
      vertex 19.209517756015988 -3.162674857624154 53.191199999999995
      vertex 15 6.2 59.691199999999995
    endloop
  endfacet
  facet normal 0.3026939739841993 -0.45301354578887026 0.838543430864167
    outer loop
      vertex 19.209517756015988 -3.162674857624154 53.191199999999995
      vertex 22.77817459305202 -0.7781745930520234 53.191199999999995
      vertex 15.565685424949239 6.434314575050762 59.691199999999995
    endloop
  endfacet
  facet normal 0.3966396567602817 -0.5936131960090993 -0.7002145072825531
    outer loop
      vertex 19.209517756015988 -3.162674857624154 53.191199999999995
      vertex 17.474873734152915 4.525126265847083 45.691199999999995
      vertex 22.77817459305202 -0.7781745930520234 53.191199999999995
    endloop
  endfacet
  facet normal 0.6816253147819288 -0.6816253147819288 -0.26603357024419455
    outer loop
      vertex 12.607142857142858 -8.783653083592839 73.1232
      vertex 13.165063509461095 -7.25 70.6232
      vertex 13.783653083592839 -7.607142857142858 73.1232
    endloop
  endfacet
  facet normal 0 0 -1
    outer loop
      vertex 12.339392013277815 -9.233578363789503 73.1232
      vertex 12.607142857142858 -8.783653083592839 73.1232
      vertex 13.474873734152917 -8.474873734152917 73.1232
    endloop
  endfacet
  facet normal 0 0 -1
    outer loop
      vertex 12.607142857142858 -8.783653083592839 73.1232
      vertex 13.783653083592839 -7.607142857142858 73.1232
      vertex 13.474873734152917 -8.474873734152917 73.1232
    endloop
  endfacet
  facet normal 0 0 -1
    outer loop
      vertex 13.474873734152917 -8.474873734152917 73.1232
      vertex 13.783653083592839 -7.607142857142858 73.1232
      vertex 14.233578363789503 -7.3393920132778145 73.1232
    endloop
  endfacet
  facet normal 0.5936131960090993 -0.3966396567602816 -0.700214507282553
    outer loop
      vertex 18.42462120245875 -13.424621202458749 80.1232
      vertex 13.474873734152917 -8.474873734152917 73.1232
      vertex 14.233578363789503 -7.3393920132778145 73.1232
    endloop
  endfacet
  facet normal 0.9311174958546792 -0.24949218107275137 -0.2660335702441947
    outer loop
      vertex 13.783653083592839 -7.607142857142858 73.1232
      vertex 13.165063509461095 -7.25 70.6232
      vertex 13.5 -6 70.6232
    endloop
  endfacet
  facet normal 0 0 -1
    outer loop
      vertex 12.25 -8.165063509461095 70.6232
      vertex 13.165063509461095 -4.75 70.6232
      vertex 13.165063509461095 -7.25 70.6232
    endloop
  endfacet
  facet normal 0.9311174958546795 -0.24949218107275106 -0.26603357024419455
    outer loop
      vertex 13.783653083592839 -7.607142857142858 73.1232
      vertex 13.5 -6 70.6232
      vertex 14.214285714285715 -6 73.1232
    endloop
  endfacet
  facet normal 0 0 -1
    outer loop
      vertex 13.783653083592839 -7.607142857142858 73.1232
      vertex 14.214285714285715 -6 73.1232
      vertex 14.233578363789503 -7.3393920132778145 73.1232
    endloop
  endfacet
  facet normal 0 0 -1
    outer loop
      vertex 13.165063509461095 -7.25 70.6232
      vertex 13.165063509461095 -4.75 70.6232
      vertex 13.5 -6 70.6232
    endloop
  endfacet
  facet normal 0.9311174958546793 0.2494921810727514 -0.2660335702441945
    outer loop
      vertex 13.5 -6 70.6232
      vertex 13.165063509461095 -4.75 70.6232
      vertex 14.214285714285715 -6 73.1232
    endloop
  endfacet
  facet normal 0.9311174958546793 0.249492181072751 -0.26603357024419466
    outer loop
      vertex 13.165063509461095 -4.75 70.6232
      vertex 13.783653083592839 -4.392857142857142 73.1232
      vertex 14.214285714285715 -6 73.1232
    endloop
  endfacet
  facet normal 0 0 -1
    outer loop
      vertex 14.233578363789503 -7.3393920132778145 73.1232
      vertex 14.214285714285715 -6 73.1232
      vertex 14.233578363789503 -4.6606079867221855 73.1232
    endloop
  endfacet
  facet normal 0 0 -1
    outer loop
      vertex 14.233578363789503 -7.3393920132778145 73.1232
      vertex 14.233578363789503 -4.6606079867221855 73.1232
      vertex 14.5 -6 73.1232
    endloop
  endfacet
  facet normal 0 0 -1
    outer loop
      vertex 14.214285714285715 -6 73.1232
      vertex 13.783653083592839 -4.392857142857142 73.1232
      vertex 14.233578363789503 -4.6606079867221855 73.1232
    endloop
  endfacet
  facet normal 0.5936131960090992 -0.39663965676028173 -0.7002145072825531
    outer loop
      vertex 18.42462120245875 -13.424621202458749 80.1232
      vertex 14.233578363789503 -7.3393920132778145 73.1232
      vertex 20.70073509136851 -10.018176039833442 80.1232
    endloop
  endfacet
  facet normal 0.7002145072825532 -0.13928132531715348 -0.7002145072825532
    outer loop
      vertex 20.70073509136851 -10.018176039833442 80.1232
      vertex 14.233578363789503 -7.3393920132778145 73.1232
      vertex 21.5 -6 80.1232
    endloop
  endfacet
  facet normal 0.700214507282553 -0.13928132531715368 -0.700214507282553
    outer loop
      vertex 14.233578363789503 -7.3393920132778145 73.1232
      vertex 14.5 -6 73.1232
      vertex 21.5 -6 80.1232
    endloop
  endfacet
  facet normal 0.700214507282553 0.13928132531715368 -0.700214507282553
    outer loop
      vertex 14.233578363789503 -4.6606079867221855 73.1232
      vertex 21.5 -6 80.1232
      vertex 14.5 -6 73.1232
    endloop
  endfacet
  facet normal 0.5732678755819551 0.11403007027471397 0.811394531592921
    outer loop
      vertex 8.8 -10 89.78079999999999
      vertex 18 -10 83.28079999999999
      vertex 17.238795325112868 -6.173165676349102 83.28079999999999
    endloop
  endfacet
  facet normal 0.4859930382108352 0.324730166309978 0.811394531592921
    outer loop
      vertex 8.73910362600903 -9.693853254107928 89.78079999999999
      vertex 17.238795325112868 -6.173165676349102 83.28079999999999
      vertex 13.965797350730778 -6 85.17189249693298
    endloop
  endfacet
  facet normal 0.48599303821083534 0.3247301663099769 0.8113945315929213
    outer loop
      vertex 13.965797350730778 -6 85.17189249693298
      vertex 17.238795325112868 -6.173165676349102 83.28079999999999
      vertex 16.64580460436973 -5.285692346477758 83.28079999999999
    endloop
  endfacet
  facet normal 0.5532933528298225 0.11005689066681028 0.8256839265306594
    outer loop
      vertex 11.8 -6 86.6232
      vertex 13.965797350730778 -6 85.17189249693298
      vertex 20.70073509136851 -1.9818239601665573 80.1232
    endloop
  endfacet
  facet normal 0.7002145072825541 0.13928132531715592 -0.7002145072825516
    outer loop
      vertex 16.969156667759794 -10 82.24995666775978
      vertex 17.137133727771136 -8.542084024140154 82.70793124597003
      vertex 18 -10 83.28079999999999
    endloop
  endfacet
  facet normal 0.7002145072825514 0.13928132531715304 -0.7002145072825551
    outer loop
      vertex 18 -10 83.28079999999999
      vertex 17.137133727771136 -8.542084024140154 82.70793124597003
      vertex 17.238795325112868 -6.173165676349102 83.28079999999999
    endloop
  endfacet
  facet normal 0.4690594554782133 -0.31341550806460444 0.8256839265306596
    outer loop
      vertex 16.969156667759794 -10 82.24995666775978
      vertex 20.70073509136851 -10.018176039833442 80.1232
      vertex 17.137133727771136 -8.542084024140154 82.70793124597003
    endloop
  endfacet
  facet normal 0.5532933528298207 -0.11005689066681211 0.8256839265306604
    outer loop
      vertex 20.70073509136851 -10.018176039833442 80.1232
      vertex 17.047174401903888 -6.252537661576715 83.07339100730576
      vertex 17.137133727771136 -8.542084024140154 82.70793124597003
    endloop
  endfacet
  facet normal 0.7002145072825511 0.13928132531715304 -0.7002145072825551
    outer loop
      vertex 17.137133727771136 -8.542084024140154 82.70793124597003
      vertex 17.047174401903888 -6.252537661576715 83.07339100730576
      vertex 17.238795325112868 -6.173165676349102 83.28079999999999
    endloop
  endfacet
  facet normal 0.5936131960091033 0.39663965676026913 -0.7002145072825569
    outer loop
      vertex 17.047174401903888 -6.252537661576715 83.07339100730576
      vertex 16.975106002290694 -6 83.15534546238251
      vertex 17.238795325112868 -6.173165676349102 83.28079999999999
    endloop
  endfacet
  facet normal 0.5936131960091082 0.39663965676028695 -0.7002145072825426
    outer loop
      vertex 17.238795325112868 -6.173165676349102 83.28079999999999
      vertex 16.975106002290694 -6 83.15534546238251
      vertex 16.64580460436973 -5.285692346477758 83.28079999999999
    endloop
  endfacet
  facet normal 0.553293352829824 -0.1100568906667762 0.8256839265306628
    outer loop
      vertex 17.047174401903888 -6.252537661576715 83.07339100730576
      vertex 21.5 -6 80.1232
      vertex 16.975106002290694 -6 83.15534546238251
    endloop
  endfacet
  facet normal 0.6816253147819292 0.6816253147819286 -0.2660335702441946
    outer loop
      vertex 12.25 -3.8349364905389036 70.6232
      vertex 13.783653083592839 -4.392857142857142 73.1232
      vertex 13.165063509461095 -4.75 70.6232
    endloop
  endfacet
  facet normal 0.681625314781929 0.681625314781929 -0.2660335702441944
    outer loop
      vertex 12.25 -3.8349364905389036 70.6232
      vertex 12.607142857142858 -3.2163469164071614 73.1232
      vertex 13.783653083592839 -4.392857142857142 73.1232
    endloop
  endfacet
  facet normal 0 0 -1
    outer loop
      vertex 12.607142857142858 -3.2163469164071614 73.1232
      vertex 12.339392013277815 -2.7664216362104965 73.1232
      vertex 13.474873734152917 -3.5251262658470837 73.1232
    endloop
  endfacet
  facet normal 0 0 -1
    outer loop
      vertex 12.607142857142858 -3.2163469164071614 73.1232
      vertex 13.474873734152917 -3.5251262658470837 73.1232
      vertex 13.783653083592839 -4.392857142857142 73.1232
    endloop
  endfacet
  facet normal 0 0 -1
    outer loop
      vertex 13.474873734152917 -3.5251262658470837 73.1232
      vertex 14.233578363789503 -4.6606079867221855 73.1232
      vertex 13.783653083592839 -4.392857142857142 73.1232
    endloop
  endfacet
  facet normal 0.5936131960090995 0.39663965676028146 -0.7002145072825532
    outer loop
      vertex 13.474873734152917 -3.5251262658470837 73.1232
      vertex 18.42462120245875 1.4246212024587495 80.1232
      vertex 14.233578363789503 -4.6606079867221855 73.1232
    endloop
  endfacet
  facet normal 0.3966396567602816 0.5936131960090992 -0.7002145072825532
    outer loop
      vertex 12.339392013277815 -2.7664216362104965 73.1232
      vertex 15.018176039833442 3.700735091368511 80.1232
      vertex 13.474873734152917 -3.5251262658470837 73.1232
    endloop
  endfacet
  facet normal 0.39663965676028146 0.5936131960090995 -0.7002145072825531
    outer loop
      vertex 13.474873734152917 -3.5251262658470837 73.1232
      vertex 15.018176039833442 3.700735091368511 80.1232
      vertex 18.42462120245875 1.4246212024587495 80.1232
    endloop
  endfacet
  facet normal 0.7002145072825531 0.1392813253171535 -0.7002145072825531
    outer loop
      vertex 14.233578363789503 -4.6606079867221855 73.1232
      vertex 20.70073509136851 -1.9818239601665573 80.1232
      vertex 21.5 -6 80.1232
    endloop
  endfacet
  facet normal 0.5936131960090992 0.39663965676028173 -0.7002145072825533
    outer loop
      vertex 14.233578363789503 -4.6606079867221855 73.1232
      vertex 18.42462120245875 1.4246212024587495 80.1232
      vertex 20.70073509136851 -1.9818239601665573 80.1232
    endloop
  endfacet
  facet normal 0.4690594554782162 0.3134155080646018 0.8256839265306591
    outer loop
      vertex 11.565685424949239 -5.434314575050762 86.6232
      vertex 11.73910362600903 -5.693853254107928 86.6232
      vertex 18.42462120245875 1.4246212024587495 80.1232
    endloop
  endfacet
  facet normal 0.5532933528298228 0.1100568906668095 0.8256839265306593
    outer loop
      vertex 11.8 -6 86.6232
      vertex 20.70073509136851 -1.9818239601665573 80.1232
      vertex 11.73910362600903 -5.693853254107928 86.6232
    endloop
  endfacet
  facet normal 0.3134155080646023 0.46905945547821576 0.8256839265306591
    outer loop
      vertex 11.565685424949239 -5.434314575050762 86.6232
      vertex 18.42462120245875 1.4246212024587495 80.1232
      vertex 15.018176039833442 3.700735091368511 80.1232
    endloop
  endfacet
  facet normal 0.5532933528298244 0.11005689066680611 0.8256839265306586
    outer loop
      vertex 13.965797350730778 -6 85.17189249693298
      vertex 16.64580460436973 -5.285692346477758 83.28079999999999
      vertex 20.70073509136851 -1.9818239601665573 80.1232
    endloop
  endfacet
  facet normal 0.46905945547821565 0.3134155080646024 0.825683926530659
    outer loop
      vertex 11.73910362600903 -5.693853254107928 86.6232
      vertex 20.70073509136851 -1.9818239601665573 80.1232
      vertex 18.42462120245875 1.4246212024587495 80.1232
    endloop
  endfacet
  facet normal 0.5532933528298268 0.11005689066680202 0.8256839265306575
    outer loop
      vertex 16.64580460436973 -5.285692346477758 83.28079999999999
      vertex 16.975106002290694 -6 83.15534546238251
      vertex 20.70073509136851 -1.9818239601665573 80.1232
    endloop
  endfacet
  facet normal 0.5532933528298234 -0.1100568906668086 0.825683926530659
    outer loop
      vertex 20.70073509136851 -10.018176039833442 80.1232
      vertex 21.5 -6 80.1232
      vertex 17.047174401903888 -6.252537661576715 83.07339100730576
    endloop
  endfacet
  facet normal 0.5532933528298222 0.1100568906668083 0.82568392653066
    outer loop
      vertex 16.975106002290694 -6 83.15534546238251
      vertex 21.5 -6 80.1232
      vertex 20.70073509136851 -1.9818239601665573 80.1232
    endloop
  endfacet
  facet normal 0 0 -1
    outer loop
      vertex 12.525126265847083 4.525126265847083 45.691199999999995
      vertex 12.216346916407161 5.392857142857142 45.691199999999995
      vertex 13.392857142857142 4.216346916407161 45.691199999999995
    endloop
  endfacet
  facet normal 0 0 -1
    outer loop
      vertex 12.525126265847083 4.525126265847083 45.691199999999995
      vertex 11.766421636210497 5.6606079867221855 45.691199999999995
      vertex 12.216346916407161 5.392857142857142 45.691199999999995
    endloop
  endfacet
  facet normal -0.6816253147819508 -0.6816253147819055 -0.2660335702441985
    outer loop
      vertex 12.216346916407161 5.392857142857142 45.691199999999995
      vertex 12.258714171671542 5.417317889088858 45.519974776377985
      vertex 12.285898307638718 5.384799229569925 45.53364277433719
    endloop
  endfacet
  facet normal -0.6816253147819282 -0.6816253147819323 -0.26603357024418717
    outer loop
      vertex 12.216346916407161 5.392857142857142 45.691199999999995
      vertex 12.285898307638718 5.384799229569925 45.53364277433719
      vertex 13.028699245434275 4.689922549465757 45.410852303929275
    endloop
  endfacet
  facet normal 0 0 -1
    outer loop
      vertex 11.766421636210497 5.6606079867221855 45.691199999999995
      vertex 11.5 7 45.691199999999995
      vertex 11.766421636210497 8.339392013277815 45.691199999999995
    endloop
  endfacet
  facet normal -0.9311174958546791 -0.2494921810727521 -0.2660335702441946
    outer loop
      vertex 11.98065532311363 6.414697304736674 45.557816214934775
      vertex 11.785714285714285 7 45.691199999999995
      vertex 11.90569551111374 7 45.271265711101904
    endloop
  endfacet
  facet normal 0 0 -1
    outer loop
      vertex 11.766421636210497 5.6606079867221855 45.691199999999995
      vertex 11.766421636210497 8.339392013277815 45.691199999999995
      vertex 11.785714285714285 7 45.691199999999995
    endloop
  endfacet
  facet normal -0.931117495854679 -0.2494921810727505 -0.26603357024419616
    outer loop
      vertex 12.216346916407161 5.392857142857142 45.691199999999995
      vertex 11.98065532311363 6.414697304736674 45.557816214934775
      vertex 12.258714171671542 5.417317889088858 45.519974776377985
    endloop
  endfacet
  facet normal 0 0 -1
    outer loop
      vertex 11.766421636210497 5.6606079867221855 45.691199999999995
      vertex 11.785714285714285 7 45.691199999999995
      vertex 12.216346916407161 5.392857142857142 45.691199999999995
    endloop
  endfacet
  facet normal -0.9311174958546781 -0.24949218107275067 -0.2660335702441992
    outer loop
      vertex 12.216346916407161 5.392857142857142 45.691199999999995
      vertex 11.785714285714285 7 45.691199999999995
      vertex 11.98065532311363 6.414697304736674 45.557816214934775
    endloop
  endfacet
  facet normal -0.9311174958546794 0.2494921810727511 -0.26603357024419466
    outer loop
      vertex 11.90569551111374 7 45.271265711101904
      vertex 11.785714285714285 7 45.691199999999995
      vertex 11.993829058514601 7.3132071739471245 45.25653092782857
    endloop
  endfacet
  facet normal -0.9311174958546793 0.24949218107275103 -0.2660335702441947
    outer loop
      vertex 11.785714285714285 7 45.691199999999995
      vertex 12.216346916407161 8.607142857142858 45.691199999999995
      vertex 11.993829058514601 7.3132071739471245 45.25653092782857
    endloop
  endfacet
  facet normal -0.9311174958546812 0.2494921810727449 -0.2660335702441942
    outer loop
      vertex 12.654319356144894 8.315829412417088 43.88509625301284
      vertex 12.216346916407161 8.607142857142858 45.691199999999995
      vertex 12.834936490538905 8.25 43.191199999999995
    endloop
  endfacet
  facet normal -0.9311174958546788 0.24949218107275228 -0.2660335702441949
    outer loop
      vertex 12.303092186056782 7.7885131747180925 44.6198624881558
      vertex 12.216346916407161 8.607142857142858 45.691199999999995
      vertex 12.654319356144894 8.315829412417088 43.88509625301284
    endloop
  endfacet
  facet normal 0 0 -1
    outer loop
      vertex 11.785714285714285 7 45.691199999999995
      vertex 11.766421636210497 8.339392013277815 45.691199999999995
      vertex 12.216346916407161 8.607142857142858 45.691199999999995
    endloop
  endfacet
  facet normal -0.9311174958546796 0.24949218107275076 -0.2660335702441938
    outer loop
      vertex 11.993829058514601 7.3132071739471245 45.25653092782857
      vertex 12.216346916407161 8.607142857142858 45.691199999999995
      vertex 12.303092186056782 7.7885131747180925 44.6198624881558
    endloop
  endfacet
  facet normal 0 0 -1
    outer loop
      vertex 11.766421636210497 8.339392013277815 45.691199999999995
      vertex 12.525126265847083 9.474873734152917 45.691199999999995
      vertex 12.216346916407161 8.607142857142858 45.691199999999995
    endloop
  endfacet
  facet normal 0 0 -1
    outer loop
      vertex 12.216346916407161 8.607142857142858 45.691199999999995
      vertex 12.525126265847083 9.474873734152917 45.691199999999995
      vertex 13.392857142857142 9.783653083592839 45.691199999999995
    endloop
  endfacet
  facet normal 0 0 -1
    outer loop
      vertex 13.392857142857142 4.216346916407161 45.691199999999995
      vertex 15 3.5 45.691199999999995
      vertex 13.660607986722185 3.7664216362104965 45.691199999999995
    endloop
  endfacet
  facet normal -0.24949218107275062 -0.9311174958546796 -0.26603357024419405
    outer loop
      vertex 13.392857142857142 4.216346916407161 45.691199999999995
      vertex 13.584745545589302 4.4009118385893915 44.86526557344076
      vertex 15 3.7857142857142856 45.691199999999995
    endloop
  endfacet
  facet normal 0 0 -1
    outer loop
      vertex 13.392857142857142 4.216346916407161 45.691199999999995
      vertex 15 3.7857142857142856 45.691199999999995
      vertex 15 3.5 45.691199999999995
    endloop
  endfacet
  facet normal 0 0 -1
    outer loop
      vertex 15 3.5 45.691199999999995
      vertex 15 3.7857142857142856 45.691199999999995
      vertex 16.339392013277813 3.7664216362104965 45.691199999999995
    endloop
  endfacet
  facet normal 0 0 -1
    outer loop
      vertex 15 3.7857142857142856 45.691199999999995
      vertex 16.607142857142858 4.216346916407161 45.691199999999995
      vertex 16.339392013277813 3.7664216362104965 45.691199999999995
    endloop
  endfacet
  facet normal -0.24949218107275511 -0.9311174958546781 -0.2660335702441946
    outer loop
      vertex 13.392857142857142 4.216346916407161 45.691199999999995
      vertex 13.507207995764842 4.414408403532134 44.89074402964609
      vertex 13.584745545589302 4.4009118385893915 44.86526557344076
    endloop
  endfacet
  facet normal -0.6816253147819282 -0.6816253147819282 -0.2660335702441977
    outer loop
      vertex 12.216346916407161 5.392857142857142 45.691199999999995
      vertex 13.028699245434275 4.689922549465757 45.410852303929275
      vertex 13.392857142857142 4.216346916407161 45.691199999999995
    endloop
  endfacet
  facet normal 0 0 -1
    outer loop
      vertex 12.525126265847083 4.525126265847083 45.691199999999995
      vertex 13.392857142857142 4.216346916407161 45.691199999999995
      vertex 13.660607986722185 3.7664216362104965 45.691199999999995
    endloop
  endfacet
  facet normal -0.6816253147819302 -0.6816253147819277 -0.2660335702441941
    outer loop
      vertex 13.392857142857142 4.216346916407161 45.691199999999995
      vertex 13.028699245434275 4.689922549465757 45.410852303929275
      vertex 13.507207995764842 4.414408403532134 44.89074402964609
    endloop
  endfacet
  facet normal -0.24949218107275078 -0.9311174958546797 -0.2660335702441938
    outer loop
      vertex 14.349834281378257 4.365153648395732 44.27290205799377
      vertex 15 3.7857142857142856 45.691199999999995
      vertex 13.584745545589302 4.4009118385893915 44.86526557344076
    endloop
  endfacet
  facet normal -0.24949218107275337 -0.9311174958546783 -0.2660335702441963
    outer loop
      vertex 14.349834281378257 4.365153648395732 44.27290205799377
      vertex 14.51481829415747 4.627964186718049 43.19833950840684
      vertex 15 4.5 43.191199999999995
    endloop
  endfacet
  facet normal -0.24949218107275814 -0.9311174958547012 -0.2660335702441117
    outer loop
      vertex 14.51481829415747 4.627964186718049 43.19833950840684
      vertex 14.513770185851735 4.630284886036963 43.191199999999995
      vertex 15 4.5 43.191199999999995
    endloop
  endfacet
  facet normal 0 0 -1
    outer loop
      vertex 14.513770185851735 4.630284886036963 43.191199999999995
      vertex 15.234690325946733 5.46304814336072 43.191199999999995
      vertex 15 4.5 43.191199999999995
    endloop
  endfacet
  facet normal 0 0 -1
    outer loop
      vertex 15 4.5 43.191199999999995
      vertex 15.234690325946733 5.46304814336072 43.191199999999995
      vertex 16.25 4.834936490538904 43.191199999999995
    endloop
  endfacet
  facet normal 0 0 -1
    outer loop
      vertex 15.234690325946733 5.46304814336072 43.191199999999995
      vertex 15.563207968185873 6.474121482551734 43.191199999999995
      vertex 16.25 4.834936490538904 43.191199999999995
    endloop
  endfacet
  facet normal -0.2494921810727497 -0.9311174958546797 -0.2660335702441943
    outer loop
      vertex 14.349834281378257 4.365153648395732 44.27290205799377
      vertex 15 4.5 43.191199999999995
      vertex 15 3.7857142857142856 45.691199999999995
    endloop
  endfacet
  facet normal 0.2494921810727508 -0.9311174958546796 -0.2660335702441942
    outer loop
      vertex 15 4.5 43.191199999999995
      vertex 16.25 4.834936490538904 43.191199999999995
      vertex 15 3.7857142857142856 45.691199999999995
    endloop
  endfacet
  facet normal 0.24949218107275056 -0.9311174958546795 -0.2660335702441943
    outer loop
      vertex 15 3.7857142857142856 45.691199999999995
      vertex 16.25 4.834936490538904 43.191199999999995
      vertex 16.607142857142858 4.216346916407161 45.691199999999995
    endloop
  endfacet
  facet normal 0 0 -1
    outer loop
      vertex 15.563207968185873 6.474121482551734 43.191199999999995
      vertex 16.25 9.165063509461095 43.191199999999995
      vertex 16.25 4.834936490538904 43.191199999999995
    endloop
  endfacet
  facet normal 0 0 -1
    outer loop
      vertex 16.339392013277813 3.7664216362104965 45.691199999999995
      vertex 16.607142857142858 4.216346916407161 45.691199999999995
      vertex 17.474873734152915 4.525126265847083 45.691199999999995
    endloop
  endfacet
  facet normal 0.6816253147819292 -0.6816253147819286 -0.26603357024419433
    outer loop
      vertex 16.25 4.834936490538904 43.191199999999995
      vertex 17.165063509461095 5.75 43.191199999999995
      vertex 16.607142857142858 4.216346916407161 45.691199999999995
    endloop
  endfacet
  facet normal 0 0 -1
    outer loop
      vertex 16.607142857142858 4.216346916407161 45.691199999999995
      vertex 17.78365308359284 5.392857142857142 45.691199999999995
      vertex 17.474873734152915 4.525126265847083 45.691199999999995
    endloop
  endfacet
  facet normal 0.6816253147819288 -0.6816253147819288 -0.26603357024419455
    outer loop
      vertex 16.607142857142858 4.216346916407161 45.691199999999995
      vertex 17.165063509461095 5.75 43.191199999999995
      vertex 17.78365308359284 5.392857142857142 45.691199999999995
    endloop
  endfacet
  facet normal 0 0 -1
    outer loop
      vertex 16.25 4.834936490538904 43.191199999999995
      vertex 17.165063509461095 8.25 43.191199999999995
      vertex 17.165063509461095 5.75 43.191199999999995
    endloop
  endfacet
  facet normal 0 0 -1
    outer loop
      vertex 17.165063509461095 5.75 43.191199999999995
      vertex 17.165063509461095 8.25 43.191199999999995
      vertex 17.5 7 43.191199999999995
    endloop
  endfacet
  facet normal 0.9311174958546792 -0.24949218107275137 -0.26603357024419466
    outer loop
      vertex 17.165063509461095 5.75 43.191199999999995
      vertex 17.5 7 43.191199999999995
      vertex 17.78365308359284 5.392857142857142 45.691199999999995
    endloop
  endfacet
  facet normal 0 0 -1
    outer loop
      vertex 17.474873734152915 4.525126265847083 45.691199999999995
      vertex 17.78365308359284 5.392857142857142 45.691199999999995
      vertex 18.233578363789505 5.6606079867221855 45.691199999999995
    endloop
  endfacet
  facet normal 0 0 -1
    outer loop
      vertex 17.78365308359284 5.392857142857142 45.691199999999995
      vertex 18.214285714285715 7 45.691199999999995
      vertex 18.233578363789505 5.6606079867221855 45.691199999999995
    endloop
  endfacet
  facet normal 0.9311174958546795 -0.24949218107275106 -0.2660335702441945
    outer loop
      vertex 17.5 7 43.191199999999995
      vertex 18.214285714285715 7 45.691199999999995
      vertex 17.78365308359284 5.392857142857142 45.691199999999995
    endloop
  endfacet
  facet normal 0 0 -1
    outer loop
      vertex 18.233578363789505 5.6606079867221855 45.691199999999995
      vertex 18.214285714285715 7 45.691199999999995
      vertex 18.233578363789505 8.339392013277815 45.691199999999995
    endloop
  endfacet
  facet normal 0 0 -1
    outer loop
      vertex 18.233578363789505 5.6606079867221855 45.691199999999995
      vertex 18.233578363789505 8.339392013277815 45.691199999999995
      vertex 18.5 7 45.691199999999995
    endloop
  endfacet
  facet normal -0.9311174958546793 0.24949218107275128 -0.26603357024419433
    outer loop
      vertex 12.654319356144894 8.315829412417088 43.88509625301284
      vertex 12.834936490538905 8.25 43.191199999999995
      vertex 12.795402557290517 8.102457352493982 43.191199999999995
    endloop
  endfacet
  facet normal 0 0 -1
    outer loop
      vertex 12.795402557290517 8.102457352493982 43.191199999999995
      vertex 12.834936490538905 8.25 43.191199999999995
      vertex 13.311514550566915 8.11007251048164 43.191199999999995
    endloop
  endfacet
  facet normal 0 0 -1
    outer loop
      vertex 12.834936490538905 8.25 43.191199999999995
      vertex 13.75 9.165063509461095 43.191199999999995
      vertex 13.311514550566915 8.11007251048164 43.191199999999995
    endloop
  endfacet
  facet normal 0 0 -1
    outer loop
      vertex 13.311514550566915 8.11007251048164 43.191199999999995
      vertex 13.75 9.165063509461095 43.191199999999995
      vertex 14.374619972660708 8.11007251048164 43.191199999999995
    endloop
  endfacet
  facet normal 0 0 -1
    outer loop
      vertex 14.374619972660708 8.11007251048164 43.191199999999995
      vertex 13.75 9.165063509461095 43.191199999999995
      vertex 15 9.5 43.191199999999995
    endloop
  endfacet
  facet normal -0.6816253147819288 0.6816253147819288 -0.26603357024419455
    outer loop
      vertex 12.216346916407161 8.607142857142858 45.691199999999995
      vertex 13.392857142857142 9.783653083592839 45.691199999999995
      vertex 12.834936490538905 8.25 43.191199999999995
    endloop
  endfacet
  facet normal -0.6816253147819288 0.6816253147819288 -0.2660335702441946
    outer loop
      vertex 12.834936490538905 8.25 43.191199999999995
      vertex 13.392857142857142 9.783653083592839 45.691199999999995
      vertex 13.75 9.165063509461095 43.191199999999995
    endloop
  endfacet
  facet normal 0 0 -1
    outer loop
      vertex 12.525126265847083 9.474873734152917 45.691199999999995
      vertex 13.660607986722185 10.233578363789503 45.691199999999995
      vertex 13.392857142857142 9.783653083592839 45.691199999999995
    endloop
  endfacet
  facet normal -0.249492181072751 0.9311174958546793 -0.26603357024419466
    outer loop
      vertex 13.75 9.165063509461095 43.191199999999995
      vertex 13.392857142857142 9.783653083592839 45.691199999999995
      vertex 15 10.214285714285715 45.691199999999995
    endloop
  endfacet
  facet normal 0 0 -1
    outer loop
      vertex 15.234690325946735 7.485194821742743 43.191199999999995
      vertex 14.374619972660708 8.11007251048164 43.191199999999995
      vertex 15 9.5 43.191199999999995
    endloop
  endfacet
  facet normal 0 0 -1
    outer loop
      vertex 15.563207968185873 6.474121482551734 43.191199999999995
      vertex 15.234690325946735 7.485194821742743 43.191199999999995
      vertex 16.25 9.165063509461095 43.191199999999995
    endloop
  endfacet
  facet normal 0 0 -1
    outer loop
      vertex 15.234690325946735 7.485194821742743 43.191199999999995
      vertex 15 9.5 43.191199999999995
      vertex 16.25 9.165063509461095 43.191199999999995
    endloop
  endfacet
  facet normal -0.2494921810727514 0.9311174958546793 -0.2660335702441945
    outer loop
      vertex 13.75 9.165063509461095 43.191199999999995
      vertex 15 10.214285714285715 45.691199999999995
      vertex 15 9.5 43.191199999999995
    endloop
  endfacet
  facet normal 0.24949218107275106 0.9311174958546795 -0.2660335702441945
    outer loop
      vertex 15 9.5 43.191199999999995
      vertex 15 10.214285714285715 45.691199999999995
      vertex 16.607142857142858 9.783653083592839 45.691199999999995
    endloop
  endfacet
  facet normal 0.24949218107275137 0.9311174958546792 -0.26603357024419466
    outer loop
      vertex 15 9.5 43.191199999999995
      vertex 16.607142857142858 9.783653083592839 45.691199999999995
      vertex 16.25 9.165063509461095 43.191199999999995
    endloop
  endfacet
  facet normal 0 0 -1
    outer loop
      vertex 13.392857142857142 9.783653083592839 45.691199999999995
      vertex 13.660607986722185 10.233578363789503 45.691199999999995
      vertex 15 10.214285714285715 45.691199999999995
    endloop
  endfacet
  facet normal 0 0 -1
    outer loop
      vertex 13.660607986722185 10.233578363789503 45.691199999999995
      vertex 15 10.5 45.691199999999995
      vertex 15 10.214285714285715 45.691199999999995
    endloop
  endfacet
  facet normal 0 0 -1
    outer loop
      vertex 15 10.214285714285715 45.691199999999995
      vertex 15 10.5 45.691199999999995
      vertex 16.607142857142858 9.783653083592839 45.691199999999995
    endloop
  endfacet
  facet normal 0 0 -1
    outer loop
      vertex 15 10.5 45.691199999999995
      vertex 16.339392013277813 10.233578363789503 45.691199999999995
      vertex 16.607142857142858 9.783653083592839 45.691199999999995
    endloop
  endfacet
  facet normal 0 0 -1
    outer loop
      vertex 16.25 4.834936490538904 43.191199999999995
      vertex 16.25 9.165063509461095 43.191199999999995
      vertex 17.165063509461095 8.25 43.191199999999995
    endloop
  endfacet
  facet normal 0.9311174958546793 0.2494921810727514 -0.2660335702441945
    outer loop
      vertex 17.5 7 43.191199999999995
      vertex 17.165063509461095 8.25 43.191199999999995
      vertex 18.214285714285715 7 45.691199999999995
    endloop
  endfacet
  facet normal 0.6816253147819288 0.6816253147819288 -0.2660335702441946
    outer loop
      vertex 16.25 9.165063509461095 43.191199999999995
      vertex 16.607142857142858 9.783653083592839 45.691199999999995
      vertex 17.78365308359284 8.607142857142858 45.691199999999995
    endloop
  endfacet
  facet normal 0 0 -1
    outer loop
      vertex 16.607142857142858 9.783653083592839 45.691199999999995
      vertex 16.339392013277813 10.233578363789503 45.691199999999995
      vertex 17.474873734152915 9.474873734152917 45.691199999999995
    endloop
  endfacet
  facet normal 0.6816253147819288 0.6816253147819288 -0.2660335702441946
    outer loop
      vertex 16.25 9.165063509461095 43.191199999999995
      vertex 17.78365308359284 8.607142857142858 45.691199999999995
      vertex 17.165063509461095 8.25 43.191199999999995
    endloop
  endfacet
  facet normal 0 0 -1
    outer loop
      vertex 16.607142857142858 9.783653083592839 45.691199999999995
      vertex 17.474873734152915 9.474873734152917 45.691199999999995
      vertex 17.78365308359284 8.607142857142858 45.691199999999995
    endloop
  endfacet
  facet normal 0.9311174958546793 0.249492181072751 -0.26603357024419466
    outer loop
      vertex 18.214285714285715 7 45.691199999999995
      vertex 17.165063509461095 8.25 43.191199999999995
      vertex 17.78365308359284 8.607142857142858 45.691199999999995
    endloop
  endfacet
  facet normal 0 0 -1
    outer loop
      vertex 18.214285714285715 7 45.691199999999995
      vertex 17.78365308359284 8.607142857142858 45.691199999999995
      vertex 18.233578363789505 8.339392013277815 45.691199999999995
    endloop
  endfacet
  facet normal 0 0 -1
    outer loop
      vertex 17.474873734152915 9.474873734152917 45.691199999999995
      vertex 18.233578363789505 8.339392013277815 45.691199999999995
      vertex 17.78365308359284 8.607142857142858 45.691199999999995
    endloop
  endfacet
  facet normal -0.13928132531715823 -0.700214507282553 -0.7002145072825524
    outer loop
      vertex 6 1.5 62.83519999999999
      vertex 4.540274112667079 9.475909965453765 55.149647566521
      vertex 4.837238859193556 9.553512132981908 55.01297543823297
    endloop
  endfacet
  facet normal -0.13928132531715404 -0.700214507282553 -0.700214507282553
    outer loop
      vertex 6 1.5 62.83519999999999
      vertex 5.061438841440511 9.686691421979663 54.83519999999999
      vertex 6 9.5 54.83519999999999
    endloop
  endfacet
  facet normal -0.13928132531716095 -0.7002145072825529 -0.7002145072825519
    outer loop
      vertex 6 1.5 62.83519999999999
      vertex 4.837238859193556 9.553512132981908 55.01297543823297
      vertex 5.061438841440511 9.686691421979663 54.83519999999999
    endloop
  endfacet
  facet normal -0.27575083479591117 -0.4126902884153797 0.8681291395621903
    outer loop
      vertex 1.4444027426507324 2.4787778586368705 62.83519999999999
      vertex 1.5991405278014676 2.375385376120203 62.83519999999999
      vertex 1.6178175627247287 2.9203632328483904 63.10020351890131
    endloop
  endfacet
  facet normal 0 0 -1
    outer loop
      vertex 1.5 -1.5 67.88
      vertex 2.423173132075975 2.2175036991939194 67.88
      vertex 2.75 3.1650635094610964 67.88
    endloop
  endfacet
  facet normal 0.24949218107275065 0.9311174958546785 -0.26603357024419744
    outer loop
      vertex 2.124356030098136 3.3327043059457027 67.88
      vertex 2.1574633281236184 3.4909669659683926 68.46496806827267
      vertex 2.75 3.1650635094610964 67.88
    endloop
  endfacet
  facet normal 0 0 -1
    outer loop
      vertex 2.423173132075975 2.2175036991939194 67.88
      vertex 2.124356030098136 3.3327043059457027 67.88
      vertex 2.75 3.1650635094610964 67.88
    endloop
  endfacet
  facet normal 0.2494921810727497 0.9311174958546801 -0.2660335702441928
    outer loop
      vertex 2.1574633281236184 3.4909669659683926 68.46496806827267
      vertex 1.5 4.152474623251808 70.16366118138133
      vertex 3.107142857142857 3.7836530835928386 70.38
    endloop
  endfacet
  facet normal 0.24949218107275364 0.9311174958546785 -0.2660335702441945
    outer loop
      vertex 2.1574633281236184 3.4909669659683926 68.46496806827267
      vertex 3.107142857142857 3.7836530835928386 70.38
      vertex 2.75 3.1650635094610964 67.88
    endloop
  endfacet
  facet normal -0.3966396567602821 -0.5936131960090995 -0.7002145072825527
    outer loop
      vertex 1.4444027426507324 2.4787778586368705 62.83519999999999
      vertex 3.1590326673905924 9.755235806186649 55.69525698154843
      vertex 1.5991405278014676 2.375385376120203 62.83519999999999
    endloop
  endfacet
  facet normal -0.3966396567602461 -0.5936131960091149 -0.70021450728256
    outer loop
      vertex 1.4444027426507324 2.4787778586368705 62.83519999999999
      vertex 1.4897988045479056 3.032089292858963 62.34041041243391
      vertex 3.1590326673905924 9.755235806186649 55.69525698154843
    endloop
  endfacet
  facet normal -0.3966396567602889 -0.5936131960090961 -0.7002145072825516
    outer loop
      vertex 0.8880745221776657 4.743132101798977 61.230707786426976
      vertex 3.1590326673905924 9.755235806186649 55.69525698154843
      vertex 1.4897988045479056 3.032089292858963 62.34041041243391
    endloop
  endfacet
  facet normal -0.39663965676028035 -0.5936131960091005 -0.7002145072825529
    outer loop
      vertex 0.8880745221776657 4.743132101798977 61.230707786426976
      vertex -0.3104969540046286 5.940902459776674 60.89422331071556
      vertex 2.9184683854447293 9.91846838544473 55.69314380218552
    endloop
  endfacet
  facet normal -0.2757508347959125 -0.4126902884153795 0.86812913956219
    outer loop
      vertex 1.6178175627247287 2.9203632328483904 63.10020351890131
      vertex 5.434314575050762 12.434314575050761 68.8352
      vertex 1.3161221273726067 4.320892449778838 63.6701556328993
    endloop
  endfacet
  facet normal 0 0 -1
    outer loop
      vertex 2.75 -1.1650635094610964 67.88
      vertex 2.75 3.1650635094610964 67.88
      vertex 3.6650635094610964 2.25 67.88
    endloop
  endfacet
  facet normal 0.6816253147819289 0.6816253147819289 -0.2660335702441943
    outer loop
      vertex 2.75 3.1650635094610964 67.88
      vertex 4.283653083592839 2.607142857142857 70.38
      vertex 3.6650635094610964 2.25 67.88
    endloop
  endfacet
  facet normal 0.9311174958546796 0.2494921810727508 -0.2660335702441942
    outer loop
      vertex 4 1 67.88
      vertex 3.6650635094610964 2.25 67.88
      vertex 4.714285714285714 1 70.38
    endloop
  endfacet
  facet normal 0.9311174958546796 0.24949218107275065 -0.2660335702441943
    outer loop
      vertex 4.714285714285714 1 70.38
      vertex 3.6650635094610964 2.25 67.88
      vertex 4.283653083592839 2.607142857142857 70.38
    endloop
  endfacet
  facet normal 0.6816253147819289 0.6816253147819289 -0.2660335702441943
    outer loop
      vertex 2.75 3.1650635094610964 67.88
      vertex 3.107142857142857 3.7836530835928386 70.38
      vertex 4.283653083592839 2.607142857142857 70.38
    endloop
  endfacet
  facet normal -0.1392813253171535 -0.700214507282553 -0.7002145072825533
    outer loop
      vertex 6 1.5 62.83519999999999
      vertex 1.5991405278014676 2.375385376120203 62.83519999999999
      vertex 4.540274112667079 9.475909965453765 55.149647566521
    endloop
  endfacet
  facet normal -0.09683081626630717 -0.4868013866703875 0.8681291395621901
    outer loop
      vertex 6 1.5 62.83519999999999
      vertex 5.693853254107928 12.26089637399097 68.8352
      vertex 1.5991405278014676 2.375385376120203 62.83519999999999
    endloop
  endfacet
  facet normal -0.27575083479591284 -0.41269028841537936 0.8681291395621897
    outer loop
      vertex 1.5991405278014676 2.375385376120203 62.83519999999999
      vertex 5.434314575050762 12.434314575050761 68.8352
      vertex 1.6178175627247287 2.9203632328483904 63.10020351890131
    endloop
  endfacet
  facet normal -0.3966396567602809 -0.5936131960090998 -0.7002145072825531
    outer loop
      vertex 1.5991405278014676 2.375385376120203 62.83519999999999
      vertex 3.1590326673905924 9.755235806186649 55.69525698154843
      vertex 3.4232252536639063 9.62638298994775 55.65484004590746
    endloop
  endfacet
  facet normal -0.39663965676029395 -0.5936131960090937 -0.7002145072825506
    outer loop
      vertex 0.8880745221776657 4.743132101798977 61.230707786426976
      vertex 2.9184683854447293 9.91846838544473 55.69314380218552
      vertex 3.1590326673905924 9.755235806186649 55.69525698154843
    endloop
  endfacet
  facet normal -0.5936131960090908 -0.3966396567602913 -0.7002145072825551
    outer loop
      vertex -0.7021941606111982 6.2978058393888015 60.81353387959411
      vertex 2.6131463354089437 10.500320967586244 55.622390325905556
      vertex 2.675401023176921 10.305640750565308 55.67989083448679
    endloop
  endfacet
  facet normal -0.5936131960090985 -0.39663965676028184 -0.7002145072825536
    outer loop
      vertex -0.7021941606111982 6.2978058393888015 60.81353387959411
      vertex 2.675401023176921 10.305640750565308 55.67989083448679
      vertex 2.8582331145619033 9.997290797996248 55.6995594890287
    endloop
  endfacet
  facet normal -0.5936131960091174 -0.3966396567602603 -0.7002145072825496
    outer loop
      vertex -0.7021941606111982 6.2978058393888015 60.81353387959411
      vertex 2.8582331145619033 9.997290797996248 55.6995594890287
      vertex 2.9184683854447293 9.91846838544473 55.69314380218552
    endloop
  endfacet
  facet normal -0.5936131960090978 -0.39663965676028357 -0.7002145072825533
    outer loop
      vertex -0.7021941606111982 6.2978058393888015 60.81353387959411
      vertex 2.4602513951192253 11.533788120467142 55.166596280918824
      vertex 2.6131463354089437 10.500320967586244 55.622390325905556
    endloop
  endfacet
  facet normal -0.7002145072825533 -0.13928132531713366 -0.7002145072825571
    outer loop
      vertex -5.5 13 62.83519999999999
      vertex 2.4781005714852578 11.73465069320566 55.10879305469141
      vertex 2.4602513951192253 11.533788120467142 55.166596280918824
    endloop
  endfacet
  facet normal -0.700214507282553 -0.1392813253171623 -0.7002145072825516
    outer loop
      vertex -5.5 13 62.83519999999999
      vertex 2.682833419726127 12.08083432853042 54.83519999999999
      vertex 2.4781005714852578 11.73465069320566 55.10879305469141
    endloop
  endfacet
  facet normal -0.7002145072825531 -0.13928132531715282 -0.7002145072825531
    outer loop
      vertex -5.5 13 62.83519999999999
      vertex 2.5 13 54.83519999999999
      vertex 2.682833419726127 12.08083432853042 54.83519999999999
    endloop
  endfacet
  facet normal 0 0 -1
    outer loop
      vertex 2.682833419726127 12.08083432853042 54.83519999999999
      vertex 2.7857142857142856 13 54.83519999999999
      vertex 2.954627773226798 12.369606282519651 54.83519999999999
    endloop
  endfacet
  facet normal -0.7002145072825501 0.13928132531715287 -0.7002145072825563
    outer loop
      vertex 4 7 53.191199999999995
      vertex 4.300014873386898 8.508276621203088 53.191199999999995
      vertex 5.014574552701309 9.749761139915792 52.72358694536793
    endloop
  endfacet
  facet normal -0.3966396567602788 -0.593613196009101 -0.7002145072825534
    outer loop
      vertex 1.5991405278014676 2.375385376120203 62.83519999999999
      vertex 3.4232252536639063 9.62638298994775 55.65484004590746
      vertex 4.488358184119673 9.471606171062405 55.18270415844007
    endloop
  endfacet
  facet normal -0.39663965676021035 -0.5936131960091388 -0.70021450728256
    outer loop
      vertex 1.5991405278014676 2.375385376120203 62.83519999999999
      vertex 4.488358184119673 9.471606171062405 55.18270415844007
      vertex 4.540274112667079 9.475909965453765 55.149647566521
    endloop
  endfacet
  facet normal -0.534365911825205 0.10629198856814114 0.8385434308641667
    outer loop
      vertex 4 7 53.191199999999995
      vertex 6 9.99992999008274 54.0854450347104
      vertex 4.300014873386898 8.508276621203088 53.191199999999995
    endloop
  endfacet
  facet normal -0.700214507282558 0.1392813253171572 -0.7002145072825474
    outer loop
      vertex 4 7 53.191199999999995
      vertex 5.014574552701309 9.749761139915792 52.72358694536793
      vertex 5.574852947005985 10.613917809514218 52.33519999999999
    endloop
  endfacet
  facet normal -0.5343659118252042 0.10629198856814032 0.8385434308641673
    outer loop
      vertex 4 7 53.191199999999995
      vertex 7.121468470232672 9.723073948355625 54.83519999999999
      vertex 6 9.99992999008274 54.0854450347104
    endloop
  endfacet
  facet normal -0.5343659118252017 0.10629198856813585 0.8385434308641694
    outer loop
      vertex 4.300014873386898 8.508276621203088 53.191199999999995
      vertex 6 9.99992999008274 54.0854450347104
      vertex 5.7578921866098645 10.11297804688678 53.916830911673294
    endloop
  endfacet
  facet normal 0 0 -1
    outer loop
      vertex 5.061438841440511 9.686691421979663 54.83519999999999
      vertex 5.3511882031325655 9.9595628827247 54.83519999999999
      vertex 6 9.785714285714285 54.83519999999999
    endloop
  endfacet
  facet normal 0 0 -1
    outer loop
      vertex 5.061438841440511 9.686691421979663 54.83519999999999
      vertex 6 9.785714285714285 54.83519999999999
      vertex 6 9.5 54.83519999999999
    endloop
  endfacet
  facet normal -0.24949218107275195 -0.9311174958546787 -0.2660335702441958
    outer loop
      vertex 6 9.785714285714285 54.83519999999999
      vertex 5.3511882031325655 9.9595628827247 54.83519999999999
      vertex 5.78842916729845 10.051065444547032 54.10488676226065
    endloop
  endfacet
  facet normal -0.24949218107275725 -0.9311174958546777 -0.26603357024419394
    outer loop
      vertex 6 9.785714285714285 54.83519999999999
      vertex 5.78842916729845 10.051065444547032 54.10488676226065
      vertex 6 9.99992999008274 54.0854450347104
    endloop
  endfacet
  facet normal 0 0 -1
    outer loop
      vertex 3.8065121736591814 11.856080994765561 52.33519999999999
      vertex 3.5 13 52.33519999999999
      vertex 4.209199716783804 11.965653310504855 52.33519999999999
    endloop
  endfacet
  facet normal 0 0 -1
    outer loop
      vertex 4.823075328759778 10.815356015211083 52.33519999999999
      vertex 4.995035305939443 11.394710334963127 52.33519999999999
      vertex 5.628166022205509 10.881940737911469 52.33519999999999
    endloop
  endfacet
  facet normal 0 0 -1
    outer loop
      vertex 4.823075328759778 10.815356015211083 52.33519999999999
      vertex 5.628166022205509 10.881940737911469 52.33519999999999
      vertex 5.574852947005985 10.613917809514218 52.33519999999999
    endloop
  endfacet
  facet normal 0 0 -1
    outer loop
      vertex 4.995035305939443 11.394710334963127 52.33519999999999
      vertex 6 15.5 52.33519999999999
      vertex 5.628166022205509 10.881940737911469 52.33519999999999
    endloop
  endfacet
  facet normal -0.9311174958546796 -0.24949218107275084 -0.26603357024419416
    outer loop
      vertex 3.8065121736591814 11.856080994765561 52.33519999999999
      vertex 3.4856494487836582 12.503602002635423 52.85095997807112
      vertex 3.5 13 52.33519999999999
    endloop
  endfacet
  facet normal -0.9311174958546802 -0.24949218107274965 -0.26603357024419305
    outer loop
      vertex 3.4856494487836582 12.503602002635423 52.85095997807112
      vertex 3.3850420583623335 12.555500661449146 53.15441413153487
      vertex 3.5 13 52.33519999999999
    endloop
  endfacet
  facet normal -0.9311174958546791 -0.24949218107275264 -0.26603357024419444
    outer loop
      vertex 3.5 13 52.33519999999999
      vertex 3.3850420583623335 12.555500661449146 53.15441413153487
      vertex 3.0261564250444932 12.716186374988352 54.25981922302414
    endloop
  endfacet
  facet normal -0.9311174958546797 -0.24949218107275026 -0.26603357024419416
    outer loop
      vertex 2.7857142857142856 13 54.83519999999999
      vertex 3.0261564250444932 12.716186374988352 54.25981922302414
      vertex 2.954627773226798 12.369606282519651 54.83519999999999
    endloop
  endfacet
  facet normal -0.7002145072825482 0.13928132531714546 -0.7002145072825596
    outer loop
      vertex 5.014574552701309 9.749761139915792 52.72358694536793
      vertex 5.2304079936322605 10.601710088576981 52.677216686701776
      vertex 5.574852947005985 10.613917809514218 52.33519999999999
    endloop
  endfacet
  facet normal -0.2494921810727521 -0.9311174958546788 -0.2660335702441955
    outer loop
      vertex 4.823075328759778 10.815356015211083 52.33519999999999
      vertex 5.574852947005985 10.613917809514218 52.33519999999999
      vertex 5.2319551871067596 10.608153780712884 52.676951223284696
    endloop
  endfacet
  facet normal -0.7002145072825363 0.13928132531729082 -0.7002145072825425
    outer loop
      vertex 5.2304079936322605 10.601710088576981 52.677216686701776
      vertex 5.2319551871067596 10.608153780712884 52.676951223284696
      vertex 5.574852947005985 10.613917809514218 52.33519999999999
    endloop
  endfacet
  facet normal -0.24949218107275725 -0.9311174958546785 -0.26603357024419155
    outer loop
      vertex 5.78842916729845 10.051065444547032 54.10488676226065
      vertex 5.7578921866098645 10.11297804688678 53.916830911673294
      vertex 6 9.99992999008274 54.0854450347104
    endloop
  endfacet
  facet normal -0.5936131960090987 -0.3966396567602823 -0.7002145072825532
    outer loop
      vertex -0.7021941606111982 6.2978058393888015 60.81353387959411
      vertex -2.0348450043125395 6.509415961469638 61.82343320751432
      vertex 2.4602513951192253 11.533788120467142 55.166596280918824
    endloop
  endfacet
  facet normal -0.39663965676028623 -0.5936131960090961 -0.7002145072825532
    outer loop
      vertex -0.6635088400398318 6.2895938828976465 60.79858216633197
      vertex 2.9184683854447293 9.91846838544473 55.69314380218552
      vertex -0.3104969540046286 5.940902459776674 60.89422331071556
    endloop
  endfacet
  facet normal -0.3966396567601692 -0.5936131960091915 -0.7002145072825388
    outer loop
      vertex -0.6635088400398318 6.2895938828976465 60.79858216633197
      vertex -0.7021941606111982 6.2978058393888015 60.81353387959411
      vertex 2.9184683854447293 9.91846838544473 55.69314380218552
    endloop
  endfacet
  facet normal -0.41269028841537986 -0.2757508347959116 0.8681291395621901
    outer loop
      vertex -2.894761094485006 6.010231767141988 62.83519999999999
      vertex -1.66051570706936 6.171478259014584 63.47315225204512
      vertex 5.26089637399097 12.693853254107928 68.8352
    endloop
  endfacet
  facet normal -0.41269028841537814 -0.27575083479591356 0.8681291395621903
    outer loop
      vertex -1.66051570706936 6.171478259014584 63.47315225204512
      vertex -1.0310309758762226 5.968969024123777 63.70807138492551
      vertex 5.434314575050762 12.434314575050761 68.8352
    endloop
  endfacet
  facet normal -0.27575083479591195 -0.4126902884153796 0.8681291395621901
    outer loop
      vertex -1.0310309758762226 5.968969024123777 63.70807138492551
      vertex -0.04617589620879459 5.679816390299457 63.88344175274779
      vertex 5.434314575050762 12.434314575050761 68.8352
    endloop
  endfacet
  facet normal -0.2757508347959158 -0.41269028841537664 0.8681291395621902
    outer loop
      vertex 0.2618963928810377 5.375514554705862 63.83663855314211
      vertex 5.434314575050762 12.434314575050761 68.8352
      vertex -0.04617589620879459 5.679816390299457 63.88344175274779
    endloop
  endfacet
  facet normal -0.2757508347959096 -0.4126902884153811 0.8681291395621902
    outer loop
      vertex 1.3161221273726067 4.320892449778838 63.6701556328993
      vertex 5.434314575050762 12.434314575050761 68.8352
      vertex 0.2618963928810377 5.375514554705862 63.83663855314211
    endloop
  endfacet
  facet normal -0.4868013866703869 -0.09683081626630767 0.8681291395621904
    outer loop
      vertex -4.624614623879797 8.599140527801467 62.83519999999999
      vertex 5.26089637399097 12.693853254107928 68.8352
      vertex 5.2 13 68.8352
    endloop
  endfacet
  facet normal -0.2757508347959116 -0.41269028841538064 0.8681291395621897
    outer loop
      vertex 1.5991405278014676 2.375385376120203 62.83519999999999
      vertex 5.693853254107928 12.26089637399097 68.8352
      vertex 5.434314575050762 12.434314575050761 68.8352
    endloop
  endfacet
  facet normal -0.09683081626630786 -0.4868013866703875 0.86812913956219
    outer loop
      vertex 6 1.5 62.83519999999999
      vertex 6 12.2 68.8352
      vertex 5.693853254107928 12.26089637399097 68.8352
    endloop
  endfacet
  facet normal -0.41269028841537936 -0.27575083479591106 0.8681291395621904
    outer loop
      vertex -1.66051570706936 6.171478259014584 63.47315225204512
      vertex 5.434314575050762 12.434314575050761 68.8352
      vertex 5.26089637399097 12.693853254107928 68.8352
    endloop
  endfacet
  facet normal 0 0 1
    outer loop
      vertex 5.26089637399097 12.693853254107928 68.8352
      vertex 5.434314575050762 12.434314575050761 68.8352
      vertex 5.26089637399097 13.306146745892072 68.8352
    endloop
  endfacet
  facet normal 0 0 1
    outer loop
      vertex 5.693853254107928 12.26089637399097 68.8352
      vertex 5.434314575050762 13.565685424949239 68.8352
      vertex 5.434314575050762 12.434314575050761 68.8352
    endloop
  endfacet
  facet normal 0 0 1
    outer loop
      vertex 5.693853254107928 12.26089637399097 68.8352
      vertex 6 12.2 68.8352
      vertex 5.693853254107928 13.73910362600903 68.8352
    endloop
  endfacet
  facet normal 0 0 1
    outer loop
      vertex 6 12.2 68.8352
      vertex 6.306146745892072 12.26089637399097 68.8352
      vertex 6 13.8 68.8352
    endloop
  endfacet
  facet normal -0.5936131960090992 -0.3966396567602815 -0.7002145072825531
    outer loop
      vertex 7.221825406947977 -0.7781745930520234 53.191199999999995
      vertex 4.837325142375846 2.7904822439840125 53.191199999999995
      vertex 11.766421636210497 5.6606079867221855 45.691199999999995
    endloop
  endfacet
  facet normal -0.45301354578887043 -0.3026939739841992 0.838543430864167
    outer loop
      vertex 7.221825406947977 -0.7781745930520234 53.191199999999995
      vertex 14.26089637399097 6.693853254107928 59.691199999999995
      vertex 4.837325142375846 2.7904822439840125 53.191199999999995
    endloop
  endfacet
  facet normal -0.700214507282553 -0.13928132531715348 -0.7002145072825531
    outer loop
      vertex 11.766421636210497 5.6606079867221855 45.691199999999995
      vertex 4.837325142375846 2.7904822439840125 53.191199999999995
      vertex 4 7 53.191199999999995
    endloop
  endfacet
  facet normal -0.7002145072825531 -0.1392813253171537 -0.7002145072825532
    outer loop
      vertex 11.766421636210497 5.6606079867221855 45.691199999999995
      vertex 4 7 53.191199999999995
      vertex 11.5 7 45.691199999999995
    endloop
  endfacet
  facet normal -0.5343659118252044 -0.10629198856814107 0.838543430864167
    outer loop
      vertex 4.837325142375846 2.7904822439840125 53.191199999999995
      vertex 14.2 7 59.691199999999995
      vertex 4 7 53.191199999999995
    endloop
  endfacet
  facet normal 0.13928132531715362 -0.7002145072825531 -0.7002145072825531
    outer loop
      vertex 6 1.5 62.83519999999999
      vertex 6 9.5 54.83519999999999
      vertex 7.121468470232672 9.723073948355625 54.83519999999999
    endloop
  endfacet
  facet normal -0.5936131960090995 -0.39663965676028146 -0.7002145072825531
    outer loop
      vertex 7.221825406947977 -0.7781745930520234 53.191199999999995
      vertex 11.766421636210497 5.6606079867221855 45.691199999999995
      vertex 12.525126265847083 4.525126265847083 45.691199999999995
    endloop
  endfacet
  facet normal -0.39663965676028146 -0.5936131960090993 -0.7002145072825531
    outer loop
      vertex 10.790482243984012 -3.162674857624154 53.191199999999995
      vertex 12.525126265847083 4.525126265847083 45.691199999999995
      vertex 13.660607986722185 3.7664216362104965 45.691199999999995
    endloop
  endfacet
  facet normal -0.45301354578887165 -0.3026939739841993 0.8385434308641663
    outer loop
      vertex 7.221825406947977 -0.7781745930520234 53.191199999999995
      vertex 14.434314575050761 6.434314575050762 59.691199999999995
      vertex 14.26089637399097 6.693853254107928 59.691199999999995
    endloop
  endfacet
  facet normal -0.5343659118252041 -0.1062919885681421 0.838543430864167
    outer loop
      vertex 4.837325142375846 2.7904822439840125 53.191199999999995
      vertex 14.26089637399097 6.693853254107928 59.691199999999995
      vertex 14.2 7 59.691199999999995
    endloop
  endfacet
  facet normal 0.1392813253171535 -0.7002145072825531 -0.7002145072825533
    outer loop
      vertex 6 1.5 62.83519999999999
      vertex 7.121468470232672 9.723073948355625 54.83519999999999
      vertex 10.400859472198533 2.375385376120203 62.83519999999999
    endloop
  endfacet
  facet normal 0.09683081626630716 -0.4868013866703876 0.8681291395621902
    outer loop
      vertex 6 1.5 62.83519999999999
      vertex 10.400859472198533 2.375385376120203 62.83519999999999
      vertex 6 12.2 68.8352
    endloop
  endfacet
  facet normal 0.3966396567602819 -0.5936131960090995 -0.7002145072825529
    outer loop
      vertex 10.400859472198533 2.375385376120203 62.83519999999999
      vertex 9.582464640239257 9.417535359760743 56.401570080948396
      vertex 14.131727983645296 4.8682720163547035 62.83519999999999
    endloop
  endfacet
  facet normal 0.2757508347959112 -0.41269028841538 0.8681291395621901
    outer loop
      vertex 10.400859472198533 2.375385376120203 62.83519999999999
      vertex 14.131727983645296 4.8682720163547035 62.83519999999999
      vertex 6.565685424949238 12.434314575050761 68.8352
    endloop
  endfacet
  facet normal -0.7002145072825531 0.1392813253171539 -0.7002145072825531
    outer loop
      vertex 11.766421636210497 8.339392013277815 45.691199999999995
      vertex 4 7 53.191199999999995
      vertex 5.574852947005985 10.613917809514218 52.33519999999999
    endloop
  endfacet
  facet normal -0.7002145072825541 0.13928132531714976 -0.7002145072825527
    outer loop
      vertex 11.766421636210497 8.339392013277815 45.691199999999995
      vertex 5.574852947005985 10.613917809514218 52.33519999999999
      vertex 5.628166022205509 10.881940737911469 52.33519999999999
    endloop
  endfacet
  facet normal -0.7002145072825531 0.13928132531715373 -0.7002145072825531
    outer loop
      vertex 11.5 7 45.691199999999995
      vertex 4 7 53.191199999999995
      vertex 11.766421636210497 8.339392013277815 45.691199999999995
    endloop
  endfacet
  facet normal -0.5343659118252022 0.10629198856813646 0.8385434308641689
    outer loop
      vertex 4 7 53.191199999999995
      vertex 7.419266343602191 9.573587944655921 55.043921683692254
      vertex 7.121468470232672 9.723073948355625 54.83519999999999
    endloop
  endfacet
  facet normal 0.24949218107275029 -0.9311174958546796 -0.2660335702441945
    outer loop
      vertex 6 9.785714285714285 54.83519999999999
      vertex 6 9.99992999008274 54.0854450347104
      vertex 7.197767509695303 10.106655122657378 54.83519999999999
    endloop
  endfacet
  facet normal 0 0 -1
    outer loop
      vertex 6 9.5 54.83519999999999
      vertex 6 9.785714285714285 54.83519999999999
      vertex 7.121468470232672 9.723073948355625 54.83519999999999
    endloop
  endfacet
  facet normal -0.5343659118252039 0.10629198856814093 0.8385434308641673
    outer loop
      vertex 6 9.99992999008274 54.0854450347104
      vertex 7.121468470232672 9.723073948355625 54.83519999999999
      vertex 7.197767509695303 10.106655122657378 54.83519999999999
    endloop
  endfacet
  facet normal 0 0 -1
    outer loop
      vertex 6 9.785714285714285 54.83519999999999
      vertex 7.197767509695303 10.106655122657378 54.83519999999999
      vertex 7.121468470232672 9.723073948355625 54.83519999999999
    endloop
  endfacet
  facet normal 0.13928132531714973 -0.7002145072825543 -0.7002145072825527
    outer loop
      vertex 10.400859472198533 2.375385376120203 62.83519999999999
      vertex 7.121468470232672 9.723073948355625 54.83519999999999
      vertex 7.419266343602191 9.573587944655921 55.043921683692254
    endloop
  endfacet
  facet normal -0.5343659118252044 0.1062919885681417 0.8385434308641669
    outer loop
      vertex 4 7 53.191199999999995
      vertex 14.2 7 59.691199999999995
      vertex 7.419266343602191 9.573587944655921 55.043921683692254
    endloop
  endfacet
  facet normal 0.3966396567602816 -0.5936131960090993 -0.7002145072825532
    outer loop
      vertex 10.400859472198533 2.375385376120203 62.83519999999999
      vertex 7.419266343602191 9.573587944655921 55.043921683692254
      vertex 9.211752690570785 9.397570537935158 56.208503988521315
    endloop
  endfacet
  facet normal -0.5936131960090995 0.39663965676028123 -0.7002145072825532
    outer loop
      vertex 11.766421636210497 8.339392013277815 45.691199999999995
      vertex 5.628166022205509 10.881940737911469 52.33519999999999
      vertex 7.827108811643662 14.172891188356338 52.33519999999999
    endloop
  endfacet
  facet normal -0.5343659118252042 0.10629198856814233 0.838543430864167
    outer loop
      vertex 7.419266343602191 9.573587944655921 55.043921683692254
      vertex 14.2 7 59.691199999999995
      vertex 9.211752690570785 9.397570537935158 56.208503988521315
    endloop
  endfacet
  facet normal -0.45301354578885983 0.3026939739842216 0.8385434308641647
    outer loop
      vertex 9.211752690570785 9.397570537935158 56.208503988521315
      vertex 14.26089637399097 7.306146745892072 59.691199999999995
      vertex 9.582464640239257 9.417535359760743 56.401570080948396
    endloop
  endfacet
  facet normal -0.45301354578887193 0.30269397398419784 0.8385434308641666
    outer loop
      vertex 9.582464640239257 9.417535359760743 56.401570080948396
      vertex 14.26089637399097 7.306146745892072 59.691199999999995
      vertex 10.680715621915777 11.061184107790867 56.401570080948396
    endloop
  endfacet
  facet normal -0.5936131960090993 0.39663965676028123 -0.7002145072825532
    outer loop
      vertex 11.766421636210497 8.339392013277815 45.691199999999995
      vertex 7.827108811643662 14.172891188356338 52.33519999999999
      vertex 12.525126265847083 9.474873734152917 45.691199999999995
    endloop
  endfacet
  facet normal -0.39663965676027413 0.593613196009105 -0.7002145072825525
    outer loop
      vertex 12.525126265847083 9.474873734152917 45.691199999999995
      vertex 7.827108811643662 14.172891188356338 52.33519999999999
      vertex 8.07592119901412 14.339142310446976 52.33519999999999
    endloop
  endfacet
  facet normal -0.3966396567602813 0.5936131960090995 -0.7002145072825532
    outer loop
      vertex 12.525126265847083 9.474873734152917 45.691199999999995
      vertex 10.790482243984012 17.162674857624154 53.191199999999995
      vertex 13.660607986722185 10.233578363789503 45.691199999999995
    endloop
  endfacet
  facet normal -0.45301354578887887 0.30269397398418973 0.8385434308641659
    outer loop
      vertex 10.680715621915777 11.061184107790867 56.401570080948396
      vertex 14.434314575050761 7.565685424949238 59.691199999999995
      vertex 10.540208581014836 11.459791418985164 56.18177511612296
    endloop
  endfacet
  facet normal -0.302693973984199 0.4530135457888705 0.8385434308641669
    outer loop
      vertex 10.540208581014836 11.459791418985164 56.18177511612296
      vertex 14.434314575050761 7.565685424949238 59.691199999999995
      vertex 10.790482243984012 17.162674857624154 53.191199999999995
    endloop
  endfacet
  facet normal 0.7002145072825531 -0.13928132531715387 -0.7002145072825532
    outer loop
      vertex 10.540208581014836 11.459791418985164 56.18177511612296
      vertex 9.717526576902648 13 55.05272657690264
      vertex 17.5 13 62.83519999999999
    endloop
  endfacet
  facet normal 0.09683081626630795 -0.4868013866703873 0.8681291395621902
    outer loop
      vertex 6 12.2 68.8352
      vertex 10.400859472198533 2.375385376120203 62.83519999999999
      vertex 6.306146745892072 12.26089637399097 68.8352
    endloop
  endfacet
  facet normal 0.2757508347959116 -0.41269028841538064 0.8681291395621897
    outer loop
      vertex 10.400859472198533 2.375385376120203 62.83519999999999
      vertex 6.565685424949238 12.434314575050761 68.8352
      vertex 6.306146745892072 12.26089637399097 68.8352
    endloop
  endfacet
  facet normal 0 0 1
    outer loop
      vertex 6.306146745892072 12.26089637399097 68.8352
      vertex 6.565685424949238 12.434314575050761 68.8352
      vertex 6.306146745892072 13.73910362600903 68.8352
    endloop
  endfacet
  facet normal 0.41269028841538014 -0.27575083479591117 0.8681291395621901
    outer loop
      vertex 6.565685424949238 12.434314575050761 68.8352
      vertex 14.131727983645296 4.8682720163547035 62.83519999999999
      vertex 6.73910362600903 12.693853254107928 68.8352
    endloop
  endfacet
  facet normal 0.3966396567602735 -0.5936131960091026 -0.7002145072825549
    outer loop
      vertex 10.400859472198533 2.375385376120203 62.83519999999999
      vertex 9.211752690570785 9.397570537935158 56.208503988521315
      vertex 9.582464640239257 9.417535359760743 56.401570080948396
    endloop
  endfacet
  facet normal -0.5343659118252048 0.10629198856814212 0.8385434308641666
    outer loop
      vertex 9.211752690570785 9.397570537935158 56.208503988521315
      vertex 14.2 7 59.691199999999995
      vertex 14.26089637399097 7.306146745892072 59.691199999999995
    endloop
  endfacet
  facet normal 0.5936131960091005 -0.3966396567602792 -0.7002145072825534
    outer loop
      vertex 9.582464640239257 9.417535359760743 56.401570080948396
      vertex 10.680715621915777 11.061184107790867 56.401570080948396
      vertex 16.624614623879797 8.599140527801467 62.83519999999999
    endloop
  endfacet
  facet normal 0.41269028841538 -0.2757508347959112 0.8681291395621901
    outer loop
      vertex 6.73910362600903 12.693853254107928 68.8352
      vertex 14.131727983645296 4.8682720163547035 62.83519999999999
      vertex 16.624614623879797 8.599140527801467 62.83519999999999
    endloop
  endfacet
  facet normal 0.48680138667038775 -0.09683081626630662 0.8681291395621901
    outer loop
      vertex 6.73910362600903 12.693853254107928 68.8352
      vertex 16.624614623879797 8.599140527801467 62.83519999999999
      vertex 6.8 13 68.8352
    endloop
  endfacet
  facet normal 0.24949218107275026 0.931117495854678 -0.26603357024420027
    outer loop
      vertex 1.5 4.152474623251808 70.16366118138133
      vertex 1.5 4.214285714285714 70.38
      vertex 3.107142857142857 3.7836530835928386 70.38
    endloop
  endfacet
  facet normal -0.13928132531709325 0.7002145072825574 -0.700214507282561
    outer loop
      vertex 0.010800358857175937 4.662644417915268 70.83886464403592
      vertex -0.014464527340022352 4.6562408016372405 70.83748652608296
      vertex 0.20702424123122687 9.902260108881212 76.0394489780224
    endloop
  endfacet
  facet normal -0.13928132531714618 0.7002145072825531 -0.7002145072825546
    outer loop
      vertex 0.010800358857175937 4.662644417915268 70.83886464403592
      vertex 0.20702424123122687 9.902260108881212 76.0394489780224
      vertex 0.21363281756619373 4.620218608077646 70.75609294965506
    endloop
  endfacet
  facet normal 0 0 -1
    outer loop
      vertex 1.1352505064665526 4.427446814740731 70.38
      vertex 1.5 4.5 70.38
      vertex 1.2538960568896242 4.395655835319323 70.38
    endloop
  endfacet
  facet normal -0.24949218107234133 0.9311174958547792 -0.2660335702442292
    outer loop
      vertex 1.4960992913451432 4.156416892247656 70.18111729393571
      vertex 1.5 4.214285714285714 70.38
      vertex 1.5 4.152474623251808 70.16366118138133
    endloop
  endfacet
  facet normal -0.2494921810727445 0.9311174958546817 -0.2660335702441929
    outer loop
      vertex 1.4960992913451432 4.156416892247656 70.18111729393571
      vertex 1.4508471111098595 4.201115237401945 70.38
      vertex 1.5 4.214285714285714 70.38
    endloop
  endfacet
  facet normal 0 0 -1
    outer loop
      vertex 1.4508471111098595 4.201115237401945 70.38
      vertex 1.5 4.5 70.38
      vertex 1.5 4.214285714285714 70.38
    endloop
  endfacet
  facet normal 0 0 -1
    outer loop
      vertex 1.4508471111098595 4.201115237401945 70.38
      vertex 1.2538960568896242 4.395655835319323 70.38
      vertex 1.5 4.5 70.38
    endloop
  endfacet
  facet normal 0 0 -1
    outer loop
      vertex 1.5 4.214285714285714 70.38
      vertex 1.5 4.5 70.38
      vertex 3.107142857142857 3.7836530835928386 70.38
    endloop
  endfacet
  facet normal 0 0 -1
    outer loop
      vertex 1.5 4.5 70.38
      vertex 2.8393920132778145 4.233578363789503 70.38
      vertex 3.107142857142857 3.7836530835928386 70.38
    endloop
  endfacet
  facet normal 0 0 -1
    outer loop
      vertex 3.9748737341529163 3.4748737341529163 70.38
      vertex 3.107142857142857 3.7836530835928386 70.38
      vertex 2.8393920132778145 4.233578363789503 70.38
    endloop
  endfacet
  facet normal 0 0 -1
    outer loop
      vertex 4.283653083592839 2.607142857142857 70.38
      vertex 3.107142857142857 3.7836530835928386 70.38
      vertex 3.9748737341529163 3.4748737341529163 70.38
    endloop
  endfacet
  facet normal 0 0 -1
    outer loop
      vertex 4.283653083592839 2.607142857142857 70.38
      vertex 3.9748737341529163 3.4748737341529163 70.38
      vertex 4.733578363789503 2.3393920132778145 70.38
    endloop
  endfacet
  facet normal 0 0 -1
    outer loop
      vertex 4.714285714285714 1 70.38
      vertex 4.283653083592839 2.607142857142857 70.38
      vertex 4.733578363789503 2.3393920132778145 70.38
    endloop
  endfacet
  facet normal 0.3966396567602816 0.5936131960090993 -0.7002145072825532
    outer loop
      vertex 3.9748737341529163 3.4748737341529163 70.38
      vertex 2.8393920132778145 4.233578363789503 70.38
      vertex 6.474884620746167 13.010433922646728 79.88
    endloop
  endfacet
  facet normal 0.3966396567602836 0.5936131960090978 -0.7002145072825533
    outer loop
      vertex 3.9748737341529163 3.4748737341529163 70.38
      vertex 6.819864670732086 8.144953402675982 75.95066028431478
      vertex 7.470901971998222 7.819747347116779 76.04374690995938
    endloop
  endfacet
  facet normal -0.09312468225400533 0.4681693927872533 0.8787179372314561
    outer loop
      vertex -3.4748846207461668 13.010433922646728 79.88
      vertex 1.0847443212954677 2.0025158913809262 86.22809426395497
      vertex 1.1563918548557113 2.057517131549903 86.20638337971437
    endloop
  endfacet
  facet normal -0.09312468225402348 0.46816939278725106 0.8787179372314552
    outer loop
      vertex 1.1563918548557113 2.057517131549903 86.20638337971437
      vertex 1.5 2.0532708727017868 86.2450606006097
      vertex 1.5 14 79.88
    endloop
  endfacet
  facet normal 0.09312468225402347 0.4681693927872511 0.8787179372314552
    outer loop
      vertex 1.5 2.0532708727017868 86.2450606006097
      vertex 1.8436081451442887 2.057517131549903 86.20638337971437
      vertex 1.5 14 79.88
    endloop
  endfacet
  facet normal 0.0931246822540049 0.4681693927872531 0.8787179372314563
    outer loop
      vertex 1.8436081451442887 2.057517131549903 86.20638337971437
      vertex 1.915255678704532 2.0025158913809253 86.22809426395497
      vertex 6.474884620746167 13.010433922646728 79.88
    endloop
  endfacet
  facet normal 0.2651966580661919 0.3968948467015154 0.8787179372314553
    outer loop
      vertex 1.915255678704532 2.0025158913809253 86.22809426395497
      vertex 2.2546431027857436 1.7546431027857436 86.2376252197032
      vertex 10.69238815542512 10.19238815542512 79.88
    endloop
  endfacet
  facet normal 0.39689484670153424 0.2651966580661714 0.878717937231453
    outer loop
      vertex 2.2546431027857436 1.7546431027857436 86.2376252197032
      vertex 2.399948558243854 1.653850900581269 86.20241342991925
      vertex 10.69238815542512 10.19238815542512 79.88
    endloop
  endfacet
  facet normal -0.13928132531630685 0.7002145072826371 -0.7002145072826375
    outer loop
      vertex 0.21363281756619373 4.620218608077646 70.75609294965506
      vertex 0.20702424123122687 9.902260108881212 76.0394489780224
      vertex 0.20946738137531384 9.813957385963482 75.95066028431478
    endloop
  endfacet
  facet normal -0.13928132531715706 0.7002145072825527 -0.7002145072825526
    outer loop
      vertex 0.21363281756619373 4.620218608077646 70.75609294965506
      vertex 1.5 14 79.88
      vertex 1.1352505064665526 4.427446814740731 70.38
    endloop
  endfacet
  facet normal -0.13928132531715098 0.7002145072825529 -0.7002145072825541
    outer loop
      vertex 0.21363281756619373 4.620218608077646 70.75609294965506
      vertex 0.20946738137531384 9.813957385963482 75.95066028431478
      vertex 0.8997756790748573 10.04435486932532 76.04374690995938
    endloop
  endfacet
  facet normal -0.13928132531711343 0.7002145072825536 -0.7002145072825605
    outer loop
      vertex 0.21363281756619373 4.620218608077646 70.75609294965506
      vertex 0.8997756790748573 10.04435486932532 76.04374690995938
      vertex 1.5 14 79.88
    endloop
  endfacet
  facet normal -0.13928132531715354 0.7002145072825531 -0.7002145072825532
    outer loop
      vertex 1.1352505064665526 4.427446814740731 70.38
      vertex 1.5 14 79.88
      vertex 1.5 4.5 70.38
    endloop
  endfacet
  facet normal 0.1392813253171537 0.7002145072825531 -0.7002145072825531
    outer loop
      vertex 1.5 4.5 70.38
      vertex 1.5 14 79.88
      vertex 2.8393920132778145 4.233578363789503 70.38
    endloop
  endfacet
  facet normal 0.1392813253171509 0.700214507282553 -0.7002145072825536
    outer loop
      vertex 2.8393920132778145 4.233578363789503 70.38
      vertex 2.1002243209251428 10.04435486932532 76.04374690995938
      vertex 2.7905326186246864 9.813957385963482 75.95066028431478
    endloop
  endfacet
  facet normal 0.13928132531713114 0.7002145072825537 -0.7002145072825571
    outer loop
      vertex 2.8393920132778145 4.233578363789503 70.38
      vertex 1.5 14 79.88
      vertex 2.1002243209251428 10.04435486932532 76.04374690995938
    endloop
  endfacet
  facet normal -0.5068203228924062 0.6042200337429149 -0.6148587733186769
    outer loop
      vertex 0.20946738137531384 9.813957385963482 75.95066028431478
      vertex 0.20702424123122687 9.902260108881212 76.0394489780224
      vertex 0.26174332286550106 9.888421797856804 75.98074585961108
    endloop
  endfacet
  facet normal -2.018725586636222e-14 0.3746065934159667 -0.9271838545667654
    outer loop
      vertex 0.20946738137531384 9.813957385963482 75.95066028431478
      vertex 0.26174332286550106 9.888421797856804 75.98074585961108
      vertex 0.8997756790748573 10.04435486932532 76.04374690995938
    endloop
  endfacet
  facet normal -0.18323104590327444 0.904920593413631 -0.3841160025735902
    outer loop
      vertex 0.26174332286550106 9.888421797856804 75.98074585961108
      vertex 0.20702424123122687 9.902260108881212 76.0394489780224
      vertex 0.8997756790748573 10.04435486932532 76.04374690995938
    endloop
  endfacet
  facet normal 2.0187255866362238e-14 0.37460659341596664 -0.9271838545667653
    outer loop
      vertex 2.738256677134499 9.888421797856804 75.98074585961108
      vertex 2.7905326186246864 9.813957385963482 75.95066028431478
      vertex 2.1002243209251428 10.04435486932532 76.04374690995938
    endloop
  endfacet
  facet normal 0.18323104590327435 0.9049205934136307 -0.3841160025735908
    outer loop
      vertex 2.738256677134499 9.888421797856804 75.98074585961108
      vertex 2.1002243209251428 10.04435486932532 76.04374690995938
      vertex 2.7929757587687734 9.902260108881212 76.0394489780224
    endloop
  endfacet
  facet normal 0.5068203228924045 0.6042200337429156 -0.6148587733186773
    outer loop
      vertex 2.738256677134499 9.888421797856804 75.98074585961108
      vertex 2.7929757587687734 9.902260108881212 76.0394489780224
      vertex 2.7905326186246864 9.813957385963482 75.95066028431478
    endloop
  endfacet
  facet normal -0.13928132531714782 0.7002145072825533 -0.7002145072825541
    outer loop
      vertex 0.20702424123122687 9.902260108881212 76.0394489780224
      vertex 1.5 14 79.88
      vertex 0.8997756790748573 10.04435486932532 76.04374690995938
    endloop
  endfacet
  facet normal 0.13928132531714776 0.7002145072825534 -0.700214507282554
    outer loop
      vertex 2.1002243209251428 10.04435486932532 76.04374690995938
      vertex 1.5 14 79.88
      vertex 2.7929757587687734 9.902260108881212 76.0394489780224
    endloop
  endfacet
  facet normal 0.1392813253171546 0.7002145072825527 -0.7002145072825533
    outer loop
      vertex 2.8393920132778145 4.233578363789503 70.38
      vertex 2.7905326186246864 9.813957385963482 75.95066028431478
      vertex 6.474884620746167 13.010433922646728 79.88
    endloop
  endfacet
  facet normal 0.3966396567602802 0.5936131960091 -0.7002145072825533
    outer loop
      vertex 3.9748737341529163 3.4748737341529163 70.38
      vertex 6.474884620746167 13.010433922646728 79.88
      vertex 6.819864670732086 8.144953402675982 75.95066028431478
    endloop
  endfacet
  facet normal 0.13928132531717716 0.7002145072825386 -0.700214507282563
    outer loop
      vertex 2.7905326186246864 9.813957385963482 75.95066028431478
      vertex 2.7929757587687734 9.902260108881212 76.0394489780224
      vertex 6.474884620746167 13.010433922646728 79.88
    endloop
  endfacet
  facet normal 0.1392813253171536 0.7002145072825537 -0.7002145072825524
    outer loop
      vertex 2.7929757587687734 9.902260108881212 76.0394489780224
      vertex 1.5 14 79.88
      vertex 6.474884620746167 13.010433922646728 79.88
    endloop
  endfacet
  facet normal -0.09312468225400918 0.46816939278725145 0.8787179372314566
    outer loop
      vertex -3.4748846207461668 13.010433922646728 79.88
      vertex 1.1563918548557113 2.057517131549903 86.20638337971437
      vertex 1.5 14 79.88
    endloop
  endfacet
  facet normal 0.09312468225400924 0.4681693927872514 0.8787179372314565
    outer loop
      vertex 1.8436081451442887 2.057517131549903 86.20638337971437
      vertex 6.474884620746167 13.010433922646728 79.88
      vertex 1.5 14 79.88
    endloop
  endfacet
  facet normal 0.7002145072825533 0.13928132531715373 -0.700214507282553
    outer loop
      vertex 5 1 70.38
      vertex 4.733578363789503 2.3393920132778145 70.38
      vertex 11.303587260740128 1 76.68358726074013
    endloop
  endfacet
  facet normal 0.700214507282553 0.13928132531715062 -0.7002145072825536
    outer loop
      vertex 10.54435486932532 1.6002243209251428 76.04374690995938
      vertex 4.733578363789503 2.3393920132778145 70.38
      vertex 10.313957385963482 2.2905326186246864 75.95066028431478
    endloop
  endfacet
  facet normal 0.7002145072825532 0.13928132531714868 -0.7002145072825541
    outer loop
      vertex 10.54435486932532 1.6002243209251428 76.04374690995938
      vertex 11.303587260740128 1 76.68358726074013
      vertex 4.733578363789503 2.3393920132778145 70.38
    endloop
  endfacet
  facet normal 0.5936131960090993 0.3966396567602816 -0.7002145072825532
    outer loop
      vertex 3.9748737341529163 3.4748737341529163 70.38
      vertex 10.69238815542512 10.19238815542512 79.88
      vertex 4.733578363789503 2.3393920132778145 70.38
    endloop
  endfacet
  facet normal 0.5936131960090965 0.3966396567602848 -0.7002145072825537
    outer loop
      vertex 4.733578363789503 2.3393920132778145 70.38
      vertex 8.319747347116781 6.970901971998218 76.04374690995938
      vertex 8.644953402675982 6.319864670732088 75.95066028431478
    endloop
  endfacet
  facet normal 0.5936131960090999 0.39663965676028023 -0.7002145072825534
    outer loop
      vertex 4.733578363789503 2.3393920132778145 70.38
      vertex 8.644953402675982 6.319864670732088 75.95066028431478
      vertex 13.510433922646728 5.974884620746167 79.88
    endloop
  endfacet
  facet normal 0.5936131960090922 0.3966396567602854 -0.7002145072825569
    outer loop
      vertex 4.733578363789503 2.3393920132778145 70.38
      vertex 10.69238815542512 10.19238815542512 79.88
      vertex 8.319747347116781 6.970901971998218 76.04374690995938
    endloop
  endfacet
  facet normal 0.2648868624816286 0.26488686248160853 -0.9271838545667672
    outer loop
      vertex 8.644953402675982 6.319864670732088 75.95066028431478
      vertex 8.319747347116781 6.970901971998218 76.04374690995938
      vertex 8.660643020562198 6.409483634059545 75.98074585961108
    endloop
  endfacet
  facet normal 0.769439403120249 0.5103115729560288 -0.3841160025735694
    outer loop
      vertex 8.660643020562198 6.409483634059545 75.98074585961108
      vertex 8.319747347116781 6.970901971998218 76.04374690995938
      vertex 8.709120417811619 6.380576563941177 76.0394489780224
    endloop
  endfacet
  facet normal 0.7856241703487643 0.0688719960279865 -0.6148587733186676
    outer loop
      vertex 8.644953402675982 6.319864670732088 75.95066028431478
      vertex 8.660643020562198 6.409483634059545 75.98074585961108
      vertex 8.709120417811619 6.380576563941177 76.0394489780224
    endloop
  endfacet
  facet normal 0.7002145072825527 0.1392813253171546 -0.7002145072825533
    outer loop
      vertex 4.733578363789503 2.3393920132778145 70.38
      vertex 13.510433922646728 5.974884620746167 79.88
      vertex 10.313957385963482 2.2905326186246864 75.95066028431478
    endloop
  endfacet
  facet normal 0.7002145072825529 0.13928132531714765 -0.7002145072825546
    outer loop
      vertex 10.54435486932532 1.6002243209251428 76.04374690995938
      vertex 10.402260108881212 2.2929757587687734 76.0394489780224
      vertex 11.303587260740128 1 76.68358726074013
    endloop
  endfacet
  facet normal 0.37460659341596664 2.0187255866362238e-14 -0.9271838545667653
    outer loop
      vertex 10.388421797856804 2.238256677134499 75.98074585961108
      vertex 10.54435486932532 1.6002243209251428 76.04374690995938
      vertex 10.313957385963482 2.2905326186246864 75.95066028431478
    endloop
  endfacet
  facet normal 0.9049205934136307 0.18323104590327435 -0.3841160025735908
    outer loop
      vertex 10.388421797856804 2.238256677134499 75.98074585961108
      vertex 10.402260108881212 2.2929757587687734 76.0394489780224
      vertex 10.54435486932532 1.6002243209251428 76.04374690995938
    endloop
  endfacet
  facet normal 0.6042200337429156 0.5068203228924045 -0.6148587733186773
    outer loop
      vertex 10.388421797856804 2.238256677134499 75.98074585961108
      vertex 10.313957385963482 2.2905326186246864 75.95066028431478
      vertex 10.402260108881212 2.2929757587687734 76.0394489780224
    endloop
  endfacet
  facet normal 0.7002145072825547 0.13928132531715026 -0.7002145072825521
    outer loop
      vertex 11.303587260740128 1 76.68358726074013
      vertex 10.402260108881212 2.2929757587687734 76.0394489780224
      vertex 13.969680985543341 3.6660937248032157 79.88
    endloop
  endfacet
  facet normal 0.7002145072825386 0.13928132531717716 -0.700214507282563
    outer loop
      vertex 10.313957385963482 2.2905326186246864 75.95066028431478
      vertex 13.510433922646728 5.974884620746167 79.88
      vertex 10.402260108881212 2.2929757587687734 76.0394489780224
    endloop
  endfacet
  facet normal 0.7002145072825537 0.13928132531715343 -0.7002145072825524
    outer loop
      vertex 10.402260108881212 2.2929757587687734 76.0394489780224
      vertex 13.510433922646728 5.974884620746167 79.88
      vertex 13.969680985543341 3.6660937248032157 79.88
    endloop
  endfacet
  facet normal 0.46816939278725034 0.09312468225400954 0.8787179372314571
    outer loop
      vertex 11 2.2830604562228043 81.60877804479915
      vertex 13.444040235285268 4.013850170828271 80.1232
      vertex 13.510433922646728 5.974884620746167 79.88
    endloop
  endfacet
  facet normal 0.5936131960091039 0.39663965676026297 -0.7002145072825597
    outer loop
      vertex 8.644953402675982 6.319864670732088 75.95066028431478
      vertex 8.709120417811619 6.380576563941177 76.0394489780224
      vertex 13.510433922646728 5.974884620746167 79.88
    endloop
  endfacet
  facet normal 0.39689484670150293 0.2651966580662086 0.8787179372314559
    outer loop
      vertex 2.476291960455802 1.4043933708566105 86.24321719501344
      vertex 13.510433922646728 5.974884620746167 79.88
      vertex 2.399948558243854 1.653850900581269 86.20241342991925
    endloop
  endfacet
  facet normal 0.46816939278725167 0.09312468225400909 0.8787179372314564
    outer loop
      vertex 2.476291960455802 1.4043933708566105 86.24321719501344
      vertex 9.913331486978883 1 82.32371683070797
      vertex 11 2.2830604562228043 81.60877804479915
    endloop
  endfacet
  facet normal 0.46816939278725184 0.09312468225400827 0.8787179372314565
    outer loop
      vertex 2.476291960455802 1.4043933708566105 86.24321719501344
      vertex 11 2.2830604562228043 81.60877804479915
      vertex 13.510433922646728 5.974884620746167 79.88
    endloop
  endfacet
  facet normal 0.3968948467015063 0.2651966580662013 0.8787179372314566
    outer loop
      vertex 2.399948558243854 1.653850900581269 86.20241342991925
      vertex 13.510433922646728 5.974884620746167 79.88
      vertex 10.69238815542512 10.19238815542512 79.88
    endloop
  endfacet
  facet normal 0.3966396567602824 0.5936131960090985 -0.7002145072825535
    outer loop
      vertex 3.9748737341529163 3.4748737341529163 70.38
      vertex 7.470901971998222 7.819747347116779 76.04374690995938
      vertex 10.69238815542512 10.19238815542512 79.88
    endloop
  endfacet
  facet normal 0.06887199602798506 0.7856241703487645 -0.6148587733186675
    outer loop
      vertex 6.819864670732086 8.144953402675982 75.95066028431478
      vertex 6.880576563941176 8.209120417811619 76.0394489780224
      vertex 6.909483634059545 8.160643020562198 75.98074585961108
    endloop
  endfacet
  facet normal 0.264886862481605 0.2648868624816237 -0.9271838545667697
    outer loop
      vertex 6.819864670732086 8.144953402675982 75.95066028431478
      vertex 6.909483634059545 8.160643020562198 75.98074585961108
      vertex 7.470901971998222 7.819747347116779 76.04374690995938
    endloop
  endfacet
  facet normal 0.510311572956029 0.7694394031202518 -0.38411600257356393
    outer loop
      vertex 6.909483634059545 8.160643020562198 75.98074585961108
      vertex 6.880576563941176 8.209120417811619 76.0394489780224
      vertex 7.470901971998222 7.819747347116779 76.04374690995938
    endloop
  endfacet
  facet normal 0.3966396567602587 0.5936131960091049 -0.7002145072825614
    outer loop
      vertex 6.819864670732086 8.144953402675982 75.95066028431478
      vertex 6.474884620746167 13.010433922646728 79.88
      vertex 6.880576563941176 8.209120417811619 76.0394489780224
    endloop
  endfacet
  facet normal 0.593613196009095 0.39663965676028595 -0.7002145072825543
    outer loop
      vertex 8.709120417811619 6.380576563941177 76.0394489780224
      vertex 8.319747347116781 6.970901971998218 76.04374690995938
      vertex 10.69238815542512 10.19238815542512 79.88
    endloop
  endfacet
  facet normal 0.39663965676028523 0.5936131960090959 -0.700214507282554
    outer loop
      vertex 6.880576563941176 8.209120417811619 76.0394489780224
      vertex 10.69238815542512 10.19238815542512 79.88
      vertex 7.470901971998222 7.819747347116779 76.04374690995938
    endloop
  endfacet
  facet normal 0.3966396567602818 0.5936131960090998 -0.7002145072825525
    outer loop
      vertex 6.880576563941176 8.209120417811619 76.0394489780224
      vertex 6.474884620746167 13.010433922646728 79.88
      vertex 10.69238815542512 10.19238815542512 79.88
    endloop
  endfacet
  facet normal 0.5936131960090998 0.3966396567602818 -0.7002145072825525
    outer loop
      vertex 8.709120417811619 6.380576563941177 76.0394489780224
      vertex 10.69238815542512 10.19238815542512 79.88
      vertex 13.510433922646728 5.974884620746167 79.88
    endloop
  endfacet
  facet normal 0.2651966580662013 0.3968948467015064 0.8787179372314565
    outer loop
      vertex 1.915255678704532 2.0025158913809253 86.22809426395497
      vertex 10.69238815542512 10.19238815542512 79.88
      vertex 6.474884620746167 13.010433922646728 79.88
    endloop
  endfacet
  facet normal -0.7002145072825531 0.1392813253171537 -0.7002145072825531
    outer loop
      vertex -5.5 13 62.83519999999999
      vertex 2.7664216362104965 14.339392013277815 54.83519999999999
      vertex 2.5 13 54.83519999999999
    endloop
  endfacet
  facet normal 0 0 -1
    outer loop
      vertex 2.682833419726127 12.08083432853042 54.83519999999999
      vertex 2.5 13 54.83519999999999
      vertex 2.7664216362104965 14.339392013277815 54.83519999999999
    endloop
  endfacet
  facet normal 0 0 -1
    outer loop
      vertex 2.682833419726127 12.08083432853042 54.83519999999999
      vertex 2.7664216362104965 14.339392013277815 54.83519999999999
      vertex 2.7857142857142856 13 54.83519999999999
    endloop
  endfacet
  facet normal -0.5936131960090996 0.39663965676028134 -0.7002145072825531
    outer loop
      vertex -2.1317279836452965 21.1317279836453 62.83519999999999
      vertex 3.5251262658470837 15.474873734152917 54.83519999999999
      vertex 2.7664216362104965 14.339392013277815 54.83519999999999
    endloop
  endfacet
  facet normal 0 0 -1
    outer loop
      vertex 4.209199716783804 11.965653310504855 52.33519999999999
      vertex 3.5 13 52.33519999999999
      vertex 3.8349364905389036 14.25 52.33519999999999
    endloop
  endfacet
  facet normal 0 0 -1
    outer loop
      vertex 4.209199716783804 11.965653310504855 52.33519999999999
      vertex 3.8349364905389036 14.25 52.33519999999999
      vertex 4.75 15.165063509461095 52.33519999999999
    endloop
  endfacet
  facet normal 0 0 -1
    outer loop
      vertex 4.209199716783804 11.965653310504855 52.33519999999999
      vertex 4.75 15.165063509461095 52.33519999999999
      vertex 4.5802209531424545 11.96565331050485 52.33519999999999
    endloop
  endfacet
  facet normal 0 0 -1
    outer loop
      vertex 4.5802209531424545 11.96565331050485 52.33519999999999
      vertex 4.75 15.165063509461095 52.33519999999999
      vertex 4.880383438630607 11.747572499485905 52.33519999999999
    endloop
  endfacet
  facet normal 0 0 -1
    outer loop
      vertex 4.880383438630607 11.747572499485905 52.33519999999999
      vertex 6 15.5 52.33519999999999
      vertex 4.995035305939443 11.394710334963127 52.33519999999999
    endloop
  endfacet
  facet normal 0 0 -1
    outer loop
      vertex 4.880383438630607 11.747572499485905 52.33519999999999
      vertex 4.75 15.165063509461095 52.33519999999999
      vertex 6 15.5 52.33519999999999
    endloop
  endfacet
  facet normal -0.9311174958546796 -0.24949218107275004 -0.2660335702441942
    outer loop
      vertex 2.7857142857142856 13 54.83519999999999
      vertex 3.5 13 52.33519999999999
      vertex 3.0261564250444932 12.716186374988352 54.25981922302414
    endloop
  endfacet
  facet normal -0.9311174958546796 0.24949218107275062 -0.2660335702441942
    outer loop
      vertex 2.7857142857142856 13 54.83519999999999
      vertex 3.2163469164071614 14.607142857142858 54.83519999999999
      vertex 3.5 13 52.33519999999999
    endloop
  endfacet
  facet normal -0.9311174958546794 0.24949218107275078 -0.26603357024419433
    outer loop
      vertex 3.5 13 52.33519999999999
      vertex 3.2163469164071614 14.607142857142858 54.83519999999999
      vertex 3.8349364905389036 14.25 52.33519999999999
    endloop
  endfacet
  facet normal 0 0 -1
    outer loop
      vertex 2.7857142857142856 13 54.83519999999999
      vertex 2.7664216362104965 14.339392013277815 54.83519999999999
      vertex 3.2163469164071614 14.607142857142858 54.83519999999999
    endloop
  endfacet
  facet normal 0 0 -1
    outer loop
      vertex 2.7664216362104965 14.339392013277815 54.83519999999999
      vertex 3.5251262658470837 15.474873734152917 54.83519999999999
      vertex 3.2163469164071614 14.607142857142858 54.83519999999999
    endloop
  endfacet
  facet normal -0.681625314781929 0.681625314781929 -0.2660335702441944
    outer loop
      vertex 3.8349364905389036 14.25 52.33519999999999
      vertex 3.2163469164071614 14.607142857142858 54.83519999999999
      vertex 4.392857142857142 15.783653083592839 54.83519999999999
    endloop
  endfacet
  facet normal -0.6816253147819286 0.6816253147819292 -0.2660335702441946
    outer loop
      vertex 3.8349364905389036 14.25 52.33519999999999
      vertex 4.392857142857142 15.783653083592839 54.83519999999999
      vertex 4.75 15.165063509461095 52.33519999999999
    endloop
  endfacet
  facet normal 0 0 -1
    outer loop
      vertex 3.2163469164071614 14.607142857142858 54.83519999999999
      vertex 3.5251262658470837 15.474873734152917 54.83519999999999
      vertex 4.392857142857142 15.783653083592839 54.83519999999999
    endloop
  endfacet
  facet normal -0.249492181072751 0.9311174958546793 -0.26603357024419466
    outer loop
      vertex 4.75 15.165063509461095 52.33519999999999
      vertex 4.392857142857142 15.783653083592839 54.83519999999999
      vertex 6 16.214285714285715 54.83519999999999
    endloop
  endfacet
  facet normal -0.2494921810727514 0.9311174958546793 -0.2660335702441945
    outer loop
      vertex 4.75 15.165063509461095 52.33519999999999
      vertex 6 16.214285714285715 54.83519999999999
      vertex 6 15.5 52.33519999999999
    endloop
  endfacet
  facet normal 0 0 -1
    outer loop
      vertex 3.5251262658470837 15.474873734152917 54.83519999999999
      vertex 4.6606079867221855 16.233578363789505 54.83519999999999
      vertex 4.392857142857142 15.783653083592839 54.83519999999999
    endloop
  endfacet
  facet normal -0.3966396567602821 0.5936131960090991 -0.700214507282553
    outer loop
      vertex 3.5251262658470837 15.474873734152917 54.83519999999999
      vertex 1.5991405278014676 23.624614623879797 62.83519999999999
      vertex 4.6606079867221855 16.233578363789505 54.83519999999999
    endloop
  endfacet
  facet normal 0 0 -1
    outer loop
      vertex 4.392857142857142 15.783653083592839 54.83519999999999
      vertex 4.6606079867221855 16.233578363789505 54.83519999999999
      vertex 6 16.214285714285715 54.83519999999999
    endloop
  endfacet
  facet normal 0 0 -1
    outer loop
      vertex 4.6606079867221855 16.233578363789505 54.83519999999999
      vertex 6 16.5 54.83519999999999
      vertex 6 16.214285714285715 54.83519999999999
    endloop
  endfacet
  facet normal -0.4868013866703869 0.09683081626630767 0.8681291395621904
    outer loop
      vertex -4.624614623879797 17.400859472198533 62.83519999999999
      vertex 5.2 13 68.8352
      vertex 5.26089637399097 13.306146745892072 68.8352
    endloop
  endfacet
  facet normal -0.4126902884153801 0.27575083479591117 0.8681291395621901
    outer loop
      vertex -4.624614623879797 17.400859472198533 62.83519999999999
      vertex 5.26089637399097 13.306146745892072 68.8352
      vertex -2.1317279836452965 21.1317279836453 62.83519999999999
    endloop
  endfacet
  facet normal 0 0 1
    outer loop
      vertex 5.26089637399097 12.693853254107928 68.8352
      vertex 5.26089637399097 13.306146745892072 68.8352
      vertex 5.2 13 68.8352
    endloop
  endfacet
  facet normal 0 0 1
    outer loop
      vertex 5.26089637399097 13.306146745892072 68.8352
      vertex 5.434314575050762 12.434314575050761 68.8352
      vertex 5.434314575050762 13.565685424949239 68.8352
    endloop
  endfacet
  facet normal 0 0 1
    outer loop
      vertex 5.693853254107928 12.26089637399097 68.8352
      vertex 5.693853254107928 13.73910362600903 68.8352
      vertex 5.434314575050762 13.565685424949239 68.8352
    endloop
  endfacet
  facet normal 0 0 1
    outer loop
      vertex 6 12.2 68.8352
      vertex 6 13.8 68.8352
      vertex 5.693853254107928 13.73910362600903 68.8352
    endloop
  endfacet
  facet normal -0.41269028841538086 0.2757508347959105 0.86812913956219
    outer loop
      vertex -2.1317279836452965 21.1317279836453 62.83519999999999
      vertex 5.26089637399097 13.306146745892072 68.8352
      vertex 5.434314575050762 13.565685424949239 68.8352
    endloop
  endfacet
  facet normal -0.2757508347959108 0.4126902884153803 0.8681291395621902
    outer loop
      vertex 5.434314575050762 13.565685424949239 68.8352
      vertex 5.693853254107928 13.73910362600903 68.8352
      vertex 1.5991405278014676 23.624614623879797 62.83519999999999
    endloop
  endfacet
  facet normal -0.09683081626630799 0.4868013866703875 0.86812913956219
    outer loop
      vertex 5.693853254107928 13.73910362600903 68.8352
      vertex 6 13.8 68.8352
      vertex 6 24.5 62.83519999999999
    endloop
  endfacet
  facet normal 0.09683081626630799 0.4868013866703875 0.86812913956219
    outer loop
      vertex 6 13.8 68.8352
      vertex 6.306146745892072 13.73910362600903 68.8352
      vertex 6 24.5 62.83519999999999
    endloop
  endfacet
  facet normal -0.1392813253171528 0.7002145072825532 -0.7002145072825532
    outer loop
      vertex 4.6606079867221855 16.233578363789505 54.83519999999999
      vertex 6 24.5 62.83519999999999
      vertex 6 16.5 54.83519999999999
    endloop
  endfacet
  facet normal -0.39663965676028146 0.5936131960090995 -0.7002145072825531
    outer loop
      vertex -2.1317279836452965 21.1317279836453 62.83519999999999
      vertex 1.5991405278014676 23.624614623879797 62.83519999999999
      vertex 3.5251262658470837 15.474873734152917 54.83519999999999
    endloop
  endfacet
  facet normal -0.27575083479591106 0.41269028841538014 0.8681291395621901
    outer loop
      vertex -2.1317279836452965 21.1317279836453 62.83519999999999
      vertex 5.434314575050762 13.565685424949239 68.8352
      vertex 1.5991405278014676 23.624614623879797 62.83519999999999
    endloop
  endfacet
  facet normal -0.13928132531715356 0.7002145072825532 -0.7002145072825531
    outer loop
      vertex 4.6606079867221855 16.233578363789505 54.83519999999999
      vertex 1.5991405278014676 23.624614623879797 62.83519999999999
      vertex 6 24.5 62.83519999999999
    endloop
  endfacet
  facet normal -0.09683081626630718 0.4868013866703876 0.8681291395621901
    outer loop
      vertex 5.693853254107928 13.73910362600903 68.8352
      vertex 6 24.5 62.83519999999999
      vertex 1.5991405278014676 23.624614623879797 62.83519999999999
    endloop
  endfacet
  facet normal 0 0 -1
    outer loop
      vertex 5.628166022205509 10.881940737911469 52.33519999999999
      vertex 6 15.5 52.33519999999999
      vertex 7.827108811643662 14.172891188356338 52.33519999999999
    endloop
  endfacet
  facet normal 0 0 -1
    outer loop
      vertex 6 15.5 52.33519999999999
      vertex 7.25 15.165063509461095 52.33519999999999
      vertex 7.827108811643662 14.172891188356338 52.33519999999999
    endloop
  endfacet
  facet normal 0 0 -1
    outer loop
      vertex 7.25 15.165063509461095 52.33519999999999
      vertex 8.07592119901412 14.339142310446976 52.33519999999999
      vertex 7.827108811643662 14.172891188356338 52.33519999999999
    endloop
  endfacet
  facet normal 0.24949218107275137 0.9311174958546792 -0.26603357024419466
    outer loop
      vertex 6 15.5 52.33519999999999
      vertex 7.607142857142858 15.783653083592839 54.83519999999999
      vertex 7.25 15.165063509461095 52.33519999999999
    endloop
  endfacet
  facet normal 0.6816253147819287 0.6816253147819287 -0.26603357024419544
    outer loop
      vertex 7.25 15.165063509461095 52.33519999999999
      vertex 7.670910580981816 15.078243712947705 53.191199999999995
      vertex 8.07592119901412 14.339142310446976 52.33519999999999
    endloop
  endfacet
  facet normal 0.6816253147819274 0.6816253147819302 -0.2660335702441947
    outer loop
      vertex 7.25 15.165063509461095 52.33519999999999
      vertex 7.607142857142858 15.783653083592839 54.83519999999999
      vertex 7.670910580981816 15.078243712947705 53.191199999999995
    endloop
  endfacet
  facet normal -0.30269397398419534 0.4530135457888712 0.8385434308641678
    outer loop
      vertex 9.199196893371367 13.056312246278654 54.83519999999999
      vertex 9.454823696374463 13.227116615324926 54.83519999999999
      vertex 8.53622694273484 14.464291308113943 53.83523915679759
    endloop
  endfacet
  facet normal 0 0 -1
    outer loop
      vertex 9.199196893371367 13.056312246278654 54.83519999999999
      vertex 9.233578363789503 14.339392013277815 54.83519999999999
      vertex 9.454823696374463 13.227116615324926 54.83519999999999
    endloop
  endfacet
  facet normal 0.9311174958546792 0.24949218107275073 -0.26603357024419566
    outer loop
      vertex 9.199196893371367 13.056312246278654 54.83519999999999
      vertex 8.53622694273484 14.464291308113943 53.83523915679759
      vertex 8.783653083592839 14.607142857142858 54.83519999999999
    endloop
  endfacet
  facet normal 0 0 -1
    outer loop
      vertex 9.199196893371367 13.056312246278654 54.83519999999999
      vertex 8.783653083592839 14.607142857142858 54.83519999999999
      vertex 9.233578363789503 14.339392013277815 54.83519999999999
    endloop
  endfacet
  facet normal 0.6816253147819287 0.6816253147819287 -0.2660335702441955
    outer loop
      vertex 7.607142857142858 15.783653083592839 54.83519999999999
      vertex 8.783653083592839 14.607142857142858 54.83519999999999
      vertex 8.53622694273484 14.464291308113943 53.83523915679759
    endloop
  endfacet
  facet normal 0.6816253147819299 0.6816253147819282 -0.26603357024419383
    outer loop
      vertex 7.670910580981816 15.078243712947705 53.191199999999995
      vertex 7.607142857142858 15.783653083592839 54.83519999999999
      vertex 8.53622694273484 14.464291308113943 53.83523915679759
    endloop
  endfacet
  facet normal 0 0 -1
    outer loop
      vertex 7.607142857142858 15.783653083592839 54.83519999999999
      vertex 8.474873734152917 15.474873734152917 54.83519999999999
      vertex 8.783653083592839 14.607142857142858 54.83519999999999
    endloop
  endfacet
  facet normal 0 0 -1
    outer loop
      vertex 8.783653083592839 14.607142857142858 54.83519999999999
      vertex 8.474873734152917 15.474873734152917 54.83519999999999
      vertex 9.233578363789503 14.339392013277815 54.83519999999999
    endloop
  endfacet
  facet normal -0.396639656760281 0.5936131960090983 -0.7002145072825541
    outer loop
      vertex 8.07592119901412 14.339142310446976 52.33519999999999
      vertex 7.670910580981816 15.078243712947705 53.191199999999995
      vertex 10.790482243984012 17.162674857624154 53.191199999999995
    endloop
  endfacet
  facet normal -0.3026939739842004 0.45301354578887215 0.8385434308641656
    outer loop
      vertex 7.670910580981816 15.078243712947705 53.191199999999995
      vertex 8.53622694273484 14.464291308113943 53.83523915679759
      vertex 10.790482243984012 17.162674857624154 53.191199999999995
    endloop
  endfacet
  facet normal 0.24949218107275106 0.9311174958546795 -0.2660335702441945
    outer loop
      vertex 6 15.5 52.33519999999999
      vertex 6 16.214285714285715 54.83519999999999
      vertex 7.607142857142858 15.783653083592839 54.83519999999999
    endloop
  endfacet
  facet normal 0 0 -1
    outer loop
      vertex 6 16.214285714285715 54.83519999999999
      vertex 6 16.5 54.83519999999999
      vertex 7.607142857142858 15.783653083592839 54.83519999999999
    endloop
  endfacet
  facet normal 0 0 -1
    outer loop
      vertex 6 16.5 54.83519999999999
      vertex 7.3393920132778145 16.233578363789505 54.83519999999999
      vertex 7.607142857142858 15.783653083592839 54.83519999999999
    endloop
  endfacet
  facet normal 0 0 -1
    outer loop
      vertex 7.607142857142858 15.783653083592839 54.83519999999999
      vertex 7.3393920132778145 16.233578363789505 54.83519999999999
      vertex 8.474873734152917 15.474873734152917 54.83519999999999
    endloop
  endfacet
  facet normal 0.396639656760282 0.5936131960090991 -0.700214507282553
    outer loop
      vertex 8.474873734152917 15.474873734152917 54.83519999999999
      vertex 7.3393920132778145 16.233578363789505 54.83519999999999
      vertex 10.400859472198533 23.624614623879797 62.83519999999999
    endloop
  endfacet
  facet normal -0.396639656760282 0.5936131960090992 -0.7002145072825531
    outer loop
      vertex 12.525126265847083 9.474873734152917 45.691199999999995
      vertex 8.07592119901412 14.339142310446976 52.33519999999999
      vertex 10.790482243984012 17.162674857624154 53.191199999999995
    endloop
  endfacet
  facet normal 0.7002145072825549 0.13928132531715365 -0.7002145072825514
    outer loop
      vertex 9.717526576902648 13 55.05272657690264
      vertex 9.454823696374463 13.227116615324926 54.83519999999999
      vertex 9.233578363789503 14.339392013277815 54.83519999999999
    endloop
  endfacet
  facet normal -0.30269397398419795 0.4530135457888706 0.8385434308641674
    outer loop
      vertex 10.540208581014836 11.459791418985164 56.18177511612296
      vertex 10.790482243984012 17.162674857624154 53.191199999999995
      vertex 9.717526576902648 13 55.05272657690264
    endloop
  endfacet
  facet normal -0.3026939739841971 0.45301354578887 0.8385434308641679
    outer loop
      vertex 9.454823696374463 13.227116615324926 54.83519999999999
      vertex 10.790482243984012 17.162674857624154 53.191199999999995
      vertex 8.53622694273484 14.464291308113943 53.83523915679759
    endloop
  endfacet
  facet normal -0.3026939739842038 0.45301354578887104 0.8385434308641649
    outer loop
      vertex 9.717526576902648 13 55.05272657690264
      vertex 10.790482243984012 17.162674857624154 53.191199999999995
      vertex 9.454823696374463 13.227116615324926 54.83519999999999
    endloop
  endfacet
  facet normal 0.7002145072825531 0.13928132531715273 -0.7002145072825532
    outer loop
      vertex 9.717526576902648 13 55.05272657690264
      vertex 9.233578363789503 14.339392013277815 54.83519999999999
      vertex 17.5 13 62.83519999999999
    endloop
  endfacet
  facet normal 0.5936131960090996 0.39663965676028134 -0.7002145072825531
    outer loop
      vertex 9.233578363789503 14.339392013277815 54.83519999999999
      vertex 8.474873734152917 15.474873734152917 54.83519999999999
      vertex 14.131727983645296 21.1317279836453 62.83519999999999
    endloop
  endfacet
  facet normal 0 0 1
    outer loop
      vertex 6.306146745892072 12.26089637399097 68.8352
      vertex 6.306146745892072 13.73910362600903 68.8352
      vertex 6 13.8 68.8352
    endloop
  endfacet
  facet normal 0 0 1
    outer loop
      vertex 6.565685424949238 12.434314575050761 68.8352
      vertex 6.565685424949238 13.565685424949239 68.8352
      vertex 6.306146745892072 13.73910362600903 68.8352
    endloop
  endfacet
  facet normal 0 0 1
    outer loop
      vertex 6.565685424949238 12.434314575050761 68.8352
      vertex 6.73910362600903 12.693853254107928 68.8352
      vertex 6.565685424949238 13.565685424949239 68.8352
    endloop
  endfacet
  facet normal 0 0 1
    outer loop
      vertex 6.73910362600903 12.693853254107928 68.8352
      vertex 6.73910362600903 13.306146745892072 68.8352
      vertex 6.565685424949238 13.565685424949239 68.8352
    endloop
  endfacet
  facet normal 0 0 1
    outer loop
      vertex 6.73910362600903 12.693853254107928 68.8352
      vertex 6.8 13 68.8352
      vertex 6.73910362600903 13.306146745892072 68.8352
    endloop
  endfacet
  facet normal 0.2757508347959107 0.41269028841538025 0.8681291395621902
    outer loop
      vertex 6.306146745892072 13.73910362600903 68.8352
      vertex 6.565685424949238 13.565685424949239 68.8352
      vertex 10.400859472198533 23.624614623879797 62.83519999999999
    endloop
  endfacet
  facet normal 0.4126902884153801 0.2757508347959111 0.8681291395621901
    outer loop
      vertex 6.73910362600903 13.306146745892072 68.8352
      vertex 14.131727983645296 21.1317279836453 62.83519999999999
      vertex 6.565685424949238 13.565685424949239 68.8352
    endloop
  endfacet
  facet normal 0.4868013866703878 0.09683081626630663 0.8681291395621901
    outer loop
      vertex 6.8 13 68.8352
      vertex 16.624614623879797 17.400859472198533 62.83519999999999
      vertex 6.73910362600903 13.306146745892072 68.8352
    endloop
  endfacet
  facet normal 0.41269028841538014 0.27575083479591117 0.8681291395621901
    outer loop
      vertex 6.73910362600903 13.306146745892072 68.8352
      vertex 16.624614623879797 17.400859472198533 62.83519999999999
      vertex 14.131727983645296 21.1317279836453 62.83519999999999
    endloop
  endfacet
  facet normal 0.1392813253171528 0.7002145072825532 -0.7002145072825532
    outer loop
      vertex 6 16.5 54.83519999999999
      vertex 6 24.5 62.83519999999999
      vertex 7.3393920132778145 16.233578363789505 54.83519999999999
    endloop
  endfacet
  facet normal 0.13928132531715354 0.7002145072825532 -0.7002145072825531
    outer loop
      vertex 6 24.5 62.83519999999999
      vertex 10.400859472198533 23.624614623879797 62.83519999999999
      vertex 7.3393920132778145 16.233578363789505 54.83519999999999
    endloop
  endfacet
  facet normal 0.09683081626630716 0.4868013866703876 0.8681291395621902
    outer loop
      vertex 6 24.5 62.83519999999999
      vertex 6.306146745892072 13.73910362600903 68.8352
      vertex 10.400859472198533 23.624614623879797 62.83519999999999
    endloop
  endfacet
  facet normal 0.3966396567602815 0.5936131960090993 -0.7002145072825531
    outer loop
      vertex 8.474873734152917 15.474873734152917 54.83519999999999
      vertex 10.400859472198533 23.624614623879797 62.83519999999999
      vertex 14.131727983645296 21.1317279836453 62.83519999999999
    endloop
  endfacet
  facet normal 0.27575083479591117 0.41269028841538014 0.8681291395621901
    outer loop
      vertex 6.565685424949238 13.565685424949239 68.8352
      vertex 14.131727983645296 21.1317279836453 62.83519999999999
      vertex 10.400859472198533 23.624614623879797 62.83519999999999
    endloop
  endfacet
  facet normal -0.30269397398419995 -0.4530135457888707 0.8385434308641666
    outer loop
      vertex 10.790482243984012 -3.162674857624154 53.191199999999995
      vertex 14.693853254107928 6.26089637399097 59.691199999999995
      vertex 14.434314575050761 6.434314575050762 59.691199999999995
    endloop
  endfacet
  facet normal -0.106291988568142 -0.5343659118252044 0.8385434308641669
    outer loop
      vertex 15 -4 53.191199999999995
      vertex 15 6.2 59.691199999999995
      vertex 14.693853254107928 6.26089637399097 59.691199999999995
    endloop
  endfacet
  facet normal 0.3966396567602814 -0.5936131960090995 -0.7002145072825532
    outer loop
      vertex 19.209517756015988 -3.162674857624154 53.191199999999995
      vertex 16.339392013277813 3.7664216362104965 45.691199999999995
      vertex 17.474873734152915 4.525126265847083 45.691199999999995
    endloop
  endfacet
  facet normal 0.1062919885681421 -0.5343659118252041 0.838543430864167
    outer loop
      vertex 19.209517756015988 -3.162674857624154 53.191199999999995
      vertex 15.306146745892072 6.26089637399097 59.691199999999995
      vertex 15 6.2 59.691199999999995
    endloop
  endfacet
  facet normal 0.30269397398419995 -0.4530135457888707 0.8385434308641666
    outer loop
      vertex 19.209517756015988 -3.162674857624154 53.191199999999995
      vertex 15.565685424949239 6.434314575050762 59.691199999999995
      vertex 15.306146745892072 6.26089637399097 59.691199999999995
    endloop
  endfacet
  facet normal 0.4530135457888723 -0.3026939739841998 0.8385434308641657
    outer loop
      vertex 22.77817459305202 -0.7781745930520234 53.191199999999995
      vertex 15.73910362600903 6.693853254107928 59.691199999999995
      vertex 15.565685424949239 6.434314575050762 59.691199999999995
    endloop
  endfacet
  facet normal 0.5343659118252042 -0.10629198856814195 0.838543430864167
    outer loop
      vertex 15.73910362600903 6.693853254107928 59.691199999999995
      vertex 25.162674857624154 2.7904822439840125 53.191199999999995
      vertex 15.8 7 59.691199999999995
    endloop
  endfacet
  facet normal 0 0 1
    outer loop
      vertex 14.26089637399097 6.693853254107928 59.691199999999995
      vertex 14.434314575050761 6.434314575050762 59.691199999999995
      vertex 14.26089637399097 7.306146745892072 59.691199999999995
    endloop
  endfacet
  facet normal 0 0 1
    outer loop
      vertex 14.26089637399097 6.693853254107928 59.691199999999995
      vertex 14.26089637399097 7.306146745892072 59.691199999999995
      vertex 14.2 7 59.691199999999995
    endloop
  endfacet
  facet normal 0 0 1
    outer loop
      vertex 14.693853254107928 6.26089637399097 59.691199999999995
      vertex 14.434314575050761 7.565685424949238 59.691199999999995
      vertex 14.434314575050761 6.434314575050762 59.691199999999995
    endloop
  endfacet
  facet normal 0 0 1
    outer loop
      vertex 14.693853254107928 6.26089637399097 59.691199999999995
      vertex 15 6.2 59.691199999999995
      vertex 14.693853254107928 7.73910362600903 59.691199999999995
    endloop
  endfacet
  facet normal 0 0 1
    outer loop
      vertex 15 6.2 59.691199999999995
      vertex 15.306146745892072 6.26089637399097 59.691199999999995
      vertex 15 7.8 59.691199999999995
    endloop
  endfacet
  facet normal 0 0 1
    outer loop
      vertex 15.306146745892072 6.26089637399097 59.691199999999995
      vertex 15.565685424949239 6.434314575050762 59.691199999999995
      vertex 15.306146745892072 7.73910362600903 59.691199999999995
    endloop
  endfacet
  facet normal 0 0 1
    outer loop
      vertex 15.565685424949239 6.434314575050762 59.691199999999995
      vertex 15.73910362600903 6.693853254107928 59.691199999999995
      vertex 15.565685424949239 7.565685424949238 59.691199999999995
    endloop
  endfacet
  facet normal 0 0 1
    outer loop
      vertex 15.73910362600903 6.693853254107928 59.691199999999995
      vertex 15.8 7 59.691199999999995
      vertex 15.73910362600903 7.306146745892072 59.691199999999995
    endloop
  endfacet
  facet normal -0.30269397398419995 0.4530135457888707 0.8385434308641666
    outer loop
      vertex 10.790482243984012 17.162674857624154 53.191199999999995
      vertex 14.434314575050761 7.565685424949238 59.691199999999995
      vertex 14.693853254107928 7.73910362600903 59.691199999999995
    endloop
  endfacet
  facet normal -0.10629198856814046 0.5343659118252045 0.838543430864167
    outer loop
      vertex 14.693853254107928 7.73910362600903 59.691199999999995
      vertex 15 7.8 59.691199999999995
      vertex 15 18 53.191199999999995
    endloop
  endfacet
  facet normal 0.10629198856814046 0.5343659118252045 0.838543430864167
    outer loop
      vertex 15 7.8 59.691199999999995
      vertex 15.306146745892072 7.73910362600903 59.691199999999995
      vertex 15 18 53.191199999999995
    endloop
  endfacet
  facet normal 0.5343659118252041 0.10629198856814194 0.8385434308641672
    outer loop
      vertex 15.8 7 59.691199999999995
      vertex 25.162674857624154 11.209517756015988 53.191199999999995
      vertex 15.73910362600903 7.306146745892072 59.691199999999995
    endloop
  endfacet
  facet normal 0.45301354578887076 0.3026939739841989 0.8385434308641668
    outer loop
      vertex 15.565685424949239 7.565685424949238 59.691199999999995
      vertex 15.73910362600903 7.306146745892072 59.691199999999995
      vertex 22.77817459305202 14.778174593052023 53.191199999999995
    endloop
  endfacet
  facet normal 0.39663965676028123 0.5936131960090993 -0.7002145072825532
    outer loop
      vertex 16.339392013277813 10.233578363789503 45.691199999999995
      vertex 19.209517756015988 17.162674857624154 53.191199999999995
      vertex 17.474873734152915 9.474873734152917 45.691199999999995
    endloop
  endfacet
  facet normal 0.3026939739841991 0.4530135457888704 0.8385434308641669
    outer loop
      vertex 15.306146745892072 7.73910362600903 59.691199999999995
      vertex 15.565685424949239 7.565685424949238 59.691199999999995
      vertex 19.209517756015988 17.162674857624154 53.191199999999995
    endloop
  endfacet
  facet normal 0.5936131960090996 -0.3966396567602819 -0.7002145072825529
    outer loop
      vertex 9.582464640239257 9.417535359760743 56.401570080948396
      vertex 16.624614623879797 8.599140527801467 62.83519999999999
      vertex 14.131727983645296 4.8682720163547035 62.83519999999999
    endloop
  endfacet
  facet normal 0 0 1
    outer loop
      vertex 14.26089637399097 7.306146745892072 59.691199999999995
      vertex 14.434314575050761 6.434314575050762 59.691199999999995
      vertex 14.434314575050761 7.565685424949238 59.691199999999995
    endloop
  endfacet
  facet normal -0.453013545788871 0.3026939739841991 0.8385434308641667
    outer loop
      vertex 10.680715621915777 11.061184107790867 56.401570080948396
      vertex 14.26089637399097 7.306146745892072 59.691199999999995
      vertex 14.434314575050761 7.565685424949238 59.691199999999995
    endloop
  endfacet
  facet normal 0 0 1
    outer loop
      vertex 14.693853254107928 6.26089637399097 59.691199999999995
      vertex 14.693853254107928 7.73910362600903 59.691199999999995
      vertex 14.434314575050761 7.565685424949238 59.691199999999995
    endloop
  endfacet
  facet normal 0 0 1
    outer loop
      vertex 15 6.2 59.691199999999995
      vertex 15 7.8 59.691199999999995
      vertex 14.693853254107928 7.73910362600903 59.691199999999995
    endloop
  endfacet
  facet normal 0 0 1
    outer loop
      vertex 15.306146745892072 6.26089637399097 59.691199999999995
      vertex 15.306146745892072 7.73910362600903 59.691199999999995
      vertex 15 7.8 59.691199999999995
    endloop
  endfacet
  facet normal 0 0 1
    outer loop
      vertex 15.565685424949239 6.434314575050762 59.691199999999995
      vertex 15.565685424949239 7.565685424949238 59.691199999999995
      vertex 15.306146745892072 7.73910362600903 59.691199999999995
    endloop
  endfacet
  facet normal 0 0 1
    outer loop
      vertex 15.73910362600903 6.693853254107928 59.691199999999995
      vertex 15.73910362600903 7.306146745892072 59.691199999999995
      vertex 15.565685424949239 7.565685424949238 59.691199999999995
    endloop
  endfacet
  facet normal 0.7002145072825531 -0.13928132531715487 -0.7002145072825531
    outer loop
      vertex 10.680715621915777 11.061184107790867 56.401570080948396
      vertex 10.540208581014836 11.459791418985164 56.18177511612296
      vertex 17.5 13 62.83519999999999
    endloop
  endfacet
  facet normal 0.7002145072825531 -0.1392813253171534 -0.7002145072825533
    outer loop
      vertex 10.680715621915777 11.061184107790867 56.401570080948396
      vertex 17.5 13 62.83519999999999
      vertex 16.624614623879797 8.599140527801467 62.83519999999999
    endloop
  endfacet
  facet normal 0.4868013866703876 -0.09683081626630717 0.8681291395621902
    outer loop
      vertex 6.8 13 68.8352
      vertex 16.624614623879797 8.599140527801467 62.83519999999999
      vertex 17.5 13 62.83519999999999
    endloop
  endfacet
  facet normal 0.5936131960090985 -0.39663965676028234 -0.7002145072825534
    outer loop
      vertex 22.77817459305202 -0.7781745930520234 53.191199999999995
      vertex 17.474873734152915 4.525126265847083 45.691199999999995
      vertex 18.233578363789505 5.6606079867221855 45.691199999999995
    endloop
  endfacet
  facet normal 0.5936131960090992 -0.3966396567602818 -0.700214507282553
    outer loop
      vertex 22.77817459305202 -0.7781745930520234 53.191199999999995
      vertex 18.233578363789505 5.6606079867221855 45.691199999999995
      vertex 25.162674857624154 2.7904822439840125 53.191199999999995
    endloop
  endfacet
  facet normal 0.4530135457888703 -0.30269397398419934 0.8385434308641669
    outer loop
      vertex 22.77817459305202 -0.7781745930520234 53.191199999999995
      vertex 25.162674857624154 2.7904822439840125 53.191199999999995
      vertex 15.73910362600903 6.693853254107928 59.691199999999995
    endloop
  endfacet
  facet normal 0.7002145072825532 -0.13928132531715282 -0.7002145072825532
    outer loop
      vertex 18.233578363789505 5.6606079867221855 45.691199999999995
      vertex 18.5 7 45.691199999999995
      vertex 26 7 53.191199999999995
    endloop
  endfacet
  facet normal 0.5343659118252044 -0.10629198856814107 0.838543430864167
    outer loop
      vertex 15.8 7 59.691199999999995
      vertex 25.162674857624154 2.7904822439840125 53.191199999999995
      vertex 26 7 53.191199999999995
    endloop
  endfacet
  facet normal 0.7002145072825531 -0.1392813253171535 -0.7002145072825531
    outer loop
      vertex 18.233578363789505 5.6606079867221855 45.691199999999995
      vertex 26 7 53.191199999999995
      vertex 25.162674857624154 2.7904822439840125 53.191199999999995
    endloop
  endfacet
  facet normal 0.7002145072825532 0.13928132531715282 -0.7002145072825532
    outer loop
      vertex 18.5 7 45.691199999999995
      vertex 18.233578363789505 8.339392013277815 45.691199999999995
      vertex 26 7 53.191199999999995
    endloop
  endfacet
  facet normal 0.5343659118252044 0.10629198856814107 0.838543430864167
    outer loop
      vertex 15.8 7 59.691199999999995
      vertex 26 7 53.191199999999995
      vertex 25.162674857624154 11.209517756015988 53.191199999999995
    endloop
  endfacet
  facet normal 0.5936131960090986 0.3966396567602825 -0.7002145072825532
    outer loop
      vertex 17.474873734152915 9.474873734152917 45.691199999999995
      vertex 22.77817459305202 14.778174593052023 53.191199999999995
      vertex 18.233578363789505 8.339392013277815 45.691199999999995
    endloop
  endfacet
  facet normal 0.5936131960090992 0.39663965676028173 -0.7002145072825531
    outer loop
      vertex 18.233578363789505 8.339392013277815 45.691199999999995
      vertex 22.77817459305202 14.778174593052023 53.191199999999995
      vertex 25.162674857624154 11.209517756015988 53.191199999999995
    endloop
  endfacet
  facet normal 0.4530135457888703 0.3026939739841994 0.8385434308641669
    outer loop
      vertex 15.73910362600903 7.306146745892072 59.691199999999995
      vertex 25.162674857624154 11.209517756015988 53.191199999999995
      vertex 22.77817459305202 14.778174593052023 53.191199999999995
    endloop
  endfacet
  facet normal 0.7002145072825531 0.1392813253171535 -0.7002145072825531
    outer loop
      vertex 18.233578363789505 8.339392013277815 45.691199999999995
      vertex 25.162674857624154 11.209517756015988 53.191199999999995
      vertex 26 7 53.191199999999995
    endloop
  endfacet
  facet normal 0.13928132531715237 0.7002145072825534 -0.7002145072825532
    outer loop
      vertex 12.339392013277815 -2.7664216362104965 73.1232
      vertex 13.969680985543341 3.6660937248032157 79.88
      vertex 15.018176039833442 3.700735091368511 80.1232
    endloop
  endfacet
  facet normal 0.11005689066680881 0.5532933528298237 0.8256839265306587
    outer loop
      vertex 11 2.2830604562228043 81.60877804479915
      vertex 15.018176039833442 3.700735091368511 80.1232
      vertex 13.444040235285268 4.013850170828271 80.1232
    endloop
  endfacet
  facet normal 0.13928132531715343 0.7002145072825521 -0.7002145072825542
    outer loop
      vertex 13.444040235285268 4.013850170828271 80.1232
      vertex 15.018176039833442 3.700735091368511 80.1232
      vertex 13.969680985543341 3.6660937248032157 79.88
    endloop
  endfacet
  facet normal 0.4681693927872528 0.09312468225400936 0.8787179372314557
    outer loop
      vertex 13.444040235285268 4.013850170828271 80.1232
      vertex 13.969680985543341 3.6660937248032157 79.88
      vertex 13.510433922646728 5.974884620746167 79.88
    endloop
  endfacet
  facet normal -0.13928132531715348 0.700214507282553 -0.7002145072825531
    outer loop
      vertex 13.660607986722185 10.233578363789503 45.691199999999995
      vertex 10.790482243984012 17.162674857624154 53.191199999999995
      vertex 15 18 53.191199999999995
    endloop
  endfacet
  facet normal -0.1392813253171537 0.7002145072825531 -0.7002145072825532
    outer loop
      vertex 13.660607986722185 10.233578363789503 45.691199999999995
      vertex 15 18 53.191199999999995
      vertex 15 10.5 45.691199999999995
    endloop
  endfacet
  facet normal 0.1392813253171539 0.7002145072825531 -0.7002145072825531
    outer loop
      vertex 15 10.5 45.691199999999995
      vertex 15 18 53.191199999999995
      vertex 16.339392013277813 10.233578363789503 45.691199999999995
    endloop
  endfacet
  facet normal -0.10629198856814107 0.5343659118252044 0.838543430864167
    outer loop
      vertex 10.790482243984012 17.162674857624154 53.191199999999995
      vertex 14.693853254107928 7.73910362600903 59.691199999999995
      vertex 15 18 53.191199999999995
    endloop
  endfacet
  facet normal 0.13928132531715348 0.7002145072825531 -0.7002145072825531
    outer loop
      vertex 16.339392013277813 10.233578363789503 45.691199999999995
      vertex 15 18 53.191199999999995
      vertex 19.209517756015988 17.162674857624154 53.191199999999995
    endloop
  endfacet
  facet normal 0.10629198856814105 0.5343659118252044 0.8385434308641669
    outer loop
      vertex 15.306146745892072 7.73910362600903 59.691199999999995
      vertex 19.209517756015988 17.162674857624154 53.191199999999995
      vertex 15 18 53.191199999999995
    endloop
  endfacet
  facet normal 0.3026939739841994 0.45301354578887026 0.838543430864167
    outer loop
      vertex 15.565685424949239 7.565685424949238 59.691199999999995
      vertex 22.77817459305202 14.778174593052023 53.191199999999995
      vertex 19.209517756015988 17.162674857624154 53.191199999999995
    endloop
  endfacet
  facet normal 0.7002145072825531 0.1392813253171535 -0.7002145072825531
    outer loop
      vertex 9.233578363789503 14.339392013277815 54.83519999999999
      vertex 16.624614623879797 17.400859472198533 62.83519999999999
      vertex 17.5 13 62.83519999999999
    endloop
  endfacet
  facet normal 0.4868013866703876 0.09683081626630717 0.8681291395621902
    outer loop
      vertex 6.8 13 68.8352
      vertex 17.5 13 62.83519999999999
      vertex 16.624614623879797 17.400859472198533 62.83519999999999
    endloop
  endfacet
  facet normal 0.5936131960090993 0.39663965676028157 -0.7002145072825531
    outer loop
      vertex 9.233578363789503 14.339392013277815 54.83519999999999
      vertex 14.131727983645296 21.1317279836453 62.83519999999999
      vertex 16.624614623879797 17.400859472198533 62.83519999999999
    endloop
  endfacet
  facet normal 0.39663965676028173 0.5936131960090993 -0.7002145072825531
    outer loop
      vertex 17.474873734152915 9.474873734152917 45.691199999999995
      vertex 19.209517756015988 17.162674857624154 53.191199999999995
      vertex 22.77817459305202 14.778174593052023 53.191199999999995
    endloop
  endfacet
  facet normal -0.6371734728477956 -0.7030125923351745 0.3158848849141999
    outer loop
      vertex -13.9566522516002 -17.006229973980215 0
      vertex -13.576016281102012 -16.54242370196257 1.8
      vertex -15.132085117392117 -15.132085117392117 1.8
    endloop
  endfacet
  facet normal -0.7620813162525887 -0.5651980245024435 0.3158848849141996
    outer loop
      vertex -18.292331470655995 -12.222545126431248 0
      vertex -16.54242370196257 -13.576016281102012 1.8
      vertex -17.793449703274465 -11.889202986619486 1.8
    endloop
  endfacet
  facet normal -0.7620813162525889 -0.5651980245024433 0.31588488491419997
    outer loop
      vertex -17.006229973980215 -13.9566522516002 0
      vertex -16.54242370196257 -13.576016281102012 1.8
      vertex -18.292331470655995 -12.222545126431248 0
    endloop
  endfacet
  facet normal -0.8138107804984662 -0.48777941021246507 0.3158848849141997
    outer loop
      vertex -18.292331470655995 -12.222545126431248 0
      vertex -17.793449703274465 -11.889202986619486 1.8
      vertex -19.402267815663812 -10.370728210171949 0
    endloop
  endfacet
  facet normal -0.8138107804984662 -0.48777941021246496 0.31588488491419964
    outer loop
      vertex -19.402267815663812 -10.370728210171949 0
      vertex -17.793449703274465 -11.889202986619486 1.8
      vertex -18.873115057054797 -10.087890168076349 1.8
    endloop
  endfacet
  facet normal -0.7030125923351742 -0.6371734728477965 0.3158848849141991
    outer loop
      vertex -17.006229973980215 -13.9566522516002 0
      vertex -15.556349186104047 -15.556349186104047 0
      vertex -15.132085117392117 -15.132085117392117 1.8
    endloop
  endfacet
  facet normal -0.7030125923351745 -0.6371734728477956 0.3158848849141999
    outer loop
      vertex -17.006229973980215 -13.9566522516002 0
      vertex -15.132085117392117 -15.132085117392117 1.8
      vertex -16.54242370196257 -13.576016281102012 1.8
    endloop
  endfacet
  facet normal -0.6371734728477965 -0.7030125923351742 0.3158848849141991
    outer loop
      vertex -13.9566522516002 -17.006229973980215 0
      vertex -15.132085117392117 -15.132085117392117 1.8
      vertex -15.556349186104047 -15.556349186104047 0
    endloop
  endfacet
  facet normal -0.8933346767575475 -0.3196402583925116 0.3158848849141988
    outer loop
      vertex -20.325349715248308 -8.419035512031975 0
      vertex -19.771021995741535 -8.189425452612921 1.8
      vertex -21.052687386108595 -6.386262899598171 0
    endloop
  endfacet
  facet normal -0.8933346767575474 -0.31964025839251103 0.3158848849141993
    outer loop
      vertex -21.052687386108595 -6.386262899598171 0
      vertex -19.771021995741535 -8.189425452612921 1.8
      vertex -20.478523184669267 -6.212092093245493 1.8
    endloop
  endfacet
  facet normal -0.920363250177591 -0.23053899280877482 0.31588488491419925
    outer loop
      vertex -21.052687386108595 -6.386262899598171 0
      vertex -20.478523184669267 -6.212092093245493 1.8
      vertex -21.57727616887107 -4.291987084354822 0
    endloop
  endfacet
  facet normal -0.9203632501775911 -0.23053899280877585 0.3158848849141982
    outer loop
      vertex -21.57727616887107 -4.291987084354822 0
      vertex -20.478523184669267 -6.212092093245493 1.8
      vertex -20.98880500062913 -4.174932891145144 1.8
    endloop
  endfacet
  facet normal -0.9385282223766942 -0.1392175106988571 0.3158848849141982
    outer loop
      vertex -21.57727616887107 -4.291987084354822 0
      vertex -20.98880500062913 -4.174932891145144 1.8
      vertex -21.894063986788332 -2.156377087250333 0
    endloop
  endfacet
  facet normal -0.9385282223766938 -0.1392175106988558 0.3158848849141995
    outer loop
      vertex -21.894063986788332 -2.156377087250333 0
      vertex -20.98880500062913 -4.174932891145144 1.8
      vertex -21.29695315078501 -2.097566803052597 1.8
    endloop
  endfacet
  facet normal 0 0 -1
    outer loop
      vertex -20.325349715248308 -8.419035512031975 0
      vertex -21.052687386108595 -6.386262899598171 0
      vertex -20.325349715248308 8.419035512031975 0
    endloop
  endfacet
  facet normal 0 0 1
    outer loop
      vertex -20.478523184669267 -6.212092093245493 1.8
      vertex -20.98880500062913 4.174932891145144 1.8
      vertex -20.98880500062913 -4.174932891145144 1.8
    endloop
  endfacet
  facet normal -0.9476546547425947 -0.04655528785687559 0.31588488491419947
    outer loop
      vertex -21.894063986788332 -2.156377087250333 0
      vertex -21.29695315078501 -2.097566803052597 1.8
      vertex -22 0 0
    endloop
  endfacet
  facet normal 0 0 -1
    outer loop
      vertex -21.052687386108595 -6.386262899598171 0
      vertex -21.57727616887107 -4.291987084354822 0
      vertex -21.052687386108595 6.386262899598171 0
    endloop
  endfacet
  facet normal 0 0 -1
    outer loop
      vertex -21.57727616887107 -4.291987084354822 0
      vertex -21.894063986788332 -2.156377087250333 0
      vertex -21.57727616887107 4.291987084354822 0
    endloop
  endfacet
  facet normal -0.9476546547425948 -0.04655528785687607 0.315884884914199
    outer loop
      vertex -21.29695315078501 -2.097566803052597 1.8
      vertex -21.4 0 1.8
      vertex -22 0 0
    endloop
  endfacet
  facet normal 0 0 1
    outer loop
      vertex -20.98880500062913 -4.174932891145144 1.8
      vertex -21.29695315078501 2.097566803052597 1.8
      vertex -21.29695315078501 -2.097566803052597 1.8
    endloop
  endfacet
  facet normal 0 0 -1
    outer loop
      vertex -21.894063986788332 -2.156377087250333 0
      vertex -22 0 0
      vertex -21.894063986788332 2.156377087250333 0
    endloop
  endfacet
  facet normal 0 0 1
    outer loop
      vertex -21.29695315078501 -2.097566803052597 1.8
      vertex -21.29695315078501 2.097566803052597 1.8
      vertex -21.4 0 1.8
    endloop
  endfacet
  facet normal -0.9476546547425948 0.04655528785687607 0.315884884914199
    outer loop
      vertex -22 0 0
      vertex -21.4 0 1.8
      vertex -21.29695315078501 2.097566803052597 1.8
    endloop
  endfacet
  facet normal 0 0 1
    outer loop
      vertex -20.98880500062913 -4.174932891145144 1.8
      vertex -20.98880500062913 4.174932891145144 1.8
      vertex -21.29695315078501 2.097566803052597 1.8
    endloop
  endfacet
  facet normal -0.8577028020539198 -0.4056632135547881 0.31588488491419964
    outer loop
      vertex -19.402267815663812 -10.370728210171949 0
      vertex -18.873115057054797 -10.087890168076349 1.8
      vertex -20.325349715248308 -8.419035512031975 0
    endloop
  endfacet
  facet normal -0.8577028020539195 -0.40566321355478896 0.31588488491419875
    outer loop
      vertex -20.325349715248308 -8.419035512031975 0
      vertex -18.873115057054797 -10.087890168076349 1.8
      vertex -19.771021995741535 -8.189425452612921 1.8
    endloop
  endfacet
  facet normal 0 0 -1
    outer loop
      vertex -17.006229973980215 -13.9566522516002 0
      vertex -15.556349186104047 15.556349186104047 0
      vertex -15.556349186104047 -15.556349186104047 0
    endloop
  endfacet
  facet normal 0 0 1
    outer loop
      vertex -16.54242370196257 -13.576016281102012 1.8
      vertex -15.132085117392117 -15.132085117392117 1.8
      vertex -16.54242370196257 13.576016281102012 1.8
    endloop
  endfacet
  facet normal 0 0 1
    outer loop
      vertex -13.576016281102012 -16.54242370196257 1.8
      vertex -15.132085117392117 15.132085117392117 1.8
      vertex -15.132085117392117 -15.132085117392117 1.8
    endloop
  endfacet
  facet normal 0 0 -1
    outer loop
      vertex -13.9566522516002 -17.006229973980215 0
      vertex -15.556349186104047 -15.556349186104047 0
      vertex -13.9566522516002 17.006229973980215 0
    endloop
  endfacet
  facet normal 0 0 1
    outer loop
      vertex -19.771021995741535 -8.189425452612921 1.8
      vertex -18.873115057054797 -10.087890168076349 1.8
      vertex -19.771021995741535 8.189425452612921 1.8
    endloop
  endfacet
  facet normal 0 0 -1
    outer loop
      vertex -19.402267815663812 -10.370728210171949 0
      vertex -20.325349715248308 -8.419035512031975 0
      vertex -19.402267815663812 10.370728210171949 0
    endloop
  endfacet
  facet normal 0 0 1
    outer loop
      vertex -19.771021995741535 -8.189425452612921 1.8
      vertex -20.478523184669267 6.212092093245493 1.8
      vertex -20.478523184669267 -6.212092093245493 1.8
    endloop
  endfacet
  facet normal 0 0 1
    outer loop
      vertex -17.793449703274465 -11.889202986619486 1.8
      vertex -18.873115057054797 10.087890168076349 1.8
      vertex -18.873115057054797 -10.087890168076349 1.8
    endloop
  endfacet
  facet normal 0 0 -1
    outer loop
      vertex -18.292331470655995 -12.222545126431248 0
      vertex -19.402267815663812 -10.370728210171949 0
      vertex -18.292331470655995 12.222545126431248 0
    endloop
  endfacet
  facet normal 0 0 -1
    outer loop
      vertex -17.006229973980215 -13.9566522516002 0
      vertex -18.292331470655995 -12.222545126431248 0
      vertex -17.006229973980215 13.9566522516002 0
    endloop
  endfacet
  facet normal 0 0 1
    outer loop
      vertex -16.54242370196257 -13.576016281102012 1.8
      vertex -17.793449703274465 11.889202986619486 1.8
      vertex -17.793449703274465 -11.889202986619486 1.8
    endloop
  endfacet
  facet normal -0.5651980245024433 -0.7620813162525889 0.31588488491419997
    outer loop
      vertex -13.9566522516002 -17.006229973980215 0
      vertex -12.222545126431248 -18.292331470655995 0
      vertex -13.576016281102012 -16.54242370196257 1.8
    endloop
  endfacet
  facet normal -0.5651980245024435 -0.7620813162525887 0.3158848849141996
    outer loop
      vertex -12.222545126431248 -18.292331470655995 0
      vertex -11.889202986619486 -17.793449703274465 1.8
      vertex -13.576016281102012 -16.54242370196257 1.8
    endloop
  endfacet
  facet normal -0.48777941021246507 -0.8138107804984662 0.3158848849141997
    outer loop
      vertex -12.222545126431248 -18.292331470655995 0
      vertex -10.370728210171949 -19.402267815663812 0
      vertex -11.889202986619486 -17.793449703274465 1.8
    endloop
  endfacet
  facet normal -0.48777941021246496 -0.8138107804984662 0.31588488491419964
    outer loop
      vertex -10.370728210171949 -19.402267815663812 0
      vertex -10.087890168076349 -18.873115057054797 1.8
      vertex -11.889202986619486 -17.793449703274465 1.8
    endloop
  endfacet
  facet normal -0.4056632135547881 -0.8577028020539198 0.31588488491419964
    outer loop
      vertex -10.370728210171949 -19.402267815663812 0
      vertex -8.419035512031975 -20.325349715248308 0
      vertex -10.087890168076349 -18.873115057054797 1.8
    endloop
  endfacet
  facet normal -0.40566321355478896 -0.8577028020539195 0.31588488491419875
    outer loop
      vertex -8.419035512031975 -20.325349715248308 0
      vertex -8.189425452612921 -19.771021995741535 1.8
      vertex -10.087890168076349 -18.873115057054797 1.8
    endloop
  endfacet
  facet normal -0.3196402583925116 -0.8933346767575475 0.3158848849141988
    outer loop
      vertex -8.419035512031975 -20.325349715248308 0
      vertex -6.386262899598171 -21.052687386108595 0
      vertex -8.189425452612921 -19.771021995741535 1.8
    endloop
  endfacet
  facet normal 0 0 1
    outer loop
      vertex -10.087890168076349 -18.873115057054797 1.8
      vertex -8.189425452612921 -19.771021995741535 1.8
      vertex -9.4601731129754 -4.555779260734362 1.8
    endloop
  endfacet
  facet normal 0 0 1
    outer loop
      vertex -8.189425452612921 -19.771021995741535 1.8
      vertex -6.212092093245493 -20.478523184669267 1.8
      vertex -8.209230565914313 -6.546642919516704 1.8
    endloop
  endfacet
  facet normal -0.23053899280877482 -0.920363250177591 0.31588488491419925
    outer loop
      vertex -6.386262899598171 -21.052687386108595 0
      vertex -4.291987084354822 -21.57727616887107 0
      vertex -6.212092093245493 -20.478523184669267 1.8
    endloop
  endfacet
  facet normal -0.31964025839251103 -0.8933346767575474 0.3158848849141993
    outer loop
      vertex -6.386262899598171 -21.052687386108595 0
      vertex -6.212092093245493 -20.478523184669267 1.8
      vertex -8.189425452612921 -19.771021995741535 1.8
    endloop
  endfacet
  facet normal -0.23053899280877585 -0.9203632501775911 0.3158848849141982
    outer loop
      vertex -4.291987084354822 -21.57727616887107 0
      vertex -4.174932891145144 -20.98880500062913 1.8
      vertex -6.212092093245493 -20.478523184669267 1.8
    endloop
  endfacet
  facet normal 0 0 1
    outer loop
      vertex -6.212092093245493 -20.478523184669267 1.8
      vertex -4.174932891145144 -20.98880500062913 1.8
      vertex -6.546642919516704 -8.209230565914313 1.8
    endloop
  endfacet
  facet normal -0.1392175106988571 -0.9385282223766942 0.3158848849141982
    outer loop
      vertex -4.291987084354822 -21.57727616887107 0
      vertex -2.156377087250333 -21.894063986788332 0
      vertex -4.174932891145144 -20.98880500062913 1.8
    endloop
  endfacet
  facet normal -0.1392175106988558 -0.9385282223766938 0.3158848849141995
    outer loop
      vertex -2.156377087250333 -21.894063986788332 0
      vertex -2.097566803052597 -21.29695315078501 1.8
      vertex -4.174932891145144 -20.98880500062913 1.8
    endloop
  endfacet
  facet normal -0.04655528785687559 -0.9476546547425947 0.31588488491419947
    outer loop
      vertex -2.156377087250333 -21.894063986788332 0
      vertex 0 -22 0
      vertex -2.097566803052597 -21.29695315078501 1.8
    endloop
  endfacet
  facet normal -0.04655528785687607 -0.9476546547425948 0.315884884914199
    outer loop
      vertex -2.097566803052597 -21.29695315078501 1.8
      vertex 0 -22 0
      vertex 0 -21.4 1.8
    endloop
  endfacet
  facet normal 0 0 1
    outer loop
      vertex -4.174932891145144 -20.98880500062913 1.8
      vertex -2.097566803052597 -21.29695315078501 1.8
      vertex -4.555779260734362 -9.4601731129754 1.8
    endloop
  endfacet
  facet normal 0 0 1
    outer loop
      vertex -2.097566803052597 -21.29695315078501 1.8
      vertex 0 -21.4 1.8
      vertex -2.336469806541297 -10.23674307790915 1.8
    endloop
  endfacet
  facet normal 0 0 1
    outer loop
      vertex -6.212092093245493 -20.478523184669267 1.8
      vertex -6.546642919516704 -8.209230565914313 1.8
      vertex -8.209230565914313 -6.546642919516704 1.8
    endloop
  endfacet
  facet normal 0 0 1
    outer loop
      vertex -4.174932891145144 -20.98880500062913 1.8
      vertex -4.555779260734362 -9.4601731129754 1.8
      vertex -6.546642919516704 -8.209230565914313 1.8
    endloop
  endfacet
  facet normal 0 0 1
    outer loop
      vertex -2.097566803052597 -21.29695315078501 1.8
      vertex -2.336469806541297 -10.23674307790915 1.8
      vertex -4.555779260734362 -9.4601731129754 1.8
    endloop
  endfacet
  facet normal 0 0 1
    outer loop
      vertex 0 -21.4 1.8
      vertex 0 -10.5 1.8
      vertex -2.336469806541297 -10.23674307790915 1.8
    endloop
  endfacet
  facet normal 0 0 1
    outer loop
      vertex -13.576016281102012 -16.54242370196257 1.8
      vertex -11.889202986619486 -17.793449703274465 1.8
      vertex -13.576016281102012 16.54242370196257 1.8
    endloop
  endfacet
  facet normal 0 0 -1
    outer loop
      vertex -13.9566522516002 -17.006229973980215 0
      vertex -12.222545126431248 18.292331470655995 0
      vertex -12.222545126431248 -18.292331470655995 0
    endloop
  endfacet
  facet normal 0 0 1
    outer loop
      vertex -11.889202986619486 -17.793449703274465 1.8
      vertex -10.087890168076349 -18.873115057054797 1.8
      vertex -11.889202986619486 17.793449703274465 1.8
    endloop
  endfacet
  facet normal 0 0 -1
    outer loop
      vertex -12.222545126431248 -18.292331470655995 0
      vertex -10.370728210171949 19.402267815663812 0
      vertex -10.370728210171949 -19.402267815663812 0
    endloop
  endfacet
  facet normal 0 0 1
    outer loop
      vertex -10.087890168076349 -18.873115057054797 1.8
      vertex -9.4601731129754 -4.555779260734362 1.8
      vertex -10.236743077909148 -2.336469806541302 1.8
    endloop
  endfacet
  facet normal 0 0 1
    outer loop
      vertex -8.189425452612921 -19.771021995741535 1.8
      vertex -8.209230565914313 -6.546642919516704 1.8
      vertex -9.4601731129754 -4.555779260734362 1.8
    endloop
  endfacet
  facet normal 0 0 1
    outer loop
      vertex -10.087890168076349 -18.873115057054797 1.8
      vertex -10.236743077909148 -2.336469806541302 1.8
      vertex -10.5 0 1.8
    endloop
  endfacet
  facet normal 0 0 -1
    outer loop
      vertex -10.370728210171949 -19.402267815663812 0
      vertex -8.419035512031975 20.325349715248308 0
      vertex -8.419035512031975 -20.325349715248308 0
    endloop
  endfacet
  facet normal 0 0 1
    outer loop
      vertex -10.087890168076349 -18.873115057054797 1.8
      vertex -10.5 0 1.8
      vertex -11.889202986619486 17.793449703274465 1.8
    endloop
  endfacet
  facet normal 0 0 -1
    outer loop
      vertex -8.419035512031975 -20.325349715248308 0
      vertex -6.386262899598171 21.052687386108595 0
      vertex -6.386262899598171 -21.052687386108595 0
    endloop
  endfacet
  facet normal 0 0 -1
    outer loop
      vertex -6.386262899598171 -21.052687386108595 0
      vertex -4.291987084354822 21.57727616887107 0
      vertex -4.291987084354822 -21.57727616887107 0
    endloop
  endfacet
  facet normal 0 0 -1
    outer loop
      vertex -4.291987084354822 -21.57727616887107 0
      vertex -2.156377087250333 21.894063986788332 0
      vertex -2.156377087250333 -21.894063986788332 0
    endloop
  endfacet
  facet normal 0 0 -1
    outer loop
      vertex -2.156377087250333 -21.894063986788332 0
      vertex 0 22 0
      vertex 0 -22 0
    endloop
  endfacet
  facet normal 0 0 -1
    outer loop
      vertex -21.894063986788332 -2.156377087250333 0
      vertex -21.894063986788332 2.156377087250333 0
      vertex -21.57727616887107 4.291987084354822 0
    endloop
  endfacet
  facet normal -0.9476546547425947 0.04655528785687559 0.3158848849141995
    outer loop
      vertex -22 0 0
      vertex -21.29695315078501 2.097566803052597 1.8
      vertex -21.894063986788332 2.156377087250333 0
    endloop
  endfacet
  facet normal 0 0 -1
    outer loop
      vertex -21.57727616887107 -4.291987084354822 0
      vertex -21.57727616887107 4.291987084354822 0
      vertex -21.052687386108595 6.386262899598171 0
    endloop
  endfacet
  facet normal 0 0 1
    outer loop
      vertex -20.478523184669267 -6.212092093245493 1.8
      vertex -20.478523184669267 6.212092093245493 1.8
      vertex -20.98880500062913 4.174932891145144 1.8
    endloop
  endfacet
  facet normal -0.9385282223766938 0.1392175106988558 0.3158848849141995
    outer loop
      vertex -21.894063986788332 2.156377087250333 0
      vertex -21.29695315078501 2.097566803052597 1.8
      vertex -20.98880500062913 4.174932891145144 1.8
    endloop
  endfacet
  facet normal -0.9385282223766942 0.1392175106988571 0.3158848849141982
    outer loop
      vertex -21.894063986788332 2.156377087250333 0
      vertex -20.98880500062913 4.174932891145144 1.8
      vertex -21.57727616887107 4.291987084354822 0
    endloop
  endfacet
  facet normal 0 0 -1
    outer loop
      vertex -21.052687386108595 -6.386262899598171 0
      vertex -21.052687386108595 6.386262899598171 0
      vertex -20.325349715248308 8.419035512031975 0
    endloop
  endfacet
  facet normal -0.9203632501775911 0.23053899280877585 0.3158848849141982
    outer loop
      vertex -21.57727616887107 4.291987084354822 0
      vertex -20.98880500062913 4.174932891145144 1.8
      vertex -20.478523184669267 6.212092093245493 1.8
    endloop
  endfacet
  facet normal -0.920363250177591 0.23053899280877482 0.31588488491419925
    outer loop
      vertex -21.57727616887107 4.291987084354822 0
      vertex -20.478523184669267 6.212092093245493 1.8
      vertex -21.052687386108595 6.386262899598171 0
    endloop
  endfacet
  facet normal -0.8933346767575474 0.31964025839251103 0.3158848849141993
    outer loop
      vertex -21.052687386108595 6.386262899598171 0
      vertex -20.478523184669267 6.212092093245493 1.8
      vertex -19.771021995741535 8.189425452612921 1.8
    endloop
  endfacet
  facet normal -0.8933346767575475 0.3196402583925116 0.31588488491419886
    outer loop
      vertex -21.052687386108595 6.386262899598171 0
      vertex -19.771021995741535 8.189425452612921 1.8
      vertex -20.325349715248308 8.419035512031975 0
    endloop
  endfacet
  facet normal 0 0 1
    outer loop
      vertex -19.771021995741535 -8.189425452612921 1.8
      vertex -19.771021995741535 8.189425452612921 1.8
      vertex -20.478523184669267 6.212092093245493 1.8
    endloop
  endfacet
  facet normal 0 0 -1
    outer loop
      vertex -20.325349715248308 -8.419035512031975 0
      vertex -20.325349715248308 8.419035512031975 0
      vertex -19.402267815663812 10.370728210171949 0
    endloop
  endfacet
  facet normal 0 0 1
    outer loop
      vertex -18.873115057054797 -10.087890168076349 1.8
      vertex -18.873115057054797 10.087890168076349 1.8
      vertex -19.771021995741535 8.189425452612921 1.8
    endloop
  endfacet
  facet normal 0 0 -1
    outer loop
      vertex -19.402267815663812 -10.370728210171949 0
      vertex -19.402267815663812 10.370728210171949 0
      vertex -18.292331470655995 12.222545126431248 0
    endloop
  endfacet
  facet normal 0 0 1
    outer loop
      vertex -17.793449703274465 -11.889202986619486 1.8
      vertex -17.793449703274465 11.889202986619486 1.8
      vertex -18.873115057054797 10.087890168076349 1.8
    endloop
  endfacet
  facet normal 0 0 -1
    outer loop
      vertex -18.292331470655995 -12.222545126431248 0
      vertex -18.292331470655995 12.222545126431248 0
      vertex -17.006229973980215 13.9566522516002 0
    endloop
  endfacet
  facet normal 0 0 1
    outer loop
      vertex -16.54242370196257 -13.576016281102012 1.8
      vertex -16.54242370196257 13.576016281102012 1.8
      vertex -17.793449703274465 11.889202986619486 1.8
    endloop
  endfacet
  facet normal 0 0 -1
    outer loop
      vertex -17.006229973980215 -13.9566522516002 0
      vertex -17.006229973980215 13.9566522516002 0
      vertex -15.556349186104047 15.556349186104047 0
    endloop
  endfacet
  facet normal 0 0 1
    outer loop
      vertex -15.132085117392117 -15.132085117392117 1.8
      vertex -15.132085117392117 15.132085117392117 1.8
      vertex -16.54242370196257 13.576016281102012 1.8
    endloop
  endfacet
  facet normal 0 0 1
    outer loop
      vertex -13.576016281102012 -16.54242370196257 1.8
      vertex -13.576016281102012 16.54242370196257 1.8
      vertex -15.132085117392117 15.132085117392117 1.8
    endloop
  endfacet
  facet normal 0 0 -1
    outer loop
      vertex -15.556349186104047 -15.556349186104047 0
      vertex -15.556349186104047 15.556349186104047 0
      vertex -13.9566522516002 17.006229973980215 0
    endloop
  endfacet
  facet normal -0.8577028020539195 0.40566321355478896 0.31588488491419875
    outer loop
      vertex -20.325349715248308 8.419035512031975 0
      vertex -19.771021995741535 8.189425452612921 1.8
      vertex -18.873115057054797 10.087890168076349 1.8
    endloop
  endfacet
  facet normal -0.8577028020539198 0.4056632135547881 0.3158848849141997
    outer loop
      vertex -20.325349715248308 8.419035512031975 0
      vertex -18.873115057054797 10.087890168076349 1.8
      vertex -19.402267815663812 10.370728210171949 0
    endloop
  endfacet
  facet normal -0.8138107804984662 0.48777941021246496 0.31588488491419964
    outer loop
      vertex -19.402267815663812 10.370728210171949 0
      vertex -18.873115057054797 10.087890168076349 1.8
      vertex -17.793449703274465 11.889202986619486 1.8
    endloop
  endfacet
  facet normal -0.8138107804984661 0.48777941021246496 0.3158848849141997
    outer loop
      vertex -19.402267815663812 10.370728210171949 0
      vertex -17.793449703274465 11.889202986619486 1.8
      vertex -18.292331470655995 12.222545126431248 0
    endloop
  endfacet
  facet normal -0.7620813162525887 0.5651980245024435 0.3158848849141996
    outer loop
      vertex -18.292331470655995 12.222545126431248 0
      vertex -17.793449703274465 11.889202986619486 1.8
      vertex -16.54242370196257 13.576016281102012 1.8
    endloop
  endfacet
  facet normal -0.7620813162525889 0.5651980245024433 0.3158848849141999
    outer loop
      vertex -18.292331470655995 12.222545126431248 0
      vertex -16.54242370196257 13.576016281102012 1.8
      vertex -17.006229973980215 13.9566522516002 0
    endloop
  endfacet
  facet normal -0.7030125923351745 0.6371734728477956 0.3158848849141999
    outer loop
      vertex -17.006229973980215 13.9566522516002 0
      vertex -16.54242370196257 13.576016281102012 1.8
      vertex -15.132085117392117 15.132085117392117 1.8
    endloop
  endfacet
  facet normal -0.7030125923351742 0.6371734728477965 0.3158848849141991
    outer loop
      vertex -17.006229973980215 13.9566522516002 0
      vertex -15.132085117392117 15.132085117392117 1.8
      vertex -15.556349186104047 15.556349186104047 0
    endloop
  endfacet
  facet normal -0.6371734728477965 0.7030125923351742 0.3158848849141991
    outer loop
      vertex -15.556349186104047 15.556349186104047 0
      vertex -15.132085117392117 15.132085117392117 1.8
      vertex -13.9566522516002 17.006229973980215 0
    endloop
  endfacet
  facet normal -0.6371734728477956 0.7030125923351745 0.3158848849141999
    outer loop
      vertex -13.9566522516002 17.006229973980215 0
      vertex -15.132085117392117 15.132085117392117 1.8
      vertex -13.576016281102012 16.54242370196257 1.8
    endloop
  endfacet
  facet normal 0 0 1
    outer loop
      vertex -11.889202986619486 -17.793449703274465 1.8
      vertex -11.889202986619486 17.793449703274465 1.8
      vertex -13.576016281102012 16.54242370196257 1.8
    endloop
  endfacet
  facet normal 0 0 -1
    outer loop
      vertex -13.9566522516002 -17.006229973980215 0
      vertex -13.9566522516002 17.006229973980215 0
      vertex -12.222545126431248 18.292331470655995 0
    endloop
  endfacet
  facet normal 0 0 -1
    outer loop
      vertex -12.222545126431248 -18.292331470655995 0
      vertex -12.222545126431248 18.292331470655995 0
      vertex -10.370728210171949 19.402267815663812 0
    endloop
  endfacet
  facet normal 0 0 1
    outer loop
      vertex -11.889202986619486 17.793449703274465 1.8
      vertex -10.5 0 1.8
      vertex -10.236743077909148 2.336469806541302 1.8
    endloop
  endfacet
  facet normal 0 0 -1
    outer loop
      vertex -10.370728210171949 -19.402267815663812 0
      vertex -10.370728210171949 19.402267815663812 0
      vertex -8.419035512031975 20.325349715248308 0
    endloop
  endfacet
  facet normal 0 0 -1
    outer loop
      vertex -8.419035512031975 -20.325349715248308 0
      vertex -8.419035512031975 20.325349715248308 0
      vertex -6.386262899598171 21.052687386108595 0
    endloop
  endfacet
  facet normal 0 0 1
    outer loop
      vertex -11.889202986619486 17.793449703274465 1.8
      vertex -10.236743077909148 2.336469806541302 1.8
      vertex -9.4601731129754 4.555779260734362 1.8
    endloop
  endfacet
  facet normal 0 0 1
    outer loop
      vertex -10.087890168076349 18.873115057054797 1.8
      vertex -9.4601731129754 4.555779260734362 1.8
      vertex -8.209230565914313 6.546642919516704 1.8
    endloop
  endfacet
  facet normal 0 0 1
    outer loop
      vertex -10.087890168076349 18.873115057054797 1.8
      vertex -8.209230565914313 6.546642919516704 1.8
      vertex -6.546642919516704 8.209230565914313 1.8
    endloop
  endfacet
  facet normal 0 0 -1
    outer loop
      vertex -6.386262899598171 -21.052687386108595 0
      vertex -6.386262899598171 21.052687386108595 0
      vertex -4.291987084354822 21.57727616887107 0
    endloop
  endfacet
  facet normal 0 0 1
    outer loop
      vertex -8.189425452612921 19.771021995741535 1.8
      vertex -6.546642919516704 8.209230565914313 1.8
      vertex -4.555779260734359 9.4601731129754 1.8
    endloop
  endfacet
  facet normal 0 0 -1
    outer loop
      vertex -4.291987084354822 -21.57727616887107 0
      vertex -4.291987084354822 21.57727616887107 0
      vertex -2.156377087250333 21.894063986788332 0
    endloop
  endfacet
  facet normal 0 0 -1
    outer loop
      vertex -2.156377087250333 -21.894063986788332 0
      vertex -2.156377087250333 21.894063986788332 0
      vertex 0 22 0
    endloop
  endfacet
  facet normal 0 0 1
    outer loop
      vertex -11.889202986619486 17.793449703274465 1.8
      vertex -9.4601731129754 4.555779260734362 1.8
      vertex -10.087890168076349 18.873115057054797 1.8
    endloop
  endfacet
  facet normal -0.5651980245024433 0.7620813162525889 0.31588488491419997
    outer loop
      vertex -13.9566522516002 17.006229973980215 0
      vertex -13.576016281102012 16.54242370196257 1.8
      vertex -12.222545126431248 18.292331470655995 0
    endloop
  endfacet
  facet normal -0.5651980245024435 0.7620813162525887 0.3158848849141996
    outer loop
      vertex -12.222545126431248 18.292331470655995 0
      vertex -13.576016281102012 16.54242370196257 1.8
      vertex -11.889202986619486 17.793449703274465 1.8
    endloop
  endfacet
  facet normal -0.48777941021246507 0.8138107804984662 0.3158848849141997
    outer loop
      vertex -12.222545126431248 18.292331470655995 0
      vertex -11.889202986619486 17.793449703274465 1.8
      vertex -10.370728210171949 19.402267815663812 0
    endloop
  endfacet
  facet normal 0 0 1
    outer loop
      vertex -10.087890168076349 18.873115057054797 1.8
      vertex -6.546642919516704 8.209230565914313 1.8
      vertex -8.189425452612921 19.771021995741535 1.8
    endloop
  endfacet
  facet normal -0.48777941021246496 0.8138107804984662 0.31588488491419964
    outer loop
      vertex -10.370728210171949 19.402267815663812 0
      vertex -11.889202986619486 17.793449703274465 1.8
      vertex -10.087890168076349 18.873115057054797 1.8
    endloop
  endfacet
  facet normal -0.4056632135547881 0.8577028020539198 0.31588488491419964
    outer loop
      vertex -10.370728210171949 19.402267815663812 0
      vertex -10.087890168076349 18.873115057054797 1.8
      vertex -8.419035512031975 20.325349715248308 0
    endloop
  endfacet
  facet normal -0.40566321355478896 0.8577028020539195 0.31588488491419875
    outer loop
      vertex -8.419035512031975 20.325349715248308 0
      vertex -10.087890168076349 18.873115057054797 1.8
      vertex -8.189425452612921 19.771021995741535 1.8
    endloop
  endfacet
  facet normal -0.3196402583925116 0.8933346767575475 0.3158848849141988
    outer loop
      vertex -8.419035512031975 20.325349715248308 0
      vertex -8.189425452612921 19.771021995741535 1.8
      vertex -6.386262899598171 21.052687386108595 0
    endloop
  endfacet
  facet normal 0 0 1
    outer loop
      vertex -6.212092093245493 20.478523184669267 1.8
      vertex -4.555779260734359 9.4601731129754 1.8
      vertex -2.336469806541302 10.236743077909148 1.8
    endloop
  endfacet
  facet normal 0 0 1
    outer loop
      vertex -8.189425452612921 19.771021995741535 1.8
      vertex -4.555779260734359 9.4601731129754 1.8
      vertex -6.212092093245493 20.478523184669267 1.8
    endloop
  endfacet
  facet normal 0 0 1
    outer loop
      vertex -6.212092093245493 20.478523184669267 1.8
      vertex -2.336469806541302 10.236743077909148 1.8
      vertex -4.174932891145144 20.98880500062913 1.8
    endloop
  endfacet
  facet normal 0 0 1
    outer loop
      vertex -4.174932891145144 20.98880500062913 1.8
      vertex -2.336469806541302 10.236743077909148 1.8
      vertex 0 10.5 1.8
    endloop
  endfacet
  facet normal 0 0 1
    outer loop
      vertex -4.174932891145144 20.98880500062913 1.8
      vertex 0 10.5 1.8
      vertex -2.097566803052597 21.29695315078501 1.8
    endloop
  endfacet
  facet normal 0 0 1
    outer loop
      vertex -2.097566803052597 21.29695315078501 1.8
      vertex 0 10.5 1.8
      vertex 0 21.4 1.8
    endloop
  endfacet
  facet normal -0.31964025839251103 0.8933346767575474 0.3158848849141993
    outer loop
      vertex -6.386262899598171 21.052687386108595 0
      vertex -8.189425452612921 19.771021995741535 1.8
      vertex -6.212092093245493 20.478523184669267 1.8
    endloop
  endfacet
  facet normal -0.23053899280877482 0.920363250177591 0.31588488491419925
    outer loop
      vertex -6.386262899598171 21.052687386108595 0
      vertex -6.212092093245493 20.478523184669267 1.8
      vertex -4.291987084354822 21.57727616887107 0
    endloop
  endfacet
  facet normal -0.23053899280877585 0.9203632501775911 0.3158848849141982
    outer loop
      vertex -4.291987084354822 21.57727616887107 0
      vertex -6.212092093245493 20.478523184669267 1.8
      vertex -4.174932891145144 20.98880500062913 1.8
    endloop
  endfacet
  facet normal -0.1392175106988571 0.9385282223766942 0.3158848849141982
    outer loop
      vertex -4.291987084354822 21.57727616887107 0
      vertex -4.174932891145144 20.98880500062913 1.8
      vertex -2.156377087250333 21.894063986788332 0
    endloop
  endfacet
  facet normal -0.1392175106988558 0.9385282223766938 0.3158848849141995
    outer loop
      vertex -2.156377087250333 21.894063986788332 0
      vertex -4.174932891145144 20.98880500062913 1.8
      vertex -2.097566803052597 21.29695315078501 1.8
    endloop
  endfacet
  facet normal -0.04655528785687607 0.9476546547425948 0.315884884914199
    outer loop
      vertex -2.097566803052597 21.29695315078501 1.8
      vertex 0 21.4 1.8
      vertex 0 22 0
    endloop
  endfacet
  facet normal -0.04655528785687559 0.9476546547425947 0.31588488491419947
    outer loop
      vertex -2.156377087250333 21.894063986788332 0
      vertex -2.097566803052597 21.29695315078501 1.8
      vertex 0 22 0
    endloop
  endfacet
  facet normal 0.04655528785687607 -0.9476546547425948 0.315884884914199
    outer loop
      vertex 0 -22 0
      vertex 2.097566803052597 -21.29695315078501 1.8
      vertex 0 -21.4 1.8
    endloop
  endfacet
  facet normal 0.04655528785687559 -0.9476546547425947 0.3158848849141995
    outer loop
      vertex 0 -22 0
      vertex 2.156377087250333 -21.894063986788332 0
      vertex 2.097566803052597 -21.29695315078501 1.8
    endloop
  endfacet
  facet normal 0.1392175106988558 -0.9385282223766938 0.3158848849141995
    outer loop
      vertex 2.156377087250333 -21.894063986788332 0
      vertex 4.174932891145144 -20.98880500062913 1.8
      vertex 2.097566803052597 -21.29695315078501 1.8
    endloop
  endfacet
  facet normal 0 0 1
    outer loop
      vertex 0 -21.4 1.8
      vertex 2.097566803052597 -21.29695315078501 1.8
      vertex 0 -10.5 1.8
    endloop
  endfacet
  facet normal 0 0 1
    outer loop
      vertex 2.097566803052597 -21.29695315078501 1.8
      vertex 4.174932891145144 -20.98880500062913 1.8
      vertex 0 -10.5 1.8
    endloop
  endfacet
  facet normal 0.1392175106988571 -0.9385282223766942 0.3158848849141982
    outer loop
      vertex 2.156377087250333 -21.894063986788332 0
      vertex 4.291987084354822 -21.57727616887107 0
      vertex 4.174932891145144 -20.98880500062913 1.8
    endloop
  endfacet
  facet normal 0.23053899280877585 -0.9203632501775911 0.3158848849141982
    outer loop
      vertex 4.291987084354822 -21.57727616887107 0
      vertex 6.212092093245493 -20.478523184669267 1.8
      vertex 4.174932891145144 -20.98880500062913 1.8
    endloop
  endfacet
  facet normal 0.23053899280877482 -0.920363250177591 0.31588488491419925
    outer loop
      vertex 4.291987084354822 -21.57727616887107 0
      vertex 6.386262899598171 -21.052687386108595 0
      vertex 6.212092093245493 -20.478523184669267 1.8
    endloop
  endfacet
  facet normal 0 0 1
    outer loop
      vertex 4.174932891145144 -20.98880500062913 1.8
      vertex 6.212092093245493 -20.478523184669267 1.8
      vertex 2.336469806541297 -10.23674307790915 1.8
    endloop
  endfacet
  facet normal 0 0 1
    outer loop
      vertex 4.174932891145144 -20.98880500062913 1.8
      vertex 2.336469806541297 -10.23674307790915 1.8
      vertex 0 -10.5 1.8
    endloop
  endfacet
  facet normal 0 0 1
    outer loop
      vertex 6.212092093245493 -20.478523184669267 1.8
      vertex 4.555779260734362 -9.4601731129754 1.8
      vertex 2.336469806541297 -10.23674307790915 1.8
    endloop
  endfacet
  facet normal 0.31964025839251103 -0.8933346767575474 0.3158848849141993
    outer loop
      vertex 6.386262899598171 -21.052687386108595 0
      vertex 8.189425452612921 -19.771021995741535 1.8
      vertex 6.212092093245493 -20.478523184669267 1.8
    endloop
  endfacet
  facet normal 0.3196402583925116 -0.8933346767575475 0.31588488491419886
    outer loop
      vertex 6.386262899598171 -21.052687386108595 0
      vertex 8.419035512031975 -20.325349715248308 0
      vertex 8.189425452612921 -19.771021995741535 1.8
    endloop
  endfacet
  facet normal 0.40566321355478896 -0.8577028020539195 0.31588488491419875
    outer loop
      vertex 8.419035512031975 -20.325349715248308 0
      vertex 10.087890168076349 -18.873115057054797 1.8
      vertex 8.189425452612921 -19.771021995741535 1.8
    endloop
  endfacet
  facet normal 0 0 1
    outer loop
      vertex 6.212092093245493 -20.478523184669267 1.8
      vertex 8.189425452612921 -19.771021995741535 1.8
      vertex 4.555779260734362 -9.4601731129754 1.8
    endloop
  endfacet
  facet normal 0.4056632135547881 -0.8577028020539198 0.3158848849141997
    outer loop
      vertex 8.419035512031975 -20.325349715248308 0
      vertex 10.370728210171949 -19.402267815663812 0
      vertex 10.087890168076349 -18.873115057054797 1.8
    endloop
  endfacet
  facet normal 0.48777941021246496 -0.8138107804984662 0.31588488491419964
    outer loop
      vertex 10.370728210171949 -19.402267815663812 0
      vertex 11.889202986619486 -17.793449703274465 1.8
      vertex 10.087890168076349 -18.873115057054797 1.8
    endloop
  endfacet
  facet normal 0.48777941021246496 -0.8138107804984661 0.3158848849141997
    outer loop
      vertex 10.370728210171949 -19.402267815663812 0
      vertex 12.222545126431248 -18.292331470655995 0
      vertex 11.889202986619486 -17.793449703274465 1.8
    endloop
  endfacet
  facet normal 0.5651980245024435 -0.7620813162525887 0.3158848849141996
    outer loop
      vertex 12.222545126431248 -18.292331470655995 0
      vertex 13.576016281102012 -16.54242370196257 1.8
      vertex 11.889202986619486 -17.793449703274465 1.8
    endloop
  endfacet
  facet normal 0 0 1
    outer loop
      vertex 8.189425452612921 -19.771021995741535 1.8
      vertex 10.087890168076349 -18.873115057054797 1.8
      vertex 6.5466429195167 -8.209230565914314 1.8
    endloop
  endfacet
  facet normal 0 0 1
    outer loop
      vertex 8.189425452612921 -19.771021995741535 1.8
      vertex 6.5466429195167 -8.209230565914314 1.8
      vertex 4.555779260734362 -9.4601731129754 1.8
    endloop
  endfacet
  facet normal 0 0 1
    outer loop
      vertex 10.087890168076349 -18.873115057054797 1.8
      vertex 8.209230565914314 -6.5466429195167 1.8
      vertex 6.5466429195167 -8.209230565914314 1.8
    endloop
  endfacet
  facet normal 0 0 1
    outer loop
      vertex 10.087890168076349 -18.873115057054797 1.8
      vertex 11.889202986619486 -17.793449703274465 1.8
      vertex 9.4601731129754 -4.555779260734362 1.8
    endloop
  endfacet
  facet normal 0 0 -1
    outer loop
      vertex 0 -22 0
      vertex 2.156377087250333 21.894063986788332 0
      vertex 2.156377087250333 -21.894063986788332 0
    endloop
  endfacet
  facet normal 0 0 -1
    outer loop
      vertex 2.156377087250333 -21.894063986788332 0
      vertex 4.291987084354822 21.57727616887107 0
      vertex 4.291987084354822 -21.57727616887107 0
    endloop
  endfacet
  facet normal 0 0 -1
    outer loop
      vertex 4.291987084354822 -21.57727616887107 0
      vertex 6.386262899598171 21.052687386108595 0
      vertex 6.386262899598171 -21.052687386108595 0
    endloop
  endfacet
  facet normal 0 0 1
    outer loop
      vertex 10.087890168076349 -18.873115057054797 1.8
      vertex 9.4601731129754 -4.555779260734362 1.8
      vertex 8.209230565914314 -6.5466429195167 1.8
    endloop
  endfacet
  facet normal 0 0 -1
    outer loop
      vertex 6.386262899598171 -21.052687386108595 0
      vertex 8.419035512031975 20.325349715248308 0
      vertex 8.419035512031975 -20.325349715248308 0
    endloop
  endfacet
  facet normal 0 0 1
    outer loop
      vertex 11.889202986619486 -17.793449703274465 1.8
      vertex 10.23674307790915 -2.336469806541297 1.8
      vertex 9.4601731129754 -4.555779260734362 1.8
    endloop
  endfacet
  facet normal 0 0 -1
    outer loop
      vertex 8.419035512031975 -20.325349715248308 0
      vertex 10.370728210171949 19.402267815663812 0
      vertex 10.370728210171949 -19.402267815663812 0
    endloop
  endfacet
  facet normal 0 0 1
    outer loop
      vertex 11.889202986619486 -17.793449703274465 1.8
      vertex 10.5 0 1.8
      vertex 10.23674307790915 -2.336469806541297 1.8
    endloop
  endfacet
  facet normal 0 0 -1
    outer loop
      vertex 10.370728210171949 -19.402267815663812 0
      vertex 12.222545126431248 18.292331470655995 0
      vertex 12.222545126431248 -18.292331470655995 0
    endloop
  endfacet
  facet normal 0 0 1
    outer loop
      vertex 11.889202986619486 -17.793449703274465 1.8
      vertex 13.576016281102012 -16.54242370196257 1.8
      vertex 11.889202986619486 17.793449703274465 1.8
    endloop
  endfacet
  facet normal 0 0 1
    outer loop
      vertex 11.889202986619486 -17.793449703274465 1.8
      vertex 10.087890168076349 18.873115057054797 1.8
      vertex 10.5 0 1.8
    endloop
  endfacet
  facet normal 0.5651980245024433 -0.7620813162525889 0.3158848849141999
    outer loop
      vertex 12.222545126431248 -18.292331470655995 0
      vertex 13.9566522516002 -17.006229973980215 0
      vertex 13.576016281102012 -16.54242370196257 1.8
    endloop
  endfacet
  facet normal 0.6371734728477956 -0.7030125923351745 0.3158848849141999
    outer loop
      vertex 13.9566522516002 -17.006229973980215 0
      vertex 15.132085117392117 -15.132085117392117 1.8
      vertex 13.576016281102012 -16.54242370196257 1.8
    endloop
  endfacet
  facet normal 0.6371734728477965 -0.7030125923351742 0.3158848849141991
    outer loop
      vertex 13.9566522516002 -17.006229973980215 0
      vertex 15.556349186104047 -15.556349186104047 0
      vertex 15.132085117392117 -15.132085117392117 1.8
    endloop
  endfacet
  facet normal 0.7030125923351742 -0.6371734728477965 0.3158848849141991
    outer loop
      vertex 15.556349186104047 -15.556349186104047 0
      vertex 17.006229973980215 -13.9566522516002 0
      vertex 15.132085117392117 -15.132085117392117 1.8
    endloop
  endfacet
  facet normal 0.7030125923351745 -0.6371734728477956 0.3158848849141999
    outer loop
      vertex 17.006229973980215 -13.9566522516002 0
      vertex 16.54242370196257 -13.576016281102012 1.8
      vertex 15.132085117392117 -15.132085117392117 1.8
    endloop
  endfacet
  facet normal 0.7620813162525889 -0.5651980245024433 0.31588488491419997
    outer loop
      vertex 17.006229973980215 -13.9566522516002 0
      vertex 18.292331470655995 -12.222545126431248 0
      vertex 16.54242370196257 -13.576016281102012 1.8
    endloop
  endfacet
  facet normal 0.7620813162525887 -0.5651980245024435 0.3158848849141996
    outer loop
      vertex 18.292331470655995 -12.222545126431248 0
      vertex 17.793449703274465 -11.889202986619486 1.8
      vertex 16.54242370196257 -13.576016281102012 1.8
    endloop
  endfacet
  facet normal 0.8138107804984662 -0.48777941021246507 0.3158848849141997
    outer loop
      vertex 18.292331470655995 -12.222545126431248 0
      vertex 19.402267815663812 -10.370728210171949 0
      vertex 17.793449703274465 -11.889202986619486 1.8
    endloop
  endfacet
  facet normal 0.8138107804984662 -0.48777941021246496 0.31588488491419964
    outer loop
      vertex 19.402267815663812 -10.370728210171949 0
      vertex 18.873115057054797 -10.087890168076349 1.8
      vertex 17.793449703274465 -11.889202986619486 1.8
    endloop
  endfacet
  facet normal 0 0 -1
    outer loop
      vertex 12.222545126431248 -18.292331470655995 0
      vertex 13.9566522516002 17.006229973980215 0
      vertex 13.9566522516002 -17.006229973980215 0
    endloop
  endfacet
  facet normal 0 0 1
    outer loop
      vertex 13.576016281102012 -16.54242370196257 1.8
      vertex 15.132085117392117 -15.132085117392117 1.8
      vertex 13.576016281102012 16.54242370196257 1.8
    endloop
  endfacet
  facet normal 0 0 -1
    outer loop
      vertex 13.9566522516002 -17.006229973980215 0
      vertex 15.556349186104047 15.556349186104047 0
      vertex 15.556349186104047 -15.556349186104047 0
    endloop
  endfacet
  facet normal 0 0 -1
    outer loop
      vertex 15.556349186104047 -15.556349186104047 0
      vertex 17.006229973980215 13.9566522516002 0
      vertex 17.006229973980215 -13.9566522516002 0
    endloop
  endfacet
  facet normal 0 0 -1
    outer loop
      vertex 17.006229973980215 -13.9566522516002 0
      vertex 18.292331470655995 12.222545126431248 0
      vertex 18.292331470655995 -12.222545126431248 0
    endloop
  endfacet
  facet normal 0 0 1
    outer loop
      vertex 15.132085117392117 -15.132085117392117 1.8
      vertex 16.54242370196257 -13.576016281102012 1.8
      vertex 15.132085117392117 15.132085117392117 1.8
    endloop
  endfacet
  facet normal 0 0 1
    outer loop
      vertex 16.54242370196257 -13.576016281102012 1.8
      vertex 17.793449703274465 -11.889202986619486 1.8
      vertex 16.54242370196257 13.576016281102012 1.8
    endloop
  endfacet
  facet normal 0 0 1
    outer loop
      vertex 17.793449703274465 -11.889202986619486 1.8
      vertex 18.873115057054797 -10.087890168076349 1.8
      vertex 17.793449703274465 11.889202986619486 1.8
    endloop
  endfacet
  facet normal 0 0 -1
    outer loop
      vertex 18.292331470655995 -12.222545126431248 0
      vertex 19.402267815663812 10.370728210171949 0
      vertex 19.402267815663812 -10.370728210171949 0
    endloop
  endfacet
  facet normal 0 0 1
    outer loop
      vertex 18.873115057054797 -10.087890168076349 1.8
      vertex 19.771021995741535 -8.189425452612921 1.8
      vertex 18.873115057054797 10.087890168076349 1.8
    endloop
  endfacet
  facet normal 0.8577028020539198 -0.4056632135547881 0.31588488491419964
    outer loop
      vertex 19.402267815663812 -10.370728210171949 0
      vertex 20.325349715248308 -8.419035512031975 0
      vertex 18.873115057054797 -10.087890168076349 1.8
    endloop
  endfacet
  facet normal 0.8577028020539195 -0.40566321355478896 0.31588488491419875
    outer loop
      vertex 20.325349715248308 -8.419035512031975 0
      vertex 19.771021995741535 -8.189425452612921 1.8
      vertex 18.873115057054797 -10.087890168076349 1.8
    endloop
  endfacet
  facet normal 0.8933346767575475 -0.3196402583925116 0.3158848849141988
    outer loop
      vertex 20.325349715248308 -8.419035512031975 0
      vertex 21.052687386108595 -6.386262899598171 0
      vertex 19.771021995741535 -8.189425452612921 1.8
    endloop
  endfacet
  facet normal 0.8933346767575474 -0.31964025839251103 0.3158848849141993
    outer loop
      vertex 21.052687386108595 -6.386262899598171 0
      vertex 20.478523184669267 -6.212092093245493 1.8
      vertex 19.771021995741535 -8.189425452612921 1.8
    endloop
  endfacet
  facet normal 0.9203632501775911 -0.23053899280877585 0.3158848849141982
    outer loop
      vertex 21.57727616887107 -4.291987084354822 0
      vertex 20.98880500062913 -4.174932891145144 1.8
      vertex 20.478523184669267 -6.212092093245493 1.8
    endloop
  endfacet
  facet normal 0.920363250177591 -0.23053899280877482 0.31588488491419925
    outer loop
      vertex 21.052687386108595 -6.386262899598171 0
      vertex 21.57727616887107 -4.291987084354822 0
      vertex 20.478523184669267 -6.212092093245493 1.8
    endloop
  endfacet
  facet normal 0 0 -1
    outer loop
      vertex 19.402267815663812 -10.370728210171949 0
      vertex 20.325349715248308 8.419035512031975 0
      vertex 20.325349715248308 -8.419035512031975 0
    endloop
  endfacet
  facet normal 0 0 1
    outer loop
      vertex 19.771021995741535 -8.189425452612921 1.8
      vertex 20.478523184669267 -6.212092093245493 1.8
      vertex 19.771021995741535 8.189425452612921 1.8
    endloop
  endfacet
  facet normal 0 0 -1
    outer loop
      vertex 20.325349715248308 -8.419035512031975 0
      vertex 21.052687386108595 6.386262899598171 0
      vertex 21.052687386108595 -6.386262899598171 0
    endloop
  endfacet
  facet normal 0.9385282223766942 -0.1392175106988571 0.3158848849141982
    outer loop
      vertex 21.57727616887107 -4.291987084354822 0
      vertex 21.894063986788332 -2.156377087250333 0
      vertex 20.98880500062913 -4.174932891145144 1.8
    endloop
  endfacet
  facet normal 0.9385282223766938 -0.1392175106988558 0.3158848849141995
    outer loop
      vertex 21.894063986788332 -2.156377087250333 0
      vertex 21.29695315078501 -2.097566803052597 1.8
      vertex 20.98880500062913 -4.174932891145144 1.8
    endloop
  endfacet
  facet normal 0 0 -1
    outer loop
      vertex 21.052687386108595 -6.386262899598171 0
      vertex 21.57727616887107 4.291987084354822 0
      vertex 21.57727616887107 -4.291987084354822 0
    endloop
  endfacet
  facet normal 0 0 1
    outer loop
      vertex 20.478523184669267 -6.212092093245493 1.8
      vertex 20.98880500062913 -4.174932891145144 1.8
      vertex 20.478523184669267 6.212092093245493 1.8
    endloop
  endfacet
  facet normal 0 0 -1
    outer loop
      vertex 21.57727616887107 -4.291987084354822 0
      vertex 21.894063986788332 2.156377087250333 0
      vertex 21.894063986788332 -2.156377087250333 0
    endloop
  endfacet
  facet normal 0.9476546547425947 -0.04655528785687559 0.31588488491419947
    outer loop
      vertex 21.894063986788332 -2.156377087250333 0
      vertex 22 0 0
      vertex 21.29695315078501 -2.097566803052597 1.8
    endloop
  endfacet
  facet normal 0.9476546547425948 -0.04655528785687607 0.315884884914199
    outer loop
      vertex 21.29695315078501 -2.097566803052597 1.8
      vertex 22 0 0
      vertex 21.4 0 1.8
    endloop
  endfacet
  facet normal 0 0 1
    outer loop
      vertex 20.98880500062913 -4.174932891145144 1.8
      vertex 21.29695315078501 -2.097566803052597 1.8
      vertex 20.98880500062913 4.174932891145144 1.8
    endloop
  endfacet
  facet normal 0 0 1
    outer loop
      vertex 21.29695315078501 -2.097566803052597 1.8
      vertex 21.4 0 1.8
      vertex 21.29695315078501 2.097566803052597 1.8
    endloop
  endfacet
  facet normal 0 0 -1
    outer loop
      vertex 21.57727616887107 -4.291987084354822 0
      vertex 21.57727616887107 4.291987084354822 0
      vertex 21.894063986788332 2.156377087250333 0
    endloop
  endfacet
  facet normal 0.9476546547425948 0.04655528785687607 0.315884884914199
    outer loop
      vertex 22 0 0
      vertex 21.29695315078501 2.097566803052597 1.8
      vertex 21.4 0 1.8
    endloop
  endfacet
  facet normal 0 0 -1
    outer loop
      vertex 21.894063986788332 -2.156377087250333 0
      vertex 21.894063986788332 2.156377087250333 0
      vertex 22 0 0
    endloop
  endfacet
  facet normal 0 0 -1
    outer loop
      vertex 4.291987084354822 -21.57727616887107 0
      vertex 4.291987084354822 21.57727616887107 0
      vertex 6.386262899598171 21.052687386108595 0
    endloop
  endfacet
  facet normal 0 0 -1
    outer loop
      vertex 0 -22 0
      vertex 0 22 0
      vertex 2.156377087250333 21.894063986788332 0
    endloop
  endfacet
  facet normal 0 0 -1
    outer loop
      vertex 2.156377087250333 -21.894063986788332 0
      vertex 2.156377087250333 21.894063986788332 0
      vertex 4.291987084354822 21.57727616887107 0
    endloop
  endfacet
  facet normal 0 0 -1
    outer loop
      vertex 6.386262899598171 -21.052687386108595 0
      vertex 6.386262899598171 21.052687386108595 0
      vertex 8.419035512031975 20.325349715248308 0
    endloop
  endfacet
  facet normal 0 0 -1
    outer loop
      vertex 8.419035512031975 -20.325349715248308 0
      vertex 8.419035512031975 20.325349715248308 0
      vertex 10.370728210171949 19.402267815663812 0
    endloop
  endfacet
  facet normal 0 0 -1
    outer loop
      vertex 10.370728210171949 -19.402267815663812 0
      vertex 10.370728210171949 19.402267815663812 0
      vertex 12.222545126431248 18.292331470655995 0
    endloop
  endfacet
  facet normal 0 0 1
    outer loop
      vertex 11.889202986619486 -17.793449703274465 1.8
      vertex 11.889202986619486 17.793449703274465 1.8
      vertex 10.087890168076349 18.873115057054797 1.8
    endloop
  endfacet
  facet normal 0 0 1
    outer loop
      vertex 6.212092093245493 20.478523184669267 1.8
      vertex 6.546642919516701 8.209230565914313 1.8
      vertex 8.209230565914313 6.546642919516701 1.8
    endloop
  endfacet
  facet normal 0 0 1
    outer loop
      vertex 8.189425452612921 19.771021995741535 1.8
      vertex 8.209230565914313 6.546642919516701 1.8
      vertex 9.4601731129754 4.555779260734361 1.8
    endloop
  endfacet
  facet normal 0 0 1
    outer loop
      vertex 10.087890168076349 18.873115057054797 1.8
      vertex 10.236743077909148 2.336469806541301 1.8
      vertex 10.5 0 1.8
    endloop
  endfacet
  facet normal 0 0 1
    outer loop
      vertex 10.087890168076349 18.873115057054797 1.8
      vertex 9.4601731129754 4.555779260734361 1.8
      vertex 10.236743077909148 2.336469806541301 1.8
    endloop
  endfacet
  facet normal 0 0 1
    outer loop
      vertex 0 21.4 1.8
      vertex 0 10.5 1.8
      vertex 2.336469806541302 10.236743077909148 1.8
    endloop
  endfacet
  facet normal 0 0 1
    outer loop
      vertex 0 21.4 1.8
      vertex 2.336469806541302 10.236743077909148 1.8
      vertex 2.097566803052597 21.29695315078501 1.8
    endloop
  endfacet
  facet normal 0 0 1
    outer loop
      vertex 2.097566803052597 21.29695315078501 1.8
      vertex 2.336469806541302 10.236743077909148 1.8
      vertex 4.555779260734359 9.4601731129754 1.8
    endloop
  endfacet
  facet normal 0 0 1
    outer loop
      vertex 4.174932891145144 20.98880500062913 1.8
      vertex 4.555779260734359 9.4601731129754 1.8
      vertex 6.546642919516701 8.209230565914313 1.8
    endloop
  endfacet
  facet normal 0 0 1
    outer loop
      vertex 2.097566803052597 21.29695315078501 1.8
      vertex 4.555779260734359 9.4601731129754 1.8
      vertex 4.174932891145144 20.98880500062913 1.8
    endloop
  endfacet
  facet normal 0 0 1
    outer loop
      vertex 4.174932891145144 20.98880500062913 1.8
      vertex 6.546642919516701 8.209230565914313 1.8
      vertex 6.212092093245493 20.478523184669267 1.8
    endloop
  endfacet
  facet normal 0.04655528785687607 0.9476546547425948 0.315884884914199
    outer loop
      vertex 0 22 0
      vertex 0 21.4 1.8
      vertex 2.097566803052597 21.29695315078501 1.8
    endloop
  endfacet
  facet normal 0.1392175106988558 0.9385282223766938 0.3158848849141995
    outer loop
      vertex 2.156377087250333 21.894063986788332 0
      vertex 2.097566803052597 21.29695315078501 1.8
      vertex 4.174932891145144 20.98880500062913 1.8
    endloop
  endfacet
  facet normal 0.04655528785687559 0.9476546547425947 0.3158848849141995
    outer loop
      vertex 0 22 0
      vertex 2.097566803052597 21.29695315078501 1.8
      vertex 2.156377087250333 21.894063986788332 0
    endloop
  endfacet
  facet normal 0.1392175106988571 0.9385282223766942 0.3158848849141982
    outer loop
      vertex 2.156377087250333 21.894063986788332 0
      vertex 4.174932891145144 20.98880500062913 1.8
      vertex 4.291987084354822 21.57727616887107 0
    endloop
  endfacet
  facet normal 0.23053899280877585 0.9203632501775911 0.3158848849141982
    outer loop
      vertex 4.291987084354822 21.57727616887107 0
      vertex 4.174932891145144 20.98880500062913 1.8
      vertex 6.212092093245493 20.478523184669267 1.8
    endloop
  endfacet
  facet normal 0.23053899280877482 0.920363250177591 0.31588488491419925
    outer loop
      vertex 4.291987084354822 21.57727616887107 0
      vertex 6.212092093245493 20.478523184669267 1.8
      vertex 6.386262899598171 21.052687386108595 0
    endloop
  endfacet
  facet normal 0 0 1
    outer loop
      vertex 6.212092093245493 20.478523184669267 1.8
      vertex 8.209230565914313 6.546642919516701 1.8
      vertex 8.189425452612921 19.771021995741535 1.8
    endloop
  endfacet
  facet normal 0 0 1
    outer loop
      vertex 8.189425452612921 19.771021995741535 1.8
      vertex 9.4601731129754 4.555779260734361 1.8
      vertex 10.087890168076349 18.873115057054797 1.8
    endloop
  endfacet
  facet normal 0.48777941021246496 0.8138107804984661 0.3158848849141997
    outer loop
      vertex 10.370728210171949 19.402267815663812 0
      vertex 11.889202986619486 17.793449703274465 1.8
      vertex 12.222545126431248 18.292331470655995 0
    endloop
  endfacet
  facet normal 0.5651980245024435 0.7620813162525887 0.3158848849141996
    outer loop
      vertex 12.222545126431248 18.292331470655995 0
      vertex 11.889202986619486 17.793449703274465 1.8
      vertex 13.576016281102012 16.54242370196257 1.8
    endloop
  endfacet
  facet normal 0.31964025839251103 0.8933346767575474 0.3158848849141993
    outer loop
      vertex 6.386262899598171 21.052687386108595 0
      vertex 6.212092093245493 20.478523184669267 1.8
      vertex 8.189425452612921 19.771021995741535 1.8
    endloop
  endfacet
  facet normal 0.3196402583925116 0.8933346767575475 0.31588488491419886
    outer loop
      vertex 6.386262899598171 21.052687386108595 0
      vertex 8.189425452612921 19.771021995741535 1.8
      vertex 8.419035512031975 20.325349715248308 0
    endloop
  endfacet
  facet normal 0.40566321355478896 0.8577028020539195 0.31588488491419875
    outer loop
      vertex 8.419035512031975 20.325349715248308 0
      vertex 8.189425452612921 19.771021995741535 1.8
      vertex 10.087890168076349 18.873115057054797 1.8
    endloop
  endfacet
  facet normal 0.4056632135547881 0.8577028020539198 0.3158848849141997
    outer loop
      vertex 8.419035512031975 20.325349715248308 0
      vertex 10.087890168076349 18.873115057054797 1.8
      vertex 10.370728210171949 19.402267815663812 0
    endloop
  endfacet
  facet normal 0.48777941021246496 0.8138107804984662 0.31588488491419964
    outer loop
      vertex 10.370728210171949 19.402267815663812 0
      vertex 10.087890168076349 18.873115057054797 1.8
      vertex 11.889202986619486 17.793449703274465 1.8
    endloop
  endfacet
  facet normal 0 0 -1
    outer loop
      vertex 12.222545126431248 -18.292331470655995 0
      vertex 12.222545126431248 18.292331470655995 0
      vertex 13.9566522516002 17.006229973980215 0
    endloop
  endfacet
  facet normal 0 0 1
    outer loop
      vertex 13.576016281102012 -16.54242370196257 1.8
      vertex 13.576016281102012 16.54242370196257 1.8
      vertex 11.889202986619486 17.793449703274465 1.8
    endloop
  endfacet
  facet normal 0 0 -1
    outer loop
      vertex 13.9566522516002 -17.006229973980215 0
      vertex 13.9566522516002 17.006229973980215 0
      vertex 15.556349186104047 15.556349186104047 0
    endloop
  endfacet
  facet normal 0 0 1
    outer loop
      vertex 15.132085117392117 -15.132085117392117 1.8
      vertex 15.132085117392117 15.132085117392117 1.8
      vertex 13.576016281102012 16.54242370196257 1.8
    endloop
  endfacet
  facet normal 0 0 -1
    outer loop
      vertex 15.556349186104047 -15.556349186104047 0
      vertex 15.556349186104047 15.556349186104047 0
      vertex 17.006229973980215 13.9566522516002 0
    endloop
  endfacet
  facet normal 0 0 -1
    outer loop
      vertex 17.006229973980215 -13.9566522516002 0
      vertex 17.006229973980215 13.9566522516002 0
      vertex 18.292331470655995 12.222545126431248 0
    endloop
  endfacet
  facet normal 0 0 1
    outer loop
      vertex 18.873115057054797 -10.087890168076349 1.8
      vertex 18.873115057054797 10.087890168076349 1.8
      vertex 17.793449703274465 11.889202986619486 1.8
    endloop
  endfacet
  facet normal 0 0 -1
    outer loop
      vertex 18.292331470655995 -12.222545126431248 0
      vertex 18.292331470655995 12.222545126431248 0
      vertex 19.402267815663812 10.370728210171949 0
    endloop
  endfacet
  facet normal 0 0 1
    outer loop
      vertex 16.54242370196257 -13.576016281102012 1.8
      vertex 16.54242370196257 13.576016281102012 1.8
      vertex 15.132085117392117 15.132085117392117 1.8
    endloop
  endfacet
  facet normal 0 0 1
    outer loop
      vertex 17.793449703274465 -11.889202986619486 1.8
      vertex 17.793449703274465 11.889202986619486 1.8
      vertex 16.54242370196257 13.576016281102012 1.8
    endloop
  endfacet
  facet normal 0.7620813162525887 0.5651980245024435 0.3158848849141996
    outer loop
      vertex 18.292331470655995 12.222545126431248 0
      vertex 16.54242370196257 13.576016281102012 1.8
      vertex 17.793449703274465 11.889202986619486 1.8
    endloop
  endfacet
  facet normal 0.8138107804984662 0.48777941021246496 0.31588488491419964
    outer loop
      vertex 19.402267815663812 10.370728210171949 0
      vertex 17.793449703274465 11.889202986619486 1.8
      vertex 18.873115057054797 10.087890168076349 1.8
    endloop
  endfacet
  facet normal 0.8138107804984661 0.48777941021246496 0.3158848849141997
    outer loop
      vertex 19.402267815663812 10.370728210171949 0
      vertex 18.292331470655995 12.222545126431248 0
      vertex 17.793449703274465 11.889202986619486 1.8
    endloop
  endfacet
  facet normal 0 0 -1
    outer loop
      vertex 20.325349715248308 -8.419035512031975 0
      vertex 20.325349715248308 8.419035512031975 0
      vertex 21.052687386108595 6.386262899598171 0
    endloop
  endfacet
  facet normal 0 0 1
    outer loop
      vertex 20.98880500062913 -4.174932891145144 1.8
      vertex 20.98880500062913 4.174932891145144 1.8
      vertex 20.478523184669267 6.212092093245493 1.8
    endloop
  endfacet
  facet normal 0 0 -1
    outer loop
      vertex 19.402267815663812 -10.370728210171949 0
      vertex 19.402267815663812 10.370728210171949 0
      vertex 20.325349715248308 8.419035512031975 0
    endloop
  endfacet
  facet normal 0 0 1
    outer loop
      vertex 19.771021995741535 -8.189425452612921 1.8
      vertex 19.771021995741535 8.189425452612921 1.8
      vertex 18.873115057054797 10.087890168076349 1.8
    endloop
  endfacet
  facet normal 0 0 1
    outer loop
      vertex 20.478523184669267 -6.212092093245493 1.8
      vertex 20.478523184669267 6.212092093245493 1.8
      vertex 19.771021995741535 8.189425452612921 1.8
    endloop
  endfacet
  facet normal 0 0 -1
    outer loop
      vertex 21.052687386108595 -6.386262899598171 0
      vertex 21.052687386108595 6.386262899598171 0
      vertex 21.57727616887107 4.291987084354822 0
    endloop
  endfacet
  facet normal 0.9476546547425947 0.04655528785687559 0.3158848849141995
    outer loop
      vertex 22 0 0
      vertex 21.894063986788332 2.156377087250333 0
      vertex 21.29695315078501 2.097566803052597 1.8
    endloop
  endfacet
  facet normal 0 0 1
    outer loop
      vertex 21.29695315078501 -2.097566803052597 1.8
      vertex 21.29695315078501 2.097566803052597 1.8
      vertex 20.98880500062913 4.174932891145144 1.8
    endloop
  endfacet
  facet normal 0.9385282223766938 0.1392175106988558 0.3158848849141995
    outer loop
      vertex 21.894063986788332 2.156377087250333 0
      vertex 20.98880500062913 4.174932891145144 1.8
      vertex 21.29695315078501 2.097566803052597 1.8
    endloop
  endfacet
  facet normal 0.9385282223766942 0.1392175106988571 0.3158848849141982
    outer loop
      vertex 21.894063986788332 2.156377087250333 0
      vertex 21.57727616887107 4.291987084354822 0
      vertex 20.98880500062913 4.174932891145144 1.8
    endloop
  endfacet
  facet normal 0.9203632501775911 0.23053899280877585 0.3158848849141982
    outer loop
      vertex 21.57727616887107 4.291987084354822 0
      vertex 20.478523184669267 6.212092093245493 1.8
      vertex 20.98880500062913 4.174932891145144 1.8
    endloop
  endfacet
  facet normal 0.8933346767575474 0.31964025839251103 0.3158848849141993
    outer loop
      vertex 21.052687386108595 6.386262899598171 0
      vertex 19.771021995741535 8.189425452612921 1.8
      vertex 20.478523184669267 6.212092093245493 1.8
    endloop
  endfacet
  facet normal 0.920363250177591 0.23053899280877482 0.31588488491419925
    outer loop
      vertex 21.57727616887107 4.291987084354822 0
      vertex 21.052687386108595 6.386262899598171 0
      vertex 20.478523184669267 6.212092093245493 1.8
    endloop
  endfacet
  facet normal 0.8933346767575475 0.3196402583925116 0.31588488491419886
    outer loop
      vertex 21.052687386108595 6.386262899598171 0
      vertex 20.325349715248308 8.419035512031975 0
      vertex 19.771021995741535 8.189425452612921 1.8
    endloop
  endfacet
  facet normal 0.8577028020539195 0.40566321355478896 0.31588488491419875
    outer loop
      vertex 20.325349715248308 8.419035512031975 0
      vertex 18.873115057054797 10.087890168076349 1.8
      vertex 19.771021995741535 8.189425452612921 1.8
    endloop
  endfacet
  facet normal 0.8577028020539198 0.4056632135547881 0.3158848849141997
    outer loop
      vertex 20.325349715248308 8.419035512031975 0
      vertex 19.402267815663812 10.370728210171949 0
      vertex 18.873115057054797 10.087890168076349 1.8
    endloop
  endfacet
  facet normal 0.7030125923351742 0.6371734728477965 0.3158848849141991
    outer loop
      vertex 15.556349186104047 15.556349186104047 0
      vertex 15.132085117392117 15.132085117392117 1.8
      vertex 17.006229973980215 13.9566522516002 0
    endloop
  endfacet
  facet normal 0.6371734728477956 0.7030125923351745 0.3158848849141999
    outer loop
      vertex 13.9566522516002 17.006229973980215 0
      vertex 13.576016281102012 16.54242370196257 1.8
      vertex 15.132085117392117 15.132085117392117 1.8
    endloop
  endfacet
  facet normal 0.5651980245024433 0.7620813162525889 0.3158848849141999
    outer loop
      vertex 12.222545126431248 18.292331470655995 0
      vertex 13.576016281102012 16.54242370196257 1.8
      vertex 13.9566522516002 17.006229973980215 0
    endloop
  endfacet
  facet normal 0.6371734728477965 0.7030125923351742 0.3158848849141991
    outer loop
      vertex 15.556349186104047 15.556349186104047 0
      vertex 13.9566522516002 17.006229973980215 0
      vertex 15.132085117392117 15.132085117392117 1.8
    endloop
  endfacet
  facet normal 0.7030125923351745 0.6371734728477956 0.3158848849141999
    outer loop
      vertex 17.006229973980215 13.9566522516002 0
      vertex 15.132085117392117 15.132085117392117 1.8
      vertex 16.54242370196257 13.576016281102012 1.8
    endloop
  endfacet
  facet normal 0.7620813162525889 0.5651980245024433 0.3158848849141999
    outer loop
      vertex 18.292331470655995 12.222545126431248 0
      vertex 17.006229973980215 13.9566522516002 0
      vertex 16.54242370196257 13.576016281102012 1.8
    endloop
  endfacet
endsolid OpenSCAD_Model
