solid OpenSCAD_Model
  facet normal 0 0 -1
    outer loop
      vertex -13.351905882264234 -10.553641317786067 0
      vertex -13.592050983124842 -10.26335575687742 0
      vertex -13.077271969246068 -10.811539728327368 0
    endloop
  endfacet
  facet normal 0 0 -1
    outer loop
      vertex -13.592050983124842 -10.26335575687742 0
      vertex -13.793920040131589 -9.945261022305147 0
      vertex -13.077271969246068 -10.811539728327368 0
    endloop
  endfacet
  facet normal -0.8443279255020176 -0.5358267949789924 0
    outer loop
      vertex -13.592050983124842 -10.26335575687742 0
      vertex -13.793920040131589 -9.945261022305147 2.5
      vertex -13.793920040131589 -9.945261022305147 0
    endloop
  endfacet
  facet normal -0.7705132427757877 -0.6374239897486916 0
    outer loop
      vertex -13.351905882264234 -10.553641317786067 0
      vertex -13.592050983124842 -10.26335575687742 2.5
      vertex -13.592050983124842 -10.26335575687742 0
    endloop
  endfacet
  facet normal 0 0 -1
    outer loop
      vertex -13.077271969246068 -10.811539728327368 0
      vertex -12.442337874695216 -11.214481157398058 0
      vertex -12.772480384936989 -11.032983776506045 0
    endloop
  endfacet
  facet normal -0.5877852522924724 -0.809016994374948 0
    outer loop
      vertex -13.077271969246068 -10.811539728327368 0
      vertex -12.772480384936989 -11.032983776506045 0
      vertex -13.077271969246068 -10.811539728327368 2.5
    endloop
  endfacet
  facet normal -0.4817536741017142 -0.8763066800438643 0
    outer loop
      vertex -12.442337874695216 -11.214481157398058 0
      vertex -12.442337874695216 -11.214481157398058 2.5
      vertex -12.772480384936989 -11.032983776506045 0
    endloop
  endfacet
  facet normal -0.684547105928688 -0.7289686274214122 0
    outer loop
      vertex -13.351905882264234 -10.553641317786067 0
      vertex -13.077271969246068 -10.811539728327368 0
      vertex -13.077271969246068 -10.811539728327368 2.5
    endloop
  endfacet
  facet normal -0.7705132427757877 -0.6374239897486916 0
    outer loop
      vertex -13.351905882264234 -10.553641317786067 0
      vertex -13.351905882264234 -10.553641317786067 2.5
      vertex -13.592050983124842 -10.26335575687742 2.5
    endloop
  endfacet
  facet normal -0.8443279255020176 -0.5358267949789924 0
    outer loop
      vertex -13.592050983124842 -10.26335575687742 0
      vertex -13.592050983124842 -10.26335575687742 2.5
      vertex -13.793920040131589 -9.945261022305147 2.5
    endloop
  endfacet
  facet normal -0.5877852522924724 -0.809016994374948 0
    outer loop
      vertex -12.772480384936989 -11.032983776506045 0
      vertex -12.772480384936989 -11.032983776506045 2.5
      vertex -13.077271969246068 -10.811539728327368 2.5
    endloop
  endfacet
  facet normal -0.4817536741017142 -0.8763066800438643 0
    outer loop
      vertex -12.772480384936989 -11.032983776506045 0
      vertex -12.442337874695216 -11.214481157398058 2.5
      vertex -12.772480384936989 -11.032983776506045 2.5
    endloop
  endfacet
  facet normal -0.684547105928688 -0.7289686274214122 0
    outer loop
      vertex -13.351905882264234 -10.553641317786067 0
      vertex -13.077271969246068 -10.811539728327368 2.5
      vertex -13.351905882264234 -10.553641317786067 2.5
    endloop
  endfacet
  facet normal 0 0 -1
    outer loop
      vertex -13.793920040131589 -9.945261022305147 0
      vertex -13.954329457664754 -9.604373658054033 0
      vertex -14.070749483385892 -9.246069661494564 0
    endloop
  endfacet
  facet normal 0 0 -1
    outer loop
      vertex -13.077271969246068 -10.811539728327368 0
      vertex -13.793920040131589 -9.945261022305147 0
      vertex -14.165 -8.5 0
    endloop
  endfacet
  facet normal -0.9048270524660186 -0.4257792915650746 0
    outer loop
      vertex -13.793920040131589 -9.945261022305147 0
      vertex -13.793920040131589 -9.945261022305147 2.5
      vertex -13.954329457664754 -9.604373658054033 0
    endloop
  endfacet
  facet normal -0.9510565162951538 -0.30901699437494684 0
    outer loop
      vertex -13.954329457664754 -9.604373658054033 0
      vertex -14.070749483385892 -9.246069661494564 2.5
      vertex -14.070749483385892 -9.246069661494564 0
    endloop
  endfacet
  facet normal 0 0 -1
    outer loop
      vertex -13.793920040131589 -9.945261022305147 0
      vertex -14.070749483385892 -9.246069661494564 0
      vertex -14.165 -8.5 0
    endloop
  endfacet
  facet normal 0 0 -1
    outer loop
      vertex -14.070749483385892 -9.246069661494564 0
      vertex -14.141344103943432 -8.875999700692912 0
      vertex -14.165 -8.5 0
    endloop
  endfacet
  facet normal -0.9822872507286892 -0.18738131458572235 0
    outer loop
      vertex -14.070749483385892 -9.246069661494564 0
      vertex -14.070749483385892 -9.246069661494564 2.5
      vertex -14.141344103943432 -8.875999700692912 0
    endloop
  endfacet
  facet normal -0.9980267284282714 -0.0627905195293158 0
    outer loop
      vertex -14.141344103943432 -8.875999700692912 0
      vertex -14.165 -8.5 2.5
      vertex -14.165 -8.5 0
    endloop
  endfacet
  facet normal -0.9048270524660186 -0.4257792915650746 0
    outer loop
      vertex -13.954329457664754 -9.604373658054033 0
      vertex -13.793920040131589 -9.945261022305147 2.5
      vertex -13.954329457664754 -9.604373658054033 2.5
    endloop
  endfacet
  facet normal -0.9510565162951538 -0.30901699437494684 0
    outer loop
      vertex -13.954329457664754 -9.604373658054033 0
      vertex -13.954329457664754 -9.604373658054033 2.5
      vertex -14.070749483385892 -9.246069661494564 2.5
    endloop
  endfacet
  facet normal -0.9822872507286892 -0.18738131458572235 0
    outer loop
      vertex -14.141344103943432 -8.875999700692912 0
      vertex -14.070749483385892 -9.246069661494564 2.5
      vertex -14.141344103943432 -8.875999700692912 2.5
    endloop
  endfacet
  facet normal -0.9980267284282714 -0.0627905195293158 0
    outer loop
      vertex -14.141344103943432 -8.875999700692912 0
      vertex -14.141344103943432 -8.875999700692912 2.5
      vertex -14.165 -8.5 2.5
    endloop
  endfacet
  facet normal 0 0 -1
    outer loop
      vertex -13.077271969246068 -10.811539728327368 0
      vertex -11.353371558587941 -11.494080185284815 0
      vertex -12.442337874695216 -11.214481157398058 0
    endloop
  endfacet
  facet normal 0 0 -1
    outer loop
      vertex -12.442337874695216 -11.214481157398058 0
      vertex -11.353371558587941 -11.494080185284815 0
      vertex -12.09205098312484 -11.353169548885461 0
    endloop
  endfacet
  facet normal 0 0 -1
    outer loop
      vertex -12.09205098312484 -11.353169548885461 0
      vertex -11.353371558587941 -11.494080185284815 0
      vertex -11.727143943757174 -11.446861752186066 0
    endloop
  endfacet
  facet normal -0.36812455268467936 -0.9297764858882508 0
    outer loop
      vertex -12.442337874695216 -11.214481157398058 0
      vertex -12.09205098312484 -11.353169548885461 0
      vertex -12.442337874695216 -11.214481157398058 2.5
    endloop
  endfacet
  facet normal -0.24868988716485627 -0.9685831611286306 0
    outer loop
      vertex -12.09205098312484 -11.353169548885461 0
      vertex -11.727143943757174 -11.446861752186066 0
      vertex -12.09205098312484 -11.353169548885461 2.5
    endloop
  endfacet
  facet normal -0.12533323356430526 -0.9921147013144777 0
    outer loop
      vertex -11.727143943757174 -11.446861752186066 0
      vertex -11.353371558587941 -11.494080185284815 0
      vertex -11.353371558587941 -11.494080185284815 2.5
    endloop
  endfacet
  facet normal -0.36812455268467936 -0.9297764858882508 0
    outer loop
      vertex -12.442337874695216 -11.214481157398058 2.5
      vertex -12.09205098312484 -11.353169548885461 0
      vertex -12.09205098312484 -11.353169548885461 2.5
    endloop
  endfacet
  facet normal -0.24868988716485627 -0.9685831611286306 0
    outer loop
      vertex -11.727143943757174 -11.446861752186066 0
      vertex -11.727143943757174 -11.446861752186066 2.5
      vertex -12.09205098312484 -11.353169548885461 2.5
    endloop
  endfacet
  facet normal -0.12533323356430526 -0.9921147013144777 0
    outer loop
      vertex -11.727143943757174 -11.446861752186066 0
      vertex -11.353371558587941 -11.494080185284815 2.5
      vertex -11.727143943757174 -11.446861752186066 2.5
    endloop
  endfacet
  facet normal 0 0 -1
    outer loop
      vertex -13.077271969246068 -10.811539728327368 0
      vertex -9.048174901937129 -6.347637684742951 0
      vertex -8.974939191798951 -6.416410594220631 0
    endloop
  endfacet
  facet normal 0 0 -1
    outer loop
      vertex -13.077271969246068 -10.811539728327368 0
      vertex -8.974939191798951 -6.416410594220631 0
      vertex -8.893661435983198 -6.475462340401612 0
    endloop
  endfacet
  facet normal 0 0 -1
    outer loop
      vertex -13.077271969246068 -10.811539728327368 0
      vertex -8.893661435983198 -6.475462340401612 0
      vertex -8.805623433252057 -6.5238616419728155 0
    endloop
  endfacet
  facet normal 0 0 -1
    outer loop
      vertex -13.077271969246068 -10.811539728327368 0
      vertex -8.805623433252057 -6.5238616419728155 0
      vertex -8.712213595499957 -6.560845213036123 0
    endloop
  endfacet
  facet normal 0 0 -1
    outer loop
      vertex -13.077271969246068 -10.811539728327368 0
      vertex -8.712213595499957 -6.560845213036123 0
      vertex -8.614905051668579 -6.5858298005829505 0
    endloop
  endfacet
  facet normal 0 0 -1
    outer loop
      vertex -13.077271969246068 -10.811539728327368 0
      vertex -8.614905051668579 -6.5858298005829505 0
      vertex -8.515232415623451 -6.598421382742617 0
    endloop
  endfacet
  facet normal 0 0 -1
    outer loop
      vertex -13.077271969246068 -10.811539728327368 0
      vertex -9.112213595499957 -6.270228201833978 0
      vertex -9.048174901937129 -6.347637684742951 0
    endloop
  endfacet
  facet normal 0 0 -1
    outer loop
      vertex -13.077271969246068 -10.811539728327368 0
      vertex -9.16604534403509 -6.1854029392813725 0
      vertex -9.112213595499957 -6.270228201833978 0
    endloop
  endfacet
  facet normal 0 0 -1
    outer loop
      vertex -13.077271969246068 -10.811539728327368 0
      vertex -9.208821188710601 -6.094499642147742 0
      vertex -9.16604534403509 -6.1854029392813725 0
    endloop
  endfacet
  facet normal 0 0 -1
    outer loop
      vertex -13.077271969246068 -10.811539728327368 0
      vertex -9.258691761051582 -5.900266586851443 0
      vertex -9.239866528902905 -5.9989519097318835 0
    endloop
  endfacet
  facet normal 0 0 -1
    outer loop
      vertex -13.077271969246068 -10.811539728327368 0
      vertex -9.265 -5.8 0
      vertex -9.258691761051582 -5.900266586851443 0
    endloop
  endfacet
  facet normal 0 0 -1
    outer loop
      vertex -13.077271969246068 -10.811539728327368 0
      vertex -9.239866528902905 -5.9989519097318835 0
      vertex -9.208821188710601 -6.094499642147742 0
    endloop
  endfacet
  facet normal -0.5942664567451691 -0.377132961333665 0.7103647709896954
    outer loop
      vertex -13.592050983124842 -10.26335575687742 2.5
      vertex -4.551863360087727 -0.9635073482034308 15
      vertex -13.793920040131589 -9.945261022305147 2.5
    endloop
  endfacet
  facet normal -0.6478768235382605 -0.30486769178235995 0.6980768668486801
    outer loop
      vertex -13.793920040131589 -9.945261022305147 2.5
      vertex -4.551863360087727 -0.9635073482034308 15
      vertex -13.954329457664754 -9.604373658054033 2.5
    endloop
  endfacet
  facet normal -0.6976559067104517 -0.22668214528345235 0.6796259565685445
    outer loop
      vertex -13.954329457664754 -9.604373658054033 2.5
      vertex -4.736416322257262 -0.4973797743297097 15
      vertex -14.070749483385892 -9.246069661494564 2.5
    endloop
  endfacet
  facet normal -0.7430386399807207 -0.1417422012189293 0.6540663023648392
    outer loop
      vertex -14.070749483385892 -9.246069661494564 2.5
      vertex -4.783479402628956 -0.25066646712860813 15
      vertex -14.141344103943432 -8.875999700692912 2.5
    endloop
  endfacet
  facet normal -0.7829509948811096 -0.049259101318860965 0.6201300513214456
    outer loop
      vertex -14.141344103943432 -8.875999700692912 2.5
      vertex -4.783479402628956 -0.25066646712860813 15
      vertex -14.165 -8.5 2.5
    endloop
  endfacet
  facet normal -0.4108021413498611 -0.5654206402447933 0.7152210149649805
    outer loop
      vertex -13.077271969246068 -10.811539728327368 2.5
      vertex -12.772480384936989 -11.032983776506045 2.5
      vertex -3.870903589957993 -1.6886558510040302 15
    endloop
  endfacet
  facet normal -0.4759660719035189 -0.5068523862415014 0.7187189693879172
    outer loop
      vertex -13.351905882264234 -10.553641317786067 2.5
      vertex -13.077271969246068 -10.811539728327368 2.5
      vertex -4.257187254842823 -1.369094211857377 15
    endloop
  endfacet
  facet normal -0.5370027206644248 -0.4442472857165746 0.717127901515805
    outer loop
      vertex -13.351905882264234 -10.553641317786067 2.5
      vertex -4.257187254842823 -1.369094211857377 15
      vertex -13.592050983124842 -10.26335575687742 2.5
    endloop
  endfacet
  facet normal -0.3409666836870827 -0.6202160951746246 0.7064514957884751
    outer loop
      vertex -12.442337874695216 -11.214481157398058 2.5
      vertex -3.870903589957993 -1.6886558510040302 15
      vertex -12.772480384936989 -11.032983776506045 2.5
    endloop
  endfacet
  facet normal -0.26576461037218796 -0.6712447830584406 0.691953476102654
    outer loop
      vertex -12.442337874695216 -11.214481157398058 2.5
      vertex -12.09205098312484 -11.353169548885461 2.5
      vertex -3.4172839887498947 -1.902113032590307 15
    endloop
  endfacet
  facet normal -0.18439823109602657 -0.7181836930229499 0.6709765088619524
    outer loop
      vertex -12.09205098312484 -11.353169548885461 2.5
      vertex -11.727143943757174 -11.446861752186066 2.5
      vertex -3.4172839887498947 -1.902113032590307 15
    endloop
  endfacet
  facet normal -0.09604576670085614 -0.7602805292185321 0.6424552339190908
    outer loop
      vertex -11.727143943757174 -11.446861752186066 2.5
      vertex -11.353371558587941 -11.494080185284815 2.5
      vertex -2.924831039058627 -1.9960534568565431 15
    endloop
  endfacet
  facet normal 0 0 -1
    outer loop
      vertex -13.077271969246068 -10.811539728327368 0
      vertex -14.165 -8.5 0
      vertex -14.141344103943432 8.875999700692912 0
    endloop
  endfacet
  facet normal -1 0 0
    outer loop
      vertex -14.165 -8.5 0
      vertex -14.165 -8.5 2.5
      vertex -14.165 8.5 0
    endloop
  endfacet
  facet normal 0 0 -1
    outer loop
      vertex -13.077271969246068 -10.811539728327368 0
      vertex -9.265 5.8 0
      vertex -9.265 -5.8 0
    endloop
  endfacet
  facet normal -0.8002841711550552 0 0.5996209180796366
    outer loop
      vertex -14.165 -8.5 2.5
      vertex -5.548509999999999 0 14
      vertex -14.165 8.5 2.5
    endloop
  endfacet
  facet normal -0.47596607190352047 -0.5068523862415028 0.7187189693879156
    outer loop
      vertex -13.077271969246068 -10.811539728327368 2.5
      vertex -4.074097979497379 -1.5410264855515787 15
      vertex -4.257187254842823 -1.369094211857377 15
    endloop
  endfacet
  facet normal -0.537002720664424 -0.444247285716574 0.7171279015158057
    outer loop
      vertex -13.592050983124842 -10.26335575687742 2.5
      vertex -4.257187254842823 -1.369094211857377 15
      vertex -4.417283988749895 -1.1755705045849463 15
    endloop
  endfacet
  facet normal -0.8002841711550555 0 0.5996209180796362
    outer loop
      vertex -14.165 -8.5 2.5
      vertex -4.79925 0 15
      vertex -5.548509999999999 0 14
    endloop
  endfacet
  facet normal -0.6976559067104503 -0.22668214528345343 0.6796259565685457
    outer loop
      vertex -13.954329457664754 -9.604373658054033 2.5
      vertex -4.6588029717765025 -0.7362491053693557 15
      vertex -4.736416322257262 -0.4973797743297097 15
    endloop
  endfacet
  facet normal -0.6478768235382627 -0.3048676917823545 0.6980768668486804
    outer loop
      vertex -13.954329457664754 -9.604373658054033 2.5
      vertex -4.551863360087727 -0.9635073482034308 15
      vertex -4.6588029717765025 -0.7362491053693557 15
    endloop
  endfacet
  facet normal -0.5942664567451674 -0.37713296133366486 0.710364770989697
    outer loop
      vertex -13.592050983124842 -10.26335575687742 2.5
      vertex -4.417283988749895 -1.1755705045849463 15
      vertex -4.551863360087727 -0.9635073482034308 15
    endloop
  endfacet
  facet normal -0.7430386399807222 -0.14174220121892867 0.6540663023648379
    outer loop
      vertex -14.070749483385892 -9.246069661494564 2.5
      vertex -4.736416322257262 -0.4973797743297097 15
      vertex -4.783479402628956 -0.25066646712860813 15
    endloop
  endfacet
  facet normal -0.7829509948811089 -0.049259101318860896 0.6201300513214466
    outer loop
      vertex -14.165 -8.5 2.5
      vertex -4.783479402628956 -0.25066646712860813 15
      vertex -4.79925 0 15
    endloop
  endfacet
  facet normal 0 -1 0
    outer loop
      vertex -11.353371558587941 -11.494080185284815 0
      vertex 11.353371558587941 -11.494080185284815 0
      vertex -11.353371558587941 -11.494080185284815 2.5
    endloop
  endfacet
  facet normal 0 0 -1
    outer loop
      vertex -13.077271969246068 -10.811539728327368 0
      vertex -8.515232415623451 -6.598421382742617 0
      vertex 8.515232415623451 -6.598421382742617 0
    endloop
  endfacet
  facet normal 0 0 -1
    outer loop
      vertex -13.077271969246068 -10.811539728327368 0
      vertex 14.165 -8.5 0
      vertex -11.353371558587941 -11.494080185284815 0
    endloop
  endfacet
  facet normal -0.34096668368708133 -0.6202160951746254 0.706451495788475
    outer loop
      vertex -12.442337874695216 -11.214481157398058 2.5
      vertex -3.6508085831301447 -1.8096541049320392 15
      vertex -3.870903589957993 -1.6886558510040302 15
    endloop
  endfacet
  facet normal -0.2657646103721853 -0.6712447830584405 0.6919534761026552
    outer loop
      vertex -12.442337874695216 -11.214481157398058 2.5
      vertex -3.4172839887498947 -1.902113032590307 15
      vertex -3.6508085831301447 -1.8096541049320392 15
    endloop
  endfacet
  facet normal -0.41080214134986026 -0.5654206402447925 0.7152210149649815
    outer loop
      vertex -13.077271969246068 -10.811539728327368 2.5
      vertex -3.870903589957993 -1.6886558510040302 15
      vertex -4.074097979497379 -1.5410264855515787 15
    endloop
  endfacet
  facet normal -0.18439823109602707 -0.7181836930229484 0.6709765088619539
    outer loop
      vertex -11.727143943757174 -11.446861752186066 2.5
      vertex -3.1740126291714494 -1.9645745014573772 15
      vertex -3.4172839887498947 -1.902113032590307 15
    endloop
  endfacet
  facet normal -0.09604576670085584 -0.7602805292185321 0.6424552339190908
    outer loop
      vertex -11.727143943757174 -11.446861752186066 2.5
      vertex -2.924831039058627 -1.9960534568565431 15
      vertex -3.1740126291714494 -1.9645745014573772 15
    endloop
  endfacet
  facet normal 0 -0.7962227420844863 0.605003590888072
    outer loop
      vertex -11.353371558587941 -11.494080185284815 2.5
      vertex 2.924831039058627 -1.9960534568565431 15
      vertex -2.924831039058627 -1.9960534568565431 15
    endloop
  endfacet
  facet normal 0 0 1
    outer loop
      vertex -4.257187254842823 -1.369094211857377 15
      vertex -4.074097979497379 -1.5410264855515787 15
      vertex -4.417283988749895 -1.1755705045849463 15
    endloop
  endfacet
  facet normal 0 0 1
    outer loop
      vertex -4.074097979497379 -1.5410264855515787 15
      vertex -3.6508085831301447 -1.8096541049320392 15
      vertex -4.417283988749895 -1.1755705045849463 15
    endloop
  endfacet
  facet normal 0 0 1
    outer loop
      vertex -4.074097979497379 -1.5410264855515787 15
      vertex -3.870903589957993 -1.6886558510040302 15
      vertex -3.6508085831301447 -1.8096541049320392 15
    endloop
  endfacet
  facet normal 0 0 1
    outer loop
      vertex -3.6508085831301447 -1.8096541049320392 15
      vertex -2.924831039058627 -1.9960534568565431 15
      vertex -4.417283988749895 -1.1755705045849463 15
    endloop
  endfacet
  facet normal 0 0 1
    outer loop
      vertex -4.551863360087727 -0.9635073482034308 15
      vertex -4.417283988749895 -1.1755705045849463 15
      vertex -4.736416322257262 -0.4973797743297097 15
    endloop
  endfacet
  facet normal 0 0 1
    outer loop
      vertex -4.551863360087727 -0.9635073482034308 15
      vertex -4.736416322257262 -0.4973797743297097 15
      vertex -4.6588029717765025 -0.7362491053693557 15
    endloop
  endfacet
  facet normal 0 0 1
    outer loop
      vertex -4.736416322257262 -0.4973797743297097 15
      vertex -4.417283988749895 -1.1755705045849463 15
      vertex -4.79925 0 15
    endloop
  endfacet
  facet normal 0 0 1
    outer loop
      vertex -4.736416322257262 -0.4973797743297097 15
      vertex -4.79925 0 15
      vertex -4.783479402628956 -0.25066646712860813 15
    endloop
  endfacet
  facet normal 0 0 1
    outer loop
      vertex -4.79925 0 15
      vertex -4.417283988749895 -1.1755705045849463 15
      vertex -2.924831039058627 -1.9960534568565431 15
    endloop
  endfacet
  facet normal 0 0 1
    outer loop
      vertex -3.1740126291714494 -1.9645745014573772 15
      vertex -2.924831039058627 -1.9960534568565431 15
      vertex -3.4172839887498947 -1.902113032590307 15
    endloop
  endfacet
  facet normal 0 0 1
    outer loop
      vertex -3.6508085831301447 -1.8096541049320392 15
      vertex -3.4172839887498947 -1.902113032590307 15
      vertex -2.924831039058627 -1.9960534568565431 15
    endloop
  endfacet
  facet normal 0 0 1
    outer loop
      vertex -4.79925 0 15
      vertex -2.924831039058627 -1.9960534568565431 15
      vertex 3.6508085831301447 -1.8096541049320392 15
    endloop
  endfacet
  facet normal 0 0 -1
    outer loop
      vertex -14.165 -8.5 0
      vertex -14.165 8.5 0
      vertex -14.141344103943432 8.875999700692912 0
    endloop
  endfacet
  facet normal 0 0 -1
    outer loop
      vertex -13.077271969246068 -10.811539728327368 0
      vertex -14.141344103943432 8.875999700692912 0
      vertex -11.35337155858794 11.494080185284815 0
    endloop
  endfacet
  facet normal -1 0 0
    outer loop
      vertex -14.165 -8.5 2.5
      vertex -14.165 8.5 2.5
      vertex -14.165 8.5 0
    endloop
  endfacet
  facet normal 0 0 -1
    outer loop
      vertex -13.077271969246068 -10.811539728327368 0
      vertex -11.35337155858794 11.494080185284815 0
      vertex -9.239866528902905 5.9989519097318835 0
    endloop
  endfacet
  facet normal 0 0 -1
    outer loop
      vertex -13.077271969246068 -10.811539728327368 0
      vertex -9.258691761051582 5.900266586851443 0
      vertex -9.265 5.8 0
    endloop
  endfacet
  facet normal 0 0 -1
    outer loop
      vertex -13.077271969246068 -10.811539728327368 0
      vertex -9.239866528902905 5.9989519097318835 0
      vertex -9.258691761051582 5.900266586851443 0
    endloop
  endfacet
  facet normal -0.7829509948811096 0.04925910131886096 0.6201300513214456
    outer loop
      vertex -14.165 8.5 2.5
      vertex -5.532108578734113 0.9406931258137521 14
      vertex -14.141344103943432 8.875999700692912 2.5
    endloop
  endfacet
  facet normal -0.8002841711550556 -1.0452869565404732e-15 0.5996209180796361
    outer loop
      vertex -5.548509999999999 0 14
      vertex -5.54851 0.68 14
      vertex -14.165 8.5 2.5
    endloop
  endfacet
  facet normal -0.7829509948811089 0.049259101318858314 0.6201300513214468
    outer loop
      vertex -14.165 8.5 2.5
      vertex -5.54851 0.68 14
      vertex -5.532108578734113 0.9406931258137521 14
    endloop
  endfacet
  facet normal -0.7430386399807195 0.14174220121893363 0.6540663023648398
    outer loop
      vertex -14.141344103943432 8.875999700692912 2.5
      vertex -5.532108578734113 0.9406931258137521 14
      vertex -5.483162975147552 1.197274965302898 14
    endloop
  endfacet
  facet normal -0.6976559067104495 0.22668214528345915 0.6796259565685447
    outer loop
      vertex -14.070749483385892 9.246069661494564 2.5
      vertex -5.483162975147552 1.197274965302898 14
      vertex -5.402445090647562 1.4456990695841292 14
    endloop
  endfacet
  facet normal -0.6478768235382633 0.3048676917823556 0.6980768668486791
    outer loop
      vertex -13.954329457664754 9.604373658054033 2.5
      vertex -5.402445090647562 1.4456990695841292 14
      vertex -5.291227894491236 1.6820476421315678 14
    endloop
  endfacet
  facet normal -0.5942664567451674 0.37713296133366736 0.7103647709896955
    outer loop
      vertex -13.793920040131589 9.945261022305147 2.5
      vertex -5.291227894491236 1.6820476421315678 14
      vertex -5.151265348299891 1.9025933247683446 14
    endloop
  endfacet
  facet normal -0.5370027206644248 0.4442472857165737 0.7171279015158055
    outer loop
      vertex -13.592050983124842 10.26335575687742 2.5
      vertex -5.151265348299891 1.9025933247683446 14
      vertex -4.984764745036537 2.103857980331673 14
    endloop
  endfacet
  facet normal -0.4759660719035163 0.5068523862415036 0.7187189693879175
    outer loop
      vertex -13.351905882264234 10.553641317786067 2.5
      vertex -4.984764745036537 2.103857980331673 14
      vertex -4.794351898677275 2.2826675449736418 14
    endloop
  endfacet
  facet normal -0.4108021413498634 0.5654206402447916 0.7152210149649805
    outer loop
      vertex -13.077271969246068 10.811539728327368 2.5
      vertex -4.794351898677275 2.2826675449736418 14
      vertex -4.583029733556314 2.4362020850441923 14
    endloop
  endfacet
  facet normal -0.3409666836870833 0.6202160951746247 0.7064514957884747
    outer loop
      vertex -12.772480384936989 11.032983776506045 2.5
      vertex -4.583029733556314 2.4362020850441923 14
      vertex -4.354130926455351 2.5620402691293207 14
    endloop
  endfacet
  facet normal -0.9980267284282714 0.0627905195293158 0
    outer loop
      vertex -14.165 8.5 0
      vertex -14.141344103943432 8.875999700692912 2.5
      vertex -14.141344103943432 8.875999700692912 0
    endloop
  endfacet
  facet normal -0.9980267284282714 0.0627905195293158 0
    outer loop
      vertex -14.165 8.5 0
      vertex -14.165 8.5 2.5
      vertex -14.141344103943432 8.875999700692912 2.5
    endloop
  endfacet
  facet normal -0.9822872507286892 0.18738131458572235 0
    outer loop
      vertex -14.141344103943432 8.875999700692912 0
      vertex -14.141344103943432 8.875999700692912 2.5
      vertex -14.070749483385892 9.246069661494564 2.5
    endloop
  endfacet
  facet normal 0 0 -1
    outer loop
      vertex -14.141344103943432 8.875999700692912 0
      vertex -14.070749483385892 9.246069661494564 0
      vertex -13.954329457664754 9.604373658054033 0
    endloop
  endfacet
  facet normal 0 0 -1
    outer loop
      vertex -14.141344103943432 8.875999700692912 0
      vertex -13.954329457664754 9.604373658054033 0
      vertex -13.351905882264234 10.553641317786067 0
    endloop
  endfacet
  facet normal -0.9822872507286892 0.18738131458572235 0
    outer loop
      vertex -14.141344103943432 8.875999700692912 0
      vertex -14.070749483385892 9.246069661494564 2.5
      vertex -14.070749483385892 9.246069661494564 0
    endloop
  endfacet
  facet normal -0.9510565162951538 0.30901699437494684 0
    outer loop
      vertex -14.070749483385892 9.246069661494564 0
      vertex -14.070749483385892 9.246069661494564 2.5
      vertex -13.954329457664754 9.604373658054033 0
    endloop
  endfacet
  facet normal 0 0 -1
    outer loop
      vertex -13.954329457664754 9.604373658054033 0
      vertex -13.793920040131589 9.945261022305147 0
      vertex -13.592050983124842 10.26335575687742 0
    endloop
  endfacet
  facet normal 0 0 -1
    outer loop
      vertex -13.954329457664754 9.604373658054033 0
      vertex -13.592050983124842 10.26335575687742 0
      vertex -13.351905882264234 10.553641317786067 0
    endloop
  endfacet
  facet normal -0.9048270524660186 0.4257792915650746 0
    outer loop
      vertex -13.954329457664754 9.604373658054033 0
      vertex -13.793920040131589 9.945261022305147 2.5
      vertex -13.793920040131589 9.945261022305147 0
    endloop
  endfacet
  facet normal -0.8443279255020176 0.5358267949789924 0
    outer loop
      vertex -13.793920040131589 9.945261022305147 0
      vertex -13.793920040131589 9.945261022305147 2.5
      vertex -13.592050983124842 10.26335575687742 0
    endloop
  endfacet
  facet normal -0.7705132427757877 0.6374239897486916 0
    outer loop
      vertex -13.592050983124842 10.26335575687742 0
      vertex -13.351905882264234 10.553641317786067 2.5
      vertex -13.351905882264234 10.553641317786067 0
    endloop
  endfacet
  facet normal 0 0 -1
    outer loop
      vertex -14.141344103943432 8.875999700692912 0
      vertex -13.351905882264234 10.553641317786067 0
      vertex -11.35337155858794 11.494080185284815 0
    endloop
  endfacet
  facet normal -0.9510565162951538 0.30901699437494684 0
    outer loop
      vertex -13.954329457664754 9.604373658054033 0
      vertex -14.070749483385892 9.246069661494564 2.5
      vertex -13.954329457664754 9.604373658054033 2.5
    endloop
  endfacet
  facet normal -0.9048270524660186 0.4257792915650746 0
    outer loop
      vertex -13.954329457664754 9.604373658054033 0
      vertex -13.954329457664754 9.604373658054033 2.5
      vertex -13.793920040131589 9.945261022305147 2.5
    endloop
  endfacet
  facet normal -0.8443279255020176 0.5358267949789924 0
    outer loop
      vertex -13.592050983124842 10.26335575687742 0
      vertex -13.793920040131589 9.945261022305147 2.5
      vertex -13.592050983124842 10.26335575687742 2.5
    endloop
  endfacet
  facet normal -0.7705132427757877 0.6374239897486916 0
    outer loop
      vertex -13.592050983124842 10.26335575687742 0
      vertex -13.592050983124842 10.26335575687742 2.5
      vertex -13.351905882264234 10.553641317786067 2.5
    endloop
  endfacet
  facet normal 0 0 -1
    outer loop
      vertex -13.351905882264234 10.553641317786067 0
      vertex -13.077271969246068 10.811539728327368 0
      vertex -12.772480384936989 11.032983776506045 0
    endloop
  endfacet
  facet normal 0 0 -1
    outer loop
      vertex -13.351905882264234 10.553641317786067 0
      vertex -12.772480384936989 11.032983776506045 0
      vertex -12.442337874695218 11.214481157398058 0
    endloop
  endfacet
  facet normal -0.684547105928688 0.7289686274214122 0
    outer loop
      vertex -13.351905882264234 10.553641317786067 0
      vertex -13.077271969246068 10.811539728327368 2.5
      vertex -13.077271969246068 10.811539728327368 0
    endloop
  endfacet
  facet normal -0.5877852522924724 0.809016994374948 0
    outer loop
      vertex -13.077271969246068 10.811539728327368 0
      vertex -13.077271969246068 10.811539728327368 2.5
      vertex -12.772480384936989 11.032983776506045 0
    endloop
  endfacet
  facet normal -0.4817536741017162 0.8763066800438631 0
    outer loop
      vertex -12.772480384936989 11.032983776506045 0
      vertex -12.772480384936989 11.032983776506045 2.5
      vertex -12.442337874695218 11.214481157398058 0
    endloop
  endfacet
  facet normal -0.684547105928688 0.7289686274214122 0
    outer loop
      vertex -13.351905882264234 10.553641317786067 0
      vertex -13.351905882264234 10.553641317786067 2.5
      vertex -13.077271969246068 10.811539728327368 2.5
    endloop
  endfacet
  facet normal -0.5877852522924724 0.809016994374948 0
    outer loop
      vertex -12.772480384936989 11.032983776506045 0
      vertex -13.077271969246068 10.811539728327368 2.5
      vertex -12.772480384936989 11.032983776506045 2.5
    endloop
  endfacet
  facet normal -0.4817536741017162 0.8763066800438631 0
    outer loop
      vertex -12.442337874695218 11.214481157398058 0
      vertex -12.772480384936989 11.032983776506045 2.5
      vertex -12.442337874695218 11.214481157398058 2.5
    endloop
  endfacet
  facet normal 0 0 -1
    outer loop
      vertex -13.351905882264234 10.553641317786067 0
      vertex -12.442337874695218 11.214481157398058 0
      vertex -11.35337155858794 11.494080185284815 0
    endloop
  endfacet
  facet normal -0.36812455268467775 0.9297764858882515 0
    outer loop
      vertex -12.442337874695218 11.214481157398058 0
      vertex -12.442337874695218 11.214481157398058 2.5
      vertex -12.09205098312484 11.353169548885461 0
    endloop
  endfacet
  facet normal 0 0 -1
    outer loop
      vertex -12.442337874695218 11.214481157398058 0
      vertex -12.09205098312484 11.353169548885461 0
      vertex -11.35337155858794 11.494080185284815 0
    endloop
  endfacet
  facet normal 0 0 -1
    outer loop
      vertex -12.09205098312484 11.353169548885461 0
      vertex -11.727143943757174 11.446861752186066 0
      vertex -11.35337155858794 11.494080185284815 0
    endloop
  endfacet
  facet normal -0.24868988716485627 0.9685831611286306 0
    outer loop
      vertex -12.09205098312484 11.353169548885461 0
      vertex -11.727143943757174 11.446861752186066 2.5
      vertex -11.727143943757174 11.446861752186066 0
    endloop
  endfacet
  facet normal -0.12533323356430467 0.9921147013144778 0
    outer loop
      vertex -11.727143943757174 11.446861752186066 0
      vertex -11.727143943757174 11.446861752186066 2.5
      vertex -11.35337155858794 11.494080185284815 0
    endloop
  endfacet
  facet normal -0.36812455268467775 0.9297764858882515 0
    outer loop
      vertex -12.442337874695218 11.214481157398058 2.5
      vertex -12.09205098312484 11.353169548885461 2.5
      vertex -12.09205098312484 11.353169548885461 0
    endloop
  endfacet
  facet normal -0.24868988716485627 0.9685831611286306 0
    outer loop
      vertex -12.09205098312484 11.353169548885461 0
      vertex -12.09205098312484 11.353169548885461 2.5
      vertex -11.727143943757174 11.446861752186066 2.5
    endloop
  endfacet
  facet normal -0.12533323356430467 0.9921147013144778 0
    outer loop
      vertex -11.35337155858794 11.494080185284815 0
      vertex -11.727143943757174 11.446861752186066 2.5
      vertex -11.35337155858794 11.494080185284815 2.5
    endloop
  endfacet
  facet normal 0 0 -1
    outer loop
      vertex -11.35337155858794 11.494080185284815 0
      vertex -9.208821188710601 6.094499642147742 0
      vertex -9.239866528902905 5.9989519097318835 0
    endloop
  endfacet
  facet normal 0 0 -1
    outer loop
      vertex -11.35337155858794 11.494080185284815 0
      vertex -9.16604534403509 6.1854029392813725 0
      vertex -9.208821188710601 6.094499642147742 0
    endloop
  endfacet
  facet normal 0 0 -1
    outer loop
      vertex -11.35337155858794 11.494080185284815 0
      vertex -9.112213595499957 6.270228201833978 0
      vertex -9.16604534403509 6.1854029392813725 0
    endloop
  endfacet
  facet normal 0 0 -1
    outer loop
      vertex -11.35337155858794 11.494080185284815 0
      vertex -9.048174901937129 6.347637684742951 0
      vertex -9.112213595499957 6.270228201833978 0
    endloop
  endfacet
  facet normal 0 0 -1
    outer loop
      vertex -11.35337155858794 11.494080185284815 0
      vertex -8.974939191798951 6.416410594220631 0
      vertex -9.048174901937129 6.347637684742951 0
    endloop
  endfacet
  facet normal 0 0 -1
    outer loop
      vertex -11.35337155858794 11.494080185284815 0
      vertex -8.893661435983198 6.475462340401612 0
      vertex -8.974939191798951 6.416410594220631 0
    endloop
  endfacet
  facet normal 0 0 -1
    outer loop
      vertex -11.35337155858794 11.494080185284815 0
      vertex -8.805623433252059 6.5238616419728155 0
      vertex -8.893661435983198 6.475462340401612 0
    endloop
  endfacet
  facet normal 0 0 -1
    outer loop
      vertex -11.35337155858794 11.494080185284815 0
      vertex -8.712213595499957 6.560845213036123 0
      vertex -8.805623433252059 6.5238616419728155 0
    endloop
  endfacet
  facet normal 0 0 -1
    outer loop
      vertex -11.35337155858794 11.494080185284815 0
      vertex -8.614905051668579 6.5858298005829505 0
      vertex -8.712213595499957 6.560845213036123 0
    endloop
  endfacet
  facet normal 0 0 -1
    outer loop
      vertex -11.35337155858794 11.494080185284815 0
      vertex -8.515232415623451 6.598421382742617 0
      vertex -8.614905051668579 6.5858298005829505 0
    endloop
  endfacet
  facet normal -0.7430386399807207 0.1417422012189293 0.6540663023648394
    outer loop
      vertex -14.141344103943432 8.875999700692912 2.5
      vertex -5.483162975147552 1.197274965302898 14
      vertex -14.070749483385892 9.246069661494564 2.5
    endloop
  endfacet
  facet normal -0.6976559067104517 0.22668214528345235 0.6796259565685445
    outer loop
      vertex -14.070749483385892 9.246069661494564 2.5
      vertex -5.402445090647562 1.4456990695841292 14
      vertex -13.954329457664754 9.604373658054033 2.5
    endloop
  endfacet
  facet normal -0.6478768235382606 0.30486769178236 0.69807686684868
    outer loop
      vertex -13.954329457664754 9.604373658054033 2.5
      vertex -5.291227894491236 1.6820476421315678 14
      vertex -13.793920040131589 9.945261022305147 2.5
    endloop
  endfacet
  facet normal -0.5942664567451691 0.377132961333665 0.7103647709896955
    outer loop
      vertex -13.793920040131589 9.945261022305147 2.5
      vertex -5.151265348299891 1.9025933247683446 14
      vertex -13.592050983124842 10.26335575687742 2.5
    endloop
  endfacet
  facet normal -0.5370027206644248 0.4442472857165746 0.7171279015158049
    outer loop
      vertex -13.592050983124842 10.26335575687742 2.5
      vertex -4.984764745036537 2.103857980331673 14
      vertex -13.351905882264234 10.553641317786067 2.5
    endloop
  endfacet
  facet normal -0.4759660719035189 0.5068523862415015 0.7187189693879174
    outer loop
      vertex -13.351905882264234 10.553641317786067 2.5
      vertex -4.794351898677275 2.2826675449736418 14
      vertex -13.077271969246068 10.811539728327368 2.5
    endloop
  endfacet
  facet normal -0.4108021413498611 0.5654206402447934 0.7152210149649804
    outer loop
      vertex -13.077271969246068 10.811539728327368 2.5
      vertex -4.583029733556314 2.4362020850441923 14
      vertex -12.772480384936989 11.032983776506045 2.5
    endloop
  endfacet
  facet normal -0.34096668368708405 0.6202160951746236 0.7064514957884753
    outer loop
      vertex -12.772480384936989 11.032983776506045 2.5
      vertex -4.354130926455351 2.5620402691293207 14
      vertex -12.442337874695218 11.214481157398058 2.5
    endloop
  endfacet
  facet normal -0.2657646103721869 0.6712447830584413 0.6919534761026537
    outer loop
      vertex -12.442337874695218 11.214481157398058 2.5
      vertex -4.354130926455351 2.5620402691293207 14
      vertex -12.09205098312484 11.353169548885461 2.5
    endloop
  endfacet
  facet normal -0.18439823109602657 0.7181836930229499 0.6709765088619523
    outer loop
      vertex -12.09205098312484 11.353169548885461 2.5
      vertex -4.111265348299891 2.6581975538939195 14
      vertex -11.727143943757174 11.446861752186066 2.5
    endloop
  endfacet
  facet normal -0.0960457667008557 0.7602805292185322 0.6424552339190907
    outer loop
      vertex -11.727143943757174 11.446861752186066 2.5
      vertex -3.8582631343383067 2.7231574815156723 14
      vertex -11.35337155858794 11.494080185284815 2.5
    endloop
  endfacet
  facet normal -0.26576461037218724 0.6712447830584402 0.6919534761026548
    outer loop
      vertex -12.09205098312484 11.353169548885461 2.5
      vertex -4.354130926455351 2.5620402691293207 14
      vertex -4.111265348299891 2.6581975538939195 14
    endloop
  endfacet
  facet normal -0.1843982310960212 0.7181836930229539 0.6709765088619497
    outer loop
      vertex -11.727143943757174 11.446861752186066 2.5
      vertex -4.111265348299891 2.6581975538939195 14
      vertex -3.8582631343383067 2.7231574815156723 14
    endloop
  endfacet
  facet normal -0.09604576670085435 0.7602805292185317 0.6424552339190915
    outer loop
      vertex -11.35337155858794 11.494080185284815 2.5
      vertex -3.8582631343383067 2.7231574815156723 14
      vertex -3.599114280620971 2.7558955951308044 14
    endloop
  endfacet
  facet normal -2.7337657633849993e-16 0.7962227420844862 0.6050035908880721
    outer loop
      vertex -11.35337155858794 11.494080185284815 2.5
      vertex -3.599114280620971 2.7558955951308044 14
      vertex 3.5991142806209715 2.755895595130805 14
    endloop
  endfacet
  facet normal 0 1 0
    outer loop
      vertex -11.35337155858794 11.494080185284815 0
      vertex -11.35337155858794 11.494080185284815 2.5
      vertex 11.35337155858794 11.494080185284815 2.5
    endloop
  endfacet
  facet normal 0 0 -1
    outer loop
      vertex -11.35337155858794 11.494080185284815 0
      vertex 13.077271969246068 10.811539728327368 0
      vertex -8.515232415623451 6.598421382742617 0
    endloop
  endfacet
  facet normal 0 0 -1
    outer loop
      vertex -13.077271969246068 -10.811539728327368 0
      vertex 8.515232415623451 -6.598421382742617 0
      vertex 14.165 -8.5 0
    endloop
  endfacet
  facet normal 0 0 -1
    outer loop
      vertex -11.353371558587941 -11.494080185284815 0
      vertex 14.165 -8.5 0
      vertex 11.353371558587941 -11.494080185284815 0
    endloop
  endfacet
  facet normal 0 -1 0
    outer loop
      vertex -11.353371558587941 -11.494080185284815 2.5
      vertex 11.353371558587941 -11.494080185284815 0
      vertex 11.353371558587941 -11.494080185284815 2.5
    endloop
  endfacet
  facet normal 0 -0.7962227420844864 0.6050035908880721
    outer loop
      vertex -11.353371558587941 -11.494080185284815 2.5
      vertex 11.353371558587941 -11.494080185284815 2.5
      vertex 2.924831039058627 -1.9960534568565431 15
    endloop
  endfacet
  facet normal 0.09604576670085584 -0.7602805292185321 0.6424552339190908
    outer loop
      vertex 11.727143943757174 -11.446861752186066 2.5
      vertex 3.1740126291714494 -1.9645745014573772 15
      vertex 2.924831039058627 -1.9960534568565431 15
    endloop
  endfacet
  facet normal 0.18439823109602707 -0.7181836930229484 0.6709765088619539
    outer loop
      vertex 11.727143943757174 -11.446861752186066 2.5
      vertex 3.4172839887498947 -1.902113032590307 15
      vertex 3.1740126291714494 -1.9645745014573772 15
    endloop
  endfacet
  facet normal 0.265764610372187 -0.6712447830584416 0.6919534761026532
    outer loop
      vertex 12.09205098312484 -11.353169548885461 2.5
      vertex 3.6508085831301447 -1.8096541049320392 15
      vertex 3.4172839887498947 -1.902113032590307 15
    endloop
  endfacet
  facet normal 0.34096668368708627 -0.6202160951746222 0.7064514957884754
    outer loop
      vertex 12.772480384936987 -11.032983776506047 2.5
      vertex 3.870903589957992 -1.6886558510040306 15
      vertex 3.6508085831301447 -1.8096541049320392 15
    endloop
  endfacet
  facet normal 0.41080214134986126 -0.5654206402447939 0.7152210149649799
    outer loop
      vertex 12.772480384936987 -11.032983776506047 2.5
      vertex 4.074097979497379 -1.541026485551578 15
      vertex 3.870903589957992 -1.6886558510040306 15
    endloop
  endfacet
  facet normal 0 0 -1
    outer loop
      vertex 14.165 -8.5 0
      vertex 8.515232415623451 -6.598421382742617 0
      vertex 8.614905051668579 -6.5858298005829505 0
    endloop
  endfacet
  facet normal 0 0 -1
    outer loop
      vertex 14.165 -8.5 0
      vertex 8.614905051668579 -6.5858298005829505 0
      vertex 8.712213595499957 -6.560845213036123 0
    endloop
  endfacet
  facet normal 0 0 -1
    outer loop
      vertex 14.165 -8.5 0
      vertex 8.712213595499957 -6.560845213036123 0
      vertex 8.805623433252057 -6.5238616419728155 0
    endloop
  endfacet
  facet normal 0 0 -1
    outer loop
      vertex 14.165 -8.5 0
      vertex 8.805623433252057 -6.5238616419728155 0
      vertex 8.893661435983196 -6.475462340401612 0
    endloop
  endfacet
  facet normal 0 0 -1
    outer loop
      vertex 11.353371558587941 -11.494080185284815 0
      vertex 12.09205098312484 -11.353169548885461 0
      vertex 11.727143943757174 -11.446861752186066 0
    endloop
  endfacet
  facet normal 0 0 -1
    outer loop
      vertex 11.353371558587941 -11.494080185284815 0
      vertex 12.772480384936987 -11.032983776506047 0
      vertex 12.09205098312484 -11.353169548885461 0
    endloop
  endfacet
  facet normal 0.12533323356430526 -0.9921147013144777 0
    outer loop
      vertex 11.353371558587941 -11.494080185284815 0
      vertex 11.727143943757174 -11.446861752186066 0
      vertex 11.727143943757174 -11.446861752186066 2.5
    endloop
  endfacet
  facet normal 0.24868988716485627 -0.9685831611286306 0
    outer loop
      vertex 11.727143943757174 -11.446861752186066 0
      vertex 12.09205098312484 -11.353169548885461 0
      vertex 11.727143943757174 -11.446861752186066 2.5
    endloop
  endfacet
  facet normal 0.36812455268467936 -0.9297764858882508 0
    outer loop
      vertex 12.09205098312484 -11.353169548885461 0
      vertex 12.442337874695216 -11.214481157398058 0
      vertex 12.09205098312484 -11.353169548885461 2.5
    endloop
  endfacet
  facet normal 0.12533323356430526 -0.9921147013144777 0
    outer loop
      vertex 11.353371558587941 -11.494080185284815 0
      vertex 11.727143943757174 -11.446861752186066 2.5
      vertex 11.353371558587941 -11.494080185284815 2.5
    endloop
  endfacet
  facet normal 0.24868988716485627 -0.9685831611286306 0
    outer loop
      vertex 12.09205098312484 -11.353169548885461 0
      vertex 12.09205098312484 -11.353169548885461 2.5
      vertex 11.727143943757174 -11.446861752186066 2.5
    endloop
  endfacet
  facet normal 0.36812455268467936 -0.9297764858882508 0
    outer loop
      vertex 12.09205098312484 -11.353169548885461 2.5
      vertex 12.442337874695216 -11.214481157398058 0
      vertex 12.442337874695216 -11.214481157398058 2.5
    endloop
  endfacet
  facet normal 0 0 -1
    outer loop
      vertex 12.09205098312484 -11.353169548885461 0
      vertex 12.772480384936987 -11.032983776506047 0
      vertex 12.442337874695216 -11.214481157398058 0
    endloop
  endfacet
  facet normal 0 0 -1
    outer loop
      vertex 12.772480384936987 -11.032983776506047 0
      vertex 13.351905882264234 -10.553641317786067 0
      vertex 13.07727196924607 -10.811539728327368 0
    endloop
  endfacet
  facet normal 0.48175367410171255 -0.8763066800438651 0
    outer loop
      vertex 12.442337874695216 -11.214481157398058 0
      vertex 12.772480384936987 -11.032983776506047 0
      vertex 12.772480384936987 -11.032983776506047 2.5
    endloop
  endfacet
  facet normal 0.5877852522924709 -0.8090169943749489 0
    outer loop
      vertex 12.772480384936987 -11.032983776506047 0
      vertex 13.07727196924607 -10.811539728327368 0
      vertex 13.07727196924607 -10.811539728327368 2.5
    endloop
  endfacet
  facet normal 0 0 -1
    outer loop
      vertex 11.353371558587941 -11.494080185284815 0
      vertex 14.165 -8.5 0
      vertex 12.772480384936987 -11.032983776506047 0
    endloop
  endfacet
  facet normal 0 0 -1
    outer loop
      vertex 12.772480384936987 -11.032983776506047 0
      vertex 13.592050983124842 -10.26335575687742 0
      vertex 13.351905882264234 -10.553641317786067 0
    endloop
  endfacet
  facet normal 0.6845471059286904 -0.72896862742141 0
    outer loop
      vertex 13.07727196924607 -10.811539728327368 0
      vertex 13.351905882264234 -10.553641317786067 0
      vertex 13.07727196924607 -10.811539728327368 2.5
    endloop
  endfacet
  facet normal 0 0 -1
    outer loop
      vertex 12.772480384936987 -11.032983776506047 0
      vertex 13.793920040131589 -9.945261022305147 0
      vertex 13.592050983124842 -10.26335575687742 0
    endloop
  endfacet
  facet normal 0.7705132427757877 -0.6374239897486916 0
    outer loop
      vertex 13.351905882264234 -10.553641317786067 0
      vertex 13.592050983124842 -10.26335575687742 0
      vertex 13.351905882264234 -10.553641317786067 2.5
    endloop
  endfacet
  facet normal 0.8443279255020176 -0.5358267949789924 0
    outer loop
      vertex 13.592050983124842 -10.26335575687742 0
      vertex 13.793920040131589 -9.945261022305147 0
      vertex 13.793920040131589 -9.945261022305147 2.5
    endloop
  endfacet
  facet normal 0.48175367410171255 -0.8763066800438651 0
    outer loop
      vertex 12.442337874695216 -11.214481157398058 0
      vertex 12.772480384936987 -11.032983776506047 2.5
      vertex 12.442337874695216 -11.214481157398058 2.5
    endloop
  endfacet
  facet normal 0.5877852522924709 -0.8090169943749489 0
    outer loop
      vertex 12.772480384936987 -11.032983776506047 0
      vertex 13.07727196924607 -10.811539728327368 2.5
      vertex 12.772480384936987 -11.032983776506047 2.5
    endloop
  endfacet
  facet normal 0.6845471059286904 -0.72896862742141 0
    outer loop
      vertex 13.351905882264234 -10.553641317786067 0
      vertex 13.351905882264234 -10.553641317786067 2.5
      vertex 13.07727196924607 -10.811539728327368 2.5
    endloop
  endfacet
  facet normal 0.7705132427757877 -0.6374239897486916 0
    outer loop
      vertex 13.592050983124842 -10.26335575687742 0
      vertex 13.592050983124842 -10.26335575687742 2.5
      vertex 13.351905882264234 -10.553641317786067 2.5
    endloop
  endfacet
  facet normal 0.8443279255020176 -0.5358267949789924 0
    outer loop
      vertex 13.592050983124842 -10.26335575687742 0
      vertex 13.793920040131589 -9.945261022305147 2.5
      vertex 13.592050983124842 -10.26335575687742 2.5
    endloop
  endfacet
  facet normal 0 0 -1
    outer loop
      vertex 12.772480384936987 -11.032983776506047 0
      vertex 14.165 -8.5 0
      vertex 13.793920040131589 -9.945261022305147 0
    endloop
  endfacet
  facet normal 0 0 -1
    outer loop
      vertex 13.793920040131589 -9.945261022305147 0
      vertex 14.070749483385892 -9.246069661494563 0
      vertex 13.954329457664752 -9.604373658054035 0
    endloop
  endfacet
  facet normal 0.9048270524660196 -0.4257792915650726 0
    outer loop
      vertex 13.793920040131589 -9.945261022305147 0
      vertex 13.954329457664752 -9.604373658054035 0
      vertex 13.954329457664752 -9.604373658054035 2.5
    endloop
  endfacet
  facet normal 0.9510565162951532 -0.30901699437494834 0
    outer loop
      vertex 13.954329457664752 -9.604373658054035 0
      vertex 14.070749483385892 -9.246069661494563 0
      vertex 14.070749483385892 -9.246069661494563 2.5
    endloop
  endfacet
  facet normal 0 0 -1
    outer loop
      vertex 13.793920040131589 -9.945261022305147 0
      vertex 14.165 -8.5 0
      vertex 14.070749483385892 -9.246069661494563 0
    endloop
  endfacet
  facet normal 0 0 -1
    outer loop
      vertex 14.070749483385892 -9.246069661494563 0
      vertex 14.165 -8.5 0
      vertex 14.141344103943432 -8.875999700692912 0
    endloop
  endfacet
  facet normal 0.9822872507286889 -0.1873813145857232 0
    outer loop
      vertex 14.070749483385892 -9.246069661494563 0
      vertex 14.141344103943432 -8.875999700692912 0
      vertex 14.070749483385892 -9.246069661494563 2.5
    endloop
  endfacet
  facet normal 0.9980267284282714 -0.0627905195293158 0
    outer loop
      vertex 14.141344103943432 -8.875999700692912 0
      vertex 14.165 -8.5 0
      vertex 14.141344103943432 -8.875999700692912 2.5
    endloop
  endfacet
  facet normal 0.9048270524660196 -0.4257792915650726 0
    outer loop
      vertex 13.793920040131589 -9.945261022305147 0
      vertex 13.954329457664752 -9.604373658054035 2.5
      vertex 13.793920040131589 -9.945261022305147 2.5
    endloop
  endfacet
  facet normal 0.9510565162951532 -0.30901699437494834 0
    outer loop
      vertex 13.954329457664752 -9.604373658054035 0
      vertex 14.070749483385892 -9.246069661494563 2.5
      vertex 13.954329457664752 -9.604373658054035 2.5
    endloop
  endfacet
  facet normal 0.9822872507286889 -0.1873813145857232 0
    outer loop
      vertex 14.141344103943432 -8.875999700692912 0
      vertex 14.141344103943432 -8.875999700692912 2.5
      vertex 14.070749483385892 -9.246069661494563 2.5
    endloop
  endfacet
  facet normal 0.9980267284282714 -0.0627905195293158 0
    outer loop
      vertex 14.141344103943432 -8.875999700692912 2.5
      vertex 14.165 -8.5 0
      vertex 14.165 -8.5 2.5
    endloop
  endfacet
  facet normal 0 0 -1
    outer loop
      vertex 14.165 -8.5 0
      vertex 8.893661435983196 -6.475462340401612 0
      vertex 8.974939191798953 -6.416410594220631 0
    endloop
  endfacet
  facet normal 0 0 -1
    outer loop
      vertex 14.165 -8.5 0
      vertex 8.974939191798953 -6.416410594220631 0
      vertex 9.048174901937129 -6.347637684742951 0
    endloop
  endfacet
  facet normal 0 0 -1
    outer loop
      vertex 14.165 -8.5 0
      vertex 9.048174901937129 -6.347637684742951 0
      vertex 9.112213595499957 -6.270228201833978 0
    endloop
  endfacet
  facet normal 0 0 -1
    outer loop
      vertex 14.165 -8.5 0
      vertex 9.112213595499957 -6.270228201833978 0
      vertex 9.16604534403509 -6.1854029392813725 0
    endloop
  endfacet
  facet normal 0 0 -1
    outer loop
      vertex 14.165 -8.5 0
      vertex 9.16604534403509 -6.1854029392813725 0
      vertex 9.208821188710601 -6.094499642147743 0
    endloop
  endfacet
  facet normal 0 0 -1
    outer loop
      vertex 14.165 -8.5 0
      vertex 9.208821188710601 -6.094499642147743 0
      vertex 9.239866528902905 -5.9989519097318835 0
    endloop
  endfacet
  facet normal 0 0 -1
    outer loop
      vertex 14.165 -8.5 0
      vertex 9.239866528902905 -5.9989519097318835 0
      vertex 9.258691761051582 -5.900266586851443 0
    endloop
  endfacet
  facet normal 0 0 -1
    outer loop
      vertex 14.165 -8.5 0
      vertex 9.258691761051582 -5.900266586851443 0
      vertex 9.265 -5.8 0
    endloop
  endfacet
  facet normal 0.09604576670085613 -0.760280529218532 0.6424552339190907
    outer loop
      vertex 11.353371558587941 -11.494080185284815 2.5
      vertex 11.727143943757174 -11.446861752186066 2.5
      vertex 2.924831039058627 -1.9960534568565431 15
    endloop
  endfacet
  facet normal 0.18439823109602657 -0.7181836930229499 0.6709765088619524
    outer loop
      vertex 11.727143943757174 -11.446861752186066 2.5
      vertex 12.09205098312484 -11.353169548885461 2.5
      vertex 3.4172839887498947 -1.902113032590307 15
    endloop
  endfacet
  facet normal 0.26576461037218796 -0.6712447830584406 0.6919534761026539
    outer loop
      vertex 12.09205098312484 -11.353169548885461 2.5
      vertex 12.442337874695216 -11.214481157398058 2.5
      vertex 3.6508085831301447 -1.8096541049320392 15
    endloop
  endfacet
  facet normal 0.3409666836870816 -0.6202160951746254 0.7064514957884748
    outer loop
      vertex 12.442337874695216 -11.214481157398058 2.5
      vertex 12.772480384936987 -11.032983776506047 2.5
      vertex 3.6508085831301447 -1.8096541049320392 15
    endloop
  endfacet
  facet normal 0.4108021413498601 -0.5654206402447941 0.7152210149649804
    outer loop
      vertex 12.772480384936987 -11.032983776506047 2.5
      vertex 13.07727196924607 -10.811539728327368 2.5
      vertex 4.074097979497379 -1.541026485551578 15
    endloop
  endfacet
  facet normal 0.4759660719035206 -0.5068523862415 0.7187189693879174
    outer loop
      vertex 13.07727196924607 -10.811539728327368 2.5
      vertex 13.351905882264234 -10.553641317786067 2.5
      vertex 4.074097979497379 -1.541026485551578 15
    endloop
  endfacet
  facet normal 0.5370027206644248 -0.4442472857165746 0.717127901515805
    outer loop
      vertex 13.351905882264234 -10.553641317786067 2.5
      vertex 13.592050983124842 -10.26335575687742 2.5
      vertex 4.417283988749895 -1.1755705045849463 15
    endloop
  endfacet
  facet normal 0.5942664567451691 -0.377132961333665 0.7103647709896954
    outer loop
      vertex 13.592050983124842 -10.26335575687742 2.5
      vertex 13.793920040131589 -9.945261022305147 2.5
      vertex 4.551863360087727 -0.9635073482034308 15
    endloop
  endfacet
  facet normal 0.6478768235382615 -0.3048676917823586 0.6980768668486796
    outer loop
      vertex 13.793920040131589 -9.945261022305147 2.5
      vertex 13.954329457664752 -9.604373658054035 2.5
      vertex 4.6588029717765025 -0.7362491053693567 15
    endloop
  endfacet
  facet normal 0.6976559067104513 -0.22668214528345343 0.6796259565685449
    outer loop
      vertex 13.954329457664752 -9.604373658054035 2.5
      vertex 14.070749483385892 -9.246069661494563 2.5
      vertex 4.6588029717765025 -0.7362491053693567 15
    endloop
  endfacet
  facet normal 0.7430386399807204 -0.14174220121892994 0.6540663023648395
    outer loop
      vertex 14.070749483385892 -9.246069661494563 2.5
      vertex 14.141344103943432 -8.875999700692912 2.5
      vertex 4.783479402628956 -0.25066646712860813 15
    endloop
  endfacet
  facet normal 0.7829509948811096 -0.049259101318860965 0.6201300513214456
    outer loop
      vertex 14.141344103943432 -8.875999700692912 2.5
      vertex 14.165 -8.5 2.5
      vertex 4.783479402628956 -0.25066646712860813 15
    endloop
  endfacet
  facet normal 0 0 -1
    outer loop
      vertex 14.165 -8.5 0
      vertex 9.265 -5.8 0
      vertex 9.265 5.8 0
    endloop
  endfacet
  facet normal 1 0 0
    outer loop
      vertex 14.165 -8.5 0
      vertex 14.165 8.5 2.5
      vertex 14.165 -8.5 2.5
    endloop
  endfacet
  facet normal 0.4759660719035187 -0.5068523862415011 0.7187189693879178
    outer loop
      vertex 13.351905882264234 -10.553641317786067 2.5
      vertex 4.257187254842823 -1.369094211857377 15
      vertex 4.074097979497379 -1.541026485551578 15
    endloop
  endfacet
  facet normal 0.5370027206644263 -0.4442472857165733 0.7171279015158046
    outer loop
      vertex 13.351905882264234 -10.553641317786067 2.5
      vertex 4.417283988749895 -1.1755705045849463 15
      vertex 4.257187254842823 -1.369094211857377 15
    endloop
  endfacet
  facet normal 0.5942664567451674 -0.37713296133366486 0.710364770989697
    outer loop
      vertex 13.592050983124842 -10.26335575687742 2.5
      vertex 4.551863360087727 -0.9635073482034308 15
      vertex 4.417283988749895 -1.1755705045849463 15
    endloop
  endfacet
  facet normal 0.6478768235382595 -0.304867691782361 0.6980768668486804
    outer loop
      vertex 13.793920040131589 -9.945261022305147 2.5
      vertex 4.6588029717765025 -0.7362491053693567 15
      vertex 4.551863360087727 -0.9635073482034308 15
    endloop
  endfacet
  facet normal 0.6976559067104519 -0.22668214528345293 0.6796259565685443
    outer loop
      vertex 14.070749483385892 -9.246069661494563 2.5
      vertex 4.736416322257262 -0.49737977432970887 15
      vertex 4.6588029717765025 -0.7362491053693567 15
    endloop
  endfacet
  facet normal 0.7430386399807207 -0.1417422012189297 0.6540663023648392
    outer loop
      vertex 14.070749483385892 -9.246069661494563 2.5
      vertex 4.783479402628956 -0.25066646712860813 15
      vertex 4.736416322257262 -0.49737977432970887 15
    endloop
  endfacet
  facet normal 0.7829509948811089 -0.049259101318860896 0.6201300513214466
    outer loop
      vertex 14.165 -8.5 2.5
      vertex 4.79925 0 15
      vertex 4.783479402628956 -0.25066646712860813 15
    endloop
  endfacet
  facet normal 0.8002841711550555 0 0.5996209180796362
    outer loop
      vertex 14.165 -8.5 2.5
      vertex 5.548509999999999 0 14
      vertex 4.79925 0 15
    endloop
  endfacet
  facet normal 0.8002841711550552 0 0.5996209180796366
    outer loop
      vertex 14.165 -8.5 2.5
      vertex 14.165 8.5 2.5
      vertex 5.548509999999999 0 14
    endloop
  endfacet
  facet normal 0 0 1
    outer loop
      vertex -2.924831039058627 -1.9960534568565431 15
      vertex 2.924831039058627 -1.9960534568565431 15
      vertex 3.6508085831301447 -1.8096541049320392 15
    endloop
  endfacet
  facet normal 0 0 1
    outer loop
      vertex -4.79925 0 15
      vertex 3.6508085831301447 -1.8096541049320392 15
      vertex 4.783479402628956 -0.25066646712860813 15
    endloop
  endfacet
  facet normal 0 0 1
    outer loop
      vertex -4.79925 0 15
      vertex 4.783479402628956 -0.25066646712860813 15
      vertex 4.79925 0 15
    endloop
  endfacet
  facet normal 0 0 1
    outer loop
      vertex 2.924831039058627 -1.9960534568565431 15
      vertex 3.1740126291714494 -1.9645745014573772 15
      vertex 3.4172839887498947 -1.902113032590307 15
    endloop
  endfacet
  facet normal 0 0 1
    outer loop
      vertex 2.924831039058627 -1.9960534568565431 15
      vertex 3.4172839887498947 -1.902113032590307 15
      vertex 3.6508085831301447 -1.8096541049320392 15
    endloop
  endfacet
  facet normal 0 0 1
    outer loop
      vertex 3.6508085831301447 -1.8096541049320392 15
      vertex 3.870903589957992 -1.6886558510040306 15
      vertex 4.074097979497379 -1.541026485551578 15
    endloop
  endfacet
  facet normal 0 0 1
    outer loop
      vertex 3.6508085831301447 -1.8096541049320392 15
      vertex 4.074097979497379 -1.541026485551578 15
      vertex 4.417283988749895 -1.1755705045849463 15
    endloop
  endfacet
  facet normal 0 0 1
    outer loop
      vertex 4.074097979497379 -1.541026485551578 15
      vertex 4.257187254842823 -1.369094211857377 15
      vertex 4.417283988749895 -1.1755705045849463 15
    endloop
  endfacet
  facet normal 0 0 1
    outer loop
      vertex 3.6508085831301447 -1.8096541049320392 15
      vertex 4.417283988749895 -1.1755705045849463 15
      vertex 4.783479402628956 -0.25066646712860813 15
    endloop
  endfacet
  facet normal 0 0 1
    outer loop
      vertex 4.417283988749895 -1.1755705045849463 15
      vertex 4.551863360087727 -0.9635073482034308 15
      vertex 4.6588029717765025 -0.7362491053693567 15
    endloop
  endfacet
  facet normal 0 0 1
    outer loop
      vertex 4.417283988749895 -1.1755705045849463 15
      vertex 4.6588029717765025 -0.7362491053693567 15
      vertex 4.783479402628956 -0.25066646712860813 15
    endloop
  endfacet
  facet normal 0 0 1
    outer loop
      vertex 4.6588029717765025 -0.7362491053693567 15
      vertex 4.736416322257262 -0.49737977432970887 15
      vertex 4.783479402628956 -0.25066646712860813 15
    endloop
  endfacet
  facet normal 0.09604576670086153 0.7602805292185311 0.642455233919091
    outer loop
      vertex 11.35337155858794 11.494080185284815 2.5
      vertex 3.5991142806209715 2.755895595130805 14
      vertex 3.8582631343383067 2.7231574815156723 14
    endloop
  endfacet
  facet normal 0.18439823109602457 0.7181836930229499 0.6709765088619528
    outer loop
      vertex 11.727143943757174 11.446861752186066 2.5
      vertex 3.8582631343383067 2.7231574815156723 14
      vertex 4.11126534829989 2.658197553893919 14
    endloop
  endfacet
  facet normal 0.2657646103721866 0.6712447830584419 0.6919534761026532
    outer loop
      vertex 12.09205098312484 11.353169548885461 2.5
      vertex 4.11126534829989 2.658197553893919 14
      vertex 4.354130926455351 2.5620402691293203 14
    endloop
  endfacet
  facet normal 0 0 -1
    outer loop
      vertex 13.077271969246068 10.811539728327368 0
      vertex 8.515232415623451 6.598421382742617 0
      vertex -8.515232415623451 6.598421382742617 0
    endloop
  endfacet
  facet normal 0 0 -1
    outer loop
      vertex -11.35337155858794 11.494080185284815 0
      vertex 11.35337155858794 11.494080185284815 0
      vertex 13.077271969246068 10.811539728327368 0
    endloop
  endfacet
  facet normal 0 1 0
    outer loop
      vertex -11.35337155858794 11.494080185284815 0
      vertex 11.35337155858794 11.494080185284815 2.5
      vertex 11.35337155858794 11.494080185284815 0
    endloop
  endfacet
  facet normal 0 0.7962227420844862 0.6050035908880721
    outer loop
      vertex -11.35337155858794 11.494080185284815 2.5
      vertex 3.5991142806209715 2.755895595130805 14
      vertex 11.35337155858794 11.494080185284815 2.5
    endloop
  endfacet
  facet normal 0 0 -1
    outer loop
      vertex 14.165 -8.5 0
      vertex 9.265 5.8 0
      vertex 13.077271969246068 10.811539728327368 0
    endloop
  endfacet
  facet normal 1 0 0
    outer loop
      vertex 14.165 -8.5 0
      vertex 14.165 8.5 0
      vertex 14.165 8.5 2.5
    endloop
  endfacet
  facet normal 0 0 -1
    outer loop
      vertex 14.165 -8.5 0
      vertex 13.077271969246068 10.811539728327368 0
      vertex 14.165 8.5 0
    endloop
  endfacet
  facet normal 0.8002841711550552 0 0.5996209180796366
    outer loop
      vertex 5.548509999999999 0 14
      vertex 14.165 8.5 2.5
      vertex 5.548509999999999 0.68 14
    endloop
  endfacet
  facet normal 0.7430386399807196 0.14174220121893435 0.6540663023648395
    outer loop
      vertex 14.141344103943432 8.875999700692912 2.5
      vertex 5.483162975147552 1.1972749653028982 14
      vertex 5.532108578734114 0.9406931258137528 14
    endloop
  endfacet
  facet normal 0.7829509948811085 0.049259101318858065 0.6201300513214474
    outer loop
      vertex 14.165 8.5 2.5
      vertex 5.532108578734114 0.9406931258137528 14
      vertex 5.548509999999999 0.68 14
    endloop
  endfacet
  facet normal 0.6976559067104524 0.22668214528345199 0.6796259565685442
    outer loop
      vertex 14.070749483385892 9.246069661494564 2.5
      vertex 5.4024450906475625 1.4456990695841299 14
      vertex 5.483162975147552 1.1972749653028982 14
    endloop
  endfacet
  facet normal 0.6478768235382607 0.3048676917823594 0.69807686684868
    outer loop
      vertex 13.79392004013159 9.945261022305147 2.5
      vertex 5.291227894491236 1.6820476421315682 14
      vertex 5.4024450906475625 1.4456990695841299 14
    endloop
  endfacet
  facet normal 0.5942664567451674 0.37713296133366614 0.7103647709896962
    outer loop
      vertex 13.79392004013159 9.945261022305147 2.5
      vertex 5.151265348299891 1.9025933247683442 14
      vertex 5.291227894491236 1.6820476421315682 14
    endloop
  endfacet
  facet normal 0.4108021413498607 0.5654206402447923 0.7152210149649815
    outer loop
      vertex 12.772480384936989 11.032983776506045 2.5
      vertex 4.583029733556312 2.4362020850441914 14
      vertex 4.794351898677275 2.2826675449736413 14
    endloop
  endfacet
  facet normal 0.5370027206644293 0.44424728571657207 0.7171279015158029
    outer loop
      vertex 13.351905882264234 10.553641317786067 2.5
      vertex 4.984764745036536 2.103857980331673 14
      vertex 5.151265348299891 1.9025933247683442 14
    endloop
  endfacet
  facet normal 0.4759660719035172 0.5068523862415013 0.7187189693879188
    outer loop
      vertex 13.077271969246068 10.811539728327368 2.5
      vertex 4.794351898677275 2.2826675449736413 14
      vertex 4.984764745036536 2.103857980331673 14
    endloop
  endfacet
  facet normal 0.34096668368707894 0.6202160951746255 0.706451495788476
    outer loop
      vertex 12.442337874695218 11.214481157398058 2.5
      vertex 4.354130926455351 2.5620402691293203 14
      vertex 4.583029733556312 2.4362020850441914 14
    endloop
  endfacet
  facet normal 0.7829509948811096 0.04925910131886096 0.6201300513214455
    outer loop
      vertex 14.165 8.5 2.5
      vertex 14.141344103943432 8.875999700692912 2.5
      vertex 5.532108578734114 0.9406931258137528 14
    endloop
  endfacet
  facet normal 0 0 -1
    outer loop
      vertex 13.077271969246068 10.811539728327368 0
      vertex 9.265 5.8 0
      vertex 9.258691761051582 5.900266586851443 0
    endloop
  endfacet
  facet normal 0 0 -1
    outer loop
      vertex 13.077271969246068 10.811539728327368 0
      vertex 9.258691761051582 5.900266586851443 0
      vertex 9.239866528902905 5.9989519097318835 0
    endloop
  endfacet
  facet normal 0 0 -1
    outer loop
      vertex 13.077271969246068 10.811539728327368 0
      vertex 8.614905051668579 6.5858298005829505 0
      vertex 8.515232415623451 6.598421382742617 0
    endloop
  endfacet
  facet normal 0 0 -1
    outer loop
      vertex 13.077271969246068 10.811539728327368 0
      vertex 8.712213595499957 6.560845213036123 0
      vertex 8.614905051668579 6.5858298005829505 0
    endloop
  endfacet
  facet normal 0 0 -1
    outer loop
      vertex 13.077271969246068 10.811539728327368 0
      vertex 8.893661435983198 6.475462340401612 0
      vertex 8.805623433252059 6.5238616419728155 0
    endloop
  endfacet
  facet normal 0 0 -1
    outer loop
      vertex 13.077271969246068 10.811539728327368 0
      vertex 9.048174901937129 6.347637684742951 0
      vertex 8.974939191798951 6.416410594220631 0
    endloop
  endfacet
  facet normal 0 0 -1
    outer loop
      vertex 13.077271969246068 10.811539728327368 0
      vertex 8.974939191798951 6.416410594220631 0
      vertex 8.893661435983198 6.475462340401612 0
    endloop
  endfacet
  facet normal 0 0 -1
    outer loop
      vertex 13.077271969246068 10.811539728327368 0
      vertex 9.239866528902905 5.9989519097318835 0
      vertex 9.208821188710601 6.094499642147742 0
    endloop
  endfacet
  facet normal 0 0 -1
    outer loop
      vertex 13.077271969246068 10.811539728327368 0
      vertex 9.16604534403509 6.1854029392813725 0
      vertex 9.112213595499957 6.270228201833978 0
    endloop
  endfacet
  facet normal 0 0 -1
    outer loop
      vertex 13.077271969246068 10.811539728327368 0
      vertex 9.208821188710601 6.094499642147742 0
      vertex 9.16604534403509 6.1854029392813725 0
    endloop
  endfacet
  facet normal 0 0 -1
    outer loop
      vertex 13.077271969246068 10.811539728327368 0
      vertex 9.112213595499957 6.270228201833978 0
      vertex 9.048174901937129 6.347637684742951 0
    endloop
  endfacet
  facet normal 0 0 -1
    outer loop
      vertex 13.077271969246068 10.811539728327368 0
      vertex 8.805623433252059 6.5238616419728155 0
      vertex 8.712213595499957 6.560845213036123 0
    endloop
  endfacet
  facet normal 0 0 -1
    outer loop
      vertex 14.165 8.5 0
      vertex 13.954329457664754 9.604373658054033 0
      vertex 14.141344103943432 8.875999700692912 0
    endloop
  endfacet
  facet normal 0.9980267284282714 0.0627905195293158 0
    outer loop
      vertex 14.165 8.5 0
      vertex 14.141344103943432 8.875999700692912 0
      vertex 14.165 8.5 2.5
    endloop
  endfacet
  facet normal 0.9980267284282714 0.0627905195293158 0
    outer loop
      vertex 14.141344103943432 8.875999700692912 0
      vertex 14.141344103943432 8.875999700692912 2.5
      vertex 14.165 8.5 2.5
    endloop
  endfacet
  facet normal 0.9822872507286892 0.18738131458572235 0
    outer loop
      vertex 14.141344103943432 8.875999700692912 0
      vertex 14.070749483385892 9.246069661494564 2.5
      vertex 14.141344103943432 8.875999700692912 2.5
    endloop
  endfacet
  facet normal 0.12533323356430467 0.9921147013144778 0
    outer loop
      vertex 11.35337155858794 11.494080185284815 0
      vertex 11.35337155858794 11.494080185284815 2.5
      vertex 11.727143943757174 11.446861752186066 0
    endloop
  endfacet
  facet normal 0 0 -1
    outer loop
      vertex 11.35337155858794 11.494080185284815 0
      vertex 12.09205098312484 11.353169548885461 0
      vertex 13.077271969246068 10.811539728327368 0
    endloop
  endfacet
  facet normal 0 0 -1
    outer loop
      vertex 11.35337155858794 11.494080185284815 0
      vertex 11.727143943757174 11.446861752186066 0
      vertex 12.09205098312484 11.353169548885461 0
    endloop
  endfacet
  facet normal 0.24868988716485627 0.9685831611286306 0
    outer loop
      vertex 11.727143943757174 11.446861752186066 0
      vertex 12.09205098312484 11.353169548885461 2.5
      vertex 12.09205098312484 11.353169548885461 0
    endloop
  endfacet
  facet normal 0.36812455268467775 0.9297764858882515 0
    outer loop
      vertex 12.09205098312484 11.353169548885461 0
      vertex 12.09205098312484 11.353169548885461 2.5
      vertex 12.442337874695218 11.214481157398058 0
    endloop
  endfacet
  facet normal 0.36812455268467775 0.9297764858882515 0
    outer loop
      vertex 12.09205098312484 11.353169548885461 2.5
      vertex 12.442337874695218 11.214481157398058 2.5
      vertex 12.442337874695218 11.214481157398058 0
    endloop
  endfacet
  facet normal 0.12533323356430467 0.9921147013144778 0
    outer loop
      vertex 11.727143943757174 11.446861752186066 0
      vertex 11.35337155858794 11.494080185284815 2.5
      vertex 11.727143943757174 11.446861752186066 2.5
    endloop
  endfacet
  facet normal 0.24868988716485627 0.9685831611286306 0
    outer loop
      vertex 11.727143943757174 11.446861752186066 0
      vertex 11.727143943757174 11.446861752186066 2.5
      vertex 12.09205098312484 11.353169548885461 2.5
    endloop
  endfacet
  facet normal 0 0 -1
    outer loop
      vertex 14.141344103943432 8.875999700692912 0
      vertex 13.954329457664754 9.604373658054033 0
      vertex 14.070749483385892 9.246069661494564 0
    endloop
  endfacet
  facet normal 0 0 -1
    outer loop
      vertex 14.165 8.5 0
      vertex 13.077271969246068 10.811539728327368 0
      vertex 13.954329457664754 9.604373658054033 0
    endloop
  endfacet
  facet normal 0.9822872507286892 0.18738131458572235 0
    outer loop
      vertex 14.141344103943432 8.875999700692912 0
      vertex 14.070749483385892 9.246069661494564 0
      vertex 14.070749483385892 9.246069661494564 2.5
    endloop
  endfacet
  facet normal 0.9510565162951538 0.30901699437494684 0
    outer loop
      vertex 14.070749483385892 9.246069661494564 0
      vertex 13.954329457664754 9.604373658054033 0
      vertex 14.070749483385892 9.246069661494564 2.5
    endloop
  endfacet
  facet normal 0 0 -1
    outer loop
      vertex 13.954329457664754 9.604373658054033 0
      vertex 13.077271969246068 10.811539728327368 0
      vertex 13.592050983124842 10.26335575687742 0
    endloop
  endfacet
  facet normal 0 0 -1
    outer loop
      vertex 13.954329457664754 9.604373658054033 0
      vertex 13.592050983124842 10.26335575687742 0
      vertex 13.79392004013159 9.945261022305147 0
    endloop
  endfacet
  facet normal 0.8443279255020155 0.5358267949789958 0
    outer loop
      vertex 13.592050983124842 10.26335575687742 0
      vertex 13.592050983124842 10.26335575687742 2.5
      vertex 13.79392004013159 9.945261022305147 0
    endloop
  endfacet
  facet normal 0.7705132427757877 0.6374239897486916 0
    outer loop
      vertex 13.592050983124842 10.26335575687742 0
      vertex 13.351905882264234 10.553641317786067 0
      vertex 13.592050983124842 10.26335575687742 2.5
    endloop
  endfacet
  facet normal 0.9048270524660204 0.4257792915650707 0
    outer loop
      vertex 13.954329457664754 9.604373658054033 0
      vertex 13.79392004013159 9.945261022305147 0
      vertex 13.79392004013159 9.945261022305147 2.5
    endloop
  endfacet
  facet normal 0.9048270524660204 0.4257792915650707 0
    outer loop
      vertex 13.954329457664754 9.604373658054033 0
      vertex 13.79392004013159 9.945261022305147 2.5
      vertex 13.954329457664754 9.604373658054033 2.5
    endloop
  endfacet
  facet normal 0.9510565162951538 0.30901699437494684 0
    outer loop
      vertex 13.954329457664754 9.604373658054033 0
      vertex 13.954329457664754 9.604373658054033 2.5
      vertex 14.070749483385892 9.246069661494564 2.5
    endloop
  endfacet
  facet normal 0.7705132427757877 0.6374239897486916 0
    outer loop
      vertex 13.592050983124842 10.26335575687742 2.5
      vertex 13.351905882264234 10.553641317786067 0
      vertex 13.351905882264234 10.553641317786067 2.5
    endloop
  endfacet
  facet normal 0.8443279255020155 0.5358267949789958 0
    outer loop
      vertex 13.79392004013159 9.945261022305147 0
      vertex 13.592050983124842 10.26335575687742 2.5
      vertex 13.79392004013159 9.945261022305147 2.5
    endloop
  endfacet
  facet normal 0 0 -1
    outer loop
      vertex 12.09205098312484 11.353169548885461 0
      vertex 12.442337874695218 11.214481157398058 0
      vertex 13.077271969246068 10.811539728327368 0
    endloop
  endfacet
  facet normal 0 0 -1
    outer loop
      vertex 12.442337874695218 11.214481157398058 0
      vertex 12.772480384936989 11.032983776506045 0
      vertex 13.077271969246068 10.811539728327368 0
    endloop
  endfacet
  facet normal 0.4817536741017162 0.8763066800438631 0
    outer loop
      vertex 12.442337874695218 11.214481157398058 0
      vertex 12.772480384936989 11.032983776506045 2.5
      vertex 12.772480384936989 11.032983776506045 0
    endloop
  endfacet
  facet normal 0.684547105928688 0.7289686274214122 0
    outer loop
      vertex 13.077271969246068 10.811539728327368 0
      vertex 13.077271969246068 10.811539728327368 2.5
      vertex 13.351905882264234 10.553641317786067 0
    endloop
  endfacet
  facet normal 0.5877852522924724 0.809016994374948 0
    outer loop
      vertex 12.772480384936989 11.032983776506045 0
      vertex 12.772480384936989 11.032983776506045 2.5
      vertex 13.077271969246068 10.811539728327368 0
    endloop
  endfacet
  facet normal 0 0 -1
    outer loop
      vertex 13.592050983124842 10.26335575687742 0
      vertex 13.077271969246068 10.811539728327368 0
      vertex 13.351905882264234 10.553641317786067 0
    endloop
  endfacet
  facet normal 0.4817536741017162 0.8763066800438631 0
    outer loop
      vertex 12.442337874695218 11.214481157398058 0
      vertex 12.442337874695218 11.214481157398058 2.5
      vertex 12.772480384936989 11.032983776506045 2.5
    endloop
  endfacet
  facet normal 0.5877852522924724 0.809016994374948 0
    outer loop
      vertex 13.077271969246068 10.811539728327368 0
      vertex 12.772480384936989 11.032983776506045 2.5
      vertex 13.077271969246068 10.811539728327368 2.5
    endloop
  endfacet
  facet normal 0.684547105928688 0.7289686274214122 0
    outer loop
      vertex 13.351905882264234 10.553641317786067 0
      vertex 13.077271969246068 10.811539728327368 2.5
      vertex 13.351905882264234 10.553641317786067 2.5
    endloop
  endfacet
  facet normal 0.0960457667008557 0.7602805292185322 0.6424552339190905
    outer loop
      vertex 11.35337155858794 11.494080185284815 2.5
      vertex 3.8582631343383067 2.7231574815156723 14
      vertex 11.727143943757174 11.446861752186066 2.5
    endloop
  endfacet
  facet normal 0.18439823109602654 0.7181836930229498 0.6709765088619523
    outer loop
      vertex 11.727143943757174 11.446861752186066 2.5
      vertex 4.11126534829989 2.658197553893919 14
      vertex 12.09205098312484 11.353169548885461 2.5
    endloop
  endfacet
  facet normal 0.2657646103721869 0.6712447830584413 0.6919534761026539
    outer loop
      vertex 12.09205098312484 11.353169548885461 2.5
      vertex 4.354130926455351 2.5620402691293203 14
      vertex 12.442337874695218 11.214481157398058 2.5
    endloop
  endfacet
  facet normal 0.34096668368708405 0.6202160951746236 0.7064514957884753
    outer loop
      vertex 12.442337874695218 11.214481157398058 2.5
      vertex 4.583029733556312 2.4362020850441914 14
      vertex 12.772480384936989 11.032983776506045 2.5
    endloop
  endfacet
  facet normal 0.475966071903519 0.5068523862415015 0.7187189693879172
    outer loop
      vertex 13.077271969246068 10.811539728327368 2.5
      vertex 4.984764745036536 2.103857980331673 14
      vertex 13.351905882264234 10.553641317786067 2.5
    endloop
  endfacet
  facet normal 0.41080214134986104 0.5654206402447933 0.7152210149649806
    outer loop
      vertex 12.772480384936989 11.032983776506045 2.5
      vertex 4.794351898677275 2.2826675449736413 14
      vertex 13.077271969246068 10.811539728327368 2.5
    endloop
  endfacet
  facet normal 0.7430386399807207 0.1417422012189293 0.6540663023648394
    outer loop
      vertex 14.141344103943432 8.875999700692912 2.5
      vertex 14.070749483385892 9.246069661494564 2.5
      vertex 5.483162975147552 1.1972749653028982 14
    endloop
  endfacet
  facet normal 0.6976559067104519 0.2266821452834524 0.6796259565685446
    outer loop
      vertex 14.070749483385892 9.246069661494564 2.5
      vertex 13.954329457664754 9.604373658054033 2.5
      vertex 5.4024450906475625 1.4456990695841299 14
    endloop
  endfacet
  facet normal 0.6478768235382621 0.3048676917823574 0.6980768668486794
    outer loop
      vertex 13.954329457664754 9.604373658054033 2.5
      vertex 13.79392004013159 9.945261022305147 2.5
      vertex 5.4024450906475625 1.4456990695841299 14
    endloop
  endfacet
  facet normal 0.5370027206644247 0.44424728571657457 0.717127901515805
    outer loop
      vertex 13.592050983124842 10.26335575687742 2.5
      vertex 13.351905882264234 10.553641317786067 2.5
      vertex 5.151265348299891 1.9025933247683442 14
    endloop
  endfacet
  facet normal 0.5942664567451673 0.3771329613336672 0.7103647709896957
    outer loop
      vertex 13.592050983124842 10.26335575687742 2.5
      vertex 5.151265348299891 1.9025933247683442 14
      vertex 13.79392004013159 9.945261022305147 2.5
    endloop
  endfacet
  facet normal 0 0 -1
    outer loop
      vertex -7 0 14
      vertex -5.54851 0.68 14
      vertex -5.548509999999999 0 14
    endloop
  endfacet
  facet normal 0 -1 0
    outer loop
      vertex -7 0 14
      vertex -5.548509999999999 0 14
      vertex -4.79925 0 15
    endloop
  endfacet
  facet normal 0 -1 0
    outer loop
      vertex -7 0 14
      vertex -4.79925 0 15
      vertex 7 0 24
    endloop
  endfacet
  facet normal 0 -1 0
    outer loop
      vertex -7 0 14
      vertex 7 0 24
      vertex -7 0 24
    endloop
  endfacet
  facet normal 0 0 -1
    outer loop
      vertex -7 0 14
      vertex -7 3.6 14
      vertex -5.402445090647562 1.4456990695841292 14
    endloop
  endfacet
  facet normal 0 0 -1
    outer loop
      vertex -7 0 14
      vertex -5.532108578734113 0.9406931258137521 14
      vertex -5.54851 0.68 14
    endloop
  endfacet
  facet normal 0 0 -1
    outer loop
      vertex -7 0 14
      vertex -5.483162975147552 1.197274965302898 14
      vertex -5.532108578734113 0.9406931258137521 14
    endloop
  endfacet
  facet normal 0 0 -1
    outer loop
      vertex -7 0 14
      vertex -5.402445090647562 1.4456990695841292 14
      vertex -5.483162975147552 1.197274965302898 14
    endloop
  endfacet
  facet normal 0 0 -1
    outer loop
      vertex -5.402445090647562 1.4456990695841292 14
      vertex -7 3.6 14
      vertex -5.291227894491236 1.6820476421315678 14
    endloop
  endfacet
  facet normal 0 0 -1
    outer loop
      vertex -5.291227894491236 1.6820476421315678 14
      vertex -7 3.6 14
      vertex -5.151265348299891 1.9025933247683446 14
    endloop
  endfacet
  facet normal 0 0 -1
    outer loop
      vertex -5.151265348299891 1.9025933247683446 14
      vertex -7 3.6 14
      vertex -4.984764745036537 2.103857980331673 14
    endloop
  endfacet
  facet normal 0 0 -1
    outer loop
      vertex -4.984764745036537 2.103857980331673 14
      vertex -7 3.6 14
      vertex -4.794351898677275 2.2826675449736418 14
    endloop
  endfacet
  facet normal 0 0 -1
    outer loop
      vertex -4.794351898677275 2.2826675449736418 14
      vertex -7 3.6 14
      vertex -4.583029733556314 2.4362020850441923 14
    endloop
  endfacet
  facet normal 0 0 -1
    outer loop
      vertex -4.583029733556314 2.4362020850441923 14
      vertex -7 3.6 14
      vertex -4.354130926455351 2.5620402691293207 14
    endloop
  endfacet
  facet normal 0 0 -1
    outer loop
      vertex -4.354130926455351 2.5620402691293207 14
      vertex -7 3.6 14
      vertex -4.111265348299891 2.6581975538939195 14
    endloop
  endfacet
  facet normal 0 0 -1
    outer loop
      vertex -4.111265348299891 2.6581975538939195 14
      vertex -7 3.6 14
      vertex -3.8582631343383067 2.7231574815156723 14
    endloop
  endfacet
  facet normal 0 0 -1
    outer loop
      vertex -3.8582631343383067 2.7231574815156723 14
      vertex -7 3.6 14
      vertex -3.599114280620971 2.7558955951308044 14
    endloop
  endfacet
  facet normal -1 0 0
    outer loop
      vertex -7 0 14
      vertex -7 3.6 17.685640646055102
      vertex -7 3.6 14
    endloop
  endfacet
  facet normal -1 0 0
    outer loop
      vertex -7 0 14
      vertex -7 3.2287187078897963 17.9
      vertex -7 3.6 17.685640646055102
    endloop
  endfacet
  facet normal 0 0 -1
    outer loop
      vertex -3.599114280620971 2.7558955951308044 14
      vertex -7 3.6 14
      vertex 3.5991142806209715 2.755895595130805 14
    endloop
  endfacet
  facet normal -1 0 0
    outer loop
      vertex -7 0 14
      vertex -7 0 24
      vertex -7 3.2287187078897963 17.9
    endloop
  endfacet
  facet normal -1 0 0
    outer loop
      vertex -7 0 24
      vertex -7 3.2287187078897963 21.1
      vertex -7 3.2287187078897963 17.9
    endloop
  endfacet
  facet normal -1 0 0
    outer loop
      vertex -7 0 24
      vertex -7 3.6 21.314359353944898
      vertex -7 3.2287187078897963 21.1
    endloop
  endfacet
  facet normal -1 0 0
    outer loop
      vertex -7 0 24
      vertex -7 3.6 24
      vertex -7 3.6 21.314359353944898
    endloop
  endfacet
  facet normal 0 0 1
    outer loop
      vertex -7 0 24
      vertex 1 3 24
      vertex -7 3.6 24
    endloop
  endfacet
  facet normal 0 0 1
    outer loop
      vertex -7 3.6 24
      vertex 1 3 24
      vertex 1 3.6 24
    endloop
  endfacet
  facet normal -1 0 0
    outer loop
      vertex -7 12 14
      vertex -7 8.4 14
      vertex -7 8.4 17.685640646055102
    endloop
  endfacet
  facet normal -1 0 0
    outer loop
      vertex -7 12 14
      vertex -7 8.4 17.685640646055102
      vertex -7 8.771281292110203 17.9
    endloop
  endfacet
  facet normal 0 0 -1
    outer loop
      vertex -7 12 14
      vertex 7 12 14
      vertex -7 8.4 14
    endloop
  endfacet
  facet normal 0 1 0
    outer loop
      vertex -7 12 14
      vertex -7 12 24
      vertex 7 12 14
    endloop
  endfacet
  facet normal -1 0 0
    outer loop
      vertex -7 12 14
      vertex -7 8.771281292110203 17.9
      vertex -7 12 24
    endloop
  endfacet
  facet normal -1 0 0
    outer loop
      vertex -7 12 24
      vertex -7 8.771281292110203 21.1
      vertex -7 8.4 21.314359353944898
    endloop
  endfacet
  facet normal -1 0 0
    outer loop
      vertex -7 12 24
      vertex -7 8.771281292110203 17.9
      vertex -7 8.771281292110203 21.1
    endloop
  endfacet
  facet normal -1 0 0
    outer loop
      vertex -7 12 24
      vertex -7 8.4 21.314359353944898
      vertex -7 8.4 24
    endloop
  endfacet
  facet normal 0 0 1
    outer loop
      vertex -7 12 24
      vertex -7 8.4 24
      vertex 1 9 24
    endloop
  endfacet
  facet normal 0 0 1
    outer loop
      vertex -7 8.4 24
      vertex 1 8.4 24
      vertex 1 9 24
    endloop
  endfacet
  facet normal 0 0 -1
    outer loop
      vertex 5.548509999999999 0 14
      vertex 5.548509999999999 0.68 14
      vertex 7 0 14
    endloop
  endfacet
  facet normal 0 -1 0
    outer loop
      vertex 5.548509999999999 0 14
      vertex 7 0 24
      vertex 4.79925 0 15
    endloop
  endfacet
  facet normal 0 -1 0
    outer loop
      vertex 5.548509999999999 0 14
      vertex 7 0 14
      vertex 7 0 24
    endloop
  endfacet
  facet normal 0 -1 0
    outer loop
      vertex -4.79925 0 15
      vertex 4.79925 0 15
      vertex 7 0 24
    endloop
  endfacet
  facet normal 0 0 -1
    outer loop
      vertex 3.5991142806209715 2.755895595130805 14
      vertex -7 3.6 14
      vertex 7 3.6 14
    endloop
  endfacet
  facet normal 0 0 -1
    outer loop
      vertex 3.5991142806209715 2.755895595130805 14
      vertex 7 3.6 14
      vertex 3.8582631343383067 2.7231574815156723 14
    endloop
  endfacet
  facet normal 0 0 -1
    outer loop
      vertex 3.8582631343383067 2.7231574815156723 14
      vertex 7 3.6 14
      vertex 4.11126534829989 2.658197553893919 14
    endloop
  endfacet
  facet normal 0 0 -1
    outer loop
      vertex 4.11126534829989 2.658197553893919 14
      vertex 7 3.6 14
      vertex 4.354130926455351 2.5620402691293203 14
    endloop
  endfacet
  facet normal 0 0 -1
    outer loop
      vertex 7 0 14
      vertex 5.548509999999999 0.68 14
      vertex 7 3.6 14
    endloop
  endfacet
  facet normal 0 0 -1
    outer loop
      vertex 5.483162975147552 1.1972749653028982 14
      vertex 5.4024450906475625 1.4456990695841299 14
      vertex 7 3.6 14
    endloop
  endfacet
  facet normal 0 0 -1
    outer loop
      vertex 5.532108578734114 0.9406931258137528 14
      vertex 7 3.6 14
      vertex 5.548509999999999 0.68 14
    endloop
  endfacet
  facet normal 0 0 -1
    outer loop
      vertex 5.532108578734114 0.9406931258137528 14
      vertex 5.483162975147552 1.1972749653028982 14
      vertex 7 3.6 14
    endloop
  endfacet
  facet normal 0 0 -1
    outer loop
      vertex 5.291227894491236 1.6820476421315682 14
      vertex 7 3.6 14
      vertex 5.4024450906475625 1.4456990695841299 14
    endloop
  endfacet
  facet normal 0 0 -1
    outer loop
      vertex 5.291227894491236 1.6820476421315682 14
      vertex 5.151265348299891 1.9025933247683442 14
      vertex 7 3.6 14
    endloop
  endfacet
  facet normal 0 0 -1
    outer loop
      vertex 4.583029733556312 2.4362020850441914 14
      vertex 7 3.6 14
      vertex 4.794351898677275 2.2826675449736413 14
    endloop
  endfacet
  facet normal 0 0 -1
    outer loop
      vertex 5.151265348299891 1.9025933247683442 14
      vertex 4.984764745036536 2.103857980331673 14
      vertex 7 3.6 14
    endloop
  endfacet
  facet normal 0 0 -1
    outer loop
      vertex 4.794351898677275 2.2826675449736413 14
      vertex 7 3.6 14
      vertex 4.984764745036536 2.103857980331673 14
    endloop
  endfacet
  facet normal 0 0 -1
    outer loop
      vertex 4.354130926455351 2.5620402691293203 14
      vertex 7 3.6 14
      vertex 4.583029733556312 2.4362020850441914 14
    endloop
  endfacet
  facet normal 1 0 0
    outer loop
      vertex 7 0 14
      vertex 7 3.6 14
      vertex 7 3.6 24
    endloop
  endfacet
  facet normal 0 0 1
    outer loop
      vertex -7 0 24
      vertex 7 0 24
      vertex 1 3 24
    endloop
  endfacet
  facet normal 0 0 1
    outer loop
      vertex 7 0 24
      vertex 1.6 3.6 24
      vertex 1 3 24
    endloop
  endfacet
  facet normal 1 0 0
    outer loop
      vertex 7 0 14
      vertex 7 3.6 24
      vertex 7 0 24
    endloop
  endfacet
  facet normal 0 0 1
    outer loop
      vertex 7 0 24
      vertex 7 3.6 24
      vertex 1.6 3.6 24
    endloop
  endfacet
  facet normal 0 0 -1
    outer loop
      vertex 7 12 14
      vertex 7 8.4 14
      vertex -7 8.4 14
    endloop
  endfacet
  facet normal 1 0 0
    outer loop
      vertex 7 12 14
      vertex 7 12 24
      vertex 7 8.4 14
    endloop
  endfacet
  facet normal 0 1 0
    outer loop
      vertex -7 12 24
      vertex 7 12 24
      vertex 7 12 14
    endloop
  endfacet
  facet normal 0 0 1
    outer loop
      vertex -7 12 24
      vertex 1 9 24
      vertex 7 12 24
    endloop
  endfacet
  facet normal 0 0 1
    outer loop
      vertex 7 12 24
      vertex 1 9 24
      vertex 1.5999999999999996 8.4 24
    endloop
  endfacet
  facet normal 1 0 0
    outer loop
      vertex 7 12 24
      vertex 7 8.4 24
      vertex 7 8.4 14
    endloop
  endfacet
  facet normal 0 0 1
    outer loop
      vertex 7 12 24
      vertex 1.5999999999999996 8.4 24
      vertex 7 8.4 24
    endloop
  endfacet
  facet normal 0.6845471059286832 0.7289686274214168 0
    outer loop
      vertex -9.048174901937129 -6.347637684742951 2.5900000000000003
      vertex -8.974939191798951 -6.416410594220631 0
      vertex -9.048174901937129 -6.347637684742951 0
    endloop
  endfacet
  facet normal 0.48175367410170783 0.8763066800438677 0
    outer loop
      vertex -8.893661435983198 -6.475462340401612 2.5900000000000003
      vertex -8.805623433252057 -6.5238616419728155 0
      vertex -8.893661435983198 -6.475462340401612 0
    endloop
  endfacet
  facet normal 0.5877852522924828 0.8090169943749405 0
    outer loop
      vertex -8.974939191798951 -6.416410594220631 2.5900000000000003
      vertex -8.893661435983198 -6.475462340401612 0
      vertex -8.974939191798951 -6.416410594220631 0
    endloop
  endfacet
  facet normal 0.7705132427757909 0.6374239897486875 0
    outer loop
      vertex -9.112213595499957 -6.270228201833978 2.5900000000000003
      vertex -9.048174901937129 -6.347637684742951 0
      vertex -9.112213595499957 -6.270228201833978 0
    endloop
  endfacet
  facet normal 0.8443279255020127 0.5358267949790005 0
    outer loop
      vertex -9.16604534403509 -6.1854029392813725 2.5900000000000003
      vertex -9.112213595499957 -6.270228201833978 0
      vertex -9.16604534403509 -6.1854029392813725 0
    endloop
  endfacet
  facet normal 0.9048270524660194 0.4257792915650733 0
    outer loop
      vertex -9.208821188710601 -6.094499642147742 2.5900000000000003
      vertex -9.16604534403509 -6.1854029392813725 0
      vertex -9.208821188710601 -6.094499642147742 0
    endloop
  endfacet
  facet normal 0.9510565162951544 0.30901699437494456 0
    outer loop
      vertex -9.239866528902905 -5.9989519097318835 2.5900000000000003
      vertex -9.208821188710601 -6.094499642147742 0
      vertex -9.239866528902905 -5.9989519097318835 0
    endloop
  endfacet
  facet normal 0.9822872507286896 0.1873813145857196 0
    outer loop
      vertex -9.258691761051582 -5.900266586851443 2.5900000000000003
      vertex -9.239866528902905 -5.9989519097318835 0
      vertex -9.258691761051582 -5.900266586851443 0
    endloop
  endfacet
  facet normal 0.9980267284282708 0.06279051952932622 0
    outer loop
      vertex -9.265 -5.8 2.5900000000000003
      vertex -9.258691761051582 -5.900266586851443 0
      vertex -9.265 -5.8 0
    endloop
  endfacet
  facet normal 0.6845471059286832 0.7289686274214168 0
    outer loop
      vertex -9.048174901937129 -6.347637684742951 2.5900000000000003
      vertex -8.974939191798951 -6.416410594220631 2.5900000000000003
      vertex -8.974939191798951 -6.416410594220631 0
    endloop
  endfacet
  facet normal 0.5877852522924828 0.8090169943749405 0
    outer loop
      vertex -8.974939191798951 -6.416410594220631 2.5900000000000003
      vertex -8.893661435983198 -6.475462340401612 2.5900000000000003
      vertex -8.893661435983198 -6.475462340401612 0
    endloop
  endfacet
  facet normal 0 0 -1
    outer loop
      vertex -9.048174901937129 -6.347637684742951 2.5900000000000003
      vertex -8.893661435983198 -6.475462340401612 2.5900000000000003
      vertex -8.974939191798951 -6.416410594220631 2.5900000000000003
    endloop
  endfacet
  facet normal 0.8443279255020127 0.5358267949790005 0
    outer loop
      vertex -9.16604534403509 -6.1854029392813725 2.5900000000000003
      vertex -9.112213595499957 -6.270228201833978 2.5900000000000003
      vertex -9.112213595499957 -6.270228201833978 0
    endloop
  endfacet
  facet normal 0.9510565162951544 0.30901699437494456 0
    outer loop
      vertex -9.208821188710601 -6.094499642147742 2.5900000000000003
      vertex -9.208821188710601 -6.094499642147742 0
      vertex -9.239866528902905 -5.9989519097318835 2.5900000000000003
    endloop
  endfacet
  facet normal 0.9048270524660194 0.4257792915650733 0
    outer loop
      vertex -9.16604534403509 -6.1854029392813725 2.5900000000000003
      vertex -9.16604534403509 -6.1854029392813725 0
      vertex -9.208821188710601 -6.094499642147742 2.5900000000000003
    endloop
  endfacet
  facet normal 0.7705132427757909 0.6374239897486875 0
    outer loop
      vertex -9.048174901937129 -6.347637684742951 2.5900000000000003
      vertex -9.048174901937129 -6.347637684742951 0
      vertex -9.112213595499957 -6.270228201833978 2.5900000000000003
    endloop
  endfacet
  facet normal 0.9822872507286896 0.1873813145857196 0
    outer loop
      vertex -9.239866528902905 -5.9989519097318835 2.5900000000000003
      vertex -9.239866528902905 -5.9989519097318835 0
      vertex -9.258691761051582 -5.900266586851443 2.5900000000000003
    endloop
  endfacet
  facet normal 0.9980267284282708 0.06279051952932622 0
    outer loop
      vertex -9.258691761051582 -5.900266586851443 2.5900000000000003
      vertex -9.258691761051582 -5.900266586851443 0
      vertex -9.265 -5.8 2.5900000000000003
    endloop
  endfacet
  facet normal 0 0 -1
    outer loop
      vertex -9.16604534403509 -6.1854029392813725 2.5900000000000003
      vertex -9.048174901937129 -6.347637684742951 2.5900000000000003
      vertex -9.112213595499957 -6.270228201833978 2.5900000000000003
    endloop
  endfacet
  facet normal 0 0 -1
    outer loop
      vertex -9.16604534403509 -6.1854029392813725 2.5900000000000003
      vertex -9.208821188710601 -6.094499642147742 2.5900000000000003
      vertex -9.239866528902905 -5.9989519097318835 2.5900000000000003
    endloop
  endfacet
  facet normal 0 0 -1
    outer loop
      vertex -9.16604534403509 -6.1854029392813725 2.5900000000000003
      vertex -9.239866528902905 -5.9989519097318835 2.5900000000000003
      vertex -9.265 -5.8 2.5900000000000003
    endloop
  endfacet
  facet normal 0 0 -1
    outer loop
      vertex -9.16604534403509 -6.1854029392813725 2.5900000000000003
      vertex -9.265 -5.8 2.5900000000000003
      vertex -8.893661435983198 -6.475462340401612 2.5900000000000003
    endloop
  endfacet
  facet normal 0 0 -1
    outer loop
      vertex -9.16604534403509 -6.1854029392813725 2.5900000000000003
      vertex -8.893661435983198 -6.475462340401612 2.5900000000000003
      vertex -9.048174901937129 -6.347637684742951 2.5900000000000003
    endloop
  endfacet
  facet normal 0 0 -1
    outer loop
      vertex -9.239866528902905 -5.9989519097318835 2.5900000000000003
      vertex -9.258691761051582 -5.900266586851443 2.5900000000000003
      vertex -9.265 -5.8 2.5900000000000003
    endloop
  endfacet
  facet normal 0.24868988716485407 0.9685831611286313 0
    outer loop
      vertex -8.712213595499957 -6.560845213036123 2.5900000000000003
      vertex -8.614905051668579 -6.5858298005829505 0
      vertex -8.712213595499957 -6.560845213036123 0
    endloop
  endfacet
  facet normal 0.3681245526846772 0.9297764858882517 0
    outer loop
      vertex -8.805623433252057 -6.5238616419728155 2.5900000000000003
      vertex -8.712213595499957 -6.560845213036123 0
      vertex -8.805623433252057 -6.5238616419728155 0
    endloop
  endfacet
  facet normal 0.12533323356430995 0.9921147013144771 0
    outer loop
      vertex -8.614905051668579 -6.5858298005829505 2.5900000000000003
      vertex -8.515232415623451 -6.598421382742617 0
      vertex -8.614905051668579 -6.5858298005829505 0
    endloop
  endfacet
  facet normal 0.3681245526846772 0.9297764858882517 0
    outer loop
      vertex -8.805623433252057 -6.5238616419728155 2.5900000000000003
      vertex -8.712213595499957 -6.560845213036123 2.5900000000000003
      vertex -8.712213595499957 -6.560845213036123 0
    endloop
  endfacet
  facet normal 0.24868988716485407 0.9685831611286313 0
    outer loop
      vertex -8.712213595499957 -6.560845213036123 2.5900000000000003
      vertex -8.614905051668579 -6.5858298005829505 2.5900000000000003
      vertex -8.614905051668579 -6.5858298005829505 0
    endloop
  endfacet
  facet normal 0.48175367410170783 0.8763066800438677 0
    outer loop
      vertex -8.893661435983198 -6.475462340401612 2.5900000000000003
      vertex -8.805623433252057 -6.5238616419728155 2.5900000000000003
      vertex -8.805623433252057 -6.5238616419728155 0
    endloop
  endfacet
  facet normal 0.12533323356430995 0.9921147013144771 0
    outer loop
      vertex -8.614905051668579 -6.5858298005829505 2.5900000000000003
      vertex -8.515232415623451 -6.598421382742617 2.5900000000000003
      vertex -8.515232415623451 -6.598421382742617 0
    endloop
  endfacet
  facet normal 0 0 -1
    outer loop
      vertex -8.893661435983198 -6.475462340401612 2.5900000000000003
      vertex -8.515232415623451 -6.598421382742617 2.5900000000000003
      vertex -8.712213595499957 -6.560845213036123 2.5900000000000003
    endloop
  endfacet
  facet normal 0 0 -1
    outer loop
      vertex -8.893661435983198 -6.475462340401612 2.5900000000000003
      vertex -8.712213595499957 -6.560845213036123 2.5900000000000003
      vertex -8.805623433252057 -6.5238616419728155 2.5900000000000003
    endloop
  endfacet
  facet normal 0 0 -1
    outer loop
      vertex -8.712213595499957 -6.560845213036123 2.5900000000000003
      vertex -8.515232415623451 -6.598421382742617 2.5900000000000003
      vertex -8.614905051668579 -6.5858298005829505 2.5900000000000003
    endloop
  endfacet
  facet normal 0 0 -1
    outer loop
      vertex -8.893661435983198 -6.475462340401612 2.5900000000000003
      vertex -9.265 -5.8 2.5900000000000003
      vertex -8.974939191798951 6.416410594220631 2.5900000000000003
    endloop
  endfacet
  facet normal 1 0 0
    outer loop
      vertex -9.265 -5.8 2.5900000000000003
      vertex -9.265 -5.8 0
      vertex -9.265 5.8 2.5900000000000003
    endloop
  endfacet
  facet normal 0 1 0
    outer loop
      vertex -8.515232415623451 -6.598421382742617 2.5900000000000003
      vertex 8.515232415623451 -6.598421382742617 0
      vertex -8.515232415623451 -6.598421382742617 0
    endloop
  endfacet
  facet normal 0 0 -1
    outer loop
      vertex -8.893661435983198 -6.475462340401612 2.5900000000000003
      vertex 8.515232415623451 -6.598421382742617 2.5900000000000003
      vertex -8.515232415623451 -6.598421382742617 2.5900000000000003
    endloop
  endfacet
  facet normal 0 0 -1
    outer loop
      vertex -8.893661435983198 -6.475462340401612 2.5900000000000003
      vertex 4.164999999999999 3.5 2.5900000000000003
      vertex 4.164999999999999 -3.5 2.5900000000000003
    endloop
  endfacet
  facet normal 1 0 0
    outer loop
      vertex -9.265 5.8 2.5900000000000003
      vertex -9.265 -5.8 0
      vertex -9.265 5.8 0
    endloop
  endfacet
  facet normal 0 0 -1
    outer loop
      vertex -9.265 -5.8 2.5900000000000003
      vertex -9.258691761051582 5.900266586851443 2.5900000000000003
      vertex -9.208821188710601 5.505500357852258 2.5900000000000003
    endloop
  endfacet
  facet normal 0 0 -1
    outer loop
      vertex -9.265 -5.8 2.5900000000000003
      vertex -9.265 5.8 2.5900000000000003
      vertex -9.258691761051582 5.900266586851443 2.5900000000000003
    endloop
  endfacet
  facet normal 0 0 -1
    outer loop
      vertex -9.265 -5.8 2.5900000000000003
      vertex -9.208821188710601 5.505500357852258 2.5900000000000003
      vertex -9.048174901937129 6.347637684742951 2.5900000000000003
    endloop
  endfacet
  facet normal 0 0 -1
    outer loop
      vertex -9.265 -5.8 2.5900000000000003
      vertex -9.048174901937129 6.347637684742951 2.5900000000000003
      vertex -8.974939191798951 6.416410594220631 2.5900000000000003
    endloop
  endfacet
  facet normal 0.9980267284282708 -0.06279051952932622 0
    outer loop
      vertex -9.258691761051582 5.900266586851443 2.5900000000000003
      vertex -9.265 5.8 0
      vertex -9.258691761051582 5.900266586851443 0
    endloop
  endfacet
  facet normal 0.9822872507286896 -0.1873813145857196 0
    outer loop
      vertex -9.239866528902905 5.9989519097318835 2.5900000000000003
      vertex -9.258691761051582 5.900266586851443 0
      vertex -9.239866528902905 5.9989519097318835 0
    endloop
  endfacet
  facet normal 0.9510565162951544 -0.30901699437494456 0
    outer loop
      vertex -9.208821188710601 6.094499642147742 2.5900000000000003
      vertex -9.239866528902905 5.9989519097318835 0
      vertex -9.208821188710601 6.094499642147742 0
    endloop
  endfacet
  facet normal 0.9980267284282708 -0.06279051952932622 0
    outer loop
      vertex -9.265 5.8 2.5900000000000003
      vertex -9.265 5.8 0
      vertex -9.258691761051582 5.900266586851443 2.5900000000000003
    endloop
  endfacet
  facet normal 0.9822872507286896 -0.1873813145857196 0
    outer loop
      vertex -9.258691761051582 5.900266586851443 2.5900000000000003
      vertex -9.258691761051582 5.900266586851443 0
      vertex -9.239866528902905 5.9989519097318835 2.5900000000000003
    endloop
  endfacet
  facet normal 0.9510565162951544 -0.30901699437494456 0
    outer loop
      vertex -9.239866528902905 5.9989519097318835 2.5900000000000003
      vertex -9.239866528902905 5.9989519097318835 0
      vertex -9.208821188710601 6.094499642147742 2.5900000000000003
    endloop
  endfacet
  facet normal 0.9048270524660194 -0.4257792915650733 0
    outer loop
      vertex -9.208821188710601 6.094499642147742 2.5900000000000003
      vertex -9.208821188710601 6.094499642147742 0
      vertex -9.16604534403509 6.1854029392813725 2.5900000000000003
    endloop
  endfacet
  facet normal 0 0 -1
    outer loop
      vertex -9.208821188710601 5.505500357852258 2.5900000000000003
      vertex -9.258691761051582 5.900266586851443 2.5900000000000003
      vertex -9.048174901937129 6.347637684742951 2.5900000000000003
    endloop
  endfacet
  facet normal 0 0 -1
    outer loop
      vertex -9.258691761051582 5.900266586851443 2.5900000000000003
      vertex -9.239866528902905 5.9989519097318835 2.5900000000000003
      vertex -9.208821188710601 6.094499642147742 2.5900000000000003
    endloop
  endfacet
  facet normal 0 0 -1
    outer loop
      vertex -9.258691761051582 5.900266586851443 2.5900000000000003
      vertex -9.208821188710601 6.094499642147742 2.5900000000000003
      vertex -9.048174901937129 6.347637684742951 2.5900000000000003
    endloop
  endfacet
  facet normal 0.9048270524660194 -0.4257792915650733 0
    outer loop
      vertex -9.16604534403509 6.1854029392813725 2.5900000000000003
      vertex -9.208821188710601 6.094499642147742 0
      vertex -9.16604534403509 6.1854029392813725 0
    endloop
  endfacet
  facet normal 0.8443279255020127 -0.5358267949790005 0
    outer loop
      vertex -9.112213595499957 6.270228201833978 2.5900000000000003
      vertex -9.16604534403509 6.1854029392813725 0
      vertex -9.112213595499957 6.270228201833978 0
    endloop
  endfacet
  facet normal 0.7705132427757909 -0.6374239897486875 0
    outer loop
      vertex -9.048174901937129 6.347637684742951 2.5900000000000003
      vertex -9.112213595499957 6.270228201833978 0
      vertex -9.048174901937129 6.347637684742951 0
    endloop
  endfacet
  facet normal 0.6845471059286832 -0.7289686274214168 0
    outer loop
      vertex -8.974939191798951 6.416410594220631 2.5900000000000003
      vertex -9.048174901937129 6.347637684742951 0
      vertex -8.974939191798951 6.416410594220631 0
    endloop
  endfacet
  facet normal 0.5877852522924828 -0.8090169943749405 0
    outer loop
      vertex -8.893661435983198 6.475462340401612 2.5900000000000003
      vertex -8.974939191798951 6.416410594220631 0
      vertex -8.893661435983198 6.475462340401612 0
    endloop
  endfacet
  facet normal 0.8443279255020127 -0.5358267949790005 0
    outer loop
      vertex -9.16604534403509 6.1854029392813725 2.5900000000000003
      vertex -9.16604534403509 6.1854029392813725 0
      vertex -9.112213595499957 6.270228201833978 2.5900000000000003
    endloop
  endfacet
  facet normal 0.7705132427757909 -0.6374239897486875 0
    outer loop
      vertex -9.112213595499957 6.270228201833978 2.5900000000000003
      vertex -9.112213595499957 6.270228201833978 0
      vertex -9.048174901937129 6.347637684742951 2.5900000000000003
    endloop
  endfacet
  facet normal 0.6845471059286832 -0.7289686274214168 0
    outer loop
      vertex -9.048174901937129 6.347637684742951 2.5900000000000003
      vertex -9.048174901937129 6.347637684742951 0
      vertex -8.974939191798951 6.416410594220631 2.5900000000000003
    endloop
  endfacet
  facet normal 0.5877852522924828 -0.8090169943749405 0
    outer loop
      vertex -8.974939191798951 6.416410594220631 2.5900000000000003
      vertex -8.974939191798951 6.416410594220631 0
      vertex -8.893661435983198 6.475462340401612 2.5900000000000003
    endloop
  endfacet
  facet normal 0.4817536741017153 -0.8763066800438637 0
    outer loop
      vertex -8.893661435983198 6.475462340401612 2.5900000000000003
      vertex -8.893661435983198 6.475462340401612 0
      vertex -8.805623433252059 6.5238616419728155 2.5900000000000003
    endloop
  endfacet
  facet normal 0 0 -1
    outer loop
      vertex -9.208821188710601 6.094499642147742 2.5900000000000003
      vertex -9.16604534403509 6.1854029392813725 2.5900000000000003
      vertex -9.048174901937129 6.347637684742951 2.5900000000000003
    endloop
  endfacet
  facet normal 0 0 -1
    outer loop
      vertex -9.16604534403509 6.1854029392813725 2.5900000000000003
      vertex -9.112213595499957 6.270228201833978 2.5900000000000003
      vertex -9.048174901937129 6.347637684742951 2.5900000000000003
    endloop
  endfacet
  facet normal 0 0 -1
    outer loop
      vertex -8.974939191798951 6.416410594220631 2.5900000000000003
      vertex -8.893661435983198 6.475462340401612 2.5900000000000003
      vertex -8.805623433252059 6.5238616419728155 2.5900000000000003
    endloop
  endfacet
  facet normal 0.4817536741017153 -0.8763066800438637 0
    outer loop
      vertex -8.805623433252059 6.5238616419728155 2.5900000000000003
      vertex -8.893661435983198 6.475462340401612 0
      vertex -8.805623433252059 6.5238616419728155 0
    endloop
  endfacet
  facet normal 0.3681245526846712 -0.9297764858882541 0
    outer loop
      vertex -8.712213595499957 6.560845213036123 2.5900000000000003
      vertex -8.805623433252059 6.5238616419728155 0
      vertex -8.712213595499957 6.560845213036123 0
    endloop
  endfacet
  facet normal 0.24868988716485407 -0.9685831611286313 0
    outer loop
      vertex -8.614905051668579 6.5858298005829505 2.5900000000000003
      vertex -8.712213595499957 6.560845213036123 0
      vertex -8.614905051668579 6.5858298005829505 0
    endloop
  endfacet
  facet normal 0.12533323356430995 -0.9921147013144771 0
    outer loop
      vertex -8.515232415623451 6.598421382742617 2.5900000000000003
      vertex -8.614905051668579 6.5858298005829505 0
      vertex -8.515232415623451 6.598421382742617 0
    endloop
  endfacet
  facet normal 0.3681245526846712 -0.9297764858882541 0
    outer loop
      vertex -8.805623433252059 6.5238616419728155 2.5900000000000003
      vertex -8.805623433252059 6.5238616419728155 0
      vertex -8.712213595499957 6.560845213036123 2.5900000000000003
    endloop
  endfacet
  facet normal 0.24868988716485407 -0.9685831611286313 0
    outer loop
      vertex -8.712213595499957 6.560845213036123 2.5900000000000003
      vertex -8.712213595499957 6.560845213036123 0
      vertex -8.614905051668579 6.5858298005829505 2.5900000000000003
    endloop
  endfacet
  facet normal 0.12533323356430995 -0.9921147013144771 0
    outer loop
      vertex -8.614905051668579 6.5858298005829505 2.5900000000000003
      vertex -8.614905051668579 6.5858298005829505 0
      vertex -8.515232415623451 6.598421382742617 2.5900000000000003
    endloop
  endfacet
  facet normal 0 0 -1
    outer loop
      vertex -8.974939191798951 6.416410594220631 2.5900000000000003
      vertex -8.805623433252059 6.5238616419728155 2.5900000000000003
      vertex -8.515232415623451 6.598421382742617 2.5900000000000003
    endloop
  endfacet
  facet normal 0 0 -1
    outer loop
      vertex -8.805623433252059 6.5238616419728155 2.5900000000000003
      vertex -8.712213595499957 6.560845213036123 2.5900000000000003
      vertex -8.515232415623451 6.598421382742617 2.5900000000000003
    endloop
  endfacet
  facet normal 0 0 -1
    outer loop
      vertex -8.712213595499957 6.560845213036123 2.5900000000000003
      vertex -8.614905051668579 6.5858298005829505 2.5900000000000003
      vertex -8.515232415623451 6.598421382742617 2.5900000000000003
    endloop
  endfacet
  facet normal 0 0 -1
    outer loop
      vertex -8.893661435983198 -6.475462340401612 2.5900000000000003
      vertex -8.974939191798951 6.416410594220631 2.5900000000000003
      vertex 4.164999999999999 3.5 2.5900000000000003
    endloop
  endfacet
  facet normal 0 -1 0
    outer loop
      vertex -8.515232415623451 6.598421382742617 2.5900000000000003
      vertex -8.515232415623451 6.598421382742617 0
      vertex 8.515232415623451 6.598421382742617 2.5900000000000003
    endloop
  endfacet
  facet normal 0 0 -1
    outer loop
      vertex -8.974939191798951 6.416410594220631 2.5900000000000003
      vertex -8.515232415623451 6.598421382742617 2.5900000000000003
      vertex 8.893661435983198 6.475462340401612 2.5900000000000003
    endloop
  endfacet
  facet normal 0 1 0
    outer loop
      vertex -8.515232415623451 -6.598421382742617 2.5900000000000003
      vertex 8.515232415623451 -6.598421382742617 2.5900000000000003
      vertex 8.515232415623451 -6.598421382742617 0
    endloop
  endfacet
  facet normal 0 0 -1
    outer loop
      vertex -8.893661435983198 -6.475462340401612 2.5900000000000003
      vertex 8.974939191798953 -6.416410594220631 2.5900000000000003
      vertex 8.515232415623451 -6.598421382742617 2.5900000000000003
    endloop
  endfacet
  facet normal 0 0 -1
    outer loop
      vertex -8.893661435983198 -6.475462340401612 2.5900000000000003
      vertex 4.164999999999999 -3.5 2.5900000000000003
      vertex 8.974939191798953 -6.416410594220631 2.5900000000000003
    endloop
  endfacet
  facet normal -0.12533323356430995 0.9921147013144771 0
    outer loop
      vertex 8.515232415623451 -6.598421382742617 2.5900000000000003
      vertex 8.614905051668579 -6.5858298005829505 0
      vertex 8.515232415623451 -6.598421382742617 0
    endloop
  endfacet
  facet normal -0.24868988716485407 0.9685831611286313 0
    outer loop
      vertex 8.614905051668579 -6.5858298005829505 2.5900000000000003
      vertex 8.712213595499957 -6.560845213036123 0
      vertex 8.614905051668579 -6.5858298005829505 0
    endloop
  endfacet
  facet normal -0.3681245526846772 0.9297764858882517 0
    outer loop
      vertex 8.712213595499957 -6.560845213036123 2.5900000000000003
      vertex 8.805623433252057 -6.5238616419728155 0
      vertex 8.712213595499957 -6.560845213036123 0
    endloop
  endfacet
  facet normal -0.4817536741017153 0.8763066800438637 0
    outer loop
      vertex 8.805623433252057 -6.5238616419728155 2.5900000000000003
      vertex 8.893661435983196 -6.475462340401612 0
      vertex 8.805623433252057 -6.5238616419728155 0
    endloop
  endfacet
  facet normal -0.12533323356430995 0.9921147013144771 0
    outer loop
      vertex 8.515232415623451 -6.598421382742617 2.5900000000000003
      vertex 8.614905051668579 -6.5858298005829505 2.5900000000000003
      vertex 8.614905051668579 -6.5858298005829505 0
    endloop
  endfacet
  facet normal -0.24868988716485407 0.9685831611286313 0
    outer loop
      vertex 8.614905051668579 -6.5858298005829505 2.5900000000000003
      vertex 8.712213595499957 -6.560845213036123 2.5900000000000003
      vertex 8.712213595499957 -6.560845213036123 0
    endloop
  endfacet
  facet normal -0.3681245526846772 0.9297764858882517 0
    outer loop
      vertex 8.712213595499957 -6.560845213036123 2.5900000000000003
      vertex 8.805623433252057 -6.5238616419728155 2.5900000000000003
      vertex 8.805623433252057 -6.5238616419728155 0
    endloop
  endfacet
  facet normal 0 0 -1
    outer loop
      vertex 8.515232415623451 -6.598421382742617 2.5900000000000003
      vertex 8.712213595499957 -6.560845213036123 2.5900000000000003
      vertex 8.614905051668579 -6.5858298005829505 2.5900000000000003
    endloop
  endfacet
  facet normal 0 0 -1
    outer loop
      vertex 8.515232415623451 -6.598421382742617 2.5900000000000003
      vertex 8.974939191798953 -6.416410594220631 2.5900000000000003
      vertex 8.712213595499957 -6.560845213036123 2.5900000000000003
    endloop
  endfacet
  facet normal 0 0 -1
    outer loop
      vertex 8.712213595499957 -6.560845213036123 2.5900000000000003
      vertex 8.893661435983196 -6.475462340401612 2.5900000000000003
      vertex 8.805623433252057 -6.5238616419728155 2.5900000000000003
    endloop
  endfacet
  facet normal -0.5877852522924659 0.8090169943749526 0
    outer loop
      vertex 8.893661435983196 -6.475462340401612 2.5900000000000003
      vertex 8.974939191798953 -6.416410594220631 0
      vertex 8.893661435983196 -6.475462340401612 0
    endloop
  endfacet
  facet normal -0.684547105928692 0.7289686274214086 0
    outer loop
      vertex 8.974939191798953 -6.416410594220631 2.5900000000000003
      vertex 9.048174901937129 -6.347637684742951 0
      vertex 8.974939191798953 -6.416410594220631 0
    endloop
  endfacet
  facet normal -0.7705132427757909 0.6374239897486875 0
    outer loop
      vertex 9.048174901937129 -6.347637684742951 2.5900000000000003
      vertex 9.112213595499957 -6.270228201833978 0
      vertex 9.048174901937129 -6.347637684742951 0
    endloop
  endfacet
  facet normal -0.8443279255020127 0.5358267949790005 0
    outer loop
      vertex 9.112213595499957 -6.270228201833978 2.5900000000000003
      vertex 9.16604534403509 -6.1854029392813725 0
      vertex 9.112213595499957 -6.270228201833978 0
    endloop
  endfacet
  facet normal -0.9048270524660176 0.4257792915650767 0
    outer loop
      vertex 9.16604534403509 -6.1854029392813725 2.5900000000000003
      vertex 9.208821188710601 -6.094499642147743 0
      vertex 9.16604534403509 -6.1854029392813725 0
    endloop
  endfacet
  facet normal -0.9510565162951553 0.30901699437494196 0
    outer loop
      vertex 9.208821188710601 -6.094499642147743 2.5900000000000003
      vertex 9.239866528902905 -5.9989519097318835 0
      vertex 9.208821188710601 -6.094499642147743 0
    endloop
  endfacet
  facet normal -0.9822872507286896 0.1873813145857196 0
    outer loop
      vertex 9.239866528902905 -5.9989519097318835 2.5900000000000003
      vertex 9.258691761051582 -5.900266586851443 0
      vertex 9.239866528902905 -5.9989519097318835 0
    endloop
  endfacet
  facet normal -0.9980267284282708 0.06279051952932622 0
    outer loop
      vertex 9.258691761051582 -5.900266586851443 2.5900000000000003
      vertex 9.265 -5.8 0
      vertex 9.258691761051582 -5.900266586851443 0
    endloop
  endfacet
  facet normal -0.4817536741017153 0.8763066800438637 0
    outer loop
      vertex 8.805623433252057 -6.5238616419728155 2.5900000000000003
      vertex 8.893661435983196 -6.475462340401612 2.5900000000000003
      vertex 8.893661435983196 -6.475462340401612 0
    endloop
  endfacet
  facet normal -0.5877852522924659 0.8090169943749526 0
    outer loop
      vertex 8.893661435983196 -6.475462340401612 2.5900000000000003
      vertex 8.974939191798953 -6.416410594220631 2.5900000000000003
      vertex 8.974939191798953 -6.416410594220631 0
    endloop
  endfacet
  facet normal -0.684547105928692 0.7289686274214086 0
    outer loop
      vertex 8.974939191798953 -6.416410594220631 2.5900000000000003
      vertex 9.048174901937129 -6.347637684742951 2.5900000000000003
      vertex 9.048174901937129 -6.347637684742951 0
    endloop
  endfacet
  facet normal 0 0 -1
    outer loop
      vertex 8.712213595499957 -6.560845213036123 2.5900000000000003
      vertex 8.974939191798953 -6.416410594220631 2.5900000000000003
      vertex 8.893661435983196 -6.475462340401612 2.5900000000000003
    endloop
  endfacet
  facet normal -0.7705132427757909 0.6374239897486875 0
    outer loop
      vertex 9.048174901937129 -6.347637684742951 2.5900000000000003
      vertex 9.112213595499957 -6.270228201833978 2.5900000000000003
      vertex 9.112213595499957 -6.270228201833978 0
    endloop
  endfacet
  facet normal -0.8443279255020127 0.5358267949790005 0
    outer loop
      vertex 9.112213595499957 -6.270228201833978 2.5900000000000003
      vertex 9.16604534403509 -6.1854029392813725 2.5900000000000003
      vertex 9.16604534403509 -6.1854029392813725 0
    endloop
  endfacet
  facet normal -0.9048270524660176 0.4257792915650767 0
    outer loop
      vertex 9.16604534403509 -6.1854029392813725 2.5900000000000003
      vertex 9.208821188710601 -6.094499642147743 2.5900000000000003
      vertex 9.208821188710601 -6.094499642147743 0
    endloop
  endfacet
  facet normal -0.9510565162951553 0.30901699437494196 0
    outer loop
      vertex 9.208821188710601 -6.094499642147743 2.5900000000000003
      vertex 9.239866528902905 -5.9989519097318835 2.5900000000000003
      vertex 9.239866528902905 -5.9989519097318835 0
    endloop
  endfacet
  facet normal -0.9822872507286896 0.1873813145857196 0
    outer loop
      vertex 9.239866528902905 -5.9989519097318835 2.5900000000000003
      vertex 9.258691761051582 -5.900266586851443 2.5900000000000003
      vertex 9.258691761051582 -5.900266586851443 0
    endloop
  endfacet
  facet normal -0.9980267284282708 0.06279051952932622 0
    outer loop
      vertex 9.258691761051582 -5.900266586851443 2.5900000000000003
      vertex 9.265 -5.8 2.5900000000000003
      vertex 9.265 -5.8 0
    endloop
  endfacet
  facet normal 0 0 -1
    outer loop
      vertex 8.974939191798953 -6.416410594220631 2.5900000000000003
      vertex 9.112213595499957 -6.270228201833978 2.5900000000000003
      vertex 9.048174901937129 -6.347637684742951 2.5900000000000003
    endloop
  endfacet
  facet normal 0 0 -1
    outer loop
      vertex 8.974939191798953 -6.416410594220631 2.5900000000000003
      vertex 9.16604534403509 -6.1854029392813725 2.5900000000000003
      vertex 9.112213595499957 -6.270228201833978 2.5900000000000003
    endloop
  endfacet
  facet normal 0 0 -1
    outer loop
      vertex 8.974939191798953 -6.416410594220631 2.5900000000000003
      vertex 9.265 -5.8 2.5900000000000003
      vertex 9.16604534403509 -6.1854029392813725 2.5900000000000003
    endloop
  endfacet
  facet normal 0 0 -1
    outer loop
      vertex 9.16604534403509 -6.1854029392813725 2.5900000000000003
      vertex 9.239866528902905 -5.9989519097318835 2.5900000000000003
      vertex 9.208821188710601 -6.094499642147743 2.5900000000000003
    endloop
  endfacet
  facet normal 0 0 -1
    outer loop
      vertex 9.16604534403509 -6.1854029392813725 2.5900000000000003
      vertex 9.265 -5.8 2.5900000000000003
      vertex 9.239866528902905 -5.9989519097318835 2.5900000000000003
    endloop
  endfacet
  facet normal 0 0 -1
    outer loop
      vertex 9.239866528902905 -5.9989519097318835 2.5900000000000003
      vertex 9.265 -5.8 2.5900000000000003
      vertex 9.258691761051582 -5.900266586851443 2.5900000000000003
    endloop
  endfacet
  facet normal 0 0 -1
    outer loop
      vertex 4.164999999999999 -3.5 2.5900000000000003
      vertex 8.165 -3.5 2.5900000000000003
      vertex 8.974939191798953 -6.416410594220631 2.5900000000000003
    endloop
  endfacet
  facet normal 0 0 -1
    outer loop
      vertex 8.974939191798953 -6.416410594220631 2.5900000000000003
      vertex 8.165 -3.5 2.5900000000000003
      vertex 8.893661435983198 6.475462340401612 2.5900000000000003
    endloop
  endfacet
  facet normal -1 0 0
    outer loop
      vertex 9.265 -5.8 2.5900000000000003
      vertex 9.265 5.8 0
      vertex 9.265 -5.8 0
    endloop
  endfacet
  facet normal 0 0 -1
    outer loop
      vertex 8.974939191798953 -6.416410594220631 2.5900000000000003
      vertex 9.265 5.8 2.5900000000000003
      vertex 9.265 -5.8 2.5900000000000003
    endloop
  endfacet
  facet normal 0 0 -1
    outer loop
      vertex -8.974939191798951 6.416410594220631 2.5900000000000003
      vertex 8.165 3.5 2.5900000000000003
      vertex 4.164999999999999 3.5 2.5900000000000003
    endloop
  endfacet
  facet normal 0 0 -1
    outer loop
      vertex -8.974939191798951 6.416410594220631 2.5900000000000003
      vertex 8.893661435983198 6.475462340401612 2.5900000000000003
      vertex 8.165 3.5 2.5900000000000003
    endloop
  endfacet
  facet normal 0 -1 0
    outer loop
      vertex 8.515232415623451 6.598421382742617 2.5900000000000003
      vertex -8.515232415623451 6.598421382742617 0
      vertex 8.515232415623451 6.598421382742617 0
    endloop
  endfacet
  facet normal 0 0 -1
    outer loop
      vertex -8.515232415623451 6.598421382742617 2.5900000000000003
      vertex 8.515232415623451 6.598421382742617 2.5900000000000003
      vertex 8.893661435983198 6.475462340401612 2.5900000000000003
    endloop
  endfacet
  facet normal 0 0 -1
    outer loop
      vertex 8.165 -3.5 2.5900000000000003
      vertex 8.165 3.5 2.5900000000000003
      vertex 8.893661435983198 6.475462340401612 2.5900000000000003
    endloop
  endfacet
  facet normal -1 0 0
    outer loop
      vertex 9.265 -5.8 2.5900000000000003
      vertex 9.265 5.8 2.5900000000000003
      vertex 9.265 5.8 0
    endloop
  endfacet
  facet normal 0 0 -1
    outer loop
      vertex 8.974939191798953 -6.416410594220631 2.5900000000000003
      vertex 8.893661435983198 6.475462340401612 2.5900000000000003
      vertex 9.265 5.8 2.5900000000000003
    endloop
  endfacet
  facet normal -0.9980267284282708 -0.06279051952932622 0
    outer loop
      vertex 9.265 5.8 2.5900000000000003
      vertex 9.258691761051582 5.900266586851443 0
      vertex 9.265 5.8 0
    endloop
  endfacet
  facet normal -0.9822872507286896 -0.1873813145857196 0
    outer loop
      vertex 9.258691761051582 5.900266586851443 2.5900000000000003
      vertex 9.239866528902905 5.9989519097318835 0
      vertex 9.258691761051582 5.900266586851443 0
    endloop
  endfacet
  facet normal -0.9510565162951544 -0.30901699437494456 0
    outer loop
      vertex 9.239866528902905 5.9989519097318835 2.5900000000000003
      vertex 9.208821188710601 6.094499642147742 0
      vertex 9.239866528902905 5.9989519097318835 0
    endloop
  endfacet
  facet normal -0.9048270524660194 -0.4257792915650733 0
    outer loop
      vertex 9.208821188710601 6.094499642147742 2.5900000000000003
      vertex 9.16604534403509 6.1854029392813725 0
      vertex 9.208821188710601 6.094499642147742 0
    endloop
  endfacet
  facet normal -0.9980267284282708 -0.06279051952932622 0
    outer loop
      vertex 9.265 5.8 2.5900000000000003
      vertex 9.258691761051582 5.900266586851443 2.5900000000000003
      vertex 9.258691761051582 5.900266586851443 0
    endloop
  endfacet
  facet normal -0.9822872507286896 -0.1873813145857196 0
    outer loop
      vertex 9.258691761051582 5.900266586851443 2.5900000000000003
      vertex 9.239866528902905 5.9989519097318835 2.5900000000000003
      vertex 9.239866528902905 5.9989519097318835 0
    endloop
  endfacet
  facet normal -0.9510565162951544 -0.30901699437494456 0
    outer loop
      vertex 9.239866528902905 5.9989519097318835 2.5900000000000003
      vertex 9.208821188710601 6.094499642147742 2.5900000000000003
      vertex 9.208821188710601 6.094499642147742 0
    endloop
  endfacet
  facet normal 0 0 -1
    outer loop
      vertex 9.265 5.8 2.5900000000000003
      vertex 9.239866528902905 5.9989519097318835 2.5900000000000003
      vertex 9.258691761051582 5.900266586851443 2.5900000000000003
    endloop
  endfacet
  facet normal 0 0 -1
    outer loop
      vertex 9.265 5.8 2.5900000000000003
      vertex 9.16604534403509 6.1854029392813725 2.5900000000000003
      vertex 9.239866528902905 5.9989519097318835 2.5900000000000003
    endloop
  endfacet
  facet normal 0 0 -1
    outer loop
      vertex 9.239866528902905 5.9989519097318835 2.5900000000000003
      vertex 9.16604534403509 6.1854029392813725 2.5900000000000003
      vertex 9.208821188710601 6.094499642147742 2.5900000000000003
    endloop
  endfacet
  facet normal -0.12533323356430995 -0.9921147013144771 0
    outer loop
      vertex 8.614905051668579 6.5858298005829505 2.5900000000000003
      vertex 8.515232415623451 6.598421382742617 0
      vertex 8.614905051668579 6.5858298005829505 0
    endloop
  endfacet
  facet normal -0.24868988716485407 -0.9685831611286313 0
    outer loop
      vertex 8.712213595499957 6.560845213036123 2.5900000000000003
      vertex 8.614905051668579 6.5858298005829505 0
      vertex 8.712213595499957 6.560845213036123 0
    endloop
  endfacet
  facet normal -0.3681245526846712 -0.9297764858882541 0
    outer loop
      vertex 8.805623433252059 6.5238616419728155 2.5900000000000003
      vertex 8.712213595499957 6.560845213036123 0
      vertex 8.805623433252059 6.5238616419728155 0
    endloop
  endfacet
  facet normal -0.12533323356430995 -0.9921147013144771 0
    outer loop
      vertex 8.515232415623451 6.598421382742617 2.5900000000000003
      vertex 8.515232415623451 6.598421382742617 0
      vertex 8.614905051668579 6.5858298005829505 2.5900000000000003
    endloop
  endfacet
  facet normal -0.24868988716485407 -0.9685831611286313 0
    outer loop
      vertex 8.614905051668579 6.5858298005829505 2.5900000000000003
      vertex 8.614905051668579 6.5858298005829505 0
      vertex 8.712213595499957 6.560845213036123 2.5900000000000003
    endloop
  endfacet
  facet normal -0.3681245526846712 -0.9297764858882541 0
    outer loop
      vertex 8.712213595499957 6.560845213036123 2.5900000000000003
      vertex 8.712213595499957 6.560845213036123 0
      vertex 8.805623433252059 6.5238616419728155 2.5900000000000003
    endloop
  endfacet
  facet normal -0.4817536741017153 -0.8763066800438637 0
    outer loop
      vertex 8.805623433252059 6.5238616419728155 2.5900000000000003
      vertex 8.805623433252059 6.5238616419728155 0
      vertex 8.893661435983198 6.475462340401612 2.5900000000000003
    endloop
  endfacet
  facet normal 0 0 -1
    outer loop
      vertex 8.515232415623451 6.598421382742617 2.5900000000000003
      vertex 8.614905051668579 6.5858298005829505 2.5900000000000003
      vertex 8.712213595499957 6.560845213036123 2.5900000000000003
    endloop
  endfacet
  facet normal 0 0 -1
    outer loop
      vertex 8.515232415623451 6.598421382742617 2.5900000000000003
      vertex 8.712213595499957 6.560845213036123 2.5900000000000003
      vertex 8.893661435983198 6.475462340401612 2.5900000000000003
    endloop
  endfacet
  facet normal 0 0 -1
    outer loop
      vertex 8.712213595499957 6.560845213036123 2.5900000000000003
      vertex 8.805623433252059 6.5238616419728155 2.5900000000000003
      vertex 8.893661435983198 6.475462340401612 2.5900000000000003
    endloop
  endfacet
  facet normal -0.4817536741017153 -0.8763066800438637 0
    outer loop
      vertex 8.893661435983198 6.475462340401612 2.5900000000000003
      vertex 8.805623433252059 6.5238616419728155 0
      vertex 8.893661435983198 6.475462340401612 0
    endloop
  endfacet
  facet normal -0.5877852522924828 -0.8090169943749405 0
    outer loop
      vertex 8.974939191798951 6.416410594220631 2.5900000000000003
      vertex 8.893661435983198 6.475462340401612 0
      vertex 8.974939191798951 6.416410594220631 0
    endloop
  endfacet
  facet normal -0.6845471059286832 -0.7289686274214168 0
    outer loop
      vertex 9.048174901937129 6.347637684742951 2.5900000000000003
      vertex 8.974939191798951 6.416410594220631 0
      vertex 9.048174901937129 6.347637684742951 0
    endloop
  endfacet
  facet normal -0.8443279255020127 -0.5358267949790005 0
    outer loop
      vertex 9.16604534403509 6.1854029392813725 2.5900000000000003
      vertex 9.112213595499957 6.270228201833978 0
      vertex 9.16604534403509 6.1854029392813725 0
    endloop
  endfacet
  facet normal -0.7705132427757909 -0.6374239897486875 0
    outer loop
      vertex 9.112213595499957 6.270228201833978 2.5900000000000003
      vertex 9.048174901937129 6.347637684742951 0
      vertex 9.112213595499957 6.270228201833978 0
    endloop
  endfacet
  facet normal -0.5877852522924828 -0.8090169943749405 0
    outer loop
      vertex 8.974939191798951 6.416410594220631 2.5900000000000003
      vertex 8.893661435983198 6.475462340401612 2.5900000000000003
      vertex 8.893661435983198 6.475462340401612 0
    endloop
  endfacet
  facet normal -0.6845471059286832 -0.7289686274214168 0
    outer loop
      vertex 8.974939191798951 6.416410594220631 2.5900000000000003
      vertex 8.974939191798951 6.416410594220631 0
      vertex 9.048174901937129 6.347637684742951 2.5900000000000003
    endloop
  endfacet
  facet normal -0.7705132427757909 -0.6374239897486875 0
    outer loop
      vertex 9.112213595499957 6.270228201833978 2.5900000000000003
      vertex 9.048174901937129 6.347637684742951 2.5900000000000003
      vertex 9.048174901937129 6.347637684742951 0
    endloop
  endfacet
  facet normal -0.9048270524660194 -0.4257792915650733 0
    outer loop
      vertex 9.16604534403509 6.1854029392813725 2.5900000000000003
      vertex 9.16604534403509 6.1854029392813725 0
      vertex 9.208821188710601 6.094499642147742 2.5900000000000003
    endloop
  endfacet
  facet normal -0.8443279255020127 -0.5358267949790005 0
    outer loop
      vertex 9.112213595499957 6.270228201833978 2.5900000000000003
      vertex 9.112213595499957 6.270228201833978 0
      vertex 9.16604534403509 6.1854029392813725 2.5900000000000003
    endloop
  endfacet
  facet normal 0 0 -1
    outer loop
      vertex 8.893661435983198 6.475462340401612 2.5900000000000003
      vertex 9.048174901937129 6.347637684742951 2.5900000000000003
      vertex 9.16604534403509 6.1854029392813725 2.5900000000000003
    endloop
  endfacet
  facet normal 0 0 -1
    outer loop
      vertex 8.974939191798951 6.416410594220631 2.5900000000000003
      vertex 9.048174901937129 6.347637684742951 2.5900000000000003
      vertex 8.893661435983198 6.475462340401612 2.5900000000000003
    endloop
  endfacet
  facet normal 0 0 -1
    outer loop
      vertex 9.265 5.8 2.5900000000000003
      vertex 8.893661435983198 6.475462340401612 2.5900000000000003
      vertex 9.16604534403509 6.1854029392813725 2.5900000000000003
    endloop
  endfacet
  facet normal 0 0 -1
    outer loop
      vertex 9.112213595499957 6.270228201833978 2.5900000000000003
      vertex 9.16604534403509 6.1854029392813725 2.5900000000000003
      vertex 9.048174901937129 6.347637684742951 2.5900000000000003
    endloop
  endfacet
  facet normal 0 1 0
    outer loop
      vertex -3.75 3.6 17.685640646055102
      vertex -7 3.6 14
      vertex -7 3.6 17.685640646055102
    endloop
  endfacet
  facet normal 0 1 0
    outer loop
      vertex -3.75 3.6 21.314359353944898
      vertex -7 3.6 21.314359353944898
      vertex -7 3.6 24
    endloop
  endfacet
  facet normal 0 1 0
    outer loop
      vertex -3.75 3.6 17.685640646055102
      vertex 1.6 3.6 23.5
      vertex -7 3.6 14
    endloop
  endfacet
  facet normal 0 1 0
    outer loop
      vertex -3.75 3.6 17.685640646055102
      vertex -3.75 3.6 21.314359353944898
      vertex 1.6 3.6 23.5
    endloop
  endfacet
  facet normal 0 1 0
    outer loop
      vertex -3.75 3.6 21.314359353944898
      vertex -7 3.6 24
      vertex 1 3.6 23.5
    endloop
  endfacet
  facet normal 0 1 0
    outer loop
      vertex 1 3.6 23.5
      vertex -7 3.6 24
      vertex 1 3.6 24
    endloop
  endfacet
  facet normal 0 1 0
    outer loop
      vertex -3.75 3.6 21.314359353944898
      vertex 1 3.6 23.5
      vertex 1.6 3.6 23.5
    endloop
  endfacet
  facet normal 0 -1 0
    outer loop
      vertex -3.75 8.4 17.685640646055102
      vertex -7 8.4 17.685640646055102
      vertex -7 8.4 14
    endloop
  endfacet
  facet normal 0 -1 0
    outer loop
      vertex -3.75 8.4 17.685640646055102
      vertex -7 8.4 14
      vertex 7 8.4 14
    endloop
  endfacet
  facet normal 0 -1 0
    outer loop
      vertex -3.75 8.4 17.685640646055102
      vertex 7 8.4 14
      vertex -3.75 8.4 21.314359353944898
    endloop
  endfacet
  facet normal 0 -1 0
    outer loop
      vertex -3.75 8.4 21.314359353944898
      vertex -7 8.4 24
      vertex -7 8.4 21.314359353944898
    endloop
  endfacet
  facet normal 0 -1 0
    outer loop
      vertex -3.75 8.4 21.314359353944898
      vertex 7 8.4 14
      vertex -7 8.4 24
    endloop
  endfacet
  facet normal 0 -1 0
    outer loop
      vertex 1 8.4 23.5
      vertex 1 8.4 24
      vertex -7 8.4 24
    endloop
  endfacet
  facet normal 0 1 0
    outer loop
      vertex -7 3.6 14
      vertex 7 3.6 24
      vertex 7 3.6 14
    endloop
  endfacet
  facet normal 0 1 0
    outer loop
      vertex 1.6 3.6 23.5
      vertex 7 3.6 24
      vertex -7 3.6 14
    endloop
  endfacet
  facet normal 0 1 0
    outer loop
      vertex 1.6 3.6 23.5
      vertex 1.6 3.6 24
      vertex 7 3.6 24
    endloop
  endfacet
  facet normal 0 -1 0
    outer loop
      vertex 1 8.4 23.5
      vertex -7 8.4 24
      vertex 7 8.4 14
    endloop
  endfacet
  facet normal 0 -1 0
    outer loop
      vertex 1 8.4 23.5
      vertex 7 8.4 14
      vertex 1.5999999999999996 8.4 23.5
    endloop
  endfacet
  facet normal 0 -1 0
    outer loop
      vertex 1.5999999999999996 8.4 23.5
      vertex 7 8.4 24
      vertex 1.5999999999999996 8.4 24
    endloop
  endfacet
  facet normal 0 -1 0
    outer loop
      vertex 1.5999999999999996 8.4 23.5
      vertex 7 8.4 14
      vertex 7 8.4 24
    endloop
  endfacet
  facet normal 0 0.4999999999999969 0.8660254037844405
    outer loop
      vertex -3.75 3.2287187078897963 17.9
      vertex -7 3.6 17.685640646055102
      vertex -7 3.2287187078897963 17.9
    endloop
  endfacet
  facet normal 0 0.4999999999999969 0.8660254037844405
    outer loop
      vertex -3.75 3.2287187078897963 17.9
      vertex -3.75 3.6 17.685640646055102
      vertex -7 3.6 17.685640646055102
    endloop
  endfacet
  facet normal 0 1 0
    outer loop
      vertex -3.75 3.2287187078897963 21.1
      vertex -7 3.2287187078897963 17.9
      vertex -7 3.2287187078897963 21.1
    endloop
  endfacet
  facet normal 0 1 0
    outer loop
      vertex -3.75 3.2287187078897963 17.9
      vertex -7 3.2287187078897963 17.9
      vertex -3.75 3.2287187078897963 21.1
    endloop
  endfacet
  facet normal -1 0 0
    outer loop
      vertex -3.75 3.2287187078897963 17.9
      vertex -3.75 3.6 21.314359353944898
      vertex -3.75 3.6 17.685640646055102
    endloop
  endfacet
  facet normal -1 0 0
    outer loop
      vertex -3.75 3.2287187078897963 17.9
      vertex -3.75 3.2287187078897963 21.1
      vertex -3.75 3.6 21.314359353944898
    endloop
  endfacet
  facet normal 0 0.4999999999999969 -0.8660254037844405
    outer loop
      vertex -3.75 3.6 21.314359353944898
      vertex -7 3.2287187078897963 21.1
      vertex -7 3.6 21.314359353944898
    endloop
  endfacet
  facet normal 0 0.4999999999999969 -0.8660254037844405
    outer loop
      vertex -3.75 3.2287187078897963 21.1
      vertex -7 3.2287187078897963 21.1
      vertex -3.75 3.6 21.314359353944898
    endloop
  endfacet
  facet normal 0 -0.4999999999999982 0.8660254037844396
    outer loop
      vertex -3.75 8.4 17.685640646055102
      vertex -7 8.771281292110203 17.9
      vertex -7 8.4 17.685640646055102
    endloop
  endfacet
  facet normal 0 -0.4999999999999982 0.8660254037844396
    outer loop
      vertex -3.75 8.4 17.685640646055102
      vertex -3.75 8.771281292110203 17.9
      vertex -7 8.771281292110203 17.9
    endloop
  endfacet
  facet normal 0 -1 0
    outer loop
      vertex -3.75 8.771281292110203 17.9
      vertex -7 8.771281292110203 21.1
      vertex -7 8.771281292110203 17.9
    endloop
  endfacet
  facet normal -1 0 0
    outer loop
      vertex -3.75 8.4 17.685640646055102
      vertex -3.75 8.771281292110203 21.1
      vertex -3.75 8.771281292110203 17.9
    endloop
  endfacet
  facet normal 0 -1 0
    outer loop
      vertex -3.75 8.771281292110203 17.9
      vertex -3.75 8.771281292110203 21.1
      vertex -7 8.771281292110203 21.1
    endloop
  endfacet
  facet normal -1 0 0
    outer loop
      vertex -3.75 8.4 17.685640646055102
      vertex -3.75 8.4 21.314359353944898
      vertex -3.75 8.771281292110203 21.1
    endloop
  endfacet
  facet normal 0 -0.4999999999999982 -0.8660254037844396
    outer loop
      vertex -3.75 8.771281292110203 21.1
      vertex -7 8.4 21.314359353944898
      vertex -7 8.771281292110203 21.1
    endloop
  endfacet
  facet normal 0 -0.4999999999999982 -0.8660254037844396
    outer loop
      vertex -3.75 8.4 21.314359353944898
      vertex -7 8.4 21.314359353944898
      vertex -3.75 8.771281292110203 21.1
    endloop
  endfacet
  facet normal 0 0 1
    outer loop
      vertex 1 3 23.5
      vertex 1.6 3.6 23.5
      vertex 1 3.6 23.5
    endloop
  endfacet
  facet normal 1 0 0
    outer loop
      vertex 1 3 23.5
      vertex 1 3.6 24
      vertex 1 3 24
    endloop
  endfacet
  facet normal 1 0 0
    outer loop
      vertex 1 3 23.5
      vertex 1 3.6 23.5
      vertex 1 3.6 24
    endloop
  endfacet
  facet normal -0.7071067811865476 0.7071067811865476 0
    outer loop
      vertex 1 3 23.5
      vertex 1 3 24
      vertex 1.6 3.6 23.5
    endloop
  endfacet
  facet normal -0.7071067811865476 0.7071067811865476 0
    outer loop
      vertex 1.6 3.6 23.5
      vertex 1 3 24
      vertex 1.6 3.6 24
    endloop
  endfacet
  facet normal 0 0 1
    outer loop
      vertex 1 8.4 23.5
      vertex 1.5999999999999996 8.4 23.5
      vertex 1 9 23.5
    endloop
  endfacet
  facet normal 1 0 0
    outer loop
      vertex 1 8.4 23.5
      vertex 1 9 24
      vertex 1 8.4 24
    endloop
  endfacet
  facet normal 1 0 0
    outer loop
      vertex 1 8.4 23.5
      vertex 1 9 23.5
      vertex 1 9 24
    endloop
  endfacet
  facet normal -0.7071067811865475 -0.7071067811865475 0
    outer loop
      vertex 1 9 23.5
      vertex 1.5999999999999996 8.4 24
      vertex 1 9 24
    endloop
  endfacet
  facet normal -0.7071067811865475 -0.7071067811865475 0
    outer loop
      vertex 1 9 23.5
      vertex 1.5999999999999996 8.4 23.5
      vertex 1.5999999999999996 8.4 24
    endloop
  endfacet
  facet normal 0 1 0
    outer loop
      vertex 4.164999999999999 -3.5 2.5900000000000003
      vertex 4.164999999999999 -3.5 3.1
      vertex 8.165 -3.5 3.1
    endloop
  endfacet
  facet normal 0 1 0
    outer loop
      vertex 4.164999999999999 -3.5 2.5900000000000003
      vertex 8.165 -3.5 3.1
      vertex 8.165 -3.5 2.5900000000000003
    endloop
  endfacet
  facet normal 1 0 0
    outer loop
      vertex 4.164999999999999 -3.5 2.5900000000000003
      vertex 4.164999999999999 3.5 2.5900000000000003
      vertex 4.164999999999999 -3.5 3.1
    endloop
  endfacet
  facet normal 0 0 -1
    outer loop
      vertex 4.164999999999999 -3.5 3.1
      vertex 4.164999999999999 3.5 3.1
      vertex 8.165 -3.5 3.1
    endloop
  endfacet
  facet normal -1 0 0
    outer loop
      vertex 8.165 -3.5 2.5900000000000003
      vertex 8.165 -3.5 3.1
      vertex 8.165 3.5 3.1
    endloop
  endfacet
  facet normal 1 0 0
    outer loop
      vertex 4.164999999999999 -3.5 3.1
      vertex 4.164999999999999 3.5 2.5900000000000003
      vertex 4.164999999999999 3.5 3.1
    endloop
  endfacet
  facet normal 0 0 -1
    outer loop
      vertex 8.165 -3.5 3.1
      vertex 4.164999999999999 3.5 3.1
      vertex 8.165 3.5 3.1
    endloop
  endfacet
  facet normal 0 -1 0
    outer loop
      vertex 4.164999999999999 3.5 2.5900000000000003
      vertex 8.165 3.5 2.5900000000000003
      vertex 4.164999999999999 3.5 3.1
    endloop
  endfacet
  facet normal 0 -1 0
    outer loop
      vertex 4.164999999999999 3.5 3.1
      vertex 8.165 3.5 2.5900000000000003
      vertex 8.165 3.5 3.1
    endloop
  endfacet
  facet normal -1 0 0
    outer loop
      vertex 8.165 -3.5 2.5900000000000003
      vertex 8.165 3.5 3.1
      vertex 8.165 3.5 2.5900000000000003
    endloop
  endfacet
endsolid OpenSCAD_Model
