solid OpenSCAD_Model
  facet normal -0.7604059656000308 -0.6494480483301838 0
    outer loop
      vertex 4.966186271093947 5.795805303903226 0
      vertex 5.348349570550447 5.348349570550447 0
      vertex 4.966186271093947 5.795805303903226 1.5
    endloop
  endfacet
  facet normal -0.6494480483301838 -0.7604059656000308 0
    outer loop
      vertex 5.795805303903226 4.966186271093947 0
      vertex 5.795805303903226 4.966186271093947 1.5
      vertex 5.348349570550447 5.348349570550447 0
    endloop
  endfacet
  facet normal -0.7604059656000308 -0.6494480483301838 0
    outer loop
      vertex 5.348349570550447 5.348349570550447 0
      vertex 5.348349570550447 5.348349570550447 1.5
      vertex 4.966186271093947 5.795805303903226 1.5
    endloop
  endfacet
  facet normal -0.6494480483301838 -0.7604059656000308 0
    outer loop
      vertex 5.348349570550447 5.348349570550447 0
      vertex 5.795805303903226 4.966186271093947 1.5
      vertex 5.348349570550447 5.348349570550447 1.5
    endloop
  endfacet
  facet normal -0.9723699203976767 -0.2334453638559054 0
    outer loop
      vertex 4.433538063893174 6.841186271093948 0
      vertex 4.2961687227682335 7.413370756099134 1.5
      vertex 4.2961687227682335 7.413370756099134 0
    endloop
  endfacet
  facet normal -0.9723699203976767 -0.2334453638559054 0
    outer loop
      vertex 4.433538063893174 6.841186271093948 0
      vertex 4.433538063893174 6.841186271093948 1.5
      vertex 4.2961687227682335 7.413370756099134 1.5
    endloop
  endfacet
  facet normal 0 0 -1
    outer loop
      vertex 4.433538063893174 6.841186271093948 0
      vertex 4.2961687227682335 7.413370756099134 0
      vertex 4.433538063893174 9.158813728906052 0
    endloop
  endfacet
  facet normal 0 0 -1
    outer loop
      vertex 4.2961687227682335 7.413370756099134 0
      vertex 4.25 8 0
      vertex 4.2961687227682335 8.586629243900866 0
    endloop
  endfacet
  facet normal -0.996917333733128 -0.07845909572784482 0
    outer loop
      vertex 4.2961687227682335 7.413370756099134 0
      vertex 4.25 8 1.5
      vertex 4.25 8 0
    endloop
  endfacet
  facet normal 0 0 -1
    outer loop
      vertex 4.2961687227682335 7.413370756099134 0
      vertex 4.2961687227682335 8.586629243900866 0
      vertex 4.433538063893174 9.158813728906052 0
    endloop
  endfacet
  facet normal -0.996917333733128 0.07845909572784482 0
    outer loop
      vertex 4.25 8 0
      vertex 4.2961687227682335 8.586629243900866 1.5
      vertex 4.2961687227682335 8.586629243900866 0
    endloop
  endfacet
  facet normal -0.996917333733128 -0.07845909572784482 0
    outer loop
      vertex 4.2961687227682335 7.413370756099134 0
      vertex 4.2961687227682335 7.413370756099134 1.5
      vertex 4.25 8 1.5
    endloop
  endfacet
  facet normal 0 0 1
    outer loop
      vertex 4.433538063893174 6.841186271093948 1.5
      vertex 4.2961687227682335 8.586629243900866 1.5
      vertex 4.2961687227682335 7.413370756099134 1.5
    endloop
  endfacet
  facet normal 0 0 1
    outer loop
      vertex 4.2961687227682335 7.413370756099134 1.5
      vertex 4.2961687227682335 8.586629243900866 1.5
      vertex 4.25 8 1.5
    endloop
  endfacet
  facet normal -0.996917333733128 0.07845909572784482 0
    outer loop
      vertex 4.25 8 0
      vertex 4.25 8 1.5
      vertex 4.2961687227682335 8.586629243900866 1.5
    endloop
  endfacet
  facet normal -0.9723699203976767 0.2334453638559054 0
    outer loop
      vertex 4.2961687227682335 8.586629243900866 0
      vertex 4.2961687227682335 8.586629243900866 1.5
      vertex 4.433538063893174 9.158813728906052 1.5
    endloop
  endfacet
  facet normal 0 0 1
    outer loop
      vertex 4.433538063893174 6.841186271093948 1.5
      vertex 4.433538063893174 9.158813728906052 1.5
      vertex 4.2961687227682335 8.586629243900866 1.5
    endloop
  endfacet
  facet normal -0.8526401643540924 -0.5224985647159484 0
    outer loop
      vertex 4.966186271093947 5.795805303903226 0
      vertex 4.6587255342936205 6.2975356259767 1.5
      vertex 4.6587255342936205 6.2975356259767 0
    endloop
  endfacet
  facet normal -0.9238795325112867 -0.38268343236508984 0
    outer loop
      vertex 4.6587255342936205 6.2975356259767 0
      vertex 4.433538063893174 6.841186271093948 1.5
      vertex 4.433538063893174 6.841186271093948 0
    endloop
  endfacet
  facet normal 0 0 -1
    outer loop
      vertex 4.966186271093947 5.795805303903226 0
      vertex 5.348349570550447 10.651650429449553 0
      vertex 5.348349570550447 5.348349570550447 0
    endloop
  endfacet
  facet normal 0 0 -1
    outer loop
      vertex 5.795805303903226 4.966186271093947 0
      vertex 5.348349570550447 5.348349570550447 0
      vertex 5.795805303903226 11.033813728906054 0
    endloop
  endfacet
  facet normal -0.9238795325112867 -0.38268343236508984 0
    outer loop
      vertex 4.6587255342936205 6.2975356259767 0
      vertex 4.6587255342936205 6.2975356259767 1.5
      vertex 4.433538063893174 6.841186271093948 1.5
    endloop
  endfacet
  facet normal -0.8526401643540924 -0.5224985647159484 0
    outer loop
      vertex 4.966186271093947 5.795805303903226 0
      vertex 4.966186271093947 5.795805303903226 1.5
      vertex 4.6587255342936205 6.2975356259767 1.5
    endloop
  endfacet
  facet normal 0 0 1
    outer loop
      vertex 4.966186271093947 5.795805303903226 1.5
      vertex 4.6587255342936205 9.7024643740233 1.5
      vertex 4.6587255342936205 6.2975356259767 1.5
    endloop
  endfacet
  facet normal 0 0 1
    outer loop
      vertex 4.966186271093947 5.795805303903226 1.5
      vertex 5.348349570550447 5.348349570550447 1.5
      vertex 4.966186271093947 10.204194696096774 1.5
    endloop
  endfacet
  facet normal 0 0 1
    outer loop
      vertex 5.795805303903226 4.966186271093947 1.5
      vertex 5.348349570550447 10.651650429449553 1.5
      vertex 5.348349570550447 5.348349570550447 1.5
    endloop
  endfacet
  facet normal 0 0 -1
    outer loop
      vertex 4.6587255342936205 6.2975356259767 0
      vertex 4.433538063893174 6.841186271093948 0
      vertex 4.6587255342936205 9.7024643740233 0
    endloop
  endfacet
  facet normal 0 0 -1
    outer loop
      vertex 4.966186271093947 5.795805303903226 0
      vertex 4.6587255342936205 6.2975356259767 0
      vertex 4.966186271093947 10.204194696096774 0
    endloop
  endfacet
  facet normal 0 0 -1
    outer loop
      vertex 4.433538063893174 6.841186271093948 0
      vertex 4.433538063893174 9.158813728906052 0
      vertex 4.6587255342936205 9.7024643740233 0
    endloop
  endfacet
  facet normal 0 0 -1
    outer loop
      vertex 4.6587255342936205 6.2975356259767 0
      vertex 4.6587255342936205 9.7024643740233 0
      vertex 4.966186271093947 10.204194696096774 0
    endloop
  endfacet
  facet normal 0 0 1
    outer loop
      vertex 4.6587255342936205 6.2975356259767 1.5
      vertex 4.433538063893174 9.158813728906052 1.5
      vertex 4.433538063893174 6.841186271093948 1.5
    endloop
  endfacet
  facet normal 0 0 1
    outer loop
      vertex 4.6587255342936205 6.2975356259767 1.5
      vertex 4.6587255342936205 9.7024643740233 1.5
      vertex 4.433538063893174 9.158813728906052 1.5
    endloop
  endfacet
  facet normal 0 0 1
    outer loop
      vertex 4.966186271093947 5.795805303903226 1.5
      vertex 4.966186271093947 10.204194696096774 1.5
      vertex 4.6587255342936205 9.7024643740233 1.5
    endloop
  endfacet
  facet normal 0 0 1
    outer loop
      vertex 5.795805303903226 4.966186271093947 1.5
      vertex 6 8 1.5
      vertex 5.795805303903226 11.033813728906054 1.5
    endloop
  endfacet
  facet normal 0 0 1
    outer loop
      vertex 5.348349570550447 5.348349570550447 1.5
      vertex 5.348349570550447 10.651650429449553 1.5
      vertex 4.966186271093947 10.204194696096774 1.5
    endloop
  endfacet
  facet normal -0.9723699203976767 0.2334453638559054 0
    outer loop
      vertex 4.2961687227682335 8.586629243900866 0
      vertex 4.433538063893174 9.158813728906052 1.5
      vertex 4.433538063893174 9.158813728906052 0
    endloop
  endfacet
  facet normal 0 0 -1
    outer loop
      vertex 4.966186271093947 5.795805303903226 0
      vertex 4.966186271093947 10.204194696096774 0
      vertex 5.348349570550447 10.651650429449553 0
    endloop
  endfacet
  facet normal -0.9238795325112867 0.38268343236508984 0
    outer loop
      vertex 4.433538063893174 9.158813728906052 0
      vertex 4.6587255342936205 9.7024643740233 1.5
      vertex 4.6587255342936205 9.7024643740233 0
    endloop
  endfacet
  facet normal -0.8526401643540924 0.5224985647159484 0
    outer loop
      vertex 4.6587255342936205 9.7024643740233 0
      vertex 4.966186271093947 10.204194696096774 1.5
      vertex 4.966186271093947 10.204194696096774 0
    endloop
  endfacet
  facet normal 0 0 -1
    outer loop
      vertex 5.348349570550447 5.348349570550447 0
      vertex 5.348349570550447 10.651650429449553 0
      vertex 5.795805303903226 11.033813728906054 0
    endloop
  endfacet
  facet normal -0.9238795325112867 0.38268343236508984 0
    outer loop
      vertex 4.433538063893174 9.158813728906052 0
      vertex 4.433538063893174 9.158813728906052 1.5
      vertex 4.6587255342936205 9.7024643740233 1.5
    endloop
  endfacet
  facet normal -0.8526401643540924 0.5224985647159484 0
    outer loop
      vertex 4.6587255342936205 9.7024643740233 0
      vertex 4.6587255342936205 9.7024643740233 1.5
      vertex 4.966186271093947 10.204194696096774 1.5
    endloop
  endfacet
  facet normal 0 0 1
    outer loop
      vertex 5.795805303903226 4.966186271093947 1.5
      vertex 5.795805303903226 11.033813728906054 1.5
      vertex 5.348349570550447 10.651650429449553 1.5
    endloop
  endfacet
  facet normal -0.7604059656000308 0.6494480483301838 0
    outer loop
      vertex 4.966186271093947 10.204194696096774 0
      vertex 5.348349570550447 10.651650429449553 1.5
      vertex 5.348349570550447 10.651650429449553 0
    endloop
  endfacet
  facet normal -0.6494480483301847 0.76040596560003 0
    outer loop
      vertex 5.348349570550447 10.651650429449553 0
      vertex 5.348349570550447 10.651650429449553 1.5
      vertex 5.795805303903226 11.033813728906054 0
    endloop
  endfacet
  facet normal -0.7604059656000308 0.6494480483301838 0
    outer loop
      vertex 4.966186271093947 10.204194696096774 0
      vertex 4.966186271093947 10.204194696096774 1.5
      vertex 5.348349570550447 10.651650429449553 1.5
    endloop
  endfacet
  facet normal -0.6494480483301847 0.76040596560003 0
    outer loop
      vertex 5.795805303903226 11.033813728906054 0
      vertex 5.348349570550447 10.651650429449553 1.5
      vertex 5.795805303903226 11.033813728906054 1.5
    endloop
  endfacet
  facet normal -0.2334453638559054 -0.9723699203976767 0
    outer loop
      vertex 6.841186271093948 4.433538063893174 0
      vertex 7.413370756099134 4.2961687227682335 0
      vertex 7.413370756099134 4.2961687227682335 1.5
    endloop
  endfacet
  facet normal -0.2334453638559054 -0.9723699203976767 0
    outer loop
      vertex 6.841186271093948 4.433538063893174 0
      vertex 7.413370756099134 4.2961687227682335 1.5
      vertex 6.841186271093948 4.433538063893174 1.5
    endloop
  endfacet
  facet normal -0.5224985647159484 -0.8526401643540924 0
    outer loop
      vertex 5.795805303903226 4.966186271093947 0
      vertex 6.2975356259767 4.6587255342936205 0
      vertex 6.2975356259767 4.6587255342936205 1.5
    endloop
  endfacet
  facet normal -0.38268343236508984 -0.9238795325112867 0
    outer loop
      vertex 6.2975356259767 4.6587255342936205 0
      vertex 6.841186271093948 4.433538063893174 0
      vertex 6.841186271093948 4.433538063893174 1.5
    endloop
  endfacet
  facet normal -0.5224985647159484 -0.8526401643540924 0
    outer loop
      vertex 5.795805303903226 4.966186271093947 0
      vertex 6.2975356259767 4.6587255342936205 1.5
      vertex 5.795805303903226 4.966186271093947 1.5
    endloop
  endfacet
  facet normal -0.38268343236508984 -0.9238795325112867 0
    outer loop
      vertex 6.2975356259767 4.6587255342936205 0
      vertex 6.841186271093948 4.433538063893174 1.5
      vertex 6.2975356259767 4.6587255342936205 1.5
    endloop
  endfacet
  facet normal 0 0 1
    outer loop
      vertex 5.795805303903226 4.966186271093947 1.5
      vertex 6.2975356259767 4.6587255342936205 1.5
      vertex 6.0246233188097245 7.6871310699195385 1.5
    endloop
  endfacet
  facet normal 0 0 1
    outer loop
      vertex 6.2975356259767 4.6587255342936205 1.5
      vertex 6.841186271093948 4.433538063893174 1.5
      vertex 6.585786437626905 6.585786437626905 1.5
    endloop
  endfacet
  facet normal 0 0 1
    outer loop
      vertex 6.841186271093948 4.433538063893174 1.5
      vertex 7.413370756099134 4.2961687227682335 1.5
      vertex 7.0920190005209065 6.217986951623264 1.5
    endloop
  endfacet
  facet normal 0 0 1
    outer loop
      vertex 6.841186271093948 4.433538063893174 1.5
      vertex 6.824429495415053 6.381966011250105 1.5
      vertex 6.585786437626905 6.585786437626905 1.5
    endloop
  endfacet
  facet normal 0 0 1
    outer loop
      vertex 6.841186271093948 4.433538063893174 1.5
      vertex 7.0920190005209065 6.217986951623264 1.5
      vertex 6.824429495415053 6.381966011250105 1.5
    endloop
  endfacet
  facet normal 0 0 1
    outer loop
      vertex 7.413370756099134 4.2961687227682335 1.5
      vertex 7.381966011250105 6.097886967409693 1.5
      vertex 7.0920190005209065 6.217986951623264 1.5
    endloop
  endfacet
  facet normal -0.07845909572784482 -0.996917333733128 0
    outer loop
      vertex 7.413370756099134 4.2961687227682335 0
      vertex 8 4.25 0
      vertex 8 4.25 1.5
    endloop
  endfacet
  facet normal 0.07845909572784482 -0.996917333733128 0
    outer loop
      vertex 8 4.25 0
      vertex 8.586629243900866 4.2961687227682335 0
      vertex 8.586629243900866 4.2961687227682335 1.5
    endloop
  endfacet
  facet normal -0.07845909572784482 -0.996917333733128 0
    outer loop
      vertex 7.413370756099134 4.2961687227682335 0
      vertex 8 4.25 1.5
      vertex 7.413370756099134 4.2961687227682335 1.5
    endloop
  endfacet
  facet normal 0.07845909572784482 -0.996917333733128 0
    outer loop
      vertex 8 4.25 0
      vertex 8.586629243900866 4.2961687227682335 1.5
      vertex 8 4.25 1.5
    endloop
  endfacet
  facet normal 0.2334453638559054 -0.9723699203976767 0
    outer loop
      vertex 8.586629243900866 4.2961687227682335 0
      vertex 9.158813728906052 4.433538063893174 1.5
      vertex 8.586629243900866 4.2961687227682335 1.5
    endloop
  endfacet
  facet normal 0 0 1
    outer loop
      vertex 7.413370756099134 4.2961687227682335 1.5
      vertex 8 4.25 1.5
      vertex 7.6871310699195385 6.0246233188097245 1.5
    endloop
  endfacet
  facet normal 0 0 1
    outer loop
      vertex 7.413370756099134 4.2961687227682335 1.5
      vertex 7.6871310699195385 6.0246233188097245 1.5
      vertex 7.381966011250105 6.097886967409693 1.5
    endloop
  endfacet
  facet normal 0 0 1
    outer loop
      vertex 8 4.25 1.5
      vertex 8 6 1.5
      vertex 7.6871310699195385 6.0246233188097245 1.5
    endloop
  endfacet
  facet normal 0 0 1
    outer loop
      vertex 8 4.25 1.5
      vertex 8.586629243900866 4.2961687227682335 1.5
      vertex 8.312868930080462 6.0246233188097245 1.5
    endloop
  endfacet
  facet normal 0 0 1
    outer loop
      vertex 8.586629243900866 4.2961687227682335 1.5
      vertex 9.158813728906052 4.433538063893174 1.5
      vertex 8.312868930080462 6.0246233188097245 1.5
    endloop
  endfacet
  facet normal 0 0 1
    outer loop
      vertex 8 4.25 1.5
      vertex 8.312868930080462 6.0246233188097245 1.5
      vertex 8 6 1.5
    endloop
  endfacet
  facet normal 0 0 1
    outer loop
      vertex 9.158813728906052 4.433538063893174 1.5
      vertex 8.618033988749895 6.097886967409693 1.5
      vertex 8.312868930080462 6.0246233188097245 1.5
    endloop
  endfacet
  facet normal 0.2334453638559054 -0.9723699203976767 0
    outer loop
      vertex 8.586629243900866 4.2961687227682335 0
      vertex 9.158813728906052 4.433538063893174 0
      vertex 9.158813728906052 4.433538063893174 1.5
    endloop
  endfacet
  facet normal 0.38268343236508984 -0.9238795325112867 0
    outer loop
      vertex 9.158813728906052 4.433538063893174 0
      vertex 9.7024643740233 4.6587255342936205 0
      vertex 9.7024643740233 4.6587255342936205 1.5
    endloop
  endfacet
  facet normal 0.5224985647159484 -0.8526401643540924 0
    outer loop
      vertex 9.7024643740233 4.6587255342936205 0
      vertex 10.204194696096774 4.966186271093947 0
      vertex 10.204194696096774 4.966186271093947 1.5
    endloop
  endfacet
  facet normal 0.38268343236508984 -0.9238795325112867 0
    outer loop
      vertex 9.158813728906052 4.433538063893174 0
      vertex 9.7024643740233 4.6587255342936205 1.5
      vertex 9.158813728906052 4.433538063893174 1.5
    endloop
  endfacet
  facet normal 0 0 1
    outer loop
      vertex 9.158813728906052 4.433538063893174 1.5
      vertex 9.7024643740233 4.6587255342936205 1.5
      vertex 8.907980999479093 6.217986951623264 1.5
    endloop
  endfacet
  facet normal 0 0 1
    outer loop
      vertex 9.158813728906052 4.433538063893174 1.5
      vertex 8.907980999479093 6.217986951623264 1.5
      vertex 8.618033988749895 6.097886967409693 1.5
    endloop
  endfacet
  facet normal 0 0 1
    outer loop
      vertex 9.7024643740233 4.6587255342936205 1.5
      vertex 9.175570504584947 6.381966011250105 1.5
      vertex 8.907980999479093 6.217986951623264 1.5
    endloop
  endfacet
  facet normal 0.5224985647159484 -0.8526401643540924 0
    outer loop
      vertex 9.7024643740233 4.6587255342936205 0
      vertex 10.204194696096774 4.966186271093947 1.5
      vertex 9.7024643740233 4.6587255342936205 1.5
    endloop
  endfacet
  facet normal 0 0 1
    outer loop
      vertex 9.7024643740233 4.6587255342936205 1.5
      vertex 10.204194696096774 4.966186271093947 1.5
      vertex 9.618033988749895 6.824429495415053 1.5
    endloop
  endfacet
  facet normal 0.6494480483301838 -0.7604059656000308 0
    outer loop
      vertex 10.204194696096774 4.966186271093947 0
      vertex 10.651650429449553 5.348349570550447 0
      vertex 10.651650429449553 5.348349570550447 1.5
    endloop
  endfacet
  facet normal 0.76040596560003 -0.6494480483301847 0
    outer loop
      vertex 10.651650429449553 5.348349570550447 0
      vertex 11.033813728906054 5.795805303903226 0
      vertex 10.651650429449553 5.348349570550447 1.5
    endloop
  endfacet
  facet normal 0.6494480483301838 -0.7604059656000308 0
    outer loop
      vertex 10.204194696096774 4.966186271093947 0
      vertex 10.651650429449553 5.348349570550447 1.5
      vertex 10.204194696096774 4.966186271093947 1.5
    endloop
  endfacet
  facet normal 0.76040596560003 -0.6494480483301847 0
    outer loop
      vertex 11.033813728906054 5.795805303903226 0
      vertex 11.033813728906054 5.795805303903226 1.5
      vertex 10.651650429449553 5.348349570550447 1.5
    endloop
  endfacet
  facet normal 0 0 -1
    outer loop
      vertex 5.795805303903226 4.966186271093947 0
      vertex 6.2975356259767 11.34127446570638 0
      vertex 6.2975356259767 4.6587255342936205 0
    endloop
  endfacet
  facet normal 0 0 -1
    outer loop
      vertex 6.2975356259767 4.6587255342936205 0
      vertex 6.841186271093948 11.566461936106826 0
      vertex 6.841186271093948 4.433538063893174 0
    endloop
  endfacet
  facet normal 0 0 -1
    outer loop
      vertex 6.841186271093948 4.433538063893174 0
      vertex 7.413370756099134 11.703831277231767 0
      vertex 7.413370756099134 4.2961687227682335 0
    endloop
  endfacet
  facet normal 0 0 1
    outer loop
      vertex 6.2975356259767 4.6587255342936205 1.5
      vertex 6.217986951623264 7.0920190005209065 1.5
      vertex 6.097886967409693 7.381966011250105 1.5
    endloop
  endfacet
  facet normal 0 0 1
    outer loop
      vertex 6.2975356259767 4.6587255342936205 1.5
      vertex 6.097886967409693 7.381966011250105 1.5
      vertex 6.0246233188097245 7.6871310699195385 1.5
    endloop
  endfacet
  facet normal 0 0 1
    outer loop
      vertex 6.2975356259767 4.6587255342936205 1.5
      vertex 6.585786437626905 6.585786437626905 1.5
      vertex 6.381966011250105 6.824429495415053 1.5
    endloop
  endfacet
  facet normal 0 0 1
    outer loop
      vertex 6.2975356259767 4.6587255342936205 1.5
      vertex 6.381966011250105 6.824429495415053 1.5
      vertex 6.217986951623264 7.0920190005209065 1.5
    endloop
  endfacet
  facet normal 0 0 1
    outer loop
      vertex 5.795805303903226 4.966186271093947 1.5
      vertex 6.0246233188097245 7.6871310699195385 1.5
      vertex 6 8 1.5
    endloop
  endfacet
  facet normal 0 0 -1
    outer loop
      vertex 7.413370756099134 4.2961687227682335 0
      vertex 8 11.75 0
      vertex 8 4.25 0
    endloop
  endfacet
  facet normal 0 0 -1
    outer loop
      vertex 8 4.25 0
      vertex 8.586629243900866 11.703831277231767 0
      vertex 8.586629243900866 4.2961687227682335 0
    endloop
  endfacet
  facet normal 0 0 -1
    outer loop
      vertex 5.795805303903226 4.966186271093947 0
      vertex 5.795805303903226 11.033813728906054 0
      vertex 6.2975356259767 11.34127446570638 0
    endloop
  endfacet
  facet normal 0 0 -1
    outer loop
      vertex 6.2975356259767 4.6587255342936205 0
      vertex 6.2975356259767 11.34127446570638 0
      vertex 6.841186271093948 11.566461936106826 0
    endloop
  endfacet
  facet normal 0 0 -1
    outer loop
      vertex 6.841186271093948 4.433538063893174 0
      vertex 6.841186271093948 11.566461936106826 0
      vertex 7.413370756099134 11.703831277231767 0
    endloop
  endfacet
  facet normal 0 0 1
    outer loop
      vertex 5.795805303903226 11.033813728906054 1.5
      vertex 6 8 1.5
      vertex 6.0246233188097245 8.312868930080462 1.5
    endloop
  endfacet
  facet normal 0 0 1
    outer loop
      vertex 5.795805303903226 11.033813728906054 1.5
      vertex 6.0246233188097245 8.312868930080462 1.5
      vertex 6.097886967409693 8.618033988749895 1.5
    endloop
  endfacet
  facet normal 0 0 1
    outer loop
      vertex 5.795805303903226 11.033813728906054 1.5
      vertex 6.097886967409693 8.618033988749895 1.5
      vertex 6.217986951623264 8.907980999479093 1.5
    endloop
  endfacet
  facet normal 0 0 1
    outer loop
      vertex 5.795805303903226 11.033813728906054 1.5
      vertex 6.217986951623264 8.907980999479093 1.5
      vertex 6.381966011250105 9.175570504584947 1.5
    endloop
  endfacet
  facet normal 0 0 1
    outer loop
      vertex 6.2975356259767 11.34127446570638 1.5
      vertex 6.381966011250105 9.175570504584947 1.5
      vertex 6.585786437626905 9.414213562373096 1.5
    endloop
  endfacet
  facet normal 0 0 1
    outer loop
      vertex 6.2975356259767 11.34127446570638 1.5
      vertex 6.585786437626905 9.414213562373096 1.5
      vertex 6.824429495415053 9.618033988749895 1.5
    endloop
  endfacet
  facet normal 0 0 1
    outer loop
      vertex 6.2975356259767 11.34127446570638 1.5
      vertex 6.824429495415053 9.618033988749895 1.5
      vertex 7.0920190005209065 9.782013048376736 1.5
    endloop
  endfacet
  facet normal -0.5224985647159484 0.8526401643540924 0
    outer loop
      vertex 5.795805303903226 11.033813728906054 0
      vertex 5.795805303903226 11.033813728906054 1.5
      vertex 6.2975356259767 11.34127446570638 0
    endloop
  endfacet
  facet normal -0.38268343236508856 0.9238795325112873 0
    outer loop
      vertex 6.2975356259767 11.34127446570638 0
      vertex 6.2975356259767 11.34127446570638 1.5
      vertex 6.841186271093948 11.566461936106826 0
    endloop
  endfacet
  facet normal -0.23344536385590683 0.9723699203976763 0
    outer loop
      vertex 6.841186271093948 11.566461936106826 0
      vertex 6.841186271093948 11.566461936106826 1.5
      vertex 7.413370756099134 11.703831277231767 0
    endloop
  endfacet
  facet normal 0 0 1
    outer loop
      vertex 5.795805303903226 11.033813728906054 1.5
      vertex 6.381966011250105 9.175570504584947 1.5
      vertex 6.2975356259767 11.34127446570638 1.5
    endloop
  endfacet
  facet normal -0.5224985647159484 0.8526401643540924 0
    outer loop
      vertex 6.2975356259767 11.34127446570638 0
      vertex 5.795805303903226 11.033813728906054 1.5
      vertex 6.2975356259767 11.34127446570638 1.5
    endloop
  endfacet
  facet normal 0 0 1
    outer loop
      vertex 6.2975356259767 11.34127446570638 1.5
      vertex 7.0920190005209065 9.782013048376736 1.5
      vertex 6.841186271093948 11.566461936106826 1.5
    endloop
  endfacet
  facet normal 0 0 1
    outer loop
      vertex 6.841186271093948 11.566461936106826 1.5
      vertex 7.0920190005209065 9.782013048376736 1.5
      vertex 7.381966011250105 9.902113032590307 1.5
    endloop
  endfacet
  facet normal 0 0 1
    outer loop
      vertex 6.841186271093948 11.566461936106826 1.5
      vertex 7.381966011250105 9.902113032590307 1.5
      vertex 7.6871310699195385 9.975376681190276 1.5
    endloop
  endfacet
  facet normal -0.38268343236508856 0.9238795325112873 0
    outer loop
      vertex 6.841186271093948 11.566461936106826 0
      vertex 6.2975356259767 11.34127446570638 1.5
      vertex 6.841186271093948 11.566461936106826 1.5
    endloop
  endfacet
  facet normal -0.23344536385590683 0.9723699203976763 0
    outer loop
      vertex 7.413370756099134 11.703831277231767 0
      vertex 6.841186271093948 11.566461936106826 1.5
      vertex 7.413370756099134 11.703831277231767 1.5
    endloop
  endfacet
  facet normal 0 0 1
    outer loop
      vertex 6.841186271093948 11.566461936106826 1.5
      vertex 7.6871310699195385 9.975376681190276 1.5
      vertex 7.413370756099134 11.703831277231767 1.5
    endloop
  endfacet
  facet normal 0 0 -1
    outer loop
      vertex 7.413370756099134 4.2961687227682335 0
      vertex 7.413370756099134 11.703831277231767 0
      vertex 8 11.75 0
    endloop
  endfacet
  facet normal 0 0 -1
    outer loop
      vertex 8 4.25 0
      vertex 8 11.75 0
      vertex 8.586629243900866 11.703831277231767 0
    endloop
  endfacet
  facet normal 0 0 -1
    outer loop
      vertex 8.586629243900866 4.2961687227682335 0
      vertex 8.586629243900866 11.703831277231767 0
      vertex 9.158813728906052 11.566461936106826 0
    endloop
  endfacet
  facet normal -0.07845909572784332 0.9969173337331282 0
    outer loop
      vertex 7.413370756099134 11.703831277231767 0
      vertex 7.413370756099134 11.703831277231767 1.5
      vertex 8 11.75 0
    endloop
  endfacet
  facet normal 0.07845909572784332 0.9969173337331282 0
    outer loop
      vertex 8 11.75 0
      vertex 8 11.75 1.5
      vertex 8.586629243900866 11.703831277231767 0
    endloop
  endfacet
  facet normal 0.23344536385590683 0.9723699203976763 0
    outer loop
      vertex 8.586629243900866 11.703831277231767 0
      vertex 8.586629243900866 11.703831277231767 1.5
      vertex 9.158813728906052 11.566461936106826 0
    endloop
  endfacet
  facet normal 0 0 1
    outer loop
      vertex 8 11.75 1.5
      vertex 7.6871310699195385 9.975376681190276 1.5
      vertex 8 10 1.5
    endloop
  endfacet
  facet normal -0.07845909572784332 0.9969173337331282 0
    outer loop
      vertex 7.413370756099134 11.703831277231767 1.5
      vertex 8 11.75 1.5
      vertex 8 11.75 0
    endloop
  endfacet
  facet normal 0 0 1
    outer loop
      vertex 7.413370756099134 11.703831277231767 1.5
      vertex 7.6871310699195385 9.975376681190276 1.5
      vertex 8 11.75 1.5
    endloop
  endfacet
  facet normal 0 0 1
    outer loop
      vertex 8 11.75 1.5
      vertex 8 10 1.5
      vertex 8.312868930080462 9.975376681190276 1.5
    endloop
  endfacet
  facet normal 0 0 1
    outer loop
      vertex 8.586629243900866 11.703831277231767 1.5
      vertex 8.312868930080462 9.975376681190276 1.5
      vertex 8.618033988749895 9.902113032590307 1.5
    endloop
  endfacet
  facet normal 0 0 1
    outer loop
      vertex 8.586629243900866 11.703831277231767 1.5
      vertex 8.618033988749895 9.902113032590307 1.5
      vertex 8.907980999479093 9.782013048376736 1.5
    endloop
  endfacet
  facet normal 0.07845909572784332 0.9969173337331282 0
    outer loop
      vertex 8.586629243900866 11.703831277231767 0
      vertex 8 11.75 1.5
      vertex 8.586629243900866 11.703831277231767 1.5
    endloop
  endfacet
  facet normal 0 0 1
    outer loop
      vertex 8 11.75 1.5
      vertex 8.312868930080462 9.975376681190276 1.5
      vertex 8.586629243900866 11.703831277231767 1.5
    endloop
  endfacet
  facet normal 0 0 -1
    outer loop
      vertex 8.586629243900866 4.2961687227682335 0
      vertex 9.158813728906052 11.566461936106826 0
      vertex 9.158813728906052 4.433538063893174 0
    endloop
  endfacet
  facet normal 0 0 -1
    outer loop
      vertex 9.158813728906052 4.433538063893174 0
      vertex 9.7024643740233 11.34127446570638 0
      vertex 9.7024643740233 4.6587255342936205 0
    endloop
  endfacet
  facet normal 0 0 -1
    outer loop
      vertex 9.7024643740233 4.6587255342936205 0
      vertex 10.204194696096774 11.033813728906054 0
      vertex 10.204194696096774 4.966186271093947 0
    endloop
  endfacet
  facet normal 0 0 1
    outer loop
      vertex 9.7024643740233 4.6587255342936205 1.5
      vertex 9.414213562373096 6.585786437626905 1.5
      vertex 9.175570504584947 6.381966011250105 1.5
    endloop
  endfacet
  facet normal 0 0 1
    outer loop
      vertex 9.7024643740233 4.6587255342936205 1.5
      vertex 9.618033988749895 6.824429495415053 1.5
      vertex 9.414213562373096 6.585786437626905 1.5
    endloop
  endfacet
  facet normal 0 0 1
    outer loop
      vertex 10.204194696096774 4.966186271093947 1.5
      vertex 9.782013048376736 7.0920190005209065 1.5
      vertex 9.618033988749895 6.824429495415053 1.5
    endloop
  endfacet
  facet normal 0 0 1
    outer loop
      vertex 10.204194696096774 4.966186271093947 1.5
      vertex 9.902113032590307 7.381966011250105 1.5
      vertex 9.782013048376736 7.0920190005209065 1.5
    endloop
  endfacet
  facet normal 0 0 1
    outer loop
      vertex 10.204194696096774 4.966186271093947 1.5
      vertex 9.975376681190276 7.6871310699195385 1.5
      vertex 9.902113032590307 7.381966011250105 1.5
    endloop
  endfacet
  facet normal 0 0 1
    outer loop
      vertex 10.204194696096774 4.966186271093947 1.5
      vertex 10 8 1.5
      vertex 9.975376681190276 7.6871310699195385 1.5
    endloop
  endfacet
  facet normal 0 0 1
    outer loop
      vertex 10.204194696096774 4.966186271093947 1.5
      vertex 10.204194696096774 11.033813728906054 1.5
      vertex 10 8 1.5
    endloop
  endfacet
  facet normal 0 0 -1
    outer loop
      vertex 10.204194696096774 4.966186271093947 0
      vertex 10.651650429449553 10.651650429449553 0
      vertex 10.651650429449553 5.348349570550447 0
    endloop
  endfacet
  facet normal 0 0 -1
    outer loop
      vertex 10.651650429449553 5.348349570550447 0
      vertex 11.033813728906054 10.204194696096774 0
      vertex 11.033813728906054 5.795805303903226 0
    endloop
  endfacet
  facet normal 0.8526401643540924 -0.5224985647159484 0
    outer loop
      vertex 11.033813728906054 5.795805303903226 0
      vertex 11.34127446570638 6.2975356259767 0
      vertex 11.033813728906054 5.795805303903226 1.5
    endloop
  endfacet
  facet normal 0.9238795325112873 -0.38268343236508856 0
    outer loop
      vertex 11.34127446570638 6.2975356259767 0
      vertex 11.566461936106826 6.841186271093948 0
      vertex 11.34127446570638 6.2975356259767 1.5
    endloop
  endfacet
  facet normal 0 0 -1
    outer loop
      vertex 11.033813728906054 5.795805303903226 0
      vertex 11.34127446570638 9.7024643740233 0
      vertex 11.34127446570638 6.2975356259767 0
    endloop
  endfacet
  facet normal 0.9723699203976763 -0.23344536385590683 0
    outer loop
      vertex 11.566461936106826 6.841186271093948 0
      vertex 11.703831277231767 7.413370756099134 0
      vertex 11.566461936106826 6.841186271093948 1.5
    endloop
  endfacet
  facet normal 0 0 1
    outer loop
      vertex 10.204194696096774 4.966186271093947 1.5
      vertex 10.651650429449553 5.348349570550447 1.5
      vertex 10.204194696096774 11.033813728906054 1.5
    endloop
  endfacet
  facet normal 0 0 1
    outer loop
      vertex 10.651650429449553 5.348349570550447 1.5
      vertex 11.033813728906054 5.795805303903226 1.5
      vertex 10.651650429449553 10.651650429449553 1.5
    endloop
  endfacet
  facet normal 0.8526401643540924 -0.5224985647159484 0
    outer loop
      vertex 11.34127446570638 6.2975356259767 0
      vertex 11.34127446570638 6.2975356259767 1.5
      vertex 11.033813728906054 5.795805303903226 1.5
    endloop
  endfacet
  facet normal 0.9238795325112873 -0.38268343236508856 0
    outer loop
      vertex 11.566461936106826 6.841186271093948 0
      vertex 11.566461936106826 6.841186271093948 1.5
      vertex 11.34127446570638 6.2975356259767 1.5
    endloop
  endfacet
  facet normal 0.9723699203976763 -0.23344536385590683 0
    outer loop
      vertex 11.703831277231767 7.413370756099134 0
      vertex 11.703831277231767 7.413370756099134 1.5
      vertex 11.566461936106826 6.841186271093948 1.5
    endloop
  endfacet
  facet normal 0 0 -1
    outer loop
      vertex 10.651650429449553 5.348349570550447 0
      vertex 10.651650429449553 10.651650429449553 0
      vertex 11.033813728906054 10.204194696096774 0
    endloop
  endfacet
  facet normal 0 0 -1
    outer loop
      vertex 11.34127446570638 6.2975356259767 0
      vertex 11.566461936106826 9.158813728906052 0
      vertex 11.566461936106826 6.841186271093948 0
    endloop
  endfacet
  facet normal 0 0 -1
    outer loop
      vertex 11.566461936106826 6.841186271093948 0
      vertex 11.703831277231767 8.586629243900866 0
      vertex 11.703831277231767 7.413370756099134 0
    endloop
  endfacet
  facet normal 0 0 -1
    outer loop
      vertex 11.703831277231767 7.413370756099134 0
      vertex 11.703831277231767 8.586629243900866 0
      vertex 11.75 8 0
    endloop
  endfacet
  facet normal 0.9969173337331282 -0.07845909572784332 0
    outer loop
      vertex 11.703831277231767 7.413370756099134 0
      vertex 11.75 8 0
      vertex 11.703831277231767 7.413370756099134 1.5
    endloop
  endfacet
  facet normal 0 0 -1
    outer loop
      vertex 11.033813728906054 5.795805303903226 0
      vertex 11.033813728906054 10.204194696096774 0
      vertex 11.34127446570638 9.7024643740233 0
    endloop
  endfacet
  facet normal 0 0 -1
    outer loop
      vertex 11.34127446570638 6.2975356259767 0
      vertex 11.34127446570638 9.7024643740233 0
      vertex 11.566461936106826 9.158813728906052 0
    endloop
  endfacet
  facet normal 0 0 -1
    outer loop
      vertex 11.566461936106826 6.841186271093948 0
      vertex 11.566461936106826 9.158813728906052 0
      vertex 11.703831277231767 8.586629243900866 0
    endloop
  endfacet
  facet normal 0.9969173337331282 0.07845909572784332 0
    outer loop
      vertex 11.75 8 0
      vertex 11.703831277231767 8.586629243900866 0
      vertex 11.75 8 1.5
    endloop
  endfacet
  facet normal 0.9723699203976763 0.23344536385590683 0
    outer loop
      vertex 11.703831277231767 8.586629243900866 0
      vertex 11.566461936106826 9.158813728906052 0
      vertex 11.703831277231767 8.586629243900866 1.5
    endloop
  endfacet
  facet normal 0.9969173337331282 -0.07845909572784332 0
    outer loop
      vertex 11.703831277231767 7.413370756099134 1.5
      vertex 11.75 8 0
      vertex 11.75 8 1.5
    endloop
  endfacet
  facet normal 0 0 1
    outer loop
      vertex 11.033813728906054 5.795805303903226 1.5
      vertex 11.34127446570638 6.2975356259767 1.5
      vertex 11.033813728906054 10.204194696096774 1.5
    endloop
  endfacet
  facet normal 0 0 1
    outer loop
      vertex 11.34127446570638 6.2975356259767 1.5
      vertex 11.566461936106826 6.841186271093948 1.5
      vertex 11.34127446570638 9.7024643740233 1.5
    endloop
  endfacet
  facet normal 0 0 1
    outer loop
      vertex 11.566461936106826 6.841186271093948 1.5
      vertex 11.703831277231767 7.413370756099134 1.5
      vertex 11.566461936106826 9.158813728906052 1.5
    endloop
  endfacet
  facet normal 0 0 1
    outer loop
      vertex 11.703831277231767 7.413370756099134 1.5
      vertex 11.75 8 1.5
      vertex 11.703831277231767 8.586629243900866 1.5
    endloop
  endfacet
  facet normal 0.9969173337331282 0.07845909572784332 0
    outer loop
      vertex 11.703831277231767 8.586629243900866 0
      vertex 11.703831277231767 8.586629243900866 1.5
      vertex 11.75 8 1.5
    endloop
  endfacet
  facet normal 0 0 1
    outer loop
      vertex 11.34127446570638 6.2975356259767 1.5
      vertex 11.34127446570638 9.7024643740233 1.5
      vertex 11.033813728906054 10.204194696096774 1.5
    endloop
  endfacet
  facet normal 0 0 1
    outer loop
      vertex 11.703831277231767 7.413370756099134 1.5
      vertex 11.703831277231767 8.586629243900866 1.5
      vertex 11.566461936106826 9.158813728906052 1.5
    endloop
  endfacet
  facet normal 0 0 1
    outer loop
      vertex 11.566461936106826 6.841186271093948 1.5
      vertex 11.566461936106826 9.158813728906052 1.5
      vertex 11.34127446570638 9.7024643740233 1.5
    endloop
  endfacet
  facet normal 0 0 -1
    outer loop
      vertex 9.158813728906052 4.433538063893174 0
      vertex 9.158813728906052 11.566461936106826 0
      vertex 9.7024643740233 11.34127446570638 0
    endloop
  endfacet
  facet normal 0 0 -1
    outer loop
      vertex 9.7024643740233 4.6587255342936205 0
      vertex 9.7024643740233 11.34127446570638 0
      vertex 10.204194696096774 11.033813728906054 0
    endloop
  endfacet
  facet normal 0 0 1
    outer loop
      vertex 9.158813728906052 11.566461936106826 1.5
      vertex 9.175570504584947 9.618033988749895 1.5
      vertex 9.414213562373096 9.414213562373096 1.5
    endloop
  endfacet
  facet normal 0 0 1
    outer loop
      vertex 9.7024643740233 11.34127446570638 1.5
      vertex 9.902113032590307 8.618033988749895 1.5
      vertex 9.975376681190276 8.312868930080462 1.5
    endloop
  endfacet
  facet normal 0 0 1
    outer loop
      vertex 10.204194696096774 11.033813728906054 1.5
      vertex 9.975376681190276 8.312868930080462 1.5
      vertex 10 8 1.5
    endloop
  endfacet
  facet normal 0 0 1
    outer loop
      vertex 9.7024643740233 11.34127446570638 1.5
      vertex 9.618033988749895 9.175570504584947 1.5
      vertex 9.782013048376736 8.907980999479093 1.5
    endloop
  endfacet
  facet normal 0 0 1
    outer loop
      vertex 9.7024643740233 11.34127446570638 1.5
      vertex 9.782013048376736 8.907980999479093 1.5
      vertex 9.902113032590307 8.618033988749895 1.5
    endloop
  endfacet
  facet normal 0 0 1
    outer loop
      vertex 9.7024643740233 11.34127446570638 1.5
      vertex 9.414213562373096 9.414213562373096 1.5
      vertex 9.618033988749895 9.175570504584947 1.5
    endloop
  endfacet
  facet normal 0 0 1
    outer loop
      vertex 9.7024643740233 11.34127446570638 1.5
      vertex 9.975376681190276 8.312868930080462 1.5
      vertex 10.204194696096774 11.033813728906054 1.5
    endloop
  endfacet
  facet normal 0.38268343236508856 0.9238795325112873 0
    outer loop
      vertex 9.158813728906052 11.566461936106826 0
      vertex 9.158813728906052 11.566461936106826 1.5
      vertex 9.7024643740233 11.34127446570638 0
    endloop
  endfacet
  facet normal 0.5224985647159484 0.8526401643540924 0
    outer loop
      vertex 9.7024643740233 11.34127446570638 0
      vertex 9.7024643740233 11.34127446570638 1.5
      vertex 10.204194696096774 11.033813728906054 0
    endloop
  endfacet
  facet normal 0 0 1
    outer loop
      vertex 9.158813728906052 11.566461936106826 1.5
      vertex 8.907980999479093 9.782013048376736 1.5
      vertex 9.175570504584947 9.618033988749895 1.5
    endloop
  endfacet
  facet normal 0 0 1
    outer loop
      vertex 9.158813728906052 11.566461936106826 1.5
      vertex 9.414213562373096 9.414213562373096 1.5
      vertex 9.7024643740233 11.34127446570638 1.5
    endloop
  endfacet
  facet normal 0.23344536385590683 0.9723699203976763 0
    outer loop
      vertex 9.158813728906052 11.566461936106826 0
      vertex 8.586629243900866 11.703831277231767 1.5
      vertex 9.158813728906052 11.566461936106826 1.5
    endloop
  endfacet
  facet normal 0.38268343236508856 0.9238795325112873 0
    outer loop
      vertex 9.7024643740233 11.34127446570638 0
      vertex 9.158813728906052 11.566461936106826 1.5
      vertex 9.7024643740233 11.34127446570638 1.5
    endloop
  endfacet
  facet normal 0 0 1
    outer loop
      vertex 8.586629243900866 11.703831277231767 1.5
      vertex 8.907980999479093 9.782013048376736 1.5
      vertex 9.158813728906052 11.566461936106826 1.5
    endloop
  endfacet
  facet normal 0.5224985647159484 0.8526401643540924 0
    outer loop
      vertex 10.204194696096774 11.033813728906054 0
      vertex 9.7024643740233 11.34127446570638 1.5
      vertex 10.204194696096774 11.033813728906054 1.5
    endloop
  endfacet
  facet normal 0 0 -1
    outer loop
      vertex 10.204194696096774 4.966186271093947 0
      vertex 10.204194696096774 11.033813728906054 0
      vertex 10.651650429449553 10.651650429449553 0
    endloop
  endfacet
  facet normal 0.9238795325112873 0.38268343236508856 0
    outer loop
      vertex 11.566461936106826 9.158813728906052 0
      vertex 11.34127446570638 9.7024643740233 0
      vertex 11.566461936106826 9.158813728906052 1.5
    endloop
  endfacet
  facet normal 0.8526401643540924 0.5224985647159484 0
    outer loop
      vertex 11.34127446570638 9.7024643740233 0
      vertex 11.033813728906054 10.204194696096774 0
      vertex 11.34127446570638 9.7024643740233 1.5
    endloop
  endfacet
  facet normal 0 0 1
    outer loop
      vertex 10.651650429449553 5.348349570550447 1.5
      vertex 10.651650429449553 10.651650429449553 1.5
      vertex 10.204194696096774 11.033813728906054 1.5
    endloop
  endfacet
  facet normal 0 0 1
    outer loop
      vertex 11.033813728906054 5.795805303903226 1.5
      vertex 11.033813728906054 10.204194696096774 1.5
      vertex 10.651650429449553 10.651650429449553 1.5
    endloop
  endfacet
  facet normal 0.9723699203976763 0.23344536385590683 0
    outer loop
      vertex 11.566461936106826 9.158813728906052 0
      vertex 11.566461936106826 9.158813728906052 1.5
      vertex 11.703831277231767 8.586629243900866 1.5
    endloop
  endfacet
  facet normal 0.9238795325112873 0.38268343236508856 0
    outer loop
      vertex 11.34127446570638 9.7024643740233 0
      vertex 11.34127446570638 9.7024643740233 1.5
      vertex 11.566461936106826 9.158813728906052 1.5
    endloop
  endfacet
  facet normal 0.8526401643540924 0.5224985647159484 0
    outer loop
      vertex 11.033813728906054 10.204194696096774 0
      vertex 11.033813728906054 10.204194696096774 1.5
      vertex 11.34127446570638 9.7024643740233 1.5
    endloop
  endfacet
  facet normal 0.6494480483301847 0.76040596560003 0
    outer loop
      vertex 10.651650429449553 10.651650429449553 0
      vertex 10.204194696096774 11.033813728906054 0
      vertex 10.204194696096774 11.033813728906054 1.5
    endloop
  endfacet
  facet normal 0.76040596560003 0.6494480483301847 0
    outer loop
      vertex 10.651650429449553 10.651650429449553 0
      vertex 11.033813728906054 10.204194696096774 1.5
      vertex 11.033813728906054 10.204194696096774 0
    endloop
  endfacet
  facet normal 0.6494480483301847 0.76040596560003 0
    outer loop
      vertex 10.651650429449553 10.651650429449553 0
      vertex 10.204194696096774 11.033813728906054 1.5
      vertex 10.651650429449553 10.651650429449553 1.5
    endloop
  endfacet
  facet normal 0.76040596560003 0.6494480483301847 0
    outer loop
      vertex 10.651650429449553 10.651650429449553 0
      vertex 10.651650429449553 10.651650429449553 1.5
      vertex 11.033813728906054 10.204194696096774 1.5
    endloop
  endfacet
  facet normal -0.9723699203976767 -0.2334453638559054 0
    outer loop
      vertex 4.433538063893174 -9.158813728906052 0
      vertex 4.433538063893174 -9.158813728906052 1.5
      vertex 4.2961687227682335 -8.586629243900866 1.5
    endloop
  endfacet
  facet normal -0.7604059656000308 -0.6494480483301838 0
    outer loop
      vertex 4.966186271093947 -10.204194696096774 0
      vertex 5.348349570550447 -10.651650429449553 0
      vertex 4.966186271093947 -10.204194696096774 1.5
    endloop
  endfacet
  facet normal -0.6494480483301847 -0.76040596560003 0
    outer loop
      vertex 5.795805303903226 -11.033813728906054 0
      vertex 5.795805303903226 -11.033813728906054 1.5
      vertex 5.348349570550447 -10.651650429449553 0
    endloop
  endfacet
  facet normal -0.6494480483301847 -0.76040596560003 0
    outer loop
      vertex 5.348349570550447 -10.651650429449553 0
      vertex 5.795805303903226 -11.033813728906054 1.5
      vertex 5.348349570550447 -10.651650429449553 1.5
    endloop
  endfacet
  facet normal -0.7604059656000308 -0.6494480483301838 0
    outer loop
      vertex 5.348349570550447 -10.651650429449553 0
      vertex 5.348349570550447 -10.651650429449553 1.5
      vertex 4.966186271093947 -10.204194696096774 1.5
    endloop
  endfacet
  facet normal -0.8526401643540924 -0.5224985647159484 0
    outer loop
      vertex 4.966186271093947 -10.204194696096774 0
      vertex 4.6587255342936205 -9.7024643740233 1.5
      vertex 4.6587255342936205 -9.7024643740233 0
    endloop
  endfacet
  facet normal -0.9238795325112867 -0.38268343236508984 0
    outer loop
      vertex 4.6587255342936205 -9.7024643740233 0
      vertex 4.433538063893174 -9.158813728906052 1.5
      vertex 4.433538063893174 -9.158813728906052 0
    endloop
  endfacet
  facet normal 0 0 -1
    outer loop
      vertex 5.795805303903226 -11.033813728906054 0
      vertex 5.348349570550447 -10.651650429449553 0
      vertex 5.795805303903226 -4.966186271093947 0
    endloop
  endfacet
  facet normal -0.8526401643540924 -0.5224985647159484 0
    outer loop
      vertex 4.966186271093947 -10.204194696096774 0
      vertex 4.966186271093947 -10.204194696096774 1.5
      vertex 4.6587255342936205 -9.7024643740233 1.5
    endloop
  endfacet
  facet normal -0.9238795325112867 -0.38268343236508984 0
    outer loop
      vertex 4.6587255342936205 -9.7024643740233 0
      vertex 4.6587255342936205 -9.7024643740233 1.5
      vertex 4.433538063893174 -9.158813728906052 1.5
    endloop
  endfacet
  facet normal 0 0 1
    outer loop
      vertex 4.966186271093947 -10.204194696096774 1.5
      vertex 5.348349570550447 -10.651650429449553 1.5
      vertex 4.966186271093947 -5.795805303903226 1.5
    endloop
  endfacet
  facet normal 0 0 1
    outer loop
      vertex 5.795805303903226 -11.033813728906054 1.5
      vertex 5.348349570550447 -5.348349570550447 1.5
      vertex 5.348349570550447 -10.651650429449553 1.5
    endloop
  endfacet
  facet normal 0 0 -1
    outer loop
      vertex 4.433538063893174 -9.158813728906052 0
      vertex 4.2961687227682335 -8.586629243900866 0
      vertex 4.433538063893174 -6.841186271093948 0
    endloop
  endfacet
  facet normal -0.9723699203976767 -0.2334453638559054 0
    outer loop
      vertex 4.433538063893174 -9.158813728906052 0
      vertex 4.2961687227682335 -8.586629243900866 1.5
      vertex 4.2961687227682335 -8.586629243900866 0
    endloop
  endfacet
  facet normal -0.996917333733128 -0.07845909572784482 0
    outer loop
      vertex 4.2961687227682335 -8.586629243900866 0
      vertex 4.25 -8 1.5
      vertex 4.25 -8 0
    endloop
  endfacet
  facet normal 0 0 -1
    outer loop
      vertex 4.2961687227682335 -8.586629243900866 0
      vertex 4.25 -8 0
      vertex 4.2961687227682335 -7.413370756099134 0
    endloop
  endfacet
  facet normal 0 0 -1
    outer loop
      vertex 4.2961687227682335 -8.586629243900866 0
      vertex 4.2961687227682335 -7.413370756099134 0
      vertex 4.433538063893174 -6.841186271093948 0
    endloop
  endfacet
  facet normal -0.996917333733128 0.07845909572784482 0
    outer loop
      vertex 4.25 -8 0
      vertex 4.2961687227682335 -7.413370756099134 1.5
      vertex 4.2961687227682335 -7.413370756099134 0
    endloop
  endfacet
  facet normal -0.996917333733128 -0.07845909572784482 0
    outer loop
      vertex 4.2961687227682335 -8.586629243900866 0
      vertex 4.2961687227682335 -8.586629243900866 1.5
      vertex 4.25 -8 1.5
    endloop
  endfacet
  facet normal 0 0 1
    outer loop
      vertex 4.433538063893174 -9.158813728906052 1.5
      vertex 4.2961687227682335 -7.413370756099134 1.5
      vertex 4.2961687227682335 -8.586629243900866 1.5
    endloop
  endfacet
  facet normal -0.996917333733128 0.07845909572784482 0
    outer loop
      vertex 4.25 -8 0
      vertex 4.25 -8 1.5
      vertex 4.2961687227682335 -7.413370756099134 1.5
    endloop
  endfacet
  facet normal 0 0 1
    outer loop
      vertex 4.2961687227682335 -8.586629243900866 1.5
      vertex 4.2961687227682335 -7.413370756099134 1.5
      vertex 4.25 -8 1.5
    endloop
  endfacet
  facet normal 0 0 1
    outer loop
      vertex 4.433538063893174 -9.158813728906052 1.5
      vertex 4.433538063893174 -6.841186271093948 1.5
      vertex 4.2961687227682335 -7.413370756099134 1.5
    endloop
  endfacet
  facet normal -0.9723699203976767 0.2334453638559054 0
    outer loop
      vertex 4.2961687227682335 -7.413370756099134 0
      vertex 4.433538063893174 -6.841186271093948 1.5
      vertex 4.433538063893174 -6.841186271093948 0
    endloop
  endfacet
  facet normal -0.9723699203976767 0.2334453638559054 0
    outer loop
      vertex 4.2961687227682335 -7.413370756099134 0
      vertex 4.2961687227682335 -7.413370756099134 1.5
      vertex 4.433538063893174 -6.841186271093948 1.5
    endloop
  endfacet
  facet normal 0 0 -1
    outer loop
      vertex 4.6587255342936205 -9.7024643740233 0
      vertex 4.433538063893174 -9.158813728906052 0
      vertex 4.6587255342936205 -6.2975356259767 0
    endloop
  endfacet
  facet normal 0 0 -1
    outer loop
      vertex 4.966186271093947 -10.204194696096774 0
      vertex 4.6587255342936205 -9.7024643740233 0
      vertex 4.966186271093947 -5.795805303903226 0
    endloop
  endfacet
  facet normal 0 0 -1
    outer loop
      vertex 4.433538063893174 -9.158813728906052 0
      vertex 4.433538063893174 -6.841186271093948 0
      vertex 4.6587255342936205 -6.2975356259767 0
    endloop
  endfacet
  facet normal 0 0 -1
    outer loop
      vertex 4.966186271093947 -10.204194696096774 0
      vertex 5.348349570550447 -5.348349570550447 0
      vertex 5.348349570550447 -10.651650429449553 0
    endloop
  endfacet
  facet normal 0 0 1
    outer loop
      vertex 4.6587255342936205 -9.7024643740233 1.5
      vertex 4.433538063893174 -6.841186271093948 1.5
      vertex 4.433538063893174 -9.158813728906052 1.5
    endloop
  endfacet
  facet normal 0 0 1
    outer loop
      vertex 4.966186271093947 -10.204194696096774 1.5
      vertex 4.6587255342936205 -6.2975356259767 1.5
      vertex 4.6587255342936205 -9.7024643740233 1.5
    endloop
  endfacet
  facet normal 0 0 1
    outer loop
      vertex 4.6587255342936205 -9.7024643740233 1.5
      vertex 4.6587255342936205 -6.2975356259767 1.5
      vertex 4.433538063893174 -6.841186271093948 1.5
    endloop
  endfacet
  facet normal 0 0 1
    outer loop
      vertex 4.966186271093947 -10.204194696096774 1.5
      vertex 4.966186271093947 -5.795805303903226 1.5
      vertex 4.6587255342936205 -6.2975356259767 1.5
    endloop
  endfacet
  facet normal 0 0 1
    outer loop
      vertex 5.795805303903226 -11.033813728906054 1.5
      vertex 6 -8 1.5
      vertex 5.795805303903226 -4.966186271093947 1.5
    endloop
  endfacet
  facet normal 0 0 -1
    outer loop
      vertex 4.6587255342936205 -9.7024643740233 0
      vertex 4.6587255342936205 -6.2975356259767 0
      vertex 4.966186271093947 -5.795805303903226 0
    endloop
  endfacet
  facet normal 0 0 -1
    outer loop
      vertex 4.966186271093947 -10.204194696096774 0
      vertex 4.966186271093947 -5.795805303903226 0
      vertex 5.348349570550447 -5.348349570550447 0
    endloop
  endfacet
  facet normal -0.9238795325112867 0.38268343236508984 0
    outer loop
      vertex 4.433538063893174 -6.841186271093948 0
      vertex 4.6587255342936205 -6.2975356259767 1.5
      vertex 4.6587255342936205 -6.2975356259767 0
    endloop
  endfacet
  facet normal -0.8526401643540924 0.5224985647159484 0
    outer loop
      vertex 4.6587255342936205 -6.2975356259767 0
      vertex 4.966186271093947 -5.795805303903226 1.5
      vertex 4.966186271093947 -5.795805303903226 0
    endloop
  endfacet
  facet normal 0 0 -1
    outer loop
      vertex 5.348349570550447 -10.651650429449553 0
      vertex 5.348349570550447 -5.348349570550447 0
      vertex 5.795805303903226 -4.966186271093947 0
    endloop
  endfacet
  facet normal -0.9238795325112867 0.38268343236508984 0
    outer loop
      vertex 4.433538063893174 -6.841186271093948 0
      vertex 4.433538063893174 -6.841186271093948 1.5
      vertex 4.6587255342936205 -6.2975356259767 1.5
    endloop
  endfacet
  facet normal -0.8526401643540924 0.5224985647159484 0
    outer loop
      vertex 4.6587255342936205 -6.2975356259767 0
      vertex 4.6587255342936205 -6.2975356259767 1.5
      vertex 4.966186271093947 -5.795805303903226 1.5
    endloop
  endfacet
  facet normal 0 0 1
    outer loop
      vertex 5.348349570550447 -10.651650429449553 1.5
      vertex 5.348349570550447 -5.348349570550447 1.5
      vertex 4.966186271093947 -5.795805303903226 1.5
    endloop
  endfacet
  facet normal 0 0 1
    outer loop
      vertex 5.795805303903226 -11.033813728906054 1.5
      vertex 5.795805303903226 -4.966186271093947 1.5
      vertex 5.348349570550447 -5.348349570550447 1.5
    endloop
  endfacet
  facet normal -0.7604059656000308 0.6494480483301838 0
    outer loop
      vertex 4.966186271093947 -5.795805303903226 0
      vertex 5.348349570550447 -5.348349570550447 1.5
      vertex 5.348349570550447 -5.348349570550447 0
    endloop
  endfacet
  facet normal -0.6494480483301838 0.7604059656000308 0
    outer loop
      vertex 5.348349570550447 -5.348349570550447 0
      vertex 5.348349570550447 -5.348349570550447 1.5
      vertex 5.795805303903226 -4.966186271093947 0
    endloop
  endfacet
  facet normal -0.7604059656000308 0.6494480483301838 0
    outer loop
      vertex 4.966186271093947 -5.795805303903226 0
      vertex 4.966186271093947 -5.795805303903226 1.5
      vertex 5.348349570550447 -5.348349570550447 1.5
    endloop
  endfacet
  facet normal -0.6494480483301838 0.7604059656000308 0
    outer loop
      vertex 5.795805303903226 -4.966186271093947 0
      vertex 5.348349570550447 -5.348349570550447 1.5
      vertex 5.795805303903226 -4.966186271093947 1.5
    endloop
  endfacet
  facet normal -0.5224985647159484 -0.8526401643540924 0
    outer loop
      vertex 5.795805303903226 -11.033813728906054 0
      vertex 6.2975356259767 -11.34127446570638 0
      vertex 6.2975356259767 -11.34127446570638 1.5
    endloop
  endfacet
  facet normal -0.38268343236508856 -0.9238795325112873 0
    outer loop
      vertex 6.2975356259767 -11.34127446570638 0
      vertex 6.841186271093948 -11.566461936106826 0
      vertex 6.841186271093948 -11.566461936106826 1.5
    endloop
  endfacet
  facet normal -0.23344536385590683 -0.9723699203976763 0
    outer loop
      vertex 6.841186271093948 -11.566461936106826 0
      vertex 7.413370756099134 -11.703831277231767 0
      vertex 7.413370756099134 -11.703831277231767 1.5
    endloop
  endfacet
  facet normal -0.5224985647159484 -0.8526401643540924 0
    outer loop
      vertex 5.795805303903226 -11.033813728906054 0
      vertex 6.2975356259767 -11.34127446570638 1.5
      vertex 5.795805303903226 -11.033813728906054 1.5
    endloop
  endfacet
  facet normal -0.38268343236508856 -0.9238795325112873 0
    outer loop
      vertex 6.2975356259767 -11.34127446570638 0
      vertex 6.841186271093948 -11.566461936106826 1.5
      vertex 6.2975356259767 -11.34127446570638 1.5
    endloop
  endfacet
  facet normal 0 0 1
    outer loop
      vertex 6.2975356259767 -11.34127446570638 1.5
      vertex 6.841186271093948 -11.566461936106826 1.5
      vertex 6.585786437626905 -9.414213562373096 1.5
    endloop
  endfacet
  facet normal -0.23344536385590683 -0.9723699203976763 0
    outer loop
      vertex 6.841186271093948 -11.566461936106826 0
      vertex 7.413370756099134 -11.703831277231767 1.5
      vertex 6.841186271093948 -11.566461936106826 1.5
    endloop
  endfacet
  facet normal 0 0 1
    outer loop
      vertex 6.841186271093948 -11.566461936106826 1.5
      vertex 7.413370756099134 -11.703831277231767 1.5
      vertex 7.0920190005209065 -9.782013048376736 1.5
    endloop
  endfacet
  facet normal 0 0 1
    outer loop
      vertex 6.841186271093948 -11.566461936106826 1.5
      vertex 7.0920190005209065 -9.782013048376736 1.5
      vertex 6.824429495415053 -9.618033988749895 1.5
    endloop
  endfacet
  facet normal 0 0 1
    outer loop
      vertex 7.413370756099134 -11.703831277231767 1.5
      vertex 7.381966011250105 -9.902113032590307 1.5
      vertex 7.0920190005209065 -9.782013048376736 1.5
    endloop
  endfacet
  facet normal 0 0 -1
    outer loop
      vertex 5.795805303903226 -11.033813728906054 0
      vertex 6.2975356259767 -4.6587255342936205 0
      vertex 6.2975356259767 -11.34127446570638 0
    endloop
  endfacet
  facet normal 0 0 -1
    outer loop
      vertex 6.2975356259767 -11.34127446570638 0
      vertex 6.841186271093948 -4.433538063893174 0
      vertex 6.841186271093948 -11.566461936106826 0
    endloop
  endfacet
  facet normal 0 0 -1
    outer loop
      vertex 6.841186271093948 -11.566461936106826 0
      vertex 7.413370756099134 -4.2961687227682335 0
      vertex 7.413370756099134 -11.703831277231767 0
    endloop
  endfacet
  facet normal 0 0 1
    outer loop
      vertex 5.795805303903226 -11.033813728906054 1.5
      vertex 6.2975356259767 -11.34127446570638 1.5
      vertex 6.0246233188097245 -8.312868930080462 1.5
    endloop
  endfacet
  facet normal 0 0 1
    outer loop
      vertex 6.2975356259767 -11.34127446570638 1.5
      vertex 6.217986951623264 -8.907980999479093 1.5
      vertex 6.097886967409693 -8.618033988749895 1.5
    endloop
  endfacet
  facet normal 0 0 1
    outer loop
      vertex 6.2975356259767 -11.34127446570638 1.5
      vertex 6.585786437626905 -9.414213562373096 1.5
      vertex 6.381966011250105 -9.175570504584947 1.5
    endloop
  endfacet
  facet normal 0 0 1
    outer loop
      vertex 6.2975356259767 -11.34127446570638 1.5
      vertex 6.381966011250105 -9.175570504584947 1.5
      vertex 6.217986951623264 -8.907980999479093 1.5
    endloop
  endfacet
  facet normal 0 0 1
    outer loop
      vertex 6.2975356259767 -11.34127446570638 1.5
      vertex 6.097886967409693 -8.618033988749895 1.5
      vertex 6.0246233188097245 -8.312868930080462 1.5
    endloop
  endfacet
  facet normal 0 0 1
    outer loop
      vertex 5.795805303903226 -11.033813728906054 1.5
      vertex 6.0246233188097245 -8.312868930080462 1.5
      vertex 6 -8 1.5
    endloop
  endfacet
  facet normal 0 0 1
    outer loop
      vertex 6.841186271093948 -11.566461936106826 1.5
      vertex 6.824429495415053 -9.618033988749895 1.5
      vertex 6.585786437626905 -9.414213562373096 1.5
    endloop
  endfacet
  facet normal -0.07845909572784332 -0.9969173337331282 0
    outer loop
      vertex 7.413370756099134 -11.703831277231767 0
      vertex 8 -11.75 0
      vertex 8 -11.75 1.5
    endloop
  endfacet
  facet normal 0.07845909572784332 -0.9969173337331282 0
    outer loop
      vertex 8 -11.75 0
      vertex 8.586629243900866 -11.703831277231767 0
      vertex 8.586629243900866 -11.703831277231767 1.5
    endloop
  endfacet
  facet normal -0.07845909572784332 -0.9969173337331282 0
    outer loop
      vertex 7.413370756099134 -11.703831277231767 0
      vertex 8 -11.75 1.5
      vertex 7.413370756099134 -11.703831277231767 1.5
    endloop
  endfacet
  facet normal 0 0 1
    outer loop
      vertex 7.413370756099134 -11.703831277231767 1.5
      vertex 8 -11.75 1.5
      vertex 7.6871310699195385 -9.975376681190276 1.5
    endloop
  endfacet
  facet normal 0 0 1
    outer loop
      vertex 7.413370756099134 -11.703831277231767 1.5
      vertex 7.6871310699195385 -9.975376681190276 1.5
      vertex 7.381966011250105 -9.902113032590307 1.5
    endloop
  endfacet
  facet normal 0 0 1
    outer loop
      vertex 8 -11.75 1.5
      vertex 8 -10 1.5
      vertex 7.6871310699195385 -9.975376681190276 1.5
    endloop
  endfacet
  facet normal 0.07845909572784332 -0.9969173337331282 0
    outer loop
      vertex 8 -11.75 0
      vertex 8.586629243900866 -11.703831277231767 1.5
      vertex 8 -11.75 1.5
    endloop
  endfacet
  facet normal 0.23344536385590683 -0.9723699203976763 0
    outer loop
      vertex 8.586629243900866 -11.703831277231767 0
      vertex 9.158813728906052 -11.566461936106826 1.5
      vertex 8.586629243900866 -11.703831277231767 1.5
    endloop
  endfacet
  facet normal 0 0 1
    outer loop
      vertex 8 -11.75 1.5
      vertex 8.586629243900866 -11.703831277231767 1.5
      vertex 8.312868930080462 -9.975376681190276 1.5
    endloop
  endfacet
  facet normal 0 0 1
    outer loop
      vertex 8.586629243900866 -11.703831277231767 1.5
      vertex 9.158813728906052 -11.566461936106826 1.5
      vertex 8.312868930080462 -9.975376681190276 1.5
    endloop
  endfacet
  facet normal 0 0 1
    outer loop
      vertex 8 -11.75 1.5
      vertex 8.312868930080462 -9.975376681190276 1.5
      vertex 8 -10 1.5
    endloop
  endfacet
  facet normal 0 0 1
    outer loop
      vertex 9.158813728906052 -11.566461936106826 1.5
      vertex 8.618033988749895 -9.902113032590307 1.5
      vertex 8.312868930080462 -9.975376681190276 1.5
    endloop
  endfacet
  facet normal 0 0 -1
    outer loop
      vertex 7.413370756099134 -11.703831277231767 0
      vertex 8 -4.25 0
      vertex 8 -11.75 0
    endloop
  endfacet
  facet normal 0 0 -1
    outer loop
      vertex 8 -11.75 0
      vertex 8.586629243900866 -4.2961687227682335 0
      vertex 8.586629243900866 -11.703831277231767 0
    endloop
  endfacet
  facet normal 0 0 -1
    outer loop
      vertex 5.795805303903226 -11.033813728906054 0
      vertex 5.795805303903226 -4.966186271093947 0
      vertex 6.2975356259767 -4.6587255342936205 0
    endloop
  endfacet
  facet normal 0 0 -1
    outer loop
      vertex 6.2975356259767 -11.34127446570638 0
      vertex 6.2975356259767 -4.6587255342936205 0
      vertex 6.841186271093948 -4.433538063893174 0
    endloop
  endfacet
  facet normal 0 0 -1
    outer loop
      vertex 6.841186271093948 -11.566461936106826 0
      vertex 6.841186271093948 -4.433538063893174 0
      vertex 7.413370756099134 -4.2961687227682335 0
    endloop
  endfacet
  facet normal 0 0 1
    outer loop
      vertex 5.795805303903226 -4.966186271093947 1.5
      vertex 6 -8 1.5
      vertex 6.0246233188097245 -7.6871310699195385 1.5
    endloop
  endfacet
  facet normal 0 0 1
    outer loop
      vertex 5.795805303903226 -4.966186271093947 1.5
      vertex 6.0246233188097245 -7.6871310699195385 1.5
      vertex 6.097886967409693 -7.381966011250105 1.5
    endloop
  endfacet
  facet normal 0 0 1
    outer loop
      vertex 5.795805303903226 -4.966186271093947 1.5
      vertex 6.097886967409693 -7.381966011250105 1.5
      vertex 6.217986951623264 -7.0920190005209065 1.5
    endloop
  endfacet
  facet normal 0 0 1
    outer loop
      vertex 5.795805303903226 -4.966186271093947 1.5
      vertex 6.217986951623264 -7.0920190005209065 1.5
      vertex 6.381966011250105 -6.824429495415053 1.5
    endloop
  endfacet
  facet normal 0 0 1
    outer loop
      vertex 6.2975356259767 -4.6587255342936205 1.5
      vertex 6.381966011250105 -6.824429495415053 1.5
      vertex 6.585786437626905 -6.585786437626905 1.5
    endloop
  endfacet
  facet normal 0 0 1
    outer loop
      vertex 6.2975356259767 -4.6587255342936205 1.5
      vertex 6.585786437626905 -6.585786437626905 1.5
      vertex 6.824429495415053 -6.381966011250105 1.5
    endloop
  endfacet
  facet normal 0 0 -1
    outer loop
      vertex 7.413370756099134 -11.703831277231767 0
      vertex 7.413370756099134 -4.2961687227682335 0
      vertex 8 -4.25 0
    endloop
  endfacet
  facet normal 0 0 -1
    outer loop
      vertex 8 -11.75 0
      vertex 8 -4.25 0
      vertex 8.586629243900866 -4.2961687227682335 0
    endloop
  endfacet
  facet normal 0 0 -1
    outer loop
      vertex 8.586629243900866 -11.703831277231767 0
      vertex 8.586629243900866 -4.2961687227682335 0
      vertex 9.158813728906052 -4.433538063893174 0
    endloop
  endfacet
  facet normal 0.23344536385590683 -0.9723699203976763 0
    outer loop
      vertex 8.586629243900866 -11.703831277231767 0
      vertex 9.158813728906052 -11.566461936106826 0
      vertex 9.158813728906052 -11.566461936106826 1.5
    endloop
  endfacet
  facet normal 0.38268343236508856 -0.9238795325112873 0
    outer loop
      vertex 9.158813728906052 -11.566461936106826 0
      vertex 9.7024643740233 -11.34127446570638 0
      vertex 9.7024643740233 -11.34127446570638 1.5
    endloop
  endfacet
  facet normal 0.5224985647159484 -0.8526401643540924 0
    outer loop
      vertex 9.7024643740233 -11.34127446570638 0
      vertex 10.204194696096774 -11.033813728906054 0
      vertex 10.204194696096774 -11.033813728906054 1.5
    endloop
  endfacet
  facet normal 0.38268343236508856 -0.9238795325112873 0
    outer loop
      vertex 9.158813728906052 -11.566461936106826 0
      vertex 9.7024643740233 -11.34127446570638 1.5
      vertex 9.158813728906052 -11.566461936106826 1.5
    endloop
  endfacet
  facet normal 0 0 1
    outer loop
      vertex 9.158813728906052 -11.566461936106826 1.5
      vertex 8.907980999479093 -9.782013048376736 1.5
      vertex 8.618033988749895 -9.902113032590307 1.5
    endloop
  endfacet
  facet normal 0 0 1
    outer loop
      vertex 9.158813728906052 -11.566461936106826 1.5
      vertex 9.7024643740233 -11.34127446570638 1.5
      vertex 8.907980999479093 -9.782013048376736 1.5
    endloop
  endfacet
  facet normal 0.5224985647159484 -0.8526401643540924 0
    outer loop
      vertex 9.7024643740233 -11.34127446570638 0
      vertex 10.204194696096774 -11.033813728906054 1.5
      vertex 9.7024643740233 -11.34127446570638 1.5
    endloop
  endfacet
  facet normal 0 0 1
    outer loop
      vertex 9.7024643740233 -11.34127446570638 1.5
      vertex 10.204194696096774 -11.033813728906054 1.5
      vertex 9.618033988749895 -9.175570504584947 1.5
    endloop
  endfacet
  facet normal 0 0 -1
    outer loop
      vertex 8.586629243900866 -11.703831277231767 0
      vertex 9.158813728906052 -4.433538063893174 0
      vertex 9.158813728906052 -11.566461936106826 0
    endloop
  endfacet
  facet normal 0 0 -1
    outer loop
      vertex 9.158813728906052 -11.566461936106826 0
      vertex 9.7024643740233 -4.6587255342936205 0
      vertex 9.7024643740233 -11.34127446570638 0
    endloop
  endfacet
  facet normal 0 0 -1
    outer loop
      vertex 9.7024643740233 -11.34127446570638 0
      vertex 10.204194696096774 -4.966186271093947 0
      vertex 10.204194696096774 -11.033813728906054 0
    endloop
  endfacet
  facet normal 0 0 1
    outer loop
      vertex 9.7024643740233 -11.34127446570638 1.5
      vertex 9.175570504584947 -9.618033988749895 1.5
      vertex 8.907980999479093 -9.782013048376736 1.5
    endloop
  endfacet
  facet normal 0 0 1
    outer loop
      vertex 9.7024643740233 -11.34127446570638 1.5
      vertex 9.414213562373096 -9.414213562373096 1.5
      vertex 9.175570504584947 -9.618033988749895 1.5
    endloop
  endfacet
  facet normal 0 0 1
    outer loop
      vertex 9.7024643740233 -11.34127446570638 1.5
      vertex 9.618033988749895 -9.175570504584947 1.5
      vertex 9.414213562373096 -9.414213562373096 1.5
    endloop
  endfacet
  facet normal 0 0 1
    outer loop
      vertex 10.204194696096774 -11.033813728906054 1.5
      vertex 9.782013048376736 -8.907980999479093 1.5
      vertex 9.618033988749895 -9.175570504584947 1.5
    endloop
  endfacet
  facet normal 0 0 1
    outer loop
      vertex 10.204194696096774 -11.033813728906054 1.5
      vertex 9.902113032590307 -8.618033988749895 1.5
      vertex 9.782013048376736 -8.907980999479093 1.5
    endloop
  endfacet
  facet normal 0 0 1
    outer loop
      vertex 10.204194696096774 -11.033813728906054 1.5
      vertex 9.975376681190276 -8.312868930080462 1.5
      vertex 9.902113032590307 -8.618033988749895 1.5
    endloop
  endfacet
  facet normal 0 0 1
    outer loop
      vertex 10.204194696096774 -11.033813728906054 1.5
      vertex 10 -8 1.5
      vertex 9.975376681190276 -8.312868930080462 1.5
    endloop
  endfacet
  facet normal 0.6494480483301847 -0.76040596560003 0
    outer loop
      vertex 10.204194696096774 -11.033813728906054 0
      vertex 10.651650429449553 -10.651650429449553 0
      vertex 10.651650429449553 -10.651650429449553 1.5
    endloop
  endfacet
  facet normal 0.76040596560003 -0.6494480483301847 0
    outer loop
      vertex 10.651650429449553 -10.651650429449553 0
      vertex 11.033813728906054 -10.204194696096774 0
      vertex 10.651650429449553 -10.651650429449553 1.5
    endloop
  endfacet
  facet normal 0.6494480483301847 -0.76040596560003 0
    outer loop
      vertex 10.204194696096774 -11.033813728906054 0
      vertex 10.651650429449553 -10.651650429449553 1.5
      vertex 10.204194696096774 -11.033813728906054 1.5
    endloop
  endfacet
  facet normal 0.76040596560003 -0.6494480483301847 0
    outer loop
      vertex 11.033813728906054 -10.204194696096774 0
      vertex 11.033813728906054 -10.204194696096774 1.5
      vertex 10.651650429449553 -10.651650429449553 1.5
    endloop
  endfacet
  facet normal 0 0 -1
    outer loop
      vertex 10.204194696096774 -11.033813728906054 0
      vertex 10.651650429449553 -5.348349570550447 0
      vertex 10.651650429449553 -10.651650429449553 0
    endloop
  endfacet
  facet normal 0 0 -1
    outer loop
      vertex 10.651650429449553 -10.651650429449553 0
      vertex 11.033813728906054 -5.795805303903226 0
      vertex 11.033813728906054 -10.204194696096774 0
    endloop
  endfacet
  facet normal 0.8526401643540924 -0.5224985647159484 0
    outer loop
      vertex 11.033813728906054 -10.204194696096774 0
      vertex 11.34127446570638 -9.7024643740233 0
      vertex 11.033813728906054 -10.204194696096774 1.5
    endloop
  endfacet
  facet normal 0.9238795325112873 -0.38268343236508856 0
    outer loop
      vertex 11.34127446570638 -9.7024643740233 0
      vertex 11.566461936106826 -9.158813728906052 0
      vertex 11.34127446570638 -9.7024643740233 1.5
    endloop
  endfacet
  facet normal 0.9723699203976763 -0.23344536385590683 0
    outer loop
      vertex 11.566461936106826 -9.158813728906052 0
      vertex 11.703831277231767 -8.586629243900866 0
      vertex 11.566461936106826 -9.158813728906052 1.5
    endloop
  endfacet
  facet normal 0 0 1
    outer loop
      vertex 10.204194696096774 -11.033813728906054 1.5
      vertex 10.651650429449553 -10.651650429449553 1.5
      vertex 10.204194696096774 -4.966186271093947 1.5
    endloop
  endfacet
  facet normal 0.8526401643540924 -0.5224985647159484 0
    outer loop
      vertex 11.34127446570638 -9.7024643740233 0
      vertex 11.34127446570638 -9.7024643740233 1.5
      vertex 11.033813728906054 -10.204194696096774 1.5
    endloop
  endfacet
  facet normal 0.9238795325112873 -0.38268343236508856 0
    outer loop
      vertex 11.566461936106826 -9.158813728906052 0
      vertex 11.566461936106826 -9.158813728906052 1.5
      vertex 11.34127446570638 -9.7024643740233 1.5
    endloop
  endfacet
  facet normal 0 0 1
    outer loop
      vertex 10.204194696096774 -11.033813728906054 1.5
      vertex 10.204194696096774 -4.966186271093947 1.5
      vertex 10 -8 1.5
    endloop
  endfacet
  facet normal 0 0 -1
    outer loop
      vertex 9.158813728906052 -11.566461936106826 0
      vertex 9.158813728906052 -4.433538063893174 0
      vertex 9.7024643740233 -4.6587255342936205 0
    endloop
  endfacet
  facet normal 0 0 -1
    outer loop
      vertex 9.7024643740233 -11.34127446570638 0
      vertex 9.7024643740233 -4.6587255342936205 0
      vertex 10.204194696096774 -4.966186271093947 0
    endloop
  endfacet
  facet normal 0 0 1
    outer loop
      vertex 10.204194696096774 -4.966186271093947 1.5
      vertex 9.975376681190276 -7.6871310699195385 1.5
      vertex 10 -8 1.5
    endloop
  endfacet
  facet normal 0 0 1
    outer loop
      vertex 9.7024643740233 -4.6587255342936205 1.5
      vertex 9.902113032590307 -7.381966011250105 1.5
      vertex 9.975376681190276 -7.6871310699195385 1.5
    endloop
  endfacet
  facet normal 0 0 1
    outer loop
      vertex 9.7024643740233 -4.6587255342936205 1.5
      vertex 9.782013048376736 -7.0920190005209065 1.5
      vertex 9.902113032590307 -7.381966011250105 1.5
    endloop
  endfacet
  facet normal 0 0 1
    outer loop
      vertex 9.7024643740233 -4.6587255342936205 1.5
      vertex 9.618033988749895 -6.824429495415053 1.5
      vertex 9.782013048376736 -7.0920190005209065 1.5
    endloop
  endfacet
  facet normal 0 0 1
    outer loop
      vertex 9.7024643740233 -4.6587255342936205 1.5
      vertex 9.414213562373096 -6.585786437626905 1.5
      vertex 9.618033988749895 -6.824429495415053 1.5
    endloop
  endfacet
  facet normal 0 0 -1
    outer loop
      vertex 11.033813728906054 -10.204194696096774 0
      vertex 11.34127446570638 -6.2975356259767 0
      vertex 11.34127446570638 -9.7024643740233 0
    endloop
  endfacet
  facet normal 0 0 -1
    outer loop
      vertex 11.34127446570638 -9.7024643740233 0
      vertex 11.566461936106826 -6.841186271093948 0
      vertex 11.566461936106826 -9.158813728906052 0
    endloop
  endfacet
  facet normal 0 0 -1
    outer loop
      vertex 11.566461936106826 -9.158813728906052 0
      vertex 11.703831277231767 -7.413370756099134 0
      vertex 11.703831277231767 -8.586629243900866 0
    endloop
  endfacet
  facet normal 0.9969173337331282 -0.07845909572784332 0
    outer loop
      vertex 11.703831277231767 -8.586629243900866 0
      vertex 11.75 -8 0
      vertex 11.703831277231767 -8.586629243900866 1.5
    endloop
  endfacet
  facet normal 0 0 -1
    outer loop
      vertex 11.033813728906054 -10.204194696096774 0
      vertex 11.033813728906054 -5.795805303903226 0
      vertex 11.34127446570638 -6.2975356259767 0
    endloop
  endfacet
  facet normal 0 0 -1
    outer loop
      vertex 11.703831277231767 -8.586629243900866 0
      vertex 11.703831277231767 -7.413370756099134 0
      vertex 11.75 -8 0
    endloop
  endfacet
  facet normal 0 0 -1
    outer loop
      vertex 11.566461936106826 -9.158813728906052 0
      vertex 11.566461936106826 -6.841186271093948 0
      vertex 11.703831277231767 -7.413370756099134 0
    endloop
  endfacet
  facet normal 0 0 -1
    outer loop
      vertex 11.34127446570638 -9.7024643740233 0
      vertex 11.34127446570638 -6.2975356259767 0
      vertex 11.566461936106826 -6.841186271093948 0
    endloop
  endfacet
  facet normal 0.9969173337331282 0.07845909572784332 0
    outer loop
      vertex 11.75 -8 0
      vertex 11.703831277231767 -7.413370756099134 0
      vertex 11.75 -8 1.5
    endloop
  endfacet
  facet normal 0 0 1
    outer loop
      vertex 10.651650429449553 -10.651650429449553 1.5
      vertex 11.033813728906054 -10.204194696096774 1.5
      vertex 10.651650429449553 -5.348349570550447 1.5
    endloop
  endfacet
  facet normal 0.9723699203976763 -0.23344536385590683 0
    outer loop
      vertex 11.703831277231767 -8.586629243900866 0
      vertex 11.703831277231767 -8.586629243900866 1.5
      vertex 11.566461936106826 -9.158813728906052 1.5
    endloop
  endfacet
  facet normal 0.9969173337331282 -0.07845909572784332 0
    outer loop
      vertex 11.703831277231767 -8.586629243900866 1.5
      vertex 11.75 -8 0
      vertex 11.75 -8 1.5
    endloop
  endfacet
  facet normal 0 0 1
    outer loop
      vertex 11.033813728906054 -10.204194696096774 1.5
      vertex 11.34127446570638 -9.7024643740233 1.5
      vertex 11.033813728906054 -5.795805303903226 1.5
    endloop
  endfacet
  facet normal 0 0 1
    outer loop
      vertex 11.34127446570638 -9.7024643740233 1.5
      vertex 11.566461936106826 -9.158813728906052 1.5
      vertex 11.34127446570638 -6.2975356259767 1.5
    endloop
  endfacet
  facet normal 0 0 1
    outer loop
      vertex 11.566461936106826 -9.158813728906052 1.5
      vertex 11.703831277231767 -8.586629243900866 1.5
      vertex 11.566461936106826 -6.841186271093948 1.5
    endloop
  endfacet
  facet normal 0.9969173337331282 0.07845909572784332 0
    outer loop
      vertex 11.703831277231767 -7.413370756099134 0
      vertex 11.703831277231767 -7.413370756099134 1.5
      vertex 11.75 -8 1.5
    endloop
  endfacet
  facet normal 0 0 1
    outer loop
      vertex 11.703831277231767 -8.586629243900866 1.5
      vertex 11.75 -8 1.5
      vertex 11.703831277231767 -7.413370756099134 1.5
    endloop
  endfacet
  facet normal 0 0 1
    outer loop
      vertex 11.566461936106826 -9.158813728906052 1.5
      vertex 11.566461936106826 -6.841186271093948 1.5
      vertex 11.34127446570638 -6.2975356259767 1.5
    endloop
  endfacet
  facet normal 0 0 1
    outer loop
      vertex 11.703831277231767 -8.586629243900866 1.5
      vertex 11.703831277231767 -7.413370756099134 1.5
      vertex 11.566461936106826 -6.841186271093948 1.5
    endloop
  endfacet
  facet normal 0 0 -1
    outer loop
      vertex 10.204194696096774 -11.033813728906054 0
      vertex 10.204194696096774 -4.966186271093947 0
      vertex 10.651650429449553 -5.348349570550447 0
    endloop
  endfacet
  facet normal 0 0 -1
    outer loop
      vertex 10.651650429449553 -10.651650429449553 0
      vertex 10.651650429449553 -5.348349570550447 0
      vertex 11.033813728906054 -5.795805303903226 0
    endloop
  endfacet
  facet normal 0.9723699203976763 0.23344536385590683 0
    outer loop
      vertex 11.703831277231767 -7.413370756099134 0
      vertex 11.566461936106826 -6.841186271093948 0
      vertex 11.703831277231767 -7.413370756099134 1.5
    endloop
  endfacet
  facet normal 0.9238795325112873 0.38268343236508856 0
    outer loop
      vertex 11.566461936106826 -6.841186271093948 0
      vertex 11.34127446570638 -6.2975356259767 0
      vertex 11.566461936106826 -6.841186271093948 1.5
    endloop
  endfacet
  facet normal 0.8526401643540924 0.5224985647159484 0
    outer loop
      vertex 11.34127446570638 -6.2975356259767 0
      vertex 11.033813728906054 -5.795805303903226 0
      vertex 11.34127446570638 -6.2975356259767 1.5
    endloop
  endfacet
  facet normal 0 0 1
    outer loop
      vertex 10.651650429449553 -10.651650429449553 1.5
      vertex 10.651650429449553 -5.348349570550447 1.5
      vertex 10.204194696096774 -4.966186271093947 1.5
    endloop
  endfacet
  facet normal 0 0 1
    outer loop
      vertex 11.033813728906054 -10.204194696096774 1.5
      vertex 11.033813728906054 -5.795805303903226 1.5
      vertex 10.651650429449553 -5.348349570550447 1.5
    endloop
  endfacet
  facet normal 0.9723699203976763 0.23344536385590683 0
    outer loop
      vertex 11.566461936106826 -6.841186271093948 0
      vertex 11.566461936106826 -6.841186271093948 1.5
      vertex 11.703831277231767 -7.413370756099134 1.5
    endloop
  endfacet
  facet normal 0 0 1
    outer loop
      vertex 11.34127446570638 -9.7024643740233 1.5
      vertex 11.34127446570638 -6.2975356259767 1.5
      vertex 11.033813728906054 -5.795805303903226 1.5
    endloop
  endfacet
  facet normal 0.8526401643540924 0.5224985647159484 0
    outer loop
      vertex 11.033813728906054 -5.795805303903226 0
      vertex 11.033813728906054 -5.795805303903226 1.5
      vertex 11.34127446570638 -6.2975356259767 1.5
    endloop
  endfacet
  facet normal 0.9238795325112873 0.38268343236508856 0
    outer loop
      vertex 11.34127446570638 -6.2975356259767 0
      vertex 11.34127446570638 -6.2975356259767 1.5
      vertex 11.566461936106826 -6.841186271093948 1.5
    endloop
  endfacet
  facet normal -0.5224985647159484 0.8526401643540924 0
    outer loop
      vertex 5.795805303903226 -4.966186271093947 0
      vertex 5.795805303903226 -4.966186271093947 1.5
      vertex 6.2975356259767 -4.6587255342936205 0
    endloop
  endfacet
  facet normal -0.38268343236508984 0.9238795325112867 0
    outer loop
      vertex 6.2975356259767 -4.6587255342936205 0
      vertex 6.2975356259767 -4.6587255342936205 1.5
      vertex 6.841186271093948 -4.433538063893174 0
    endloop
  endfacet
  facet normal 0 0 1
    outer loop
      vertex 5.795805303903226 -4.966186271093947 1.5
      vertex 6.381966011250105 -6.824429495415053 1.5
      vertex 6.2975356259767 -4.6587255342936205 1.5
    endloop
  endfacet
  facet normal -0.5224985647159484 0.8526401643540924 0
    outer loop
      vertex 6.2975356259767 -4.6587255342936205 0
      vertex 5.795805303903226 -4.966186271093947 1.5
      vertex 6.2975356259767 -4.6587255342936205 1.5
    endloop
  endfacet
  facet normal 0 0 1
    outer loop
      vertex 6.2975356259767 -4.6587255342936205 1.5
      vertex 6.824429495415053 -6.381966011250105 1.5
      vertex 7.0920190005209065 -6.217986951623264 1.5
    endloop
  endfacet
  facet normal 0 0 1
    outer loop
      vertex 6.841186271093948 -4.433538063893174 1.5
      vertex 7.0920190005209065 -6.217986951623264 1.5
      vertex 7.381966011250105 -6.097886967409693 1.5
    endloop
  endfacet
  facet normal 0 0 1
    outer loop
      vertex 6.841186271093948 -4.433538063893174 1.5
      vertex 7.381966011250105 -6.097886967409693 1.5
      vertex 7.6871310699195385 -6.0246233188097245 1.5
    endloop
  endfacet
  facet normal -0.38268343236508984 0.9238795325112867 0
    outer loop
      vertex 6.841186271093948 -4.433538063893174 0
      vertex 6.2975356259767 -4.6587255342936205 1.5
      vertex 6.841186271093948 -4.433538063893174 1.5
    endloop
  endfacet
  facet normal 0 0 1
    outer loop
      vertex 6.2975356259767 -4.6587255342936205 1.5
      vertex 7.0920190005209065 -6.217986951623264 1.5
      vertex 6.841186271093948 -4.433538063893174 1.5
    endloop
  endfacet
  facet normal 0 0 1
    outer loop
      vertex 6.841186271093948 -4.433538063893174 1.5
      vertex 7.6871310699195385 -6.0246233188097245 1.5
      vertex 7.413370756099134 -4.2961687227682335 1.5
    endloop
  endfacet
  facet normal -0.2334453638559054 0.9723699203976767 0
    outer loop
      vertex 6.841186271093948 -4.433538063893174 0
      vertex 6.841186271093948 -4.433538063893174 1.5
      vertex 7.413370756099134 -4.2961687227682335 0
    endloop
  endfacet
  facet normal -0.2334453638559054 0.9723699203976767 0
    outer loop
      vertex 7.413370756099134 -4.2961687227682335 0
      vertex 6.841186271093948 -4.433538063893174 1.5
      vertex 7.413370756099134 -4.2961687227682335 1.5
    endloop
  endfacet
  facet normal 0 0 1
    outer loop
      vertex 8 -4.25 1.5
      vertex 7.6871310699195385 -6.0246233188097245 1.5
      vertex 8 -6 1.5
    endloop
  endfacet
  facet normal 0 0 1
    outer loop
      vertex 7.413370756099134 -4.2961687227682335 1.5
      vertex 7.6871310699195385 -6.0246233188097245 1.5
      vertex 8 -4.25 1.5
    endloop
  endfacet
  facet normal 0 0 1
    outer loop
      vertex 8 -4.25 1.5
      vertex 8 -6 1.5
      vertex 8.312868930080462 -6.0246233188097245 1.5
    endloop
  endfacet
  facet normal 0 0 1
    outer loop
      vertex 8.586629243900866 -4.2961687227682335 1.5
      vertex 8.618033988749895 -6.097886967409693 1.5
      vertex 8.907980999479093 -6.217986951623264 1.5
    endloop
  endfacet
  facet normal 0 0 1
    outer loop
      vertex 8.586629243900866 -4.2961687227682335 1.5
      vertex 8.312868930080462 -6.0246233188097245 1.5
      vertex 8.618033988749895 -6.097886967409693 1.5
    endloop
  endfacet
  facet normal 0 0 1
    outer loop
      vertex 8 -4.25 1.5
      vertex 8.312868930080462 -6.0246233188097245 1.5
      vertex 8.586629243900866 -4.2961687227682335 1.5
    endloop
  endfacet
  facet normal -0.07845909572784482 0.996917333733128 0
    outer loop
      vertex 7.413370756099134 -4.2961687227682335 0
      vertex 7.413370756099134 -4.2961687227682335 1.5
      vertex 8 -4.25 0
    endloop
  endfacet
  facet normal 0.07845909572784482 0.996917333733128 0
    outer loop
      vertex 8 -4.25 0
      vertex 8 -4.25 1.5
      vertex 8.586629243900866 -4.2961687227682335 0
    endloop
  endfacet
  facet normal 0.2334453638559054 0.9723699203976767 0
    outer loop
      vertex 8.586629243900866 -4.2961687227682335 0
      vertex 8.586629243900866 -4.2961687227682335 1.5
      vertex 9.158813728906052 -4.433538063893174 0
    endloop
  endfacet
  facet normal -0.07845909572784482 0.996917333733128 0
    outer loop
      vertex 7.413370756099134 -4.2961687227682335 1.5
      vertex 8 -4.25 1.5
      vertex 8 -4.25 0
    endloop
  endfacet
  facet normal 0.07845909572784482 0.996917333733128 0
    outer loop
      vertex 8.586629243900866 -4.2961687227682335 0
      vertex 8 -4.25 1.5
      vertex 8.586629243900866 -4.2961687227682335 1.5
    endloop
  endfacet
  facet normal 0.38268343236508984 0.9238795325112867 0
    outer loop
      vertex 9.158813728906052 -4.433538063893174 0
      vertex 9.158813728906052 -4.433538063893174 1.5
      vertex 9.7024643740233 -4.6587255342936205 0
    endloop
  endfacet
  facet normal 0.5224985647159484 0.8526401643540924 0
    outer loop
      vertex 9.7024643740233 -4.6587255342936205 0
      vertex 9.7024643740233 -4.6587255342936205 1.5
      vertex 10.204194696096774 -4.966186271093947 0
    endloop
  endfacet
  facet normal 0 0 1
    outer loop
      vertex 9.158813728906052 -4.433538063893174 1.5
      vertex 8.907980999479093 -6.217986951623264 1.5
      vertex 9.175570504584947 -6.381966011250105 1.5
    endloop
  endfacet
  facet normal 0 0 1
    outer loop
      vertex 9.158813728906052 -4.433538063893174 1.5
      vertex 9.175570504584947 -6.381966011250105 1.5
      vertex 9.414213562373096 -6.585786437626905 1.5
    endloop
  endfacet
  facet normal 0 0 1
    outer loop
      vertex 9.158813728906052 -4.433538063893174 1.5
      vertex 9.414213562373096 -6.585786437626905 1.5
      vertex 9.7024643740233 -4.6587255342936205 1.5
    endloop
  endfacet
  facet normal 0.38268343236508984 0.9238795325112867 0
    outer loop
      vertex 9.7024643740233 -4.6587255342936205 0
      vertex 9.158813728906052 -4.433538063893174 1.5
      vertex 9.7024643740233 -4.6587255342936205 1.5
    endloop
  endfacet
  facet normal 0 0 1
    outer loop
      vertex 8.586629243900866 -4.2961687227682335 1.5
      vertex 8.907980999479093 -6.217986951623264 1.5
      vertex 9.158813728906052 -4.433538063893174 1.5
    endloop
  endfacet
  facet normal 0 0 1
    outer loop
      vertex 9.7024643740233 -4.6587255342936205 1.5
      vertex 9.975376681190276 -7.6871310699195385 1.5
      vertex 10.204194696096774 -4.966186271093947 1.5
    endloop
  endfacet
  facet normal 0.5224985647159484 0.8526401643540924 0
    outer loop
      vertex 10.204194696096774 -4.966186271093947 0
      vertex 9.7024643740233 -4.6587255342936205 1.5
      vertex 10.204194696096774 -4.966186271093947 1.5
    endloop
  endfacet
  facet normal 0.2334453638559054 0.9723699203976767 0
    outer loop
      vertex 9.158813728906052 -4.433538063893174 0
      vertex 8.586629243900866 -4.2961687227682335 1.5
      vertex 9.158813728906052 -4.433538063893174 1.5
    endloop
  endfacet
  facet normal 0.76040596560003 0.6494480483301847 0
    outer loop
      vertex 10.651650429449553 -5.348349570550447 0
      vertex 11.033813728906054 -5.795805303903226 1.5
      vertex 11.033813728906054 -5.795805303903226 0
    endloop
  endfacet
  facet normal 0.6494480483301838 0.7604059656000308 0
    outer loop
      vertex 10.651650429449553 -5.348349570550447 0
      vertex 10.204194696096774 -4.966186271093947 0
      vertex 10.204194696096774 -4.966186271093947 1.5
    endloop
  endfacet
  facet normal 0.6494480483301838 0.7604059656000308 0
    outer loop
      vertex 10.651650429449553 -5.348349570550447 0
      vertex 10.204194696096774 -4.966186271093947 1.5
      vertex 10.651650429449553 -5.348349570550447 1.5
    endloop
  endfacet
  facet normal 0.76040596560003 0.6494480483301847 0
    outer loop
      vertex 10.651650429449553 -5.348349570550447 0
      vertex 10.651650429449553 -5.348349570550447 1.5
      vertex 11.033813728906054 -5.795805303903226 1.5
    endloop
  endfacet
  facet normal -0.76040596560003 -0.6494480483301847 0
    outer loop
      vertex -11.033813728906054 -10.204194696096774 0
      vertex -10.651650429449553 -10.651650429449553 0
      vertex -11.033813728906054 -10.204194696096774 1.5
    endloop
  endfacet
  facet normal -0.6494480483301847 -0.76040596560003 0
    outer loop
      vertex -10.204194696096774 -11.033813728906054 0
      vertex -10.204194696096774 -11.033813728906054 1.5
      vertex -10.651650429449553 -10.651650429449553 0
    endloop
  endfacet
  facet normal -0.76040596560003 -0.6494480483301847 0
    outer loop
      vertex -10.651650429449553 -10.651650429449553 0
      vertex -10.651650429449553 -10.651650429449553 1.5
      vertex -11.033813728906054 -10.204194696096774 1.5
    endloop
  endfacet
  facet normal -0.6494480483301847 -0.76040596560003 0
    outer loop
      vertex -10.651650429449553 -10.651650429449553 0
      vertex -10.204194696096774 -11.033813728906054 1.5
      vertex -10.651650429449553 -10.651650429449553 1.5
    endloop
  endfacet
  facet normal -0.8526401643540924 -0.5224985647159484 0
    outer loop
      vertex -11.033813728906054 -10.204194696096774 0
      vertex -11.34127446570638 -9.7024643740233 1.5
      vertex -11.34127446570638 -9.7024643740233 0
    endloop
  endfacet
  facet normal -0.9238795325112873 -0.38268343236508856 0
    outer loop
      vertex -11.34127446570638 -9.7024643740233 0
      vertex -11.566461936106826 -9.158813728906052 1.5
      vertex -11.566461936106826 -9.158813728906052 0
    endloop
  endfacet
  facet normal 0 0 -1
    outer loop
      vertex -10.204194696096774 -11.033813728906054 0
      vertex -10.651650429449553 -10.651650429449553 0
      vertex -10.204194696096774 -4.966186271093947 0
    endloop
  endfacet
  facet normal -0.8526401643540924 -0.5224985647159484 0
    outer loop
      vertex -11.033813728906054 -10.204194696096774 0
      vertex -11.033813728906054 -10.204194696096774 1.5
      vertex -11.34127446570638 -9.7024643740233 1.5
    endloop
  endfacet
  facet normal -0.9238795325112873 -0.38268343236508856 0
    outer loop
      vertex -11.34127446570638 -9.7024643740233 0
      vertex -11.34127446570638 -9.7024643740233 1.5
      vertex -11.566461936106826 -9.158813728906052 1.5
    endloop
  endfacet
  facet normal -0.9723699203976763 -0.23344536385590683 0
    outer loop
      vertex -11.566461936106826 -9.158813728906052 0
      vertex -11.566461936106826 -9.158813728906052 1.5
      vertex -11.703831277231767 -8.586629243900866 1.5
    endloop
  endfacet
  facet normal 0 0 1
    outer loop
      vertex -11.033813728906054 -10.204194696096774 1.5
      vertex -10.651650429449553 -10.651650429449553 1.5
      vertex -11.033813728906054 -5.795805303903226 1.5
    endloop
  endfacet
  facet normal 0 0 1
    outer loop
      vertex -10.204194696096774 -11.033813728906054 1.5
      vertex -10.651650429449553 -5.348349570550447 1.5
      vertex -10.651650429449553 -10.651650429449553 1.5
    endloop
  endfacet
  facet normal -0.5224985647159484 -0.8526401643540924 0
    outer loop
      vertex -10.204194696096774 -11.033813728906054 0
      vertex -9.7024643740233 -11.34127446570638 0
      vertex -9.7024643740233 -11.34127446570638 1.5
    endloop
  endfacet
  facet normal -0.38268343236508856 -0.9238795325112873 0
    outer loop
      vertex -9.7024643740233 -11.34127446570638 0
      vertex -9.158813728906052 -11.566461936106826 0
      vertex -9.158813728906052 -11.566461936106826 1.5
    endloop
  endfacet
  facet normal -0.5224985647159484 -0.8526401643540924 0
    outer loop
      vertex -10.204194696096774 -11.033813728906054 0
      vertex -9.7024643740233 -11.34127446570638 1.5
      vertex -10.204194696096774 -11.033813728906054 1.5
    endloop
  endfacet
  facet normal -0.38268343236508856 -0.9238795325112873 0
    outer loop
      vertex -9.7024643740233 -11.34127446570638 0
      vertex -9.158813728906052 -11.566461936106826 1.5
      vertex -9.7024643740233 -11.34127446570638 1.5
    endloop
  endfacet
  facet normal -0.23344536385590683 -0.9723699203976763 0
    outer loop
      vertex -9.158813728906052 -11.566461936106826 0
      vertex -8.586629243900866 -11.703831277231767 1.5
      vertex -9.158813728906052 -11.566461936106826 1.5
    endloop
  endfacet
  facet normal 0 0 1
    outer loop
      vertex -9.158813728906052 -11.566461936106826 1.5
      vertex -8.586629243900866 -11.703831277231767 1.5
      vertex -8.907980999479093 -9.782013048376736 1.5
    endloop
  endfacet
  facet normal 0 0 1
    outer loop
      vertex -9.7024643740233 -11.34127446570638 1.5
      vertex -9.158813728906052 -11.566461936106826 1.5
      vertex -9.414213562373096 -9.414213562373096 1.5
    endloop
  endfacet
  facet normal 0 0 1
    outer loop
      vertex -9.158813728906052 -11.566461936106826 1.5
      vertex -8.907980999479093 -9.782013048376736 1.5
      vertex -9.175570504584947 -9.618033988749895 1.5
    endloop
  endfacet
  facet normal 0 0 -1
    outer loop
      vertex -10.204194696096774 -11.033813728906054 0
      vertex -9.7024643740233 -4.6587255342936205 0
      vertex -9.7024643740233 -11.34127446570638 0
    endloop
  endfacet
  facet normal 0 0 -1
    outer loop
      vertex -9.7024643740233 -11.34127446570638 0
      vertex -9.158813728906052 -4.433538063893174 0
      vertex -9.158813728906052 -11.566461936106826 0
    endloop
  endfacet
  facet normal 0 0 1
    outer loop
      vertex -10.204194696096774 -11.033813728906054 1.5
      vertex -9.7024643740233 -11.34127446570638 1.5
      vertex -9.975376681190276 -8.312868930080462 1.5
    endloop
  endfacet
  facet normal 0 0 1
    outer loop
      vertex -9.7024643740233 -11.34127446570638 1.5
      vertex -9.414213562373096 -9.414213562373096 1.5
      vertex -9.618033988749895 -9.175570504584947 1.5
    endloop
  endfacet
  facet normal 0 0 1
    outer loop
      vertex -9.7024643740233 -11.34127446570638 1.5
      vertex -9.782013048376736 -8.907980999479093 1.5
      vertex -9.902113032590307 -8.618033988749895 1.5
    endloop
  endfacet
  facet normal 0 0 1
    outer loop
      vertex -9.7024643740233 -11.34127446570638 1.5
      vertex -9.618033988749895 -9.175570504584947 1.5
      vertex -9.782013048376736 -8.907980999479093 1.5
    endloop
  endfacet
  facet normal 0 0 1
    outer loop
      vertex -10.204194696096774 -11.033813728906054 1.5
      vertex -9.975376681190276 -8.312868930080462 1.5
      vertex -10 -8 1.5
    endloop
  endfacet
  facet normal 0 0 1
    outer loop
      vertex -9.7024643740233 -11.34127446570638 1.5
      vertex -9.902113032590307 -8.618033988749895 1.5
      vertex -9.975376681190276 -8.312868930080462 1.5
    endloop
  endfacet
  facet normal 0 0 1
    outer loop
      vertex -9.158813728906052 -11.566461936106826 1.5
      vertex -9.175570504584947 -9.618033988749895 1.5
      vertex -9.414213562373096 -9.414213562373096 1.5
    endloop
  endfacet
  facet normal 0 0 -1
    outer loop
      vertex -11.566461936106826 -9.158813728906052 0
      vertex -11.703831277231767 -8.586629243900866 0
      vertex -11.566461936106826 -6.841186271093948 0
    endloop
  endfacet
  facet normal 0 0 -1
    outer loop
      vertex -11.34127446570638 -9.7024643740233 0
      vertex -11.566461936106826 -9.158813728906052 0
      vertex -11.34127446570638 -6.2975356259767 0
    endloop
  endfacet
  facet normal 0 0 -1
    outer loop
      vertex -11.033813728906054 -10.204194696096774 0
      vertex -11.34127446570638 -9.7024643740233 0
      vertex -11.033813728906054 -5.795805303903226 0
    endloop
  endfacet
  facet normal -0.9723699203976763 -0.23344536385590683 0
    outer loop
      vertex -11.566461936106826 -9.158813728906052 0
      vertex -11.703831277231767 -8.586629243900866 1.5
      vertex -11.703831277231767 -8.586629243900866 0
    endloop
  endfacet
  facet normal -0.9969173337331282 -0.07845909572784332 0
    outer loop
      vertex -11.703831277231767 -8.586629243900866 0
      vertex -11.75 -8 1.5
      vertex -11.75 -8 0
    endloop
  endfacet
  facet normal 0 0 -1
    outer loop
      vertex -11.703831277231767 -8.586629243900866 0
      vertex -11.75 -8 0
      vertex -11.703831277231767 -7.413370756099134 0
    endloop
  endfacet
  facet normal 0 0 -1
    outer loop
      vertex -11.703831277231767 -8.586629243900866 0
      vertex -11.703831277231767 -7.413370756099134 0
      vertex -11.566461936106826 -6.841186271093948 0
    endloop
  endfacet
  facet normal 0 0 -1
    outer loop
      vertex -11.566461936106826 -9.158813728906052 0
      vertex -11.566461936106826 -6.841186271093948 0
      vertex -11.34127446570638 -6.2975356259767 0
    endloop
  endfacet
  facet normal -0.9969173337331282 0.07845909572784332 0
    outer loop
      vertex -11.75 -8 0
      vertex -11.703831277231767 -7.413370756099134 1.5
      vertex -11.703831277231767 -7.413370756099134 0
    endloop
  endfacet
  facet normal 0 0 -1
    outer loop
      vertex -11.033813728906054 -10.204194696096774 0
      vertex -10.651650429449553 -5.348349570550447 0
      vertex -10.651650429449553 -10.651650429449553 0
    endloop
  endfacet
  facet normal -0.9969173337331282 -0.07845909572784332 0
    outer loop
      vertex -11.703831277231767 -8.586629243900866 0
      vertex -11.703831277231767 -8.586629243900866 1.5
      vertex -11.75 -8 1.5
    endloop
  endfacet
  facet normal 0 0 1
    outer loop
      vertex -11.34127446570638 -9.7024643740233 1.5
      vertex -11.566461936106826 -6.841186271093948 1.5
      vertex -11.566461936106826 -9.158813728906052 1.5
    endloop
  endfacet
  facet normal 0 0 1
    outer loop
      vertex -11.566461936106826 -9.158813728906052 1.5
      vertex -11.703831277231767 -7.413370756099134 1.5
      vertex -11.703831277231767 -8.586629243900866 1.5
    endloop
  endfacet
  facet normal 0 0 1
    outer loop
      vertex -11.033813728906054 -10.204194696096774 1.5
      vertex -11.34127446570638 -6.2975356259767 1.5
      vertex -11.34127446570638 -9.7024643740233 1.5
    endloop
  endfacet
  facet normal -0.9969173337331282 0.07845909572784332 0
    outer loop
      vertex -11.75 -8 0
      vertex -11.75 -8 1.5
      vertex -11.703831277231767 -7.413370756099134 1.5
    endloop
  endfacet
  facet normal 0 0 1
    outer loop
      vertex -11.703831277231767 -8.586629243900866 1.5
      vertex -11.703831277231767 -7.413370756099134 1.5
      vertex -11.75 -8 1.5
    endloop
  endfacet
  facet normal 0 0 1
    outer loop
      vertex -11.566461936106826 -9.158813728906052 1.5
      vertex -11.566461936106826 -6.841186271093948 1.5
      vertex -11.703831277231767 -7.413370756099134 1.5
    endloop
  endfacet
  facet normal 0 0 1
    outer loop
      vertex -11.34127446570638 -9.7024643740233 1.5
      vertex -11.34127446570638 -6.2975356259767 1.5
      vertex -11.566461936106826 -6.841186271093948 1.5
    endloop
  endfacet
  facet normal 0 0 1
    outer loop
      vertex -11.033813728906054 -10.204194696096774 1.5
      vertex -11.033813728906054 -5.795805303903226 1.5
      vertex -11.34127446570638 -6.2975356259767 1.5
    endloop
  endfacet
  facet normal 0 0 -1
    outer loop
      vertex -11.34127446570638 -9.7024643740233 0
      vertex -11.34127446570638 -6.2975356259767 0
      vertex -11.033813728906054 -5.795805303903226 0
    endloop
  endfacet
  facet normal -0.9723699203976763 0.23344536385590683 0
    outer loop
      vertex -11.703831277231767 -7.413370756099134 0
      vertex -11.566461936106826 -6.841186271093948 1.5
      vertex -11.566461936106826 -6.841186271093948 0
    endloop
  endfacet
  facet normal -0.9238795325112873 0.38268343236508856 0
    outer loop
      vertex -11.566461936106826 -6.841186271093948 0
      vertex -11.34127446570638 -6.2975356259767 1.5
      vertex -11.34127446570638 -6.2975356259767 0
    endloop
  endfacet
  facet normal -0.8526401643540924 0.5224985647159484 0
    outer loop
      vertex -11.34127446570638 -6.2975356259767 0
      vertex -11.033813728906054 -5.795805303903226 1.5
      vertex -11.033813728906054 -5.795805303903226 0
    endloop
  endfacet
  facet normal 0 0 -1
    outer loop
      vertex -11.033813728906054 -10.204194696096774 0
      vertex -11.033813728906054 -5.795805303903226 0
      vertex -10.651650429449553 -5.348349570550447 0
    endloop
  endfacet
  facet normal 0 0 -1
    outer loop
      vertex -10.651650429449553 -10.651650429449553 0
      vertex -10.651650429449553 -5.348349570550447 0
      vertex -10.204194696096774 -4.966186271093947 0
    endloop
  endfacet
  facet normal -0.9723699203976763 0.23344536385590683 0
    outer loop
      vertex -11.703831277231767 -7.413370756099134 0
      vertex -11.703831277231767 -7.413370756099134 1.5
      vertex -11.566461936106826 -6.841186271093948 1.5
    endloop
  endfacet
  facet normal -0.9238795325112873 0.38268343236508856 0
    outer loop
      vertex -11.566461936106826 -6.841186271093948 0
      vertex -11.566461936106826 -6.841186271093948 1.5
      vertex -11.34127446570638 -6.2975356259767 1.5
    endloop
  endfacet
  facet normal -0.8526401643540924 0.5224985647159484 0
    outer loop
      vertex -11.34127446570638 -6.2975356259767 0
      vertex -11.34127446570638 -6.2975356259767 1.5
      vertex -11.033813728906054 -5.795805303903226 1.5
    endloop
  endfacet
  facet normal 0 0 1
    outer loop
      vertex -10.651650429449553 -10.651650429449553 1.5
      vertex -10.651650429449553 -5.348349570550447 1.5
      vertex -11.033813728906054 -5.795805303903226 1.5
    endloop
  endfacet
  facet normal 0 0 1
    outer loop
      vertex -10.204194696096774 -11.033813728906054 1.5
      vertex -10.204194696096774 -4.966186271093947 1.5
      vertex -10.651650429449553 -5.348349570550447 1.5
    endloop
  endfacet
  facet normal 0 0 1
    outer loop
      vertex -10.204194696096774 -11.033813728906054 1.5
      vertex -10 -8 1.5
      vertex -10.204194696096774 -4.966186271093947 1.5
    endloop
  endfacet
  facet normal 0 0 -1
    outer loop
      vertex -10.204194696096774 -11.033813728906054 0
      vertex -10.204194696096774 -4.966186271093947 0
      vertex -9.7024643740233 -4.6587255342936205 0
    endloop
  endfacet
  facet normal 0 0 -1
    outer loop
      vertex -9.7024643740233 -11.34127446570638 0
      vertex -9.7024643740233 -4.6587255342936205 0
      vertex -9.158813728906052 -4.433538063893174 0
    endloop
  endfacet
  facet normal 0 0 -1
    outer loop
      vertex -9.158813728906052 -11.566461936106826 0
      vertex -9.158813728906052 -4.433538063893174 0
      vertex -8.586629243900866 -4.2961687227682335 0
    endloop
  endfacet
  facet normal 0 0 1
    outer loop
      vertex -10.204194696096774 -4.966186271093947 1.5
      vertex -10 -8 1.5
      vertex -9.975376681190276 -7.6871310699195385 1.5
    endloop
  endfacet
  facet normal 0 0 1
    outer loop
      vertex -10.204194696096774 -4.966186271093947 1.5
      vertex -9.975376681190276 -7.6871310699195385 1.5
      vertex -9.902113032590307 -7.381966011250105 1.5
    endloop
  endfacet
  facet normal 0 0 1
    outer loop
      vertex -10.204194696096774 -4.966186271093947 1.5
      vertex -9.902113032590307 -7.381966011250105 1.5
      vertex -9.782013048376736 -7.0920190005209065 1.5
    endloop
  endfacet
  facet normal 0 0 1
    outer loop
      vertex -10.204194696096774 -4.966186271093947 1.5
      vertex -9.782013048376736 -7.0920190005209065 1.5
      vertex -9.618033988749895 -6.824429495415053 1.5
    endloop
  endfacet
  facet normal 0 0 1
    outer loop
      vertex -9.7024643740233 -4.6587255342936205 1.5
      vertex -9.618033988749895 -6.824429495415053 1.5
      vertex -9.414213562373096 -6.585786437626905 1.5
    endloop
  endfacet
  facet normal 0 0 1
    outer loop
      vertex -9.7024643740233 -4.6587255342936205 1.5
      vertex -9.414213562373096 -6.585786437626905 1.5
      vertex -9.175570504584947 -6.381966011250105 1.5
    endloop
  endfacet
  facet normal -0.23344536385590683 -0.9723699203976763 0
    outer loop
      vertex -9.158813728906052 -11.566461936106826 0
      vertex -8.586629243900866 -11.703831277231767 0
      vertex -8.586629243900866 -11.703831277231767 1.5
    endloop
  endfacet
  facet normal -0.07845909572784332 -0.9969173337331282 0
    outer loop
      vertex -8.586629243900866 -11.703831277231767 0
      vertex -8 -11.75 0
      vertex -8 -11.75 1.5
    endloop
  endfacet
  facet normal 0.07845909572784332 -0.9969173337331282 0
    outer loop
      vertex -8 -11.75 0
      vertex -7.413370756099134 -11.703831277231767 0
      vertex -7.413370756099134 -11.703831277231767 1.5
    endloop
  endfacet
  facet normal -0.07845909572784332 -0.9969173337331282 0
    outer loop
      vertex -8.586629243900866 -11.703831277231767 0
      vertex -8 -11.75 1.5
      vertex -8.586629243900866 -11.703831277231767 1.5
    endloop
  endfacet
  facet normal 0 0 1
    outer loop
      vertex -8.586629243900866 -11.703831277231767 1.5
      vertex -8 -11.75 1.5
      vertex -8.312868930080462 -9.975376681190276 1.5
    endloop
  endfacet
  facet normal 0 0 1
    outer loop
      vertex -8.586629243900866 -11.703831277231767 1.5
      vertex -8.618033988749895 -9.902113032590307 1.5
      vertex -8.907980999479093 -9.782013048376736 1.5
    endloop
  endfacet
  facet normal 0 0 1
    outer loop
      vertex -8.586629243900866 -11.703831277231767 1.5
      vertex -8.312868930080462 -9.975376681190276 1.5
      vertex -8.618033988749895 -9.902113032590307 1.5
    endloop
  endfacet
  facet normal 0 0 1
    outer loop
      vertex -8 -11.75 1.5
      vertex -8 -10 1.5
      vertex -8.312868930080462 -9.975376681190276 1.5
    endloop
  endfacet
  facet normal 0.07845909572784332 -0.9969173337331282 0
    outer loop
      vertex -8 -11.75 0
      vertex -7.413370756099134 -11.703831277231767 1.5
      vertex -8 -11.75 1.5
    endloop
  endfacet
  facet normal 0 0 1
    outer loop
      vertex -8 -11.75 1.5
      vertex -7.413370756099134 -11.703831277231767 1.5
      vertex -7.6871310699195385 -9.975376681190276 1.5
    endloop
  endfacet
  facet normal 0 0 1
    outer loop
      vertex -8 -11.75 1.5
      vertex -7.6871310699195385 -9.975376681190276 1.5
      vertex -8 -10 1.5
    endloop
  endfacet
  facet normal 0 0 -1
    outer loop
      vertex -9.158813728906052 -11.566461936106826 0
      vertex -8.586629243900866 -4.2961687227682335 0
      vertex -8.586629243900866 -11.703831277231767 0
    endloop
  endfacet
  facet normal 0 0 -1
    outer loop
      vertex -8.586629243900866 -11.703831277231767 0
      vertex -8 -4.25 0
      vertex -8 -11.75 0
    endloop
  endfacet
  facet normal 0 0 -1
    outer loop
      vertex -8 -11.75 0
      vertex -7.413370756099134 -4.2961687227682335 0
      vertex -7.413370756099134 -11.703831277231767 0
    endloop
  endfacet
  facet normal 0.23344536385590683 -0.9723699203976763 0
    outer loop
      vertex -7.413370756099134 -11.703831277231767 0
      vertex -6.841186271093948 -11.566461936106826 0
      vertex -6.841186271093948 -11.566461936106826 1.5
    endloop
  endfacet
  facet normal 0.38268343236508856 -0.9238795325112873 0
    outer loop
      vertex -6.841186271093948 -11.566461936106826 0
      vertex -6.2975356259767 -11.34127446570638 0
      vertex -6.2975356259767 -11.34127446570638 1.5
    endloop
  endfacet
  facet normal 0.5224985647159484 -0.8526401643540924 0
    outer loop
      vertex -6.2975356259767 -11.34127446570638 0
      vertex -5.795805303903226 -11.033813728906054 0
      vertex -5.795805303903226 -11.033813728906054 1.5
    endloop
  endfacet
  facet normal 0.23344536385590683 -0.9723699203976763 0
    outer loop
      vertex -7.413370756099134 -11.703831277231767 0
      vertex -6.841186271093948 -11.566461936106826 1.5
      vertex -7.413370756099134 -11.703831277231767 1.5
    endloop
  endfacet
  facet normal 0.38268343236508856 -0.9238795325112873 0
    outer loop
      vertex -6.841186271093948 -11.566461936106826 0
      vertex -6.2975356259767 -11.34127446570638 1.5
      vertex -6.841186271093948 -11.566461936106826 1.5
    endloop
  endfacet
  facet normal 0 0 1
    outer loop
      vertex -7.413370756099134 -11.703831277231767 1.5
      vertex -6.841186271093948 -11.566461936106826 1.5
      vertex -7.6871310699195385 -9.975376681190276 1.5
    endloop
  endfacet
  facet normal 0 0 1
    outer loop
      vertex -6.841186271093948 -11.566461936106826 1.5
      vertex -7.381966011250105 -9.902113032590307 1.5
      vertex -7.6871310699195385 -9.975376681190276 1.5
    endloop
  endfacet
  facet normal 0 0 1
    outer loop
      vertex -6.841186271093948 -11.566461936106826 1.5
      vertex -7.0920190005209065 -9.782013048376736 1.5
      vertex -7.381966011250105 -9.902113032590307 1.5
    endloop
  endfacet
  facet normal 0 0 1
    outer loop
      vertex -6.841186271093948 -11.566461936106826 1.5
      vertex -6.2975356259767 -11.34127446570638 1.5
      vertex -7.0920190005209065 -9.782013048376736 1.5
    endloop
  endfacet
  facet normal 0.5224985647159484 -0.8526401643540924 0
    outer loop
      vertex -6.2975356259767 -11.34127446570638 0
      vertex -5.795805303903226 -11.033813728906054 1.5
      vertex -6.2975356259767 -11.34127446570638 1.5
    endloop
  endfacet
  facet normal 0 0 1
    outer loop
      vertex -6.2975356259767 -11.34127446570638 1.5
      vertex -5.795805303903226 -11.033813728906054 1.5
      vertex -6.381966011250105 -9.175570504584947 1.5
    endloop
  endfacet
  facet normal 0 0 -1
    outer loop
      vertex -7.413370756099134 -11.703831277231767 0
      vertex -6.841186271093948 -4.433538063893174 0
      vertex -6.841186271093948 -11.566461936106826 0
    endloop
  endfacet
  facet normal 0 0 -1
    outer loop
      vertex -6.841186271093948 -11.566461936106826 0
      vertex -6.2975356259767 -4.6587255342936205 0
      vertex -6.2975356259767 -11.34127446570638 0
    endloop
  endfacet
  facet normal 0 0 -1
    outer loop
      vertex -6.2975356259767 -11.34127446570638 0
      vertex -5.795805303903226 -4.966186271093947 0
      vertex -5.795805303903226 -11.033813728906054 0
    endloop
  endfacet
  facet normal 0 0 1
    outer loop
      vertex -6.2975356259767 -11.34127446570638 1.5
      vertex -6.824429495415053 -9.618033988749895 1.5
      vertex -7.0920190005209065 -9.782013048376736 1.5
    endloop
  endfacet
  facet normal 0 0 1
    outer loop
      vertex -6.2975356259767 -11.34127446570638 1.5
      vertex -6.585786437626905 -9.414213562373096 1.5
      vertex -6.824429495415053 -9.618033988749895 1.5
    endloop
  endfacet
  facet normal 0 0 1
    outer loop
      vertex -6.2975356259767 -11.34127446570638 1.5
      vertex -6.381966011250105 -9.175570504584947 1.5
      vertex -6.585786437626905 -9.414213562373096 1.5
    endloop
  endfacet
  facet normal 0 0 1
    outer loop
      vertex -5.795805303903226 -11.033813728906054 1.5
      vertex -6.217986951623264 -8.907980999479093 1.5
      vertex -6.381966011250105 -9.175570504584947 1.5
    endloop
  endfacet
  facet normal 0 0 1
    outer loop
      vertex -5.795805303903226 -11.033813728906054 1.5
      vertex -6.097886967409693 -8.618033988749895 1.5
      vertex -6.217986951623264 -8.907980999479093 1.5
    endloop
  endfacet
  facet normal 0 0 1
    outer loop
      vertex -5.795805303903226 -11.033813728906054 1.5
      vertex -6.0246233188097245 -8.312868930080462 1.5
      vertex -6.097886967409693 -8.618033988749895 1.5
    endloop
  endfacet
  facet normal 0 0 1
    outer loop
      vertex -5.795805303903226 -11.033813728906054 1.5
      vertex -6 -8 1.5
      vertex -6.0246233188097245 -8.312868930080462 1.5
    endloop
  endfacet
  facet normal 0 0 -1
    outer loop
      vertex -8.586629243900866 -11.703831277231767 0
      vertex -8.586629243900866 -4.2961687227682335 0
      vertex -8 -4.25 0
    endloop
  endfacet
  facet normal 0 0 -1
    outer loop
      vertex -8 -11.75 0
      vertex -8 -4.25 0
      vertex -7.413370756099134 -4.2961687227682335 0
    endloop
  endfacet
  facet normal 0 0 -1
    outer loop
      vertex -7.413370756099134 -11.703831277231767 0
      vertex -7.413370756099134 -4.2961687227682335 0
      vertex -6.841186271093948 -4.433538063893174 0
    endloop
  endfacet
  facet normal 0 0 -1
    outer loop
      vertex -6.841186271093948 -11.566461936106826 0
      vertex -6.841186271093948 -4.433538063893174 0
      vertex -6.2975356259767 -4.6587255342936205 0
    endloop
  endfacet
  facet normal 0 0 -1
    outer loop
      vertex -6.2975356259767 -11.34127446570638 0
      vertex -6.2975356259767 -4.6587255342936205 0
      vertex -5.795805303903226 -4.966186271093947 0
    endloop
  endfacet
  facet normal 0 0 1
    outer loop
      vertex -5.795805303903226 -4.966186271093947 1.5
      vertex -6.0246233188097245 -7.6871310699195385 1.5
      vertex -6 -8 1.5
    endloop
  endfacet
  facet normal 0 0 1
    outer loop
      vertex -6.2975356259767 -4.6587255342936205 1.5
      vertex -6.381966011250105 -6.824429495415053 1.5
      vertex -6.217986951623264 -7.0920190005209065 1.5
    endloop
  endfacet
  facet normal 0 0 1
    outer loop
      vertex -6.2975356259767 -4.6587255342936205 1.5
      vertex -6.585786437626905 -6.585786437626905 1.5
      vertex -6.381966011250105 -6.824429495415053 1.5
    endloop
  endfacet
  facet normal 0 0 1
    outer loop
      vertex -6.2975356259767 -4.6587255342936205 1.5
      vertex -6.097886967409693 -7.381966011250105 1.5
      vertex -6.0246233188097245 -7.6871310699195385 1.5
    endloop
  endfacet
  facet normal 0 0 1
    outer loop
      vertex -6.2975356259767 -4.6587255342936205 1.5
      vertex -6.217986951623264 -7.0920190005209065 1.5
      vertex -6.097886967409693 -7.381966011250105 1.5
    endloop
  endfacet
  facet normal -0.76040596560003 0.6494480483301847 0
    outer loop
      vertex -11.033813728906054 -5.795805303903226 0
      vertex -10.651650429449553 -5.348349570550447 1.5
      vertex -10.651650429449553 -5.348349570550447 0
    endloop
  endfacet
  facet normal -0.6494480483301838 0.7604059656000308 0
    outer loop
      vertex -10.651650429449553 -5.348349570550447 0
      vertex -10.651650429449553 -5.348349570550447 1.5
      vertex -10.204194696096774 -4.966186271093947 0
    endloop
  endfacet
  facet normal -0.76040596560003 0.6494480483301847 0
    outer loop
      vertex -11.033813728906054 -5.795805303903226 0
      vertex -11.033813728906054 -5.795805303903226 1.5
      vertex -10.651650429449553 -5.348349570550447 1.5
    endloop
  endfacet
  facet normal -0.6494480483301838 0.7604059656000308 0
    outer loop
      vertex -10.204194696096774 -4.966186271093947 0
      vertex -10.651650429449553 -5.348349570550447 1.5
      vertex -10.204194696096774 -4.966186271093947 1.5
    endloop
  endfacet
  facet normal -0.5224985647159484 0.8526401643540924 0
    outer loop
      vertex -10.204194696096774 -4.966186271093947 0
      vertex -10.204194696096774 -4.966186271093947 1.5
      vertex -9.7024643740233 -4.6587255342936205 0
    endloop
  endfacet
  facet normal -0.38268343236508984 0.9238795325112867 0
    outer loop
      vertex -9.7024643740233 -4.6587255342936205 0
      vertex -9.7024643740233 -4.6587255342936205 1.5
      vertex -9.158813728906052 -4.433538063893174 0
    endloop
  endfacet
  facet normal 0 0 1
    outer loop
      vertex -10.204194696096774 -4.966186271093947 1.5
      vertex -9.618033988749895 -6.824429495415053 1.5
      vertex -9.7024643740233 -4.6587255342936205 1.5
    endloop
  endfacet
  facet normal -0.5224985647159484 0.8526401643540924 0
    outer loop
      vertex -9.7024643740233 -4.6587255342936205 0
      vertex -10.204194696096774 -4.966186271093947 1.5
      vertex -9.7024643740233 -4.6587255342936205 1.5
    endloop
  endfacet
  facet normal 0 0 1
    outer loop
      vertex -9.7024643740233 -4.6587255342936205 1.5
      vertex -9.175570504584947 -6.381966011250105 1.5
      vertex -8.907980999479093 -6.217986951623264 1.5
    endloop
  endfacet
  facet normal 0 0 1
    outer loop
      vertex -9.158813728906052 -4.433538063893174 1.5
      vertex -8.907980999479093 -6.217986951623264 1.5
      vertex -8.618033988749895 -6.097886967409693 1.5
    endloop
  endfacet
  facet normal -0.38268343236508984 0.9238795325112867 0
    outer loop
      vertex -9.158813728906052 -4.433538063893174 0
      vertex -9.7024643740233 -4.6587255342936205 1.5
      vertex -9.158813728906052 -4.433538063893174 1.5
    endloop
  endfacet
  facet normal 0 0 1
    outer loop
      vertex -9.7024643740233 -4.6587255342936205 1.5
      vertex -8.907980999479093 -6.217986951623264 1.5
      vertex -9.158813728906052 -4.433538063893174 1.5
    endloop
  endfacet
  facet normal -0.2334453638559054 0.9723699203976767 0
    outer loop
      vertex -9.158813728906052 -4.433538063893174 0
      vertex -9.158813728906052 -4.433538063893174 1.5
      vertex -8.586629243900866 -4.2961687227682335 0
    endloop
  endfacet
  facet normal 0 0 1
    outer loop
      vertex -9.158813728906052 -4.433538063893174 1.5
      vertex -8.618033988749895 -6.097886967409693 1.5
      vertex -8.312868930080462 -6.0246233188097245 1.5
    endloop
  endfacet
  facet normal 0 0 1
    outer loop
      vertex -8 -4.25 1.5
      vertex -8.312868930080462 -6.0246233188097245 1.5
      vertex -8 -6 1.5
    endloop
  endfacet
  facet normal 0 0 1
    outer loop
      vertex -9.158813728906052 -4.433538063893174 1.5
      vertex -8.312868930080462 -6.0246233188097245 1.5
      vertex -8.586629243900866 -4.2961687227682335 1.5
    endloop
  endfacet
  facet normal 0 0 1
    outer loop
      vertex -8.586629243900866 -4.2961687227682335 1.5
      vertex -8.312868930080462 -6.0246233188097245 1.5
      vertex -8 -4.25 1.5
    endloop
  endfacet
  facet normal 0 0 1
    outer loop
      vertex -8 -4.25 1.5
      vertex -8 -6 1.5
      vertex -7.6871310699195385 -6.0246233188097245 1.5
    endloop
  endfacet
  facet normal 0 0 1
    outer loop
      vertex -7.413370756099134 -4.2961687227682335 1.5
      vertex -7.6871310699195385 -6.0246233188097245 1.5
      vertex -7.381966011250105 -6.097886967409693 1.5
    endloop
  endfacet
  facet normal 0 0 1
    outer loop
      vertex -8 -4.25 1.5
      vertex -7.6871310699195385 -6.0246233188097245 1.5
      vertex -7.413370756099134 -4.2961687227682335 1.5
    endloop
  endfacet
  facet normal -0.07845909572784482 0.996917333733128 0
    outer loop
      vertex -8.586629243900866 -4.2961687227682335 0
      vertex -8.586629243900866 -4.2961687227682335 1.5
      vertex -8 -4.25 0
    endloop
  endfacet
  facet normal 0.07845909572784482 0.996917333733128 0
    outer loop
      vertex -8 -4.25 0
      vertex -8 -4.25 1.5
      vertex -7.413370756099134 -4.2961687227682335 0
    endloop
  endfacet
  facet normal -0.2334453638559054 0.9723699203976767 0
    outer loop
      vertex -8.586629243900866 -4.2961687227682335 0
      vertex -9.158813728906052 -4.433538063893174 1.5
      vertex -8.586629243900866 -4.2961687227682335 1.5
    endloop
  endfacet
  facet normal -0.07845909572784482 0.996917333733128 0
    outer loop
      vertex -8.586629243900866 -4.2961687227682335 1.5
      vertex -8 -4.25 1.5
      vertex -8 -4.25 0
    endloop
  endfacet
  facet normal 0.07845909572784482 0.996917333733128 0
    outer loop
      vertex -7.413370756099134 -4.2961687227682335 0
      vertex -8 -4.25 1.5
      vertex -7.413370756099134 -4.2961687227682335 1.5
    endloop
  endfacet
  facet normal 0.38268343236508984 0.9238795325112867 0
    outer loop
      vertex -6.841186271093948 -4.433538063893174 0
      vertex -6.841186271093948 -4.433538063893174 1.5
      vertex -6.2975356259767 -4.6587255342936205 0
    endloop
  endfacet
  facet normal 0.5224985647159484 0.8526401643540924 0
    outer loop
      vertex -6.2975356259767 -4.6587255342936205 0
      vertex -6.2975356259767 -4.6587255342936205 1.5
      vertex -5.795805303903226 -4.966186271093947 0
    endloop
  endfacet
  facet normal 0 0 1
    outer loop
      vertex -7.413370756099134 -4.2961687227682335 1.5
      vertex -7.381966011250105 -6.097886967409693 1.5
      vertex -7.0920190005209065 -6.217986951623264 1.5
    endloop
  endfacet
  facet normal 0 0 1
    outer loop
      vertex -6.841186271093948 -4.433538063893174 1.5
      vertex -7.0920190005209065 -6.217986951623264 1.5
      vertex -6.824429495415053 -6.381966011250105 1.5
    endloop
  endfacet
  facet normal 0 0 1
    outer loop
      vertex -6.841186271093948 -4.433538063893174 1.5
      vertex -6.824429495415053 -6.381966011250105 1.5
      vertex -6.585786437626905 -6.585786437626905 1.5
    endloop
  endfacet
  facet normal 0 0 1
    outer loop
      vertex -7.413370756099134 -4.2961687227682335 1.5
      vertex -7.0920190005209065 -6.217986951623264 1.5
      vertex -6.841186271093948 -4.433538063893174 1.5
    endloop
  endfacet
  facet normal 0 0 1
    outer loop
      vertex -6.841186271093948 -4.433538063893174 1.5
      vertex -6.585786437626905 -6.585786437626905 1.5
      vertex -6.2975356259767 -4.6587255342936205 1.5
    endloop
  endfacet
  facet normal 0 0 1
    outer loop
      vertex -6.2975356259767 -4.6587255342936205 1.5
      vertex -6.0246233188097245 -7.6871310699195385 1.5
      vertex -5.795805303903226 -4.966186271093947 1.5
    endloop
  endfacet
  facet normal 0.38268343236508984 0.9238795325112867 0
    outer loop
      vertex -6.2975356259767 -4.6587255342936205 0
      vertex -6.841186271093948 -4.433538063893174 1.5
      vertex -6.2975356259767 -4.6587255342936205 1.5
    endloop
  endfacet
  facet normal 0.5224985647159484 0.8526401643540924 0
    outer loop
      vertex -5.795805303903226 -4.966186271093947 0
      vertex -6.2975356259767 -4.6587255342936205 1.5
      vertex -5.795805303903226 -4.966186271093947 1.5
    endloop
  endfacet
  facet normal 0.2334453638559054 0.9723699203976767 0
    outer loop
      vertex -7.413370756099134 -4.2961687227682335 0
      vertex -7.413370756099134 -4.2961687227682335 1.5
      vertex -6.841186271093948 -4.433538063893174 0
    endloop
  endfacet
  facet normal 0.2334453638559054 0.9723699203976767 0
    outer loop
      vertex -6.841186271093948 -4.433538063893174 0
      vertex -7.413370756099134 -4.2961687227682335 1.5
      vertex -6.841186271093948 -4.433538063893174 1.5
    endloop
  endfacet
  facet normal 0.6494480483301847 -0.76040596560003 0
    outer loop
      vertex -5.795805303903226 -11.033813728906054 0
      vertex -5.348349570550447 -10.651650429449553 0
      vertex -5.348349570550447 -10.651650429449553 1.5
    endloop
  endfacet
  facet normal 0.7604059656000308 -0.6494480483301838 0
    outer loop
      vertex -5.348349570550447 -10.651650429449553 0
      vertex -4.966186271093947 -10.204194696096774 0
      vertex -5.348349570550447 -10.651650429449553 1.5
    endloop
  endfacet
  facet normal 0.6494480483301847 -0.76040596560003 0
    outer loop
      vertex -5.795805303903226 -11.033813728906054 0
      vertex -5.348349570550447 -10.651650429449553 1.5
      vertex -5.795805303903226 -11.033813728906054 1.5
    endloop
  endfacet
  facet normal 0.7604059656000308 -0.6494480483301838 0
    outer loop
      vertex -4.966186271093947 -10.204194696096774 0
      vertex -4.966186271093947 -10.204194696096774 1.5
      vertex -5.348349570550447 -10.651650429449553 1.5
    endloop
  endfacet
  facet normal 0 0 -1
    outer loop
      vertex -5.795805303903226 -11.033813728906054 0
      vertex -5.348349570550447 -5.348349570550447 0
      vertex -5.348349570550447 -10.651650429449553 0
    endloop
  endfacet
  facet normal 0.8526401643540924 -0.5224985647159484 0
    outer loop
      vertex -4.966186271093947 -10.204194696096774 0
      vertex -4.6587255342936205 -9.7024643740233 0
      vertex -4.966186271093947 -10.204194696096774 1.5
    endloop
  endfacet
  facet normal 0 0 -1
    outer loop
      vertex -5.348349570550447 -10.651650429449553 0
      vertex -4.966186271093947 -5.795805303903226 0
      vertex -4.966186271093947 -10.204194696096774 0
    endloop
  endfacet
  facet normal 0.9238795325112867 -0.38268343236508984 0
    outer loop
      vertex -4.6587255342936205 -9.7024643740233 0
      vertex -4.433538063893174 -9.158813728906052 0
      vertex -4.6587255342936205 -9.7024643740233 1.5
    endloop
  endfacet
  facet normal 0 0 1
    outer loop
      vertex -5.795805303903226 -11.033813728906054 1.5
      vertex -5.348349570550447 -10.651650429449553 1.5
      vertex -5.795805303903226 -4.966186271093947 1.5
    endloop
  endfacet
  facet normal 0.8526401643540924 -0.5224985647159484 0
    outer loop
      vertex -4.6587255342936205 -9.7024643740233 0
      vertex -4.6587255342936205 -9.7024643740233 1.5
      vertex -4.966186271093947 -10.204194696096774 1.5
    endloop
  endfacet
  facet normal 0.9238795325112867 -0.38268343236508984 0
    outer loop
      vertex -4.433538063893174 -9.158813728906052 0
      vertex -4.433538063893174 -9.158813728906052 1.5
      vertex -4.6587255342936205 -9.7024643740233 1.5
    endloop
  endfacet
  facet normal 0.9723699203976767 -0.2334453638559054 0
    outer loop
      vertex -4.433538063893174 -9.158813728906052 0
      vertex -4.2961687227682335 -8.586629243900866 0
      vertex -4.433538063893174 -9.158813728906052 1.5
    endloop
  endfacet
  facet normal 0 0 -1
    outer loop
      vertex -4.966186271093947 -10.204194696096774 0
      vertex -4.6587255342936205 -6.2975356259767 0
      vertex -4.6587255342936205 -9.7024643740233 0
    endloop
  endfacet
  facet normal 0 0 -1
    outer loop
      vertex -4.6587255342936205 -9.7024643740233 0
      vertex -4.433538063893174 -6.841186271093948 0
      vertex -4.433538063893174 -9.158813728906052 0
    endloop
  endfacet
  facet normal 0 0 -1
    outer loop
      vertex -4.966186271093947 -10.204194696096774 0
      vertex -4.966186271093947 -5.795805303903226 0
      vertex -4.6587255342936205 -6.2975356259767 0
    endloop
  endfacet
  facet normal 0 0 -1
    outer loop
      vertex -4.6587255342936205 -9.7024643740233 0
      vertex -4.6587255342936205 -6.2975356259767 0
      vertex -4.433538063893174 -6.841186271093948 0
    endloop
  endfacet
  facet normal 0 0 1
    outer loop
      vertex -5.348349570550447 -10.651650429449553 1.5
      vertex -4.966186271093947 -10.204194696096774 1.5
      vertex -5.348349570550447 -5.348349570550447 1.5
    endloop
  endfacet
  facet normal 0 0 1
    outer loop
      vertex -5.795805303903226 -11.033813728906054 1.5
      vertex -5.795805303903226 -4.966186271093947 1.5
      vertex -6 -8 1.5
    endloop
  endfacet
  facet normal 0 0 1
    outer loop
      vertex -4.966186271093947 -10.204194696096774 1.5
      vertex -4.6587255342936205 -9.7024643740233 1.5
      vertex -4.966186271093947 -5.795805303903226 1.5
    endloop
  endfacet
  facet normal 0 0 1
    outer loop
      vertex -4.6587255342936205 -9.7024643740233 1.5
      vertex -4.433538063893174 -9.158813728906052 1.5
      vertex -4.6587255342936205 -6.2975356259767 1.5
    endloop
  endfacet
  facet normal 0 0 1
    outer loop
      vertex -4.433538063893174 -9.158813728906052 1.5
      vertex -4.433538063893174 -6.841186271093948 1.5
      vertex -4.6587255342936205 -6.2975356259767 1.5
    endloop
  endfacet
  facet normal 0 0 -1
    outer loop
      vertex -5.795805303903226 -11.033813728906054 0
      vertex -5.795805303903226 -4.966186271093947 0
      vertex -5.348349570550447 -5.348349570550447 0
    endloop
  endfacet
  facet normal 0 0 -1
    outer loop
      vertex -5.348349570550447 -10.651650429449553 0
      vertex -5.348349570550447 -5.348349570550447 0
      vertex -4.966186271093947 -5.795805303903226 0
    endloop
  endfacet
  facet normal 0.9238795325112867 0.38268343236508984 0
    outer loop
      vertex -4.433538063893174 -6.841186271093948 0
      vertex -4.6587255342936205 -6.2975356259767 0
      vertex -4.433538063893174 -6.841186271093948 1.5
    endloop
  endfacet
  facet normal 0.8526401643540924 0.5224985647159484 0
    outer loop
      vertex -4.6587255342936205 -6.2975356259767 0
      vertex -4.966186271093947 -5.795805303903226 0
      vertex -4.6587255342936205 -6.2975356259767 1.5
    endloop
  endfacet
  facet normal 0 0 1
    outer loop
      vertex -5.348349570550447 -10.651650429449553 1.5
      vertex -5.348349570550447 -5.348349570550447 1.5
      vertex -5.795805303903226 -4.966186271093947 1.5
    endloop
  endfacet
  facet normal 0 0 1
    outer loop
      vertex -4.966186271093947 -10.204194696096774 1.5
      vertex -4.966186271093947 -5.795805303903226 1.5
      vertex -5.348349570550447 -5.348349570550447 1.5
    endloop
  endfacet
  facet normal 0 0 1
    outer loop
      vertex -4.6587255342936205 -9.7024643740233 1.5
      vertex -4.6587255342936205 -6.2975356259767 1.5
      vertex -4.966186271093947 -5.795805303903226 1.5
    endloop
  endfacet
  facet normal 0.8526401643540924 0.5224985647159484 0
    outer loop
      vertex -4.966186271093947 -5.795805303903226 0
      vertex -4.966186271093947 -5.795805303903226 1.5
      vertex -4.6587255342936205 -6.2975356259767 1.5
    endloop
  endfacet
  facet normal 0.9238795325112867 0.38268343236508984 0
    outer loop
      vertex -4.6587255342936205 -6.2975356259767 0
      vertex -4.6587255342936205 -6.2975356259767 1.5
      vertex -4.433538063893174 -6.841186271093948 1.5
    endloop
  endfacet
  facet normal 0 0 -1
    outer loop
      vertex -4.433538063893174 -9.158813728906052 0
      vertex -4.2961687227682335 -7.413370756099134 0
      vertex -4.2961687227682335 -8.586629243900866 0
    endloop
  endfacet
  facet normal 0.996917333733128 -0.07845909572784482 0
    outer loop
      vertex -4.2961687227682335 -8.586629243900866 0
      vertex -4.25 -8 0
      vertex -4.2961687227682335 -8.586629243900866 1.5
    endloop
  endfacet
  facet normal 0 0 -1
    outer loop
      vertex -4.2961687227682335 -8.586629243900866 0
      vertex -4.2961687227682335 -7.413370756099134 0
      vertex -4.25 -8 0
    endloop
  endfacet
  facet normal 0 0 -1
    outer loop
      vertex -4.433538063893174 -9.158813728906052 0
      vertex -4.433538063893174 -6.841186271093948 0
      vertex -4.2961687227682335 -7.413370756099134 0
    endloop
  endfacet
  facet normal 0.996917333733128 0.07845909572784482 0
    outer loop
      vertex -4.25 -8 0
      vertex -4.2961687227682335 -7.413370756099134 0
      vertex -4.25 -8 1.5
    endloop
  endfacet
  facet normal 0.9723699203976767 -0.2334453638559054 0
    outer loop
      vertex -4.2961687227682335 -8.586629243900866 0
      vertex -4.2961687227682335 -8.586629243900866 1.5
      vertex -4.433538063893174 -9.158813728906052 1.5
    endloop
  endfacet
  facet normal 0.996917333733128 -0.07845909572784482 0
    outer loop
      vertex -4.2961687227682335 -8.586629243900866 1.5
      vertex -4.25 -8 0
      vertex -4.25 -8 1.5
    endloop
  endfacet
  facet normal 0 0 1
    outer loop
      vertex -4.433538063893174 -9.158813728906052 1.5
      vertex -4.2961687227682335 -8.586629243900866 1.5
      vertex -4.433538063893174 -6.841186271093948 1.5
    endloop
  endfacet
  facet normal 0.996917333733128 0.07845909572784482 0
    outer loop
      vertex -4.2961687227682335 -7.413370756099134 0
      vertex -4.2961687227682335 -7.413370756099134 1.5
      vertex -4.25 -8 1.5
    endloop
  endfacet
  facet normal 0 0 1
    outer loop
      vertex -4.2961687227682335 -8.586629243900866 1.5
      vertex -4.25 -8 1.5
      vertex -4.2961687227682335 -7.413370756099134 1.5
    endloop
  endfacet
  facet normal 0 0 1
    outer loop
      vertex -4.2961687227682335 -8.586629243900866 1.5
      vertex -4.2961687227682335 -7.413370756099134 1.5
      vertex -4.433538063893174 -6.841186271093948 1.5
    endloop
  endfacet
  facet normal 0.9723699203976767 0.2334453638559054 0
    outer loop
      vertex -4.2961687227682335 -7.413370756099134 0
      vertex -4.433538063893174 -6.841186271093948 0
      vertex -4.2961687227682335 -7.413370756099134 1.5
    endloop
  endfacet
  facet normal 0.9723699203976767 0.2334453638559054 0
    outer loop
      vertex -4.433538063893174 -6.841186271093948 0
      vertex -4.433538063893174 -6.841186271093948 1.5
      vertex -4.2961687227682335 -7.413370756099134 1.5
    endloop
  endfacet
  facet normal 0.6494480483301838 0.7604059656000308 0
    outer loop
      vertex -5.348349570550447 -5.348349570550447 0
      vertex -5.795805303903226 -4.966186271093947 0
      vertex -5.795805303903226 -4.966186271093947 1.5
    endloop
  endfacet
  facet normal 0.7604059656000308 0.6494480483301838 0
    outer loop
      vertex -5.348349570550447 -5.348349570550447 0
      vertex -4.966186271093947 -5.795805303903226 1.5
      vertex -4.966186271093947 -5.795805303903226 0
    endloop
  endfacet
  facet normal 0.6494480483301838 0.7604059656000308 0
    outer loop
      vertex -5.348349570550447 -5.348349570550447 0
      vertex -5.795805303903226 -4.966186271093947 1.5
      vertex -5.348349570550447 -5.348349570550447 1.5
    endloop
  endfacet
  facet normal 0.7604059656000308 0.6494480483301838 0
    outer loop
      vertex -5.348349570550447 -5.348349570550447 0
      vertex -5.348349570550447 -5.348349570550447 1.5
      vertex -4.966186271093947 -5.795805303903226 1.5
    endloop
  endfacet
  facet normal -0.6494480483301838 -0.7604059656000308 0
    outer loop
      vertex -10.204194696096774 4.966186271093947 0
      vertex -10.204194696096774 4.966186271093947 1.5
      vertex -10.651650429449553 5.348349570550447 0
    endloop
  endfacet
  facet normal -0.76040596560003 -0.6494480483301847 0
    outer loop
      vertex -11.033813728906054 5.795805303903226 0
      vertex -10.651650429449553 5.348349570550447 0
      vertex -11.033813728906054 5.795805303903226 1.5
    endloop
  endfacet
  facet normal -0.76040596560003 -0.6494480483301847 0
    outer loop
      vertex -10.651650429449553 5.348349570550447 0
      vertex -10.651650429449553 5.348349570550447 1.5
      vertex -11.033813728906054 5.795805303903226 1.5
    endloop
  endfacet
  facet normal -0.6494480483301838 -0.7604059656000308 0
    outer loop
      vertex -10.651650429449553 5.348349570550447 0
      vertex -10.204194696096774 4.966186271093947 1.5
      vertex -10.651650429449553 5.348349570550447 1.5
    endloop
  endfacet
  facet normal -0.2334453638559054 -0.9723699203976767 0
    outer loop
      vertex -9.158813728906052 4.433538063893174 0
      vertex -8.586629243900866 4.2961687227682335 1.5
      vertex -9.158813728906052 4.433538063893174 1.5
    endloop
  endfacet
  facet normal -0.5224985647159484 -0.8526401643540924 0
    outer loop
      vertex -10.204194696096774 4.966186271093947 0
      vertex -9.7024643740233 4.6587255342936205 0
      vertex -9.7024643740233 4.6587255342936205 1.5
    endloop
  endfacet
  facet normal -0.38268343236508984 -0.9238795325112867 0
    outer loop
      vertex -9.7024643740233 4.6587255342936205 0
      vertex -9.158813728906052 4.433538063893174 0
      vertex -9.158813728906052 4.433538063893174 1.5
    endloop
  endfacet
  facet normal -0.5224985647159484 -0.8526401643540924 0
    outer loop
      vertex -10.204194696096774 4.966186271093947 0
      vertex -9.7024643740233 4.6587255342936205 1.5
      vertex -10.204194696096774 4.966186271093947 1.5
    endloop
  endfacet
  facet normal 0 0 1
    outer loop
      vertex -10.204194696096774 4.966186271093947 1.5
      vertex -9.7024643740233 4.6587255342936205 1.5
      vertex -9.975376681190276 7.6871310699195385 1.5
    endloop
  endfacet
  facet normal -0.38268343236508984 -0.9238795325112867 0
    outer loop
      vertex -9.7024643740233 4.6587255342936205 0
      vertex -9.158813728906052 4.433538063893174 1.5
      vertex -9.7024643740233 4.6587255342936205 1.5
    endloop
  endfacet
  facet normal 0 0 1
    outer loop
      vertex -9.158813728906052 4.433538063893174 1.5
      vertex -8.586629243900866 4.2961687227682335 1.5
      vertex -8.907980999479093 6.217986951623264 1.5
    endloop
  endfacet
  facet normal 0 0 1
    outer loop
      vertex -9.7024643740233 4.6587255342936205 1.5
      vertex -9.158813728906052 4.433538063893174 1.5
      vertex -9.414213562373096 6.585786437626905 1.5
    endloop
  endfacet
  facet normal 0 0 1
    outer loop
      vertex -9.158813728906052 4.433538063893174 1.5
      vertex -9.175570504584947 6.381966011250105 1.5
      vertex -9.414213562373096 6.585786437626905 1.5
    endloop
  endfacet
  facet normal 0 0 1
    outer loop
      vertex -9.158813728906052 4.433538063893174 1.5
      vertex -8.907980999479093 6.217986951623264 1.5
      vertex -9.175570504584947 6.381966011250105 1.5
    endloop
  endfacet
  facet normal -0.2334453638559054 -0.9723699203976767 0
    outer loop
      vertex -9.158813728906052 4.433538063893174 0
      vertex -8.586629243900866 4.2961687227682335 0
      vertex -8.586629243900866 4.2961687227682335 1.5
    endloop
  endfacet
  facet normal -0.07845909572784482 -0.996917333733128 0
    outer loop
      vertex -8.586629243900866 4.2961687227682335 0
      vertex -8 4.25 0
      vertex -8 4.25 1.5
    endloop
  endfacet
  facet normal 0.07845909572784482 -0.996917333733128 0
    outer loop
      vertex -8 4.25 0
      vertex -7.413370756099134 4.2961687227682335 0
      vertex -7.413370756099134 4.2961687227682335 1.5
    endloop
  endfacet
  facet normal -0.07845909572784482 -0.996917333733128 0
    outer loop
      vertex -8.586629243900866 4.2961687227682335 0
      vertex -8 4.25 1.5
      vertex -8.586629243900866 4.2961687227682335 1.5
    endloop
  endfacet
  facet normal 0.07845909572784482 -0.996917333733128 0
    outer loop
      vertex -8 4.25 0
      vertex -7.413370756099134 4.2961687227682335 1.5
      vertex -8 4.25 1.5
    endloop
  endfacet
  facet normal 0 0 1
    outer loop
      vertex -8.586629243900866 4.2961687227682335 1.5
      vertex -8 4.25 1.5
      vertex -8.312868930080462 6.0246233188097245 1.5
    endloop
  endfacet
  facet normal 0 0 1
    outer loop
      vertex -8.586629243900866 4.2961687227682335 1.5
      vertex -8.312868930080462 6.0246233188097245 1.5
      vertex -8.618033988749895 6.097886967409693 1.5
    endloop
  endfacet
  facet normal 0 0 1
    outer loop
      vertex -8.586629243900866 4.2961687227682335 1.5
      vertex -8.618033988749895 6.097886967409693 1.5
      vertex -8.907980999479093 6.217986951623264 1.5
    endloop
  endfacet
  facet normal 0 0 1
    outer loop
      vertex -8 4.25 1.5
      vertex -8 6 1.5
      vertex -8.312868930080462 6.0246233188097245 1.5
    endloop
  endfacet
  facet normal 0 0 1
    outer loop
      vertex -8 4.25 1.5
      vertex -7.413370756099134 4.2961687227682335 1.5
      vertex -7.6871310699195385 6.0246233188097245 1.5
    endloop
  endfacet
  facet normal 0 0 1
    outer loop
      vertex -8 4.25 1.5
      vertex -7.6871310699195385 6.0246233188097245 1.5
      vertex -8 6 1.5
    endloop
  endfacet
  facet normal 0.2334453638559054 -0.9723699203976767 0
    outer loop
      vertex -7.413370756099134 4.2961687227682335 0
      vertex -6.841186271093948 4.433538063893174 0
      vertex -6.841186271093948 4.433538063893174 1.5
    endloop
  endfacet
  facet normal 0.2334453638559054 -0.9723699203976767 0
    outer loop
      vertex -7.413370756099134 4.2961687227682335 0
      vertex -6.841186271093948 4.433538063893174 1.5
      vertex -7.413370756099134 4.2961687227682335 1.5
    endloop
  endfacet
  facet normal 0.38268343236508984 -0.9238795325112867 0
    outer loop
      vertex -6.841186271093948 4.433538063893174 0
      vertex -6.2975356259767 4.6587255342936205 0
      vertex -6.2975356259767 4.6587255342936205 1.5
    endloop
  endfacet
  facet normal 0.5224985647159484 -0.8526401643540924 0
    outer loop
      vertex -6.2975356259767 4.6587255342936205 0
      vertex -5.795805303903226 4.966186271093947 0
      vertex -5.795805303903226 4.966186271093947 1.5
    endloop
  endfacet
  facet normal 0.38268343236508984 -0.9238795325112867 0
    outer loop
      vertex -6.841186271093948 4.433538063893174 0
      vertex -6.2975356259767 4.6587255342936205 1.5
      vertex -6.841186271093948 4.433538063893174 1.5
    endloop
  endfacet
  facet normal 0 0 1
    outer loop
      vertex -7.413370756099134 4.2961687227682335 1.5
      vertex -6.841186271093948 4.433538063893174 1.5
      vertex -7.6871310699195385 6.0246233188097245 1.5
    endloop
  endfacet
  facet normal 0 0 1
    outer loop
      vertex -6.841186271093948 4.433538063893174 1.5
      vertex -6.2975356259767 4.6587255342936205 1.5
      vertex -7.0920190005209065 6.217986951623264 1.5
    endloop
  endfacet
  facet normal 0 0 1
    outer loop
      vertex -6.841186271093948 4.433538063893174 1.5
      vertex -7.381966011250105 6.097886967409693 1.5
      vertex -7.6871310699195385 6.0246233188097245 1.5
    endloop
  endfacet
  facet normal 0 0 1
    outer loop
      vertex -6.841186271093948 4.433538063893174 1.5
      vertex -7.0920190005209065 6.217986951623264 1.5
      vertex -7.381966011250105 6.097886967409693 1.5
    endloop
  endfacet
  facet normal 0 0 1
    outer loop
      vertex -6.2975356259767 4.6587255342936205 1.5
      vertex -6.824429495415053 6.381966011250105 1.5
      vertex -7.0920190005209065 6.217986951623264 1.5
    endloop
  endfacet
  facet normal 0.5224985647159484 -0.8526401643540924 0
    outer loop
      vertex -6.2975356259767 4.6587255342936205 0
      vertex -5.795805303903226 4.966186271093947 1.5
      vertex -6.2975356259767 4.6587255342936205 1.5
    endloop
  endfacet
  facet normal 0 0 1
    outer loop
      vertex -6.2975356259767 4.6587255342936205 1.5
      vertex -5.795805303903226 4.966186271093947 1.5
      vertex -6.381966011250105 6.824429495415053 1.5
    endloop
  endfacet
  facet normal -0.8526401643540924 -0.5224985647159484 0
    outer loop
      vertex -11.033813728906054 5.795805303903226 0
      vertex -11.34127446570638 6.2975356259767 1.5
      vertex -11.34127446570638 6.2975356259767 0
    endloop
  endfacet
  facet normal -0.9238795325112873 -0.38268343236508856 0
    outer loop
      vertex -11.34127446570638 6.2975356259767 0
      vertex -11.566461936106826 6.841186271093948 1.5
      vertex -11.566461936106826 6.841186271093948 0
    endloop
  endfacet
  facet normal -0.9723699203976763 -0.23344536385590683 0
    outer loop
      vertex -11.566461936106826 6.841186271093948 0
      vertex -11.703831277231767 7.413370756099134 1.5
      vertex -11.703831277231767 7.413370756099134 0
    endloop
  endfacet
  facet normal 0 0 -1
    outer loop
      vertex -11.033813728906054 5.795805303903226 0
      vertex -10.651650429449553 10.651650429449553 0
      vertex -10.651650429449553 5.348349570550447 0
    endloop
  endfacet
  facet normal 0 0 -1
    outer loop
      vertex -10.204194696096774 4.966186271093947 0
      vertex -10.651650429449553 5.348349570550447 0
      vertex -10.204194696096774 11.033813728906054 0
    endloop
  endfacet
  facet normal -0.9238795325112873 -0.38268343236508856 0
    outer loop
      vertex -11.34127446570638 6.2975356259767 0
      vertex -11.34127446570638 6.2975356259767 1.5
      vertex -11.566461936106826 6.841186271093948 1.5
    endloop
  endfacet
  facet normal -0.8526401643540924 -0.5224985647159484 0
    outer loop
      vertex -11.033813728906054 5.795805303903226 0
      vertex -11.033813728906054 5.795805303903226 1.5
      vertex -11.34127446570638 6.2975356259767 1.5
    endloop
  endfacet
  facet normal -0.9723699203976763 -0.23344536385590683 0
    outer loop
      vertex -11.566461936106826 6.841186271093948 0
      vertex -11.566461936106826 6.841186271093948 1.5
      vertex -11.703831277231767 7.413370756099134 1.5
    endloop
  endfacet
  facet normal 0 0 1
    outer loop
      vertex -11.033813728906054 5.795805303903226 1.5
      vertex -11.34127446570638 9.7024643740233 1.5
      vertex -11.34127446570638 6.2975356259767 1.5
    endloop
  endfacet
  facet normal 0 0 1
    outer loop
      vertex -11.033813728906054 5.795805303903226 1.5
      vertex -10.651650429449553 5.348349570550447 1.5
      vertex -11.033813728906054 10.204194696096774 1.5
    endloop
  endfacet
  facet normal 0 0 1
    outer loop
      vertex -10.204194696096774 4.966186271093947 1.5
      vertex -10.651650429449553 10.651650429449553 1.5
      vertex -10.651650429449553 5.348349570550447 1.5
    endloop
  endfacet
  facet normal 0 0 -1
    outer loop
      vertex -11.34127446570638 6.2975356259767 0
      vertex -11.566461936106826 6.841186271093948 0
      vertex -11.34127446570638 9.7024643740233 0
    endloop
  endfacet
  facet normal 0 0 -1
    outer loop
      vertex -11.566461936106826 6.841186271093948 0
      vertex -11.703831277231767 7.413370756099134 0
      vertex -11.566461936106826 9.158813728906052 0
    endloop
  endfacet
  facet normal 0 0 -1
    outer loop
      vertex -11.703831277231767 7.413370756099134 0
      vertex -11.75 8 0
      vertex -11.703831277231767 8.586629243900866 0
    endloop
  endfacet
  facet normal 0 0 -1
    outer loop
      vertex -11.033813728906054 5.795805303903226 0
      vertex -11.34127446570638 6.2975356259767 0
      vertex -11.033813728906054 10.204194696096774 0
    endloop
  endfacet
  facet normal -0.9969173337331282 -0.07845909572784332 0
    outer loop
      vertex -11.703831277231767 7.413370756099134 0
      vertex -11.75 8 1.5
      vertex -11.75 8 0
    endloop
  endfacet
  facet normal 0 0 -1
    outer loop
      vertex -11.703831277231767 7.413370756099134 0
      vertex -11.703831277231767 8.586629243900866 0
      vertex -11.566461936106826 9.158813728906052 0
    endloop
  endfacet
  facet normal 0 0 -1
    outer loop
      vertex -11.566461936106826 6.841186271093948 0
      vertex -11.566461936106826 9.158813728906052 0
      vertex -11.34127446570638 9.7024643740233 0
    endloop
  endfacet
  facet normal 0 0 -1
    outer loop
      vertex -11.34127446570638 6.2975356259767 0
      vertex -11.34127446570638 9.7024643740233 0
      vertex -11.033813728906054 10.204194696096774 0
    endloop
  endfacet
  facet normal -0.9969173337331282 0.07845909572784332 0
    outer loop
      vertex -11.75 8 0
      vertex -11.703831277231767 8.586629243900866 1.5
      vertex -11.703831277231767 8.586629243900866 0
    endloop
  endfacet
  facet normal -0.9969173337331282 -0.07845909572784332 0
    outer loop
      vertex -11.703831277231767 7.413370756099134 0
      vertex -11.703831277231767 7.413370756099134 1.5
      vertex -11.75 8 1.5
    endloop
  endfacet
  facet normal 0 0 1
    outer loop
      vertex -11.566461936106826 6.841186271093948 1.5
      vertex -11.703831277231767 8.586629243900866 1.5
      vertex -11.703831277231767 7.413370756099134 1.5
    endloop
  endfacet
  facet normal 0 0 1
    outer loop
      vertex -11.34127446570638 6.2975356259767 1.5
      vertex -11.566461936106826 9.158813728906052 1.5
      vertex -11.566461936106826 6.841186271093948 1.5
    endloop
  endfacet
  facet normal 0 0 1
    outer loop
      vertex -11.703831277231767 7.413370756099134 1.5
      vertex -11.703831277231767 8.586629243900866 1.5
      vertex -11.75 8 1.5
    endloop
  endfacet
  facet normal -0.9969173337331282 0.07845909572784332 0
    outer loop
      vertex -11.75 8 0
      vertex -11.75 8 1.5
      vertex -11.703831277231767 8.586629243900866 1.5
    endloop
  endfacet
  facet normal -0.9723699203976763 0.23344536385590683 0
    outer loop
      vertex -11.703831277231767 8.586629243900866 0
      vertex -11.703831277231767 8.586629243900866 1.5
      vertex -11.566461936106826 9.158813728906052 1.5
    endloop
  endfacet
  facet normal 0 0 1
    outer loop
      vertex -11.566461936106826 6.841186271093948 1.5
      vertex -11.566461936106826 9.158813728906052 1.5
      vertex -11.703831277231767 8.586629243900866 1.5
    endloop
  endfacet
  facet normal 0 0 1
    outer loop
      vertex -11.34127446570638 6.2975356259767 1.5
      vertex -11.34127446570638 9.7024643740233 1.5
      vertex -11.566461936106826 9.158813728906052 1.5
    endloop
  endfacet
  facet normal 0 0 1
    outer loop
      vertex -11.033813728906054 5.795805303903226 1.5
      vertex -11.033813728906054 10.204194696096774 1.5
      vertex -11.34127446570638 9.7024643740233 1.5
    endloop
  endfacet
  facet normal 0 0 1
    outer loop
      vertex -10.651650429449553 5.348349570550447 1.5
      vertex -10.651650429449553 10.651650429449553 1.5
      vertex -11.033813728906054 10.204194696096774 1.5
    endloop
  endfacet
  facet normal 0 0 -1
    outer loop
      vertex -10.204194696096774 4.966186271093947 0
      vertex -9.7024643740233 11.34127446570638 0
      vertex -9.7024643740233 4.6587255342936205 0
    endloop
  endfacet
  facet normal 0 0 -1
    outer loop
      vertex -9.7024643740233 4.6587255342936205 0
      vertex -9.158813728906052 11.566461936106826 0
      vertex -9.158813728906052 4.433538063893174 0
    endloop
  endfacet
  facet normal 0 0 1
    outer loop
      vertex -9.7024643740233 4.6587255342936205 1.5
      vertex -9.414213562373096 6.585786437626905 1.5
      vertex -9.618033988749895 6.824429495415053 1.5
    endloop
  endfacet
  facet normal 0 0 1
    outer loop
      vertex -9.7024643740233 4.6587255342936205 1.5
      vertex -9.618033988749895 6.824429495415053 1.5
      vertex -9.782013048376736 7.0920190005209065 1.5
    endloop
  endfacet
  facet normal 0 0 1
    outer loop
      vertex -9.7024643740233 4.6587255342936205 1.5
      vertex -9.782013048376736 7.0920190005209065 1.5
      vertex -9.902113032590307 7.381966011250105 1.5
    endloop
  endfacet
  facet normal 0 0 1
    outer loop
      vertex -9.7024643740233 4.6587255342936205 1.5
      vertex -9.902113032590307 7.381966011250105 1.5
      vertex -9.975376681190276 7.6871310699195385 1.5
    endloop
  endfacet
  facet normal 0 0 1
    outer loop
      vertex -10.204194696096774 4.966186271093947 1.5
      vertex -9.975376681190276 7.6871310699195385 1.5
      vertex -10 8 1.5
    endloop
  endfacet
  facet normal 0 0 1
    outer loop
      vertex -10.204194696096774 4.966186271093947 1.5
      vertex -10 8 1.5
      vertex -10.204194696096774 11.033813728906054 1.5
    endloop
  endfacet
  facet normal -0.9723699203976763 0.23344536385590683 0
    outer loop
      vertex -11.703831277231767 8.586629243900866 0
      vertex -11.566461936106826 9.158813728906052 1.5
      vertex -11.566461936106826 9.158813728906052 0
    endloop
  endfacet
  facet normal -0.9238795325112873 0.38268343236508856 0
    outer loop
      vertex -11.566461936106826 9.158813728906052 0
      vertex -11.34127446570638 9.7024643740233 1.5
      vertex -11.34127446570638 9.7024643740233 0
    endloop
  endfacet
  facet normal -0.8526401643540924 0.5224985647159484 0
    outer loop
      vertex -11.34127446570638 9.7024643740233 0
      vertex -11.033813728906054 10.204194696096774 1.5
      vertex -11.033813728906054 10.204194696096774 0
    endloop
  endfacet
  facet normal 0 0 -1
    outer loop
      vertex -11.033813728906054 5.795805303903226 0
      vertex -11.033813728906054 10.204194696096774 0
      vertex -10.651650429449553 10.651650429449553 0
    endloop
  endfacet
  facet normal 0 0 -1
    outer loop
      vertex -10.651650429449553 5.348349570550447 0
      vertex -10.651650429449553 10.651650429449553 0
      vertex -10.204194696096774 11.033813728906054 0
    endloop
  endfacet
  facet normal -0.9238795325112873 0.38268343236508856 0
    outer loop
      vertex -11.566461936106826 9.158813728906052 0
      vertex -11.566461936106826 9.158813728906052 1.5
      vertex -11.34127446570638 9.7024643740233 1.5
    endloop
  endfacet
  facet normal -0.8526401643540924 0.5224985647159484 0
    outer loop
      vertex -11.34127446570638 9.7024643740233 0
      vertex -11.34127446570638 9.7024643740233 1.5
      vertex -11.033813728906054 10.204194696096774 1.5
    endloop
  endfacet
  facet normal 0 0 1
    outer loop
      vertex -10.204194696096774 4.966186271093947 1.5
      vertex -10.204194696096774 11.033813728906054 1.5
      vertex -10.651650429449553 10.651650429449553 1.5
    endloop
  endfacet
  facet normal -0.76040596560003 0.6494480483301847 0
    outer loop
      vertex -11.033813728906054 10.204194696096774 0
      vertex -10.651650429449553 10.651650429449553 1.5
      vertex -10.651650429449553 10.651650429449553 0
    endloop
  endfacet
  facet normal -0.6494480483301847 0.76040596560003 0
    outer loop
      vertex -10.651650429449553 10.651650429449553 0
      vertex -10.651650429449553 10.651650429449553 1.5
      vertex -10.204194696096774 11.033813728906054 0
    endloop
  endfacet
  facet normal -0.76040596560003 0.6494480483301847 0
    outer loop
      vertex -11.033813728906054 10.204194696096774 0
      vertex -11.033813728906054 10.204194696096774 1.5
      vertex -10.651650429449553 10.651650429449553 1.5
    endloop
  endfacet
  facet normal -0.6494480483301847 0.76040596560003 0
    outer loop
      vertex -10.204194696096774 11.033813728906054 0
      vertex -10.651650429449553 10.651650429449553 1.5
      vertex -10.204194696096774 11.033813728906054 1.5
    endloop
  endfacet
  facet normal 0 0 -1
    outer loop
      vertex -10.204194696096774 4.966186271093947 0
      vertex -10.204194696096774 11.033813728906054 0
      vertex -9.7024643740233 11.34127446570638 0
    endloop
  endfacet
  facet normal 0 0 -1
    outer loop
      vertex -9.7024643740233 4.6587255342936205 0
      vertex -9.7024643740233 11.34127446570638 0
      vertex -9.158813728906052 11.566461936106826 0
    endloop
  endfacet
  facet normal 0 0 -1
    outer loop
      vertex -9.158813728906052 4.433538063893174 0
      vertex -9.158813728906052 11.566461936106826 0
      vertex -8.586629243900866 11.703831277231767 0
    endloop
  endfacet
  facet normal 0 0 1
    outer loop
      vertex -10.204194696096774 11.033813728906054 1.5
      vertex -10 8 1.5
      vertex -9.975376681190276 8.312868930080462 1.5
    endloop
  endfacet
  facet normal 0 0 1
    outer loop
      vertex -10.204194696096774 11.033813728906054 1.5
      vertex -9.975376681190276 8.312868930080462 1.5
      vertex -9.902113032590307 8.618033988749895 1.5
    endloop
  endfacet
  facet normal 0 0 1
    outer loop
      vertex -10.204194696096774 11.033813728906054 1.5
      vertex -9.902113032590307 8.618033988749895 1.5
      vertex -9.782013048376736 8.907980999479093 1.5
    endloop
  endfacet
  facet normal 0 0 1
    outer loop
      vertex -10.204194696096774 11.033813728906054 1.5
      vertex -9.782013048376736 8.907980999479093 1.5
      vertex -9.618033988749895 9.175570504584947 1.5
    endloop
  endfacet
  facet normal 0 0 1
    outer loop
      vertex -9.7024643740233 11.34127446570638 1.5
      vertex -9.618033988749895 9.175570504584947 1.5
      vertex -9.414213562373096 9.414213562373096 1.5
    endloop
  endfacet
  facet normal 0 0 1
    outer loop
      vertex -9.7024643740233 11.34127446570638 1.5
      vertex -9.414213562373096 9.414213562373096 1.5
      vertex -9.175570504584947 9.618033988749895 1.5
    endloop
  endfacet
  facet normal 0 0 1
    outer loop
      vertex -9.7024643740233 11.34127446570638 1.5
      vertex -9.175570504584947 9.618033988749895 1.5
      vertex -8.907980999479093 9.782013048376736 1.5
    endloop
  endfacet
  facet normal -0.5224985647159484 0.8526401643540924 0
    outer loop
      vertex -10.204194696096774 11.033813728906054 0
      vertex -10.204194696096774 11.033813728906054 1.5
      vertex -9.7024643740233 11.34127446570638 0
    endloop
  endfacet
  facet normal -0.38268343236508856 0.9238795325112873 0
    outer loop
      vertex -9.7024643740233 11.34127446570638 0
      vertex -9.7024643740233 11.34127446570638 1.5
      vertex -9.158813728906052 11.566461936106826 0
    endloop
  endfacet
  facet normal -0.23344536385590683 0.9723699203976763 0
    outer loop
      vertex -9.158813728906052 11.566461936106826 0
      vertex -9.158813728906052 11.566461936106826 1.5
      vertex -8.586629243900866 11.703831277231767 0
    endloop
  endfacet
  facet normal 0 0 1
    outer loop
      vertex -10.204194696096774 11.033813728906054 1.5
      vertex -9.618033988749895 9.175570504584947 1.5
      vertex -9.7024643740233 11.34127446570638 1.5
    endloop
  endfacet
  facet normal -0.5224985647159484 0.8526401643540924 0
    outer loop
      vertex -9.7024643740233 11.34127446570638 0
      vertex -10.204194696096774 11.033813728906054 1.5
      vertex -9.7024643740233 11.34127446570638 1.5
    endloop
  endfacet
  facet normal 0 0 1
    outer loop
      vertex -9.7024643740233 11.34127446570638 1.5
      vertex -8.907980999479093 9.782013048376736 1.5
      vertex -9.158813728906052 11.566461936106826 1.5
    endloop
  endfacet
  facet normal 0 0 1
    outer loop
      vertex -9.158813728906052 11.566461936106826 1.5
      vertex -8.907980999479093 9.782013048376736 1.5
      vertex -8.618033988749895 9.902113032590307 1.5
    endloop
  endfacet
  facet normal -0.38268343236508856 0.9238795325112873 0
    outer loop
      vertex -9.158813728906052 11.566461936106826 0
      vertex -9.7024643740233 11.34127446570638 1.5
      vertex -9.158813728906052 11.566461936106826 1.5
    endloop
  endfacet
  facet normal 0 0 -1
    outer loop
      vertex -9.158813728906052 4.433538063893174 0
      vertex -8.586629243900866 11.703831277231767 0
      vertex -8.586629243900866 4.2961687227682335 0
    endloop
  endfacet
  facet normal 0 0 -1
    outer loop
      vertex -8.586629243900866 4.2961687227682335 0
      vertex -8 11.75 0
      vertex -8 4.25 0
    endloop
  endfacet
  facet normal 0 0 -1
    outer loop
      vertex -8 4.25 0
      vertex -7.413370756099134 11.703831277231767 0
      vertex -7.413370756099134 4.2961687227682335 0
    endloop
  endfacet
  facet normal 0 0 -1
    outer loop
      vertex -7.413370756099134 4.2961687227682335 0
      vertex -6.841186271093948 11.566461936106826 0
      vertex -6.841186271093948 4.433538063893174 0
    endloop
  endfacet
  facet normal 0 0 -1
    outer loop
      vertex -6.841186271093948 4.433538063893174 0
      vertex -6.2975356259767 11.34127446570638 0
      vertex -6.2975356259767 4.6587255342936205 0
    endloop
  endfacet
  facet normal 0 0 -1
    outer loop
      vertex -6.2975356259767 4.6587255342936205 0
      vertex -5.795805303903226 11.033813728906054 0
      vertex -5.795805303903226 4.966186271093947 0
    endloop
  endfacet
  facet normal 0 0 1
    outer loop
      vertex -6.2975356259767 4.6587255342936205 1.5
      vertex -6.585786437626905 6.585786437626905 1.5
      vertex -6.824429495415053 6.381966011250105 1.5
    endloop
  endfacet
  facet normal 0 0 1
    outer loop
      vertex -6.2975356259767 4.6587255342936205 1.5
      vertex -6.381966011250105 6.824429495415053 1.5
      vertex -6.585786437626905 6.585786437626905 1.5
    endloop
  endfacet
  facet normal 0 0 1
    outer loop
      vertex -5.795805303903226 4.966186271093947 1.5
      vertex -6.217986951623264 7.0920190005209065 1.5
      vertex -6.381966011250105 6.824429495415053 1.5
    endloop
  endfacet
  facet normal 0 0 1
    outer loop
      vertex -5.795805303903226 4.966186271093947 1.5
      vertex -6.097886967409693 7.381966011250105 1.5
      vertex -6.217986951623264 7.0920190005209065 1.5
    endloop
  endfacet
  facet normal 0 0 1
    outer loop
      vertex -5.795805303903226 4.966186271093947 1.5
      vertex -6.0246233188097245 7.6871310699195385 1.5
      vertex -6.097886967409693 7.381966011250105 1.5
    endloop
  endfacet
  facet normal 0 0 1
    outer loop
      vertex -5.795805303903226 4.966186271093947 1.5
      vertex -6 8 1.5
      vertex -6.0246233188097245 7.6871310699195385 1.5
    endloop
  endfacet
  facet normal 0 0 -1
    outer loop
      vertex -8.586629243900866 4.2961687227682335 0
      vertex -8.586629243900866 11.703831277231767 0
      vertex -8 11.75 0
    endloop
  endfacet
  facet normal 0 0 -1
    outer loop
      vertex -8 4.25 0
      vertex -8 11.75 0
      vertex -7.413370756099134 11.703831277231767 0
    endloop
  endfacet
  facet normal -0.07845909572784332 0.9969173337331282 0
    outer loop
      vertex -8.586629243900866 11.703831277231767 0
      vertex -8.586629243900866 11.703831277231767 1.5
      vertex -8 11.75 0
    endloop
  endfacet
  facet normal 0.07845909572784332 0.9969173337331282 0
    outer loop
      vertex -8 11.75 0
      vertex -8 11.75 1.5
      vertex -7.413370756099134 11.703831277231767 0
    endloop
  endfacet
  facet normal 0 0 1
    outer loop
      vertex -9.158813728906052 11.566461936106826 1.5
      vertex -8.618033988749895 9.902113032590307 1.5
      vertex -8.312868930080462 9.975376681190276 1.5
    endloop
  endfacet
  facet normal 0 0 1
    outer loop
      vertex -8 11.75 1.5
      vertex -8.312868930080462 9.975376681190276 1.5
      vertex -8 10 1.5
    endloop
  endfacet
  facet normal -0.23344536385590683 0.9723699203976763 0
    outer loop
      vertex -8.586629243900866 11.703831277231767 0
      vertex -9.158813728906052 11.566461936106826 1.5
      vertex -8.586629243900866 11.703831277231767 1.5
    endloop
  endfacet
  facet normal -0.07845909572784332 0.9969173337331282 0
    outer loop
      vertex -8.586629243900866 11.703831277231767 1.5
      vertex -8 11.75 1.5
      vertex -8 11.75 0
    endloop
  endfacet
  facet normal 0 0 1
    outer loop
      vertex -9.158813728906052 11.566461936106826 1.5
      vertex -8.312868930080462 9.975376681190276 1.5
      vertex -8.586629243900866 11.703831277231767 1.5
    endloop
  endfacet
  facet normal 0 0 1
    outer loop
      vertex -8.586629243900866 11.703831277231767 1.5
      vertex -8.312868930080462 9.975376681190276 1.5
      vertex -8 11.75 1.5
    endloop
  endfacet
  facet normal 0 0 1
    outer loop
      vertex -8 11.75 1.5
      vertex -8 10 1.5
      vertex -7.6871310699195385 9.975376681190276 1.5
    endloop
  endfacet
  facet normal 0 0 1
    outer loop
      vertex -7.413370756099134 11.703831277231767 1.5
      vertex -7.6871310699195385 9.975376681190276 1.5
      vertex -7.381966011250105 9.902113032590307 1.5
    endloop
  endfacet
  facet normal 0.07845909572784332 0.9969173337331282 0
    outer loop
      vertex -7.413370756099134 11.703831277231767 0
      vertex -8 11.75 1.5
      vertex -7.413370756099134 11.703831277231767 1.5
    endloop
  endfacet
  facet normal 0 0 1
    outer loop
      vertex -8 11.75 1.5
      vertex -7.6871310699195385 9.975376681190276 1.5
      vertex -7.413370756099134 11.703831277231767 1.5
    endloop
  endfacet
  facet normal 0 0 -1
    outer loop
      vertex -7.413370756099134 4.2961687227682335 0
      vertex -7.413370756099134 11.703831277231767 0
      vertex -6.841186271093948 11.566461936106826 0
    endloop
  endfacet
  facet normal 0 0 -1
    outer loop
      vertex -6.841186271093948 4.433538063893174 0
      vertex -6.841186271093948 11.566461936106826 0
      vertex -6.2975356259767 11.34127446570638 0
    endloop
  endfacet
  facet normal 0 0 -1
    outer loop
      vertex -6.2975356259767 4.6587255342936205 0
      vertex -6.2975356259767 11.34127446570638 0
      vertex -5.795805303903226 11.033813728906054 0
    endloop
  endfacet
  facet normal 0 0 1
    outer loop
      vertex -6.841186271093948 11.566461936106826 1.5
      vertex -6.824429495415053 9.618033988749895 1.5
      vertex -6.585786437626905 9.414213562373096 1.5
    endloop
  endfacet
  facet normal 0 0 1
    outer loop
      vertex -5.795805303903226 11.033813728906054 1.5
      vertex -6.0246233188097245 8.312868930080462 1.5
      vertex -6 8 1.5
    endloop
  endfacet
  facet normal 0 0 1
    outer loop
      vertex -6.2975356259767 11.34127446570638 1.5
      vertex -6.097886967409693 8.618033988749895 1.5
      vertex -6.0246233188097245 8.312868930080462 1.5
    endloop
  endfacet
  facet normal 0 0 1
    outer loop
      vertex -6.2975356259767 11.34127446570638 1.5
      vertex -6.381966011250105 9.175570504584947 1.5
      vertex -6.217986951623264 8.907980999479093 1.5
    endloop
  endfacet
  facet normal 0 0 1
    outer loop
      vertex -6.2975356259767 11.34127446570638 1.5
      vertex -6.585786437626905 9.414213562373096 1.5
      vertex -6.381966011250105 9.175570504584947 1.5
    endloop
  endfacet
  facet normal 0 0 1
    outer loop
      vertex -6.2975356259767 11.34127446570638 1.5
      vertex -6.217986951623264 8.907980999479093 1.5
      vertex -6.097886967409693 8.618033988749895 1.5
    endloop
  endfacet
  facet normal 0 0 1
    outer loop
      vertex -6.2975356259767 11.34127446570638 1.5
      vertex -6.0246233188097245 8.312868930080462 1.5
      vertex -5.795805303903226 11.033813728906054 1.5
    endloop
  endfacet
  facet normal 0.23344536385590683 0.9723699203976763 0
    outer loop
      vertex -7.413370756099134 11.703831277231767 0
      vertex -7.413370756099134 11.703831277231767 1.5
      vertex -6.841186271093948 11.566461936106826 0
    endloop
  endfacet
  facet normal 0.38268343236508856 0.9238795325112873 0
    outer loop
      vertex -6.841186271093948 11.566461936106826 0
      vertex -6.841186271093948 11.566461936106826 1.5
      vertex -6.2975356259767 11.34127446570638 0
    endloop
  endfacet
  facet normal 0.5224985647159484 0.8526401643540924 0
    outer loop
      vertex -6.2975356259767 11.34127446570638 0
      vertex -6.2975356259767 11.34127446570638 1.5
      vertex -5.795805303903226 11.033813728906054 0
    endloop
  endfacet
  facet normal 0 0 1
    outer loop
      vertex -7.413370756099134 11.703831277231767 1.5
      vertex -7.381966011250105 9.902113032590307 1.5
      vertex -7.0920190005209065 9.782013048376736 1.5
    endloop
  endfacet
  facet normal 0 0 1
    outer loop
      vertex -6.841186271093948 11.566461936106826 1.5
      vertex -7.0920190005209065 9.782013048376736 1.5
      vertex -6.824429495415053 9.618033988749895 1.5
    endloop
  endfacet
  facet normal 0.23344536385590683 0.9723699203976763 0
    outer loop
      vertex -6.841186271093948 11.566461936106826 0
      vertex -7.413370756099134 11.703831277231767 1.5
      vertex -6.841186271093948 11.566461936106826 1.5
    endloop
  endfacet
  facet normal 0 0 1
    outer loop
      vertex -7.413370756099134 11.703831277231767 1.5
      vertex -7.0920190005209065 9.782013048376736 1.5
      vertex -6.841186271093948 11.566461936106826 1.5
    endloop
  endfacet
  facet normal 0 0 1
    outer loop
      vertex -6.841186271093948 11.566461936106826 1.5
      vertex -6.585786437626905 9.414213562373096 1.5
      vertex -6.2975356259767 11.34127446570638 1.5
    endloop
  endfacet
  facet normal 0.38268343236508856 0.9238795325112873 0
    outer loop
      vertex -6.2975356259767 11.34127446570638 0
      vertex -6.841186271093948 11.566461936106826 1.5
      vertex -6.2975356259767 11.34127446570638 1.5
    endloop
  endfacet
  facet normal 0.5224985647159484 0.8526401643540924 0
    outer loop
      vertex -5.795805303903226 11.033813728906054 0
      vertex -6.2975356259767 11.34127446570638 1.5
      vertex -5.795805303903226 11.033813728906054 1.5
    endloop
  endfacet
  facet normal 0.6494480483301838 -0.7604059656000308 0
    outer loop
      vertex -5.795805303903226 4.966186271093947 0
      vertex -5.348349570550447 5.348349570550447 0
      vertex -5.348349570550447 5.348349570550447 1.5
    endloop
  endfacet
  facet normal 0.7604059656000308 -0.6494480483301838 0
    outer loop
      vertex -5.348349570550447 5.348349570550447 0
      vertex -4.966186271093947 5.795805303903226 0
      vertex -5.348349570550447 5.348349570550447 1.5
    endloop
  endfacet
  facet normal 0.6494480483301838 -0.7604059656000308 0
    outer loop
      vertex -5.795805303903226 4.966186271093947 0
      vertex -5.348349570550447 5.348349570550447 1.5
      vertex -5.795805303903226 4.966186271093947 1.5
    endloop
  endfacet
  facet normal 0.7604059656000308 -0.6494480483301838 0
    outer loop
      vertex -4.966186271093947 5.795805303903226 0
      vertex -4.966186271093947 5.795805303903226 1.5
      vertex -5.348349570550447 5.348349570550447 1.5
    endloop
  endfacet
  facet normal 0 0 -1
    outer loop
      vertex -5.795805303903226 4.966186271093947 0
      vertex -5.348349570550447 10.651650429449553 0
      vertex -5.348349570550447 5.348349570550447 0
    endloop
  endfacet
  facet normal 0.8526401643540924 -0.5224985647159484 0
    outer loop
      vertex -4.966186271093947 5.795805303903226 0
      vertex -4.6587255342936205 6.2975356259767 0
      vertex -4.966186271093947 5.795805303903226 1.5
    endloop
  endfacet
  facet normal 0.9238795325112867 -0.38268343236508984 0
    outer loop
      vertex -4.6587255342936205 6.2975356259767 0
      vertex -4.433538063893174 6.841186271093948 0
      vertex -4.6587255342936205 6.2975356259767 1.5
    endloop
  endfacet
  facet normal 0 0 -1
    outer loop
      vertex -5.348349570550447 5.348349570550447 0
      vertex -4.966186271093947 10.204194696096774 0
      vertex -4.966186271093947 5.795805303903226 0
    endloop
  endfacet
  facet normal 0 0 -1
    outer loop
      vertex -4.966186271093947 5.795805303903226 0
      vertex -4.6587255342936205 9.7024643740233 0
      vertex -4.6587255342936205 6.2975356259767 0
    endloop
  endfacet
  facet normal 0 0 1
    outer loop
      vertex -5.795805303903226 4.966186271093947 1.5
      vertex -5.348349570550447 5.348349570550447 1.5
      vertex -5.795805303903226 11.033813728906054 1.5
    endloop
  endfacet
  facet normal 0 0 1
    outer loop
      vertex -5.348349570550447 5.348349570550447 1.5
      vertex -4.966186271093947 5.795805303903226 1.5
      vertex -5.348349570550447 10.651650429449553 1.5
    endloop
  endfacet
  facet normal 0.8526401643540924 -0.5224985647159484 0
    outer loop
      vertex -4.6587255342936205 6.2975356259767 0
      vertex -4.6587255342936205 6.2975356259767 1.5
      vertex -4.966186271093947 5.795805303903226 1.5
    endloop
  endfacet
  facet normal 0.9238795325112867 -0.38268343236508984 0
    outer loop
      vertex -4.433538063893174 6.841186271093948 0
      vertex -4.433538063893174 6.841186271093948 1.5
      vertex -4.6587255342936205 6.2975356259767 1.5
    endloop
  endfacet
  facet normal 0 0 -1
    outer loop
      vertex -5.348349570550447 5.348349570550447 0
      vertex -5.348349570550447 10.651650429449553 0
      vertex -4.966186271093947 10.204194696096774 0
    endloop
  endfacet
  facet normal 0 0 -1
    outer loop
      vertex -4.6587255342936205 6.2975356259767 0
      vertex -4.433538063893174 9.158813728906052 0
      vertex -4.433538063893174 6.841186271093948 0
    endloop
  endfacet
  facet normal 0 0 -1
    outer loop
      vertex -4.966186271093947 5.795805303903226 0
      vertex -4.966186271093947 10.204194696096774 0
      vertex -4.6587255342936205 9.7024643740233 0
    endloop
  endfacet
  facet normal 0 0 -1
    outer loop
      vertex -4.6587255342936205 6.2975356259767 0
      vertex -4.6587255342936205 9.7024643740233 0
      vertex -4.433538063893174 9.158813728906052 0
    endloop
  endfacet
  facet normal 0 0 1
    outer loop
      vertex -5.795805303903226 4.966186271093947 1.5
      vertex -5.795805303903226 11.033813728906054 1.5
      vertex -6 8 1.5
    endloop
  endfacet
  facet normal 0 0 1
    outer loop
      vertex -4.966186271093947 5.795805303903226 1.5
      vertex -4.6587255342936205 6.2975356259767 1.5
      vertex -4.966186271093947 10.204194696096774 1.5
    endloop
  endfacet
  facet normal 0 0 1
    outer loop
      vertex -4.6587255342936205 6.2975356259767 1.5
      vertex -4.433538063893174 6.841186271093948 1.5
      vertex -4.6587255342936205 9.7024643740233 1.5
    endloop
  endfacet
  facet normal 0 0 1
    outer loop
      vertex -4.6587255342936205 6.2975356259767 1.5
      vertex -4.6587255342936205 9.7024643740233 1.5
      vertex -4.966186271093947 10.204194696096774 1.5
    endloop
  endfacet
  facet normal 0 0 1
    outer loop
      vertex -4.433538063893174 6.841186271093948 1.5
      vertex -4.433538063893174 9.158813728906052 1.5
      vertex -4.6587255342936205 9.7024643740233 1.5
    endloop
  endfacet
  facet normal 0.9723699203976767 -0.2334453638559054 0
    outer loop
      vertex -4.433538063893174 6.841186271093948 0
      vertex -4.2961687227682335 7.413370756099134 0
      vertex -4.433538063893174 6.841186271093948 1.5
    endloop
  endfacet
  facet normal 0.9723699203976767 -0.2334453638559054 0
    outer loop
      vertex -4.2961687227682335 7.413370756099134 0
      vertex -4.2961687227682335 7.413370756099134 1.5
      vertex -4.433538063893174 6.841186271093948 1.5
    endloop
  endfacet
  facet normal 0 0 -1
    outer loop
      vertex -4.433538063893174 6.841186271093948 0
      vertex -4.2961687227682335 8.586629243900866 0
      vertex -4.2961687227682335 7.413370756099134 0
    endloop
  endfacet
  facet normal 0 0 -1
    outer loop
      vertex -4.2961687227682335 7.413370756099134 0
      vertex -4.2961687227682335 8.586629243900866 0
      vertex -4.25 8 0
    endloop
  endfacet
  facet normal 0.996917333733128 -0.07845909572784482 0
    outer loop
      vertex -4.2961687227682335 7.413370756099134 0
      vertex -4.25 8 0
      vertex -4.2961687227682335 7.413370756099134 1.5
    endloop
  endfacet
  facet normal 0 0 -1
    outer loop
      vertex -4.433538063893174 6.841186271093948 0
      vertex -4.433538063893174 9.158813728906052 0
      vertex -4.2961687227682335 8.586629243900866 0
    endloop
  endfacet
  facet normal 0.996917333733128 0.07845909572784482 0
    outer loop
      vertex -4.25 8 0
      vertex -4.2961687227682335 8.586629243900866 0
      vertex -4.25 8 1.5
    endloop
  endfacet
  facet normal 0.9723699203976767 0.2334453638559054 0
    outer loop
      vertex -4.2961687227682335 8.586629243900866 0
      vertex -4.433538063893174 9.158813728906052 0
      vertex -4.2961687227682335 8.586629243900866 1.5
    endloop
  endfacet
  facet normal 0.996917333733128 -0.07845909572784482 0
    outer loop
      vertex -4.2961687227682335 7.413370756099134 1.5
      vertex -4.25 8 0
      vertex -4.25 8 1.5
    endloop
  endfacet
  facet normal 0 0 1
    outer loop
      vertex -4.433538063893174 6.841186271093948 1.5
      vertex -4.2961687227682335 7.413370756099134 1.5
      vertex -4.433538063893174 9.158813728906052 1.5
    endloop
  endfacet
  facet normal 0 0 1
    outer loop
      vertex -4.2961687227682335 7.413370756099134 1.5
      vertex -4.25 8 1.5
      vertex -4.2961687227682335 8.586629243900866 1.5
    endloop
  endfacet
  facet normal 0.996917333733128 0.07845909572784482 0
    outer loop
      vertex -4.2961687227682335 8.586629243900866 0
      vertex -4.2961687227682335 8.586629243900866 1.5
      vertex -4.25 8 1.5
    endloop
  endfacet
  facet normal 0 0 1
    outer loop
      vertex -4.2961687227682335 7.413370756099134 1.5
      vertex -4.2961687227682335 8.586629243900866 1.5
      vertex -4.433538063893174 9.158813728906052 1.5
    endloop
  endfacet
  facet normal 0 0 -1
    outer loop
      vertex -5.795805303903226 4.966186271093947 0
      vertex -5.795805303903226 11.033813728906054 0
      vertex -5.348349570550447 10.651650429449553 0
    endloop
  endfacet
  facet normal 0.9238795325112867 0.38268343236508984 0
    outer loop
      vertex -4.433538063893174 9.158813728906052 0
      vertex -4.6587255342936205 9.7024643740233 0
      vertex -4.433538063893174 9.158813728906052 1.5
    endloop
  endfacet
  facet normal 0.8526401643540924 0.5224985647159484 0
    outer loop
      vertex -4.6587255342936205 9.7024643740233 0
      vertex -4.966186271093947 10.204194696096774 0
      vertex -4.6587255342936205 9.7024643740233 1.5
    endloop
  endfacet
  facet normal 0 0 1
    outer loop
      vertex -5.348349570550447 5.348349570550447 1.5
      vertex -5.348349570550447 10.651650429449553 1.5
      vertex -5.795805303903226 11.033813728906054 1.5
    endloop
  endfacet
  facet normal 0.9238795325112867 0.38268343236508984 0
    outer loop
      vertex -4.6587255342936205 9.7024643740233 0
      vertex -4.6587255342936205 9.7024643740233 1.5
      vertex -4.433538063893174 9.158813728906052 1.5
    endloop
  endfacet
  facet normal 0 0 1
    outer loop
      vertex -4.966186271093947 5.795805303903226 1.5
      vertex -4.966186271093947 10.204194696096774 1.5
      vertex -5.348349570550447 10.651650429449553 1.5
    endloop
  endfacet
  facet normal 0.8526401643540924 0.5224985647159484 0
    outer loop
      vertex -4.966186271093947 10.204194696096774 0
      vertex -4.966186271093947 10.204194696096774 1.5
      vertex -4.6587255342936205 9.7024643740233 1.5
    endloop
  endfacet
  facet normal 0.6494480483301847 0.76040596560003 0
    outer loop
      vertex -5.348349570550447 10.651650429449553 0
      vertex -5.795805303903226 11.033813728906054 0
      vertex -5.795805303903226 11.033813728906054 1.5
    endloop
  endfacet
  facet normal 0.7604059656000308 0.6494480483301838 0
    outer loop
      vertex -5.348349570550447 10.651650429449553 0
      vertex -4.966186271093947 10.204194696096774 1.5
      vertex -4.966186271093947 10.204194696096774 0
    endloop
  endfacet
  facet normal 0.7604059656000308 0.6494480483301838 0
    outer loop
      vertex -5.348349570550447 10.651650429449553 0
      vertex -5.348349570550447 10.651650429449553 1.5
      vertex -4.966186271093947 10.204194696096774 1.5
    endloop
  endfacet
  facet normal 0.6494480483301847 0.76040596560003 0
    outer loop
      vertex -5.348349570550447 10.651650429449553 0
      vertex -5.795805303903226 11.033813728906054 1.5
      vertex -5.348349570550447 10.651650429449553 1.5
    endloop
  endfacet
  facet normal 0.9723699203976767 0.2334453638559054 0
    outer loop
      vertex -4.433538063893174 9.158813728906052 0
      vertex -4.433538063893174 9.158813728906052 1.5
      vertex -4.2961687227682335 8.586629243900866 1.5
    endloop
  endfacet
  facet normal -0.9238795325112864 -0.3826834323650907 0
    outer loop
      vertex 6.097886967409693 7.381966011250105 12.5
      vertex 6.097886967409693 7.381966011250105 1.5
      vertex 6.217986951623264 7.0920190005209065 1.5
    endloop
  endfacet
  facet normal -0.7604059656000299 -0.649448048330185 0
    outer loop
      vertex 6.381966011250105 6.824429495415053 12.5
      vertex 6.381966011250105 6.824429495415053 1.5
      vertex 6.585786437626905 6.585786437626905 1.5
    endloop
  endfacet
  facet normal -0.852640164354093 -0.5224985647159476 0
    outer loop
      vertex 6.217986951623264 7.0920190005209065 12.5
      vertex 6.217986951623264 7.0920190005209065 1.5
      vertex 6.381966011250105 6.824429495415053 1.5
    endloop
  endfacet
  facet normal -0.649448048330185 -0.7604059656000299 0
    outer loop
      vertex 6.824429495415053 6.381966011250105 12.5
      vertex 6.585786437626905 6.585786437626905 1.5
      vertex 6.824429495415053 6.381966011250105 1.5
    endloop
  endfacet
  facet normal -0.3826834323650907 -0.9238795325112864 0
    outer loop
      vertex 7.381966011250105 6.097886967409693 12.5
      vertex 7.0920190005209065 6.217986951623264 1.5
      vertex 7.381966011250105 6.097886967409693 1.5
    endloop
  endfacet
  facet normal -0.5224985647159476 -0.852640164354093 0
    outer loop
      vertex 7.0920190005209065 6.217986951623264 12.5
      vertex 6.824429495415053 6.381966011250105 1.5
      vertex 7.0920190005209065 6.217986951623264 1.5
    endloop
  endfacet
  facet normal -0.9723699203976768 -0.23344536385590503 0
    outer loop
      vertex 6.0246233188097245 7.6871310699195385 12.5
      vertex 6.0246233188097245 7.6871310699195385 1.5
      vertex 6.097886967409693 7.381966011250105 1.5
    endloop
  endfacet
  facet normal -0.996917333733128 -0.07845909572784474 0
    outer loop
      vertex 6 8 12.5
      vertex 6 8 1.5
      vertex 6.0246233188097245 7.6871310699195385 1.5
    endloop
  endfacet
  facet normal -0.996917333733128 0.07845909572784451 0
    outer loop
      vertex 6.0246233188097245 8.312868930080462 12.5
      vertex 6.0246233188097245 8.312868930080462 1.5
      vertex 6 8 1.5
    endloop
  endfacet
  facet normal -0.9723699203976766 0.23344536385590564 0
    outer loop
      vertex 6.097886967409693 8.618033988749895 12.5
      vertex 6.097886967409693 8.618033988749895 1.5
      vertex 6.0246233188097245 8.312868930080462 1.5
    endloop
  endfacet
  facet normal -0.9238795325112864 0.3826834323650907 0
    outer loop
      vertex 6.217986951623264 8.907980999479093 12.5
      vertex 6.217986951623264 8.907980999479093 1.5
      vertex 6.097886967409693 8.618033988749895 1.5
    endloop
  endfacet
  facet normal -0.23344536385590503 -0.9723699203976768 0
    outer loop
      vertex 7.6871310699195385 6.0246233188097245 12.5
      vertex 7.381966011250105 6.097886967409693 1.5
      vertex 7.6871310699195385 6.0246233188097245 1.5
    endloop
  endfacet
  facet normal -0.07845909572784474 -0.996917333733128 0
    outer loop
      vertex 8 6 12.5
      vertex 7.6871310699195385 6.0246233188097245 1.5
      vertex 8 6 1.5
    endloop
  endfacet
  facet normal 0.07845909572784451 -0.996917333733128 0
    outer loop
      vertex 8.312868930080462 6.0246233188097245 12.5
      vertex 8 6 1.5
      vertex 8.312868930080462 6.0246233188097245 1.5
    endloop
  endfacet
  facet normal 0.23344536385590564 -0.9723699203976766 0
    outer loop
      vertex 8.618033988749895 6.097886967409693 12.5
      vertex 8.312868930080462 6.0246233188097245 1.5
      vertex 8.618033988749895 6.097886967409693 1.5
    endloop
  endfacet
  facet normal 0.3826834323650907 -0.9238795325112864 0
    outer loop
      vertex 8.907980999479093 6.217986951623264 12.5
      vertex 8.618033988749895 6.097886967409693 1.5
      vertex 8.907980999479093 6.217986951623264 1.5
    endloop
  endfacet
  facet normal -0.852640164354093 0.5224985647159476 0
    outer loop
      vertex 6.381966011250105 9.175570504584947 12.5
      vertex 6.381966011250105 9.175570504584947 1.5
      vertex 6.217986951623264 8.907980999479093 1.5
    endloop
  endfacet
  facet normal -0.760405965600031 0.6494480483301835 0
    outer loop
      vertex 6.585786437626905 9.414213562373096 12.5
      vertex 6.585786437626905 9.414213562373096 1.5
      vertex 6.381966011250105 9.175570504584947 1.5
    endloop
  endfacet
  facet normal -0.6494480483301833 0.7604059656000313 0
    outer loop
      vertex 6.585786437626905 9.414213562373096 12.5
      vertex 6.824429495415053 9.618033988749895 1.5
      vertex 6.585786437626905 9.414213562373096 1.5
    endloop
  endfacet
  facet normal -0.5224985647159497 0.8526401643540917 0
    outer loop
      vertex 6.824429495415053 9.618033988749895 12.5
      vertex 7.0920190005209065 9.782013048376736 1.5
      vertex 6.824429495415053 9.618033988749895 1.5
    endloop
  endfacet
  facet normal -0.3826834323650883 0.9238795325112873 0
    outer loop
      vertex 7.0920190005209065 9.782013048376736 12.5
      vertex 7.381966011250105 9.902113032590307 1.5
      vertex 7.0920190005209065 9.782013048376736 1.5
    endloop
  endfacet
  facet normal -0.2334453638559077 0.9723699203976761 0
    outer loop
      vertex 7.381966011250105 9.902113032590307 12.5
      vertex 7.6871310699195385 9.975376681190276 1.5
      vertex 7.381966011250105 9.902113032590307 1.5
    endloop
  endfacet
  facet normal -0.07845909572784192 0.9969173337331282 0
    outer loop
      vertex 7.6871310699195385 9.975376681190276 12.5
      vertex 8 10 1.5
      vertex 7.6871310699195385 9.975376681190276 1.5
    endloop
  endfacet
  facet normal 0.0784590957278417 0.9969173337331282 0
    outer loop
      vertex 8 10 12.5
      vertex 8.312868930080462 9.975376681190276 1.5
      vertex 8 10 1.5
    endloop
  endfacet
  facet normal 0.23344536385590833 0.9723699203976759 0
    outer loop
      vertex 8.312868930080462 9.975376681190276 12.5
      vertex 8.618033988749895 9.902113032590307 1.5
      vertex 8.312868930080462 9.975376681190276 1.5
    endloop
  endfacet
  facet normal 0.3826834323650883 0.9238795325112873 0
    outer loop
      vertex 8.618033988749895 9.902113032590307 12.5
      vertex 8.907980999479093 9.782013048376736 1.5
      vertex 8.618033988749895 9.902113032590307 1.5
    endloop
  endfacet
  facet normal 0.5224985647159476 -0.852640164354093 0
    outer loop
      vertex 9.175570504584947 6.381966011250105 12.5
      vertex 8.907980999479093 6.217986951623264 1.5
      vertex 9.175570504584947 6.381966011250105 1.5
    endloop
  endfacet
  facet normal 0.6494480483301835 -0.760405965600031 0
    outer loop
      vertex 9.414213562373096 6.585786437626905 12.5
      vertex 9.175570504584947 6.381966011250105 1.5
      vertex 9.414213562373096 6.585786437626905 1.5
    endloop
  endfacet
  facet normal 0.7604059656000313 -0.6494480483301833 0
    outer loop
      vertex 9.414213562373096 6.585786437626905 12.5
      vertex 9.414213562373096 6.585786437626905 1.5
      vertex 9.618033988749895 6.824429495415053 1.5
    endloop
  endfacet
  facet normal 0.8526401643540917 -0.5224985647159497 0
    outer loop
      vertex 9.618033988749895 6.824429495415053 12.5
      vertex 9.618033988749895 6.824429495415053 1.5
      vertex 9.782013048376736 7.0920190005209065 1.5
    endloop
  endfacet
  facet normal 0.9238795325112873 -0.3826834323650883 0
    outer loop
      vertex 9.782013048376736 7.0920190005209065 12.5
      vertex 9.782013048376736 7.0920190005209065 1.5
      vertex 9.902113032590307 7.381966011250105 1.5
    endloop
  endfacet
  facet normal 0.9723699203976761 -0.2334453638559077 0
    outer loop
      vertex 9.902113032590307 7.381966011250105 12.5
      vertex 9.902113032590307 7.381966011250105 1.5
      vertex 9.975376681190276 7.6871310699195385 1.5
    endloop
  endfacet
  facet normal 0.9969173337331282 -0.07845909572784192 0
    outer loop
      vertex 9.975376681190276 7.6871310699195385 12.5
      vertex 9.975376681190276 7.6871310699195385 1.5
      vertex 10 8 1.5
    endloop
  endfacet
  facet normal 0.9238795325112873 0.3826834323650883 0
    outer loop
      vertex 9.902113032590307 8.618033988749895 12.5
      vertex 9.902113032590307 8.618033988749895 1.5
      vertex 9.782013048376736 8.907980999479093 1.5
    endloop
  endfacet
  facet normal 0.9969173337331282 0.0784590957278417 0
    outer loop
      vertex 10 8 12.5
      vertex 10 8 1.5
      vertex 9.975376681190276 8.312868930080462 1.5
    endloop
  endfacet
  facet normal 0.9723699203976759 0.23344536385590833 0
    outer loop
      vertex 9.975376681190276 8.312868930080462 12.5
      vertex 9.975376681190276 8.312868930080462 1.5
      vertex 9.902113032590307 8.618033988749895 1.5
    endloop
  endfacet
  facet normal 0.5224985647159497 0.8526401643540917 0
    outer loop
      vertex 8.907980999479093 9.782013048376736 12.5
      vertex 9.175570504584947 9.618033988749895 1.5
      vertex 8.907980999479093 9.782013048376736 1.5
    endloop
  endfacet
  facet normal 0.6494480483301819 0.7604059656000325 0
    outer loop
      vertex 9.175570504584947 9.618033988749895 12.5
      vertex 9.414213562373096 9.414213562373096 1.5
      vertex 9.175570504584947 9.618033988749895 1.5
    endloop
  endfacet
  facet normal 0.8526401643540917 0.5224985647159497 0
    outer loop
      vertex 9.782013048376736 8.907980999479093 12.5
      vertex 9.782013048376736 8.907980999479093 1.5
      vertex 9.618033988749895 9.175570504584947 1.5
    endloop
  endfacet
  facet normal 0.7604059656000325 0.6494480483301819 0
    outer loop
      vertex 9.618033988749895 9.175570504584947 12.5
      vertex 9.618033988749895 9.175570504584947 1.5
      vertex 9.414213562373096 9.414213562373096 1.5
    endloop
  endfacet
  facet normal -0.9238795325112864 -0.3826834323650907 0
    outer loop
      vertex 6.217986951623264 7.0920190005209065 12.5
      vertex 6.097886967409693 7.381966011250105 12.5
      vertex 6.217986951623264 7.0920190005209065 1.5
    endloop
  endfacet
  facet normal -0.852640164354093 -0.5224985647159476 0
    outer loop
      vertex 6.381966011250105 6.824429495415053 12.5
      vertex 6.217986951623264 7.0920190005209065 12.5
      vertex 6.381966011250105 6.824429495415053 1.5
    endloop
  endfacet
  facet normal -0.7604059656000299 -0.649448048330185 0
    outer loop
      vertex 6.381966011250105 6.824429495415053 12.5
      vertex 6.585786437626905 6.585786437626905 1.5
      vertex 6.585786437626905 6.585786437626905 12.5
    endloop
  endfacet
  facet normal -0.649448048330185 -0.7604059656000299 0
    outer loop
      vertex 6.824429495415053 6.381966011250105 12.5
      vertex 6.585786437626905 6.585786437626905 12.5
      vertex 6.585786437626905 6.585786437626905 1.5
    endloop
  endfacet
  facet normal -0.5224985647159476 -0.852640164354093 0
    outer loop
      vertex 6.824429495415053 6.381966011250105 12.5
      vertex 6.824429495415053 6.381966011250105 1.5
      vertex 7.0920190005209065 6.217986951623264 12.5
    endloop
  endfacet
  facet normal -0.3826834323650907 -0.9238795325112864 0
    outer loop
      vertex 7.0920190005209065 6.217986951623264 12.5
      vertex 7.0920190005209065 6.217986951623264 1.5
      vertex 7.381966011250105 6.097886967409693 12.5
    endloop
  endfacet
  facet normal -0.9723699203976768 -0.23344536385590503 0
    outer loop
      vertex 6.097886967409693 7.381966011250105 12.5
      vertex 6.0246233188097245 7.6871310699195385 12.5
      vertex 6.097886967409693 7.381966011250105 1.5
    endloop
  endfacet
  facet normal -0.996917333733128 -0.07845909572784474 0
    outer loop
      vertex 6.0246233188097245 7.6871310699195385 12.5
      vertex 6 8 12.5
      vertex 6.0246233188097245 7.6871310699195385 1.5
    endloop
  endfacet
  facet normal -0.996917333733128 0.07845909572784451 0
    outer loop
      vertex 6 8 12.5
      vertex 6.0246233188097245 8.312868930080462 12.5
      vertex 6 8 1.5
    endloop
  endfacet
  facet normal -0.9723699203976766 0.23344536385590564 0
    outer loop
      vertex 6.0246233188097245 8.312868930080462 12.5
      vertex 6.097886967409693 8.618033988749895 12.5
      vertex 6.0246233188097245 8.312868930080462 1.5
    endloop
  endfacet
  facet normal -0.9238795325112864 0.3826834323650907 0
    outer loop
      vertex 6.097886967409693 8.618033988749895 12.5
      vertex 6.217986951623264 8.907980999479093 12.5
      vertex 6.097886967409693 8.618033988749895 1.5
    endloop
  endfacet
  facet normal -0.23344536385590503 -0.9723699203976768 0
    outer loop
      vertex 7.381966011250105 6.097886967409693 12.5
      vertex 7.381966011250105 6.097886967409693 1.5
      vertex 7.6871310699195385 6.0246233188097245 12.5
    endloop
  endfacet
  facet normal -0.07845909572784474 -0.996917333733128 0
    outer loop
      vertex 7.6871310699195385 6.0246233188097245 12.5
      vertex 7.6871310699195385 6.0246233188097245 1.5
      vertex 8 6 12.5
    endloop
  endfacet
  facet normal 0.07845909572784451 -0.996917333733128 0
    outer loop
      vertex 8 6 12.5
      vertex 8 6 1.5
      vertex 8.312868930080462 6.0246233188097245 12.5
    endloop
  endfacet
  facet normal 0.23344536385590564 -0.9723699203976766 0
    outer loop
      vertex 8.312868930080462 6.0246233188097245 12.5
      vertex 8.312868930080462 6.0246233188097245 1.5
      vertex 8.618033988749895 6.097886967409693 12.5
    endloop
  endfacet
  facet normal 0.3826834323650907 -0.9238795325112864 0
    outer loop
      vertex 8.618033988749895 6.097886967409693 12.5
      vertex 8.618033988749895 6.097886967409693 1.5
      vertex 8.907980999479093 6.217986951623264 12.5
    endloop
  endfacet
  facet normal -0.852640164354093 0.5224985647159476 0
    outer loop
      vertex 6.217986951623264 8.907980999479093 12.5
      vertex 6.381966011250105 9.175570504584947 12.5
      vertex 6.217986951623264 8.907980999479093 1.5
    endloop
  endfacet
  facet normal -0.760405965600031 0.6494480483301835 0
    outer loop
      vertex 6.381966011250105 9.175570504584947 12.5
      vertex 6.585786437626905 9.414213562373096 12.5
      vertex 6.381966011250105 9.175570504584947 1.5
    endloop
  endfacet
  facet normal -0.6494480483301833 0.7604059656000313 0
    outer loop
      vertex 6.585786437626905 9.414213562373096 12.5
      vertex 6.824429495415053 9.618033988749895 12.5
      vertex 6.824429495415053 9.618033988749895 1.5
    endloop
  endfacet
  facet normal -0.5224985647159497 0.8526401643540917 0
    outer loop
      vertex 6.824429495415053 9.618033988749895 12.5
      vertex 7.0920190005209065 9.782013048376736 12.5
      vertex 7.0920190005209065 9.782013048376736 1.5
    endloop
  endfacet
  facet normal -0.3826834323650883 0.9238795325112873 0
    outer loop
      vertex 7.0920190005209065 9.782013048376736 12.5
      vertex 7.381966011250105 9.902113032590307 12.5
      vertex 7.381966011250105 9.902113032590307 1.5
    endloop
  endfacet
  facet normal -0.2334453638559077 0.9723699203976761 0
    outer loop
      vertex 7.381966011250105 9.902113032590307 12.5
      vertex 7.6871310699195385 9.975376681190276 12.5
      vertex 7.6871310699195385 9.975376681190276 1.5
    endloop
  endfacet
  facet normal -0.07845909572784192 0.9969173337331282 0
    outer loop
      vertex 7.6871310699195385 9.975376681190276 12.5
      vertex 8 10 12.5
      vertex 8 10 1.5
    endloop
  endfacet
  facet normal 0.0784590957278417 0.9969173337331282 0
    outer loop
      vertex 8 10 12.5
      vertex 8.312868930080462 9.975376681190276 12.5
      vertex 8.312868930080462 9.975376681190276 1.5
    endloop
  endfacet
  facet normal 0.3826834323650883 0.9238795325112873 0
    outer loop
      vertex 8.618033988749895 9.902113032590307 12.5
      vertex 8.907980999479093 9.782013048376736 12.5
      vertex 8.907980999479093 9.782013048376736 1.5
    endloop
  endfacet
  facet normal 0.23344536385590833 0.9723699203976759 0
    outer loop
      vertex 8.312868930080462 9.975376681190276 12.5
      vertex 8.618033988749895 9.902113032590307 12.5
      vertex 8.618033988749895 9.902113032590307 1.5
    endloop
  endfacet
  facet normal 0.5224985647159476 -0.852640164354093 0
    outer loop
      vertex 8.907980999479093 6.217986951623264 12.5
      vertex 8.907980999479093 6.217986951623264 1.5
      vertex 9.175570504584947 6.381966011250105 12.5
    endloop
  endfacet
  facet normal 0.6494480483301835 -0.760405965600031 0
    outer loop
      vertex 9.175570504584947 6.381966011250105 12.5
      vertex 9.175570504584947 6.381966011250105 1.5
      vertex 9.414213562373096 6.585786437626905 12.5
    endloop
  endfacet
  facet normal 0.7604059656000313 -0.6494480483301833 0
    outer loop
      vertex 9.414213562373096 6.585786437626905 12.5
      vertex 9.618033988749895 6.824429495415053 1.5
      vertex 9.618033988749895 6.824429495415053 12.5
    endloop
  endfacet
  facet normal 0.8526401643540917 -0.5224985647159497 0
    outer loop
      vertex 9.618033988749895 6.824429495415053 12.5
      vertex 9.782013048376736 7.0920190005209065 1.5
      vertex 9.782013048376736 7.0920190005209065 12.5
    endloop
  endfacet
  facet normal 0.9238795325112873 -0.3826834323650883 0
    outer loop
      vertex 9.782013048376736 7.0920190005209065 12.5
      vertex 9.902113032590307 7.381966011250105 1.5
      vertex 9.902113032590307 7.381966011250105 12.5
    endloop
  endfacet
  facet normal 0.9723699203976761 -0.2334453638559077 0
    outer loop
      vertex 9.902113032590307 7.381966011250105 12.5
      vertex 9.975376681190276 7.6871310699195385 1.5
      vertex 9.975376681190276 7.6871310699195385 12.5
    endloop
  endfacet
  facet normal 0.9969173337331282 -0.07845909572784192 0
    outer loop
      vertex 9.975376681190276 7.6871310699195385 12.5
      vertex 10 8 1.5
      vertex 10 8 12.5
    endloop
  endfacet
  facet normal 0.9238795325112873 0.3826834323650883 0
    outer loop
      vertex 9.902113032590307 8.618033988749895 12.5
      vertex 9.782013048376736 8.907980999479093 1.5
      vertex 9.782013048376736 8.907980999479093 12.5
    endloop
  endfacet
  facet normal 0.9969173337331282 0.0784590957278417 0
    outer loop
      vertex 10 8 12.5
      vertex 9.975376681190276 8.312868930080462 1.5
      vertex 9.975376681190276 8.312868930080462 12.5
    endloop
  endfacet
  facet normal 0.9723699203976759 0.23344536385590833 0
    outer loop
      vertex 9.975376681190276 8.312868930080462 12.5
      vertex 9.902113032590307 8.618033988749895 1.5
      vertex 9.902113032590307 8.618033988749895 12.5
    endloop
  endfacet
  facet normal 0.6494480483301819 0.7604059656000325 0
    outer loop
      vertex 9.414213562373096 9.414213562373096 12.5
      vertex 9.414213562373096 9.414213562373096 1.5
      vertex 9.175570504584947 9.618033988749895 12.5
    endloop
  endfacet
  facet normal 0.7604059656000325 0.6494480483301819 0
    outer loop
      vertex 9.414213562373096 9.414213562373096 12.5
      vertex 9.618033988749895 9.175570504584947 12.5
      vertex 9.414213562373096 9.414213562373096 1.5
    endloop
  endfacet
  facet normal 0.5224985647159497 0.8526401643540917 0
    outer loop
      vertex 8.907980999479093 9.782013048376736 12.5
      vertex 9.175570504584947 9.618033988749895 12.5
      vertex 9.175570504584947 9.618033988749895 1.5
    endloop
  endfacet
  facet normal 0.8526401643540917 0.5224985647159497 0
    outer loop
      vertex 9.782013048376736 8.907980999479093 12.5
      vertex 9.618033988749895 9.175570504584947 1.5
      vertex 9.618033988749895 9.175570504584947 12.5
    endloop
  endfacet
  facet normal 0 0 1
    outer loop
      vertex 6.217986951623264 7.0920190005209065 12.5
      vertex 6.097886967409693 8.618033988749895 12.5
      vertex 6.097886967409693 7.381966011250105 12.5
    endloop
  endfacet
  facet normal 0 0 1
    outer loop
      vertex 6.097886967409693 7.381966011250105 12.5
      vertex 6.0246233188097245 8.312868930080462 12.5
      vertex 6.0246233188097245 7.6871310699195385 12.5
    endloop
  endfacet
  facet normal 0 0 1
    outer loop
      vertex 6.0246233188097245 7.6871310699195385 12.5
      vertex 6.0246233188097245 8.312868930080462 12.5
      vertex 6 8 12.5
    endloop
  endfacet
  facet normal 0 0 1
    outer loop
      vertex 6.381966011250105 6.824429495415053 12.5
      vertex 6.217986951623264 8.907980999479093 12.5
      vertex 6.217986951623264 7.0920190005209065 12.5
    endloop
  endfacet
  facet normal 0 0 1
    outer loop
      vertex 6.381966011250105 6.824429495415053 12.5
      vertex 6.585786437626905 6.585786437626905 12.5
      vertex 6.381966011250105 9.175570504584947 12.5
    endloop
  endfacet
  facet normal 0 0 1
    outer loop
      vertex 6.097886967409693 7.381966011250105 12.5
      vertex 6.097886967409693 8.618033988749895 12.5
      vertex 6.0246233188097245 8.312868930080462 12.5
    endloop
  endfacet
  facet normal 0 0 1
    outer loop
      vertex 6.217986951623264 7.0920190005209065 12.5
      vertex 6.217986951623264 8.907980999479093 12.5
      vertex 6.097886967409693 8.618033988749895 12.5
    endloop
  endfacet
  facet normal 0 0 1
    outer loop
      vertex 6.381966011250105 6.824429495415053 12.5
      vertex 6.381966011250105 9.175570504584947 12.5
      vertex 6.217986951623264 8.907980999479093 12.5
    endloop
  endfacet
  facet normal 0 0 1
    outer loop
      vertex 6.585786437626905 6.585786437626905 12.5
      vertex 6.585786437626905 9.414213562373096 12.5
      vertex 6.381966011250105 9.175570504584947 12.5
    endloop
  endfacet
  facet normal 0 0 1
    outer loop
      vertex 6.824429495415053 6.381966011250105 12.5
      vertex 6.585786437626905 9.414213562373096 12.5
      vertex 6.585786437626905 6.585786437626905 12.5
    endloop
  endfacet
  facet normal 0 0 1
    outer loop
      vertex 6.824429495415053 6.381966011250105 12.5
      vertex 7.0920190005209065 6.217986951623264 12.5
      vertex 6.824429495415053 9.618033988749895 12.5
    endloop
  endfacet
  facet normal 0 0 1
    outer loop
      vertex 7.0920190005209065 6.217986951623264 12.5
      vertex 7.381966011250105 6.097886967409693 12.5
      vertex 7.0920190005209065 9.782013048376736 12.5
    endloop
  endfacet
  facet normal 0 0 1
    outer loop
      vertex 6.824429495415053 6.381966011250105 12.5
      vertex 6.824429495415053 9.618033988749895 12.5
      vertex 6.585786437626905 9.414213562373096 12.5
    endloop
  endfacet
  facet normal 0 0 1
    outer loop
      vertex 7.0920190005209065 6.217986951623264 12.5
      vertex 7.0920190005209065 9.782013048376736 12.5
      vertex 6.824429495415053 9.618033988749895 12.5
    endloop
  endfacet
  facet normal 0 0 1
    outer loop
      vertex 7.381966011250105 6.097886967409693 12.5
      vertex 7.381966011250105 9.902113032590307 12.5
      vertex 7.0920190005209065 9.782013048376736 12.5
    endloop
  endfacet
  facet normal 0 0 1
    outer loop
      vertex 7.381966011250105 6.097886967409693 12.5
      vertex 7.6871310699195385 6.0246233188097245 12.5
      vertex 7.381966011250105 9.902113032590307 12.5
    endloop
  endfacet
  facet normal 0 0 1
    outer loop
      vertex 7.6871310699195385 6.0246233188097245 12.5
      vertex 8 6 12.5
      vertex 7.6871310699195385 9.975376681190276 12.5
    endloop
  endfacet
  facet normal 0 0 1
    outer loop
      vertex 8 6 12.5
      vertex 8.312868930080462 6.0246233188097245 12.5
      vertex 8 10 12.5
    endloop
  endfacet
  facet normal 0 0 1
    outer loop
      vertex 7.6871310699195385 6.0246233188097245 12.5
      vertex 7.6871310699195385 9.975376681190276 12.5
      vertex 7.381966011250105 9.902113032590307 12.5
    endloop
  endfacet
  facet normal 0 0 1
    outer loop
      vertex 7.6871310699195385 9.975376681190276 12.5
      vertex 8 6 12.5
      vertex 8 10 12.5
    endloop
  endfacet
  facet normal 0 0 1
    outer loop
      vertex 8.312868930080462 6.0246233188097245 12.5
      vertex 8.618033988749895 6.097886967409693 12.5
      vertex 8.312868930080462 9.975376681190276 12.5
    endloop
  endfacet
  facet normal 0 0 1
    outer loop
      vertex 8.618033988749895 6.097886967409693 12.5
      vertex 8.907980999479093 6.217986951623264 12.5
      vertex 8.618033988749895 9.902113032590307 12.5
    endloop
  endfacet
  facet normal 0 0 1
    outer loop
      vertex 8.312868930080462 6.0246233188097245 12.5
      vertex 8.312868930080462 9.975376681190276 12.5
      vertex 8 10 12.5
    endloop
  endfacet
  facet normal 0 0 1
    outer loop
      vertex 8.618033988749895 6.097886967409693 12.5
      vertex 8.618033988749895 9.902113032590307 12.5
      vertex 8.312868930080462 9.975376681190276 12.5
    endloop
  endfacet
  facet normal 0 0 1
    outer loop
      vertex 8.907980999479093 6.217986951623264 12.5
      vertex 8.907980999479093 9.782013048376736 12.5
      vertex 8.618033988749895 9.902113032590307 12.5
    endloop
  endfacet
  facet normal 0 0 1
    outer loop
      vertex 8.907980999479093 6.217986951623264 12.5
      vertex 9.175570504584947 6.381966011250105 12.5
      vertex 8.907980999479093 9.782013048376736 12.5
    endloop
  endfacet
  facet normal 0 0 1
    outer loop
      vertex 9.175570504584947 6.381966011250105 12.5
      vertex 9.414213562373096 6.585786437626905 12.5
      vertex 9.175570504584947 9.618033988749895 12.5
    endloop
  endfacet
  facet normal 0 0 1
    outer loop
      vertex 9.414213562373096 6.585786437626905 12.5
      vertex 9.618033988749895 6.824429495415053 12.5
      vertex 9.414213562373096 9.414213562373096 12.5
    endloop
  endfacet
  facet normal 0 0 1
    outer loop
      vertex 9.175570504584947 6.381966011250105 12.5
      vertex 9.175570504584947 9.618033988749895 12.5
      vertex 8.907980999479093 9.782013048376736 12.5
    endloop
  endfacet
  facet normal 0 0 1
    outer loop
      vertex 9.414213562373096 6.585786437626905 12.5
      vertex 9.414213562373096 9.414213562373096 12.5
      vertex 9.175570504584947 9.618033988749895 12.5
    endloop
  endfacet
  facet normal 0 0 1
    outer loop
      vertex 9.618033988749895 6.824429495415053 12.5
      vertex 9.782013048376736 7.0920190005209065 12.5
      vertex 9.618033988749895 9.175570504584947 12.5
    endloop
  endfacet
  facet normal 0 0 1
    outer loop
      vertex 9.782013048376736 7.0920190005209065 12.5
      vertex 9.902113032590307 7.381966011250105 12.5
      vertex 9.782013048376736 8.907980999479093 12.5
    endloop
  endfacet
  facet normal 0 0 1
    outer loop
      vertex 9.902113032590307 7.381966011250105 12.5
      vertex 9.975376681190276 7.6871310699195385 12.5
      vertex 9.902113032590307 8.618033988749895 12.5
    endloop
  endfacet
  facet normal 0 0 1
    outer loop
      vertex 9.975376681190276 7.6871310699195385 12.5
      vertex 10 8 12.5
      vertex 9.975376681190276 8.312868930080462 12.5
    endloop
  endfacet
  facet normal 0 0 1
    outer loop
      vertex 9.782013048376736 7.0920190005209065 12.5
      vertex 9.782013048376736 8.907980999479093 12.5
      vertex 9.618033988749895 9.175570504584947 12.5
    endloop
  endfacet
  facet normal 0 0 1
    outer loop
      vertex 9.902113032590307 7.381966011250105 12.5
      vertex 9.902113032590307 8.618033988749895 12.5
      vertex 9.782013048376736 8.907980999479093 12.5
    endloop
  endfacet
  facet normal 0 0 1
    outer loop
      vertex 9.618033988749895 6.824429495415053 12.5
      vertex 9.618033988749895 9.175570504584947 12.5
      vertex 9.414213562373096 9.414213562373096 12.5
    endloop
  endfacet
  facet normal 0 0 1
    outer loop
      vertex 9.975376681190276 7.6871310699195385 12.5
      vertex 9.975376681190276 8.312868930080462 12.5
      vertex 9.902113032590307 8.618033988749895 12.5
    endloop
  endfacet
  facet normal -0.760405965600031 -0.6494480483301835 0
    outer loop
      vertex 6.381966011250105 -9.175570504584947 12.5
      vertex 6.381966011250105 -9.175570504584947 1.5
      vertex 6.585786437626905 -9.414213562373096 1.5
    endloop
  endfacet
  facet normal -0.852640164354093 -0.5224985647159476 0
    outer loop
      vertex 6.217986951623264 -8.907980999479093 12.5
      vertex 6.217986951623264 -8.907980999479093 1.5
      vertex 6.381966011250105 -9.175570504584947 1.5
    endloop
  endfacet
  facet normal -0.6494480483301833 -0.7604059656000313 0
    outer loop
      vertex 6.824429495415053 -9.618033988749895 12.5
      vertex 6.585786437626905 -9.414213562373096 1.5
      vertex 6.824429495415053 -9.618033988749895 1.5
    endloop
  endfacet
  facet normal -0.5224985647159497 -0.8526401643540917 0
    outer loop
      vertex 7.0920190005209065 -9.782013048376736 12.5
      vertex 6.824429495415053 -9.618033988749895 1.5
      vertex 7.0920190005209065 -9.782013048376736 1.5
    endloop
  endfacet
  facet normal -0.3826834323650883 -0.9238795325112873 0
    outer loop
      vertex 7.381966011250105 -9.902113032590307 12.5
      vertex 7.0920190005209065 -9.782013048376736 1.5
      vertex 7.381966011250105 -9.902113032590307 1.5
    endloop
  endfacet
  facet normal -0.2334453638559077 -0.9723699203976761 0
    outer loop
      vertex 7.6871310699195385 -9.975376681190276 12.5
      vertex 7.381966011250105 -9.902113032590307 1.5
      vertex 7.6871310699195385 -9.975376681190276 1.5
    endloop
  endfacet
  facet normal -0.07845909572784192 -0.9969173337331282 0
    outer loop
      vertex 8 -10 12.5
      vertex 7.6871310699195385 -9.975376681190276 1.5
      vertex 8 -10 1.5
    endloop
  endfacet
  facet normal 0.0784590957278417 -0.9969173337331282 0
    outer loop
      vertex 8.312868930080462 -9.975376681190276 12.5
      vertex 8 -10 1.5
      vertex 8.312868930080462 -9.975376681190276 1.5
    endloop
  endfacet
  facet normal 0.23344536385590833 -0.9723699203976759 0
    outer loop
      vertex 8.618033988749895 -9.902113032590307 12.5
      vertex 8.312868930080462 -9.975376681190276 1.5
      vertex 8.618033988749895 -9.902113032590307 1.5
    endloop
  endfacet
  facet normal 0.3826834323650883 -0.9238795325112873 0
    outer loop
      vertex 8.907980999479093 -9.782013048376736 12.5
      vertex 8.618033988749895 -9.902113032590307 1.5
      vertex 8.907980999479093 -9.782013048376736 1.5
    endloop
  endfacet
  facet normal -0.9238795325112864 -0.3826834323650907 0
    outer loop
      vertex 6.097886967409693 -8.618033988749895 12.5
      vertex 6.097886967409693 -8.618033988749895 1.5
      vertex 6.217986951623264 -8.907980999479093 1.5
    endloop
  endfacet
  facet normal -0.9723699203976766 -0.23344536385590564 0
    outer loop
      vertex 6.0246233188097245 -8.312868930080462 12.5
      vertex 6.0246233188097245 -8.312868930080462 1.5
      vertex 6.097886967409693 -8.618033988749895 1.5
    endloop
  endfacet
  facet normal -0.996917333733128 -0.07845909572784451 0
    outer loop
      vertex 6 -8 12.5
      vertex 6 -8 1.5
      vertex 6.0246233188097245 -8.312868930080462 1.5
    endloop
  endfacet
  facet normal -0.996917333733128 0.07845909572784474 0
    outer loop
      vertex 6.0246233188097245 -7.6871310699195385 12.5
      vertex 6.0246233188097245 -7.6871310699195385 1.5
      vertex 6 -8 1.5
    endloop
  endfacet
  facet normal -0.9723699203976768 0.23344536385590503 0
    outer loop
      vertex 6.097886967409693 -7.381966011250105 12.5
      vertex 6.097886967409693 -7.381966011250105 1.5
      vertex 6.0246233188097245 -7.6871310699195385 1.5
    endloop
  endfacet
  facet normal -0.9238795325112864 0.3826834323650907 0
    outer loop
      vertex 6.217986951623264 -7.0920190005209065 12.5
      vertex 6.217986951623264 -7.0920190005209065 1.5
      vertex 6.097886967409693 -7.381966011250105 1.5
    endloop
  endfacet
  facet normal -0.852640164354093 0.5224985647159476 0
    outer loop
      vertex 6.381966011250105 -6.824429495415053 12.5
      vertex 6.381966011250105 -6.824429495415053 1.5
      vertex 6.217986951623264 -7.0920190005209065 1.5
    endloop
  endfacet
  facet normal -0.7604059656000299 0.649448048330185 0
    outer loop
      vertex 6.585786437626905 -6.585786437626905 12.5
      vertex 6.585786437626905 -6.585786437626905 1.5
      vertex 6.381966011250105 -6.824429495415053 1.5
    endloop
  endfacet
  facet normal -0.649448048330185 0.7604059656000299 0
    outer loop
      vertex 6.585786437626905 -6.585786437626905 12.5
      vertex 6.824429495415053 -6.381966011250105 1.5
      vertex 6.585786437626905 -6.585786437626905 1.5
    endloop
  endfacet
  facet normal -0.5224985647159476 0.852640164354093 0
    outer loop
      vertex 6.824429495415053 -6.381966011250105 12.5
      vertex 7.0920190005209065 -6.217986951623264 1.5
      vertex 6.824429495415053 -6.381966011250105 1.5
    endloop
  endfacet
  facet normal -0.3826834323650907 0.9238795325112864 0
    outer loop
      vertex 7.0920190005209065 -6.217986951623264 12.5
      vertex 7.381966011250105 -6.097886967409693 1.5
      vertex 7.0920190005209065 -6.217986951623264 1.5
    endloop
  endfacet
  facet normal -0.23344536385590503 0.9723699203976768 0
    outer loop
      vertex 7.381966011250105 -6.097886967409693 12.5
      vertex 7.6871310699195385 -6.0246233188097245 1.5
      vertex 7.381966011250105 -6.097886967409693 1.5
    endloop
  endfacet
  facet normal -0.07845909572784474 0.996917333733128 0
    outer loop
      vertex 7.6871310699195385 -6.0246233188097245 12.5
      vertex 8 -6 1.5
      vertex 7.6871310699195385 -6.0246233188097245 1.5
    endloop
  endfacet
  facet normal 0.07845909572784451 0.996917333733128 0
    outer loop
      vertex 8 -6 12.5
      vertex 8.312868930080462 -6.0246233188097245 1.5
      vertex 8 -6 1.5
    endloop
  endfacet
  facet normal 0.23344536385590564 0.9723699203976766 0
    outer loop
      vertex 8.312868930080462 -6.0246233188097245 12.5
      vertex 8.618033988749895 -6.097886967409693 1.5
      vertex 8.312868930080462 -6.0246233188097245 1.5
    endloop
  endfacet
  facet normal 0.3826834323650907 0.9238795325112864 0
    outer loop
      vertex 8.618033988749895 -6.097886967409693 12.5
      vertex 8.907980999479093 -6.217986951623264 1.5
      vertex 8.618033988749895 -6.097886967409693 1.5
    endloop
  endfacet
  facet normal 0.5224985647159497 -0.8526401643540917 0
    outer loop
      vertex 9.175570504584947 -9.618033988749895 12.5
      vertex 8.907980999479093 -9.782013048376736 1.5
      vertex 9.175570504584947 -9.618033988749895 1.5
    endloop
  endfacet
  facet normal 0.6494480483301819 -0.7604059656000325 0
    outer loop
      vertex 9.414213562373096 -9.414213562373096 12.5
      vertex 9.175570504584947 -9.618033988749895 1.5
      vertex 9.414213562373096 -9.414213562373096 1.5
    endloop
  endfacet
  facet normal 0.7604059656000325 -0.6494480483301819 0
    outer loop
      vertex 9.414213562373096 -9.414213562373096 12.5
      vertex 9.414213562373096 -9.414213562373096 1.5
      vertex 9.618033988749895 -9.175570504584947 1.5
    endloop
  endfacet
  facet normal 0.8526401643540917 -0.5224985647159497 0
    outer loop
      vertex 9.618033988749895 -9.175570504584947 12.5
      vertex 9.618033988749895 -9.175570504584947 1.5
      vertex 9.782013048376736 -8.907980999479093 1.5
    endloop
  endfacet
  facet normal 0.9238795325112873 -0.3826834323650883 0
    outer loop
      vertex 9.782013048376736 -8.907980999479093 12.5
      vertex 9.782013048376736 -8.907980999479093 1.5
      vertex 9.902113032590307 -8.618033988749895 1.5
    endloop
  endfacet
  facet normal 0.9723699203976759 -0.23344536385590833 0
    outer loop
      vertex 9.902113032590307 -8.618033988749895 12.5
      vertex 9.902113032590307 -8.618033988749895 1.5
      vertex 9.975376681190276 -8.312868930080462 1.5
    endloop
  endfacet
  facet normal 0.9969173337331282 -0.0784590957278417 0
    outer loop
      vertex 9.975376681190276 -8.312868930080462 12.5
      vertex 9.975376681190276 -8.312868930080462 1.5
      vertex 10 -8 1.5
    endloop
  endfacet
  facet normal 0.9969173337331282 0.07845909572784192 0
    outer loop
      vertex 10 -8 12.5
      vertex 10 -8 1.5
      vertex 9.975376681190276 -7.6871310699195385 1.5
    endloop
  endfacet
  facet normal 0.9723699203976761 0.2334453638559077 0
    outer loop
      vertex 9.975376681190276 -7.6871310699195385 12.5
      vertex 9.975376681190276 -7.6871310699195385 1.5
      vertex 9.902113032590307 -7.381966011250105 1.5
    endloop
  endfacet
  facet normal 0.5224985647159476 0.852640164354093 0
    outer loop
      vertex 8.907980999479093 -6.217986951623264 12.5
      vertex 9.175570504584947 -6.381966011250105 1.5
      vertex 8.907980999479093 -6.217986951623264 1.5
    endloop
  endfacet
  facet normal 0.6494480483301835 0.760405965600031 0
    outer loop
      vertex 9.175570504584947 -6.381966011250105 12.5
      vertex 9.414213562373096 -6.585786437626905 1.5
      vertex 9.175570504584947 -6.381966011250105 1.5
    endloop
  endfacet
  facet normal 0.8526401643540917 0.5224985647159497 0
    outer loop
      vertex 9.782013048376736 -7.0920190005209065 12.5
      vertex 9.782013048376736 -7.0920190005209065 1.5
      vertex 9.618033988749895 -6.824429495415053 1.5
    endloop
  endfacet
  facet normal 0.9238795325112873 0.3826834323650883 0
    outer loop
      vertex 9.902113032590307 -7.381966011250105 12.5
      vertex 9.902113032590307 -7.381966011250105 1.5
      vertex 9.782013048376736 -7.0920190005209065 1.5
    endloop
  endfacet
  facet normal 0.7604059656000313 0.6494480483301833 0
    outer loop
      vertex 9.618033988749895 -6.824429495415053 12.5
      vertex 9.618033988749895 -6.824429495415053 1.5
      vertex 9.414213562373096 -6.585786437626905 1.5
    endloop
  endfacet
  facet normal -0.760405965600031 -0.6494480483301835 0
    outer loop
      vertex 6.381966011250105 -9.175570504584947 12.5
      vertex 6.585786437626905 -9.414213562373096 1.5
      vertex 6.585786437626905 -9.414213562373096 12.5
    endloop
  endfacet
  facet normal -0.852640164354093 -0.5224985647159476 0
    outer loop
      vertex 6.381966011250105 -9.175570504584947 12.5
      vertex 6.217986951623264 -8.907980999479093 12.5
      vertex 6.381966011250105 -9.175570504584947 1.5
    endloop
  endfacet
  facet normal -0.5224985647159497 -0.8526401643540917 0
    outer loop
      vertex 6.824429495415053 -9.618033988749895 12.5
      vertex 6.824429495415053 -9.618033988749895 1.5
      vertex 7.0920190005209065 -9.782013048376736 12.5
    endloop
  endfacet
  facet normal -0.3826834323650883 -0.9238795325112873 0
    outer loop
      vertex 7.0920190005209065 -9.782013048376736 12.5
      vertex 7.0920190005209065 -9.782013048376736 1.5
      vertex 7.381966011250105 -9.902113032590307 12.5
    endloop
  endfacet
  facet normal -0.6494480483301833 -0.7604059656000313 0
    outer loop
      vertex 6.824429495415053 -9.618033988749895 12.5
      vertex 6.585786437626905 -9.414213562373096 12.5
      vertex 6.585786437626905 -9.414213562373096 1.5
    endloop
  endfacet
  facet normal -0.2334453638559077 -0.9723699203976761 0
    outer loop
      vertex 7.381966011250105 -9.902113032590307 12.5
      vertex 7.381966011250105 -9.902113032590307 1.5
      vertex 7.6871310699195385 -9.975376681190276 12.5
    endloop
  endfacet
  facet normal -0.07845909572784192 -0.9969173337331282 0
    outer loop
      vertex 7.6871310699195385 -9.975376681190276 12.5
      vertex 7.6871310699195385 -9.975376681190276 1.5
      vertex 8 -10 12.5
    endloop
  endfacet
  facet normal 0.0784590957278417 -0.9969173337331282 0
    outer loop
      vertex 8 -10 12.5
      vertex 8 -10 1.5
      vertex 8.312868930080462 -9.975376681190276 12.5
    endloop
  endfacet
  facet normal 0.23344536385590833 -0.9723699203976759 0
    outer loop
      vertex 8.312868930080462 -9.975376681190276 12.5
      vertex 8.312868930080462 -9.975376681190276 1.5
      vertex 8.618033988749895 -9.902113032590307 12.5
    endloop
  endfacet
  facet normal 0.3826834323650883 -0.9238795325112873 0
    outer loop
      vertex 8.618033988749895 -9.902113032590307 12.5
      vertex 8.618033988749895 -9.902113032590307 1.5
      vertex 8.907980999479093 -9.782013048376736 12.5
    endloop
  endfacet
  facet normal -0.9238795325112864 -0.3826834323650907 0
    outer loop
      vertex 6.217986951623264 -8.907980999479093 12.5
      vertex 6.097886967409693 -8.618033988749895 12.5
      vertex 6.217986951623264 -8.907980999479093 1.5
    endloop
  endfacet
  facet normal -0.9723699203976766 -0.23344536385590564 0
    outer loop
      vertex 6.097886967409693 -8.618033988749895 12.5
      vertex 6.0246233188097245 -8.312868930080462 12.5
      vertex 6.097886967409693 -8.618033988749895 1.5
    endloop
  endfacet
  facet normal -0.996917333733128 -0.07845909572784451 0
    outer loop
      vertex 6.0246233188097245 -8.312868930080462 12.5
      vertex 6 -8 12.5
      vertex 6.0246233188097245 -8.312868930080462 1.5
    endloop
  endfacet
  facet normal -0.996917333733128 0.07845909572784474 0
    outer loop
      vertex 6 -8 12.5
      vertex 6.0246233188097245 -7.6871310699195385 12.5
      vertex 6 -8 1.5
    endloop
  endfacet
  facet normal -0.9723699203976768 0.23344536385590503 0
    outer loop
      vertex 6.0246233188097245 -7.6871310699195385 12.5
      vertex 6.097886967409693 -7.381966011250105 12.5
      vertex 6.0246233188097245 -7.6871310699195385 1.5
    endloop
  endfacet
  facet normal -0.9238795325112864 0.3826834323650907 0
    outer loop
      vertex 6.097886967409693 -7.381966011250105 12.5
      vertex 6.217986951623264 -7.0920190005209065 12.5
      vertex 6.097886967409693 -7.381966011250105 1.5
    endloop
  endfacet
  facet normal -0.852640164354093 0.5224985647159476 0
    outer loop
      vertex 6.217986951623264 -7.0920190005209065 12.5
      vertex 6.381966011250105 -6.824429495415053 12.5
      vertex 6.217986951623264 -7.0920190005209065 1.5
    endloop
  endfacet
  facet normal -0.7604059656000299 0.649448048330185 0
    outer loop
      vertex 6.381966011250105 -6.824429495415053 12.5
      vertex 6.585786437626905 -6.585786437626905 12.5
      vertex 6.381966011250105 -6.824429495415053 1.5
    endloop
  endfacet
  facet normal -0.649448048330185 0.7604059656000299 0
    outer loop
      vertex 6.585786437626905 -6.585786437626905 12.5
      vertex 6.824429495415053 -6.381966011250105 12.5
      vertex 6.824429495415053 -6.381966011250105 1.5
    endloop
  endfacet
  facet normal -0.5224985647159476 0.852640164354093 0
    outer loop
      vertex 6.824429495415053 -6.381966011250105 12.5
      vertex 7.0920190005209065 -6.217986951623264 12.5
      vertex 7.0920190005209065 -6.217986951623264 1.5
    endloop
  endfacet
  facet normal -0.3826834323650907 0.9238795325112864 0
    outer loop
      vertex 7.0920190005209065 -6.217986951623264 12.5
      vertex 7.381966011250105 -6.097886967409693 12.5
      vertex 7.381966011250105 -6.097886967409693 1.5
    endloop
  endfacet
  facet normal -0.23344536385590503 0.9723699203976768 0
    outer loop
      vertex 7.381966011250105 -6.097886967409693 12.5
      vertex 7.6871310699195385 -6.0246233188097245 12.5
      vertex 7.6871310699195385 -6.0246233188097245 1.5
    endloop
  endfacet
  facet normal -0.07845909572784474 0.996917333733128 0
    outer loop
      vertex 7.6871310699195385 -6.0246233188097245 12.5
      vertex 8 -6 12.5
      vertex 8 -6 1.5
    endloop
  endfacet
  facet normal 0.07845909572784451 0.996917333733128 0
    outer loop
      vertex 8 -6 12.5
      vertex 8.312868930080462 -6.0246233188097245 12.5
      vertex 8.312868930080462 -6.0246233188097245 1.5
    endloop
  endfacet
  facet normal 0.23344536385590564 0.9723699203976766 0
    outer loop
      vertex 8.312868930080462 -6.0246233188097245 12.5
      vertex 8.618033988749895 -6.097886967409693 12.5
      vertex 8.618033988749895 -6.097886967409693 1.5
    endloop
  endfacet
  facet normal 0.3826834323650907 0.9238795325112864 0
    outer loop
      vertex 8.618033988749895 -6.097886967409693 12.5
      vertex 8.907980999479093 -6.217986951623264 12.5
      vertex 8.907980999479093 -6.217986951623264 1.5
    endloop
  endfacet
  facet normal 0.5224985647159497 -0.8526401643540917 0
    outer loop
      vertex 8.907980999479093 -9.782013048376736 12.5
      vertex 8.907980999479093 -9.782013048376736 1.5
      vertex 9.175570504584947 -9.618033988749895 12.5
    endloop
  endfacet
  facet normal 0.6494480483301819 -0.7604059656000325 0
    outer loop
      vertex 9.175570504584947 -9.618033988749895 12.5
      vertex 9.175570504584947 -9.618033988749895 1.5
      vertex 9.414213562373096 -9.414213562373096 12.5
    endloop
  endfacet
  facet normal 0.7604059656000325 -0.6494480483301819 0
    outer loop
      vertex 9.414213562373096 -9.414213562373096 12.5
      vertex 9.618033988749895 -9.175570504584947 1.5
      vertex 9.618033988749895 -9.175570504584947 12.5
    endloop
  endfacet
  facet normal 0.8526401643540917 -0.5224985647159497 0
    outer loop
      vertex 9.618033988749895 -9.175570504584947 12.5
      vertex 9.782013048376736 -8.907980999479093 1.5
      vertex 9.782013048376736 -8.907980999479093 12.5
    endloop
  endfacet
  facet normal 0.9238795325112873 -0.3826834323650883 0
    outer loop
      vertex 9.782013048376736 -8.907980999479093 12.5
      vertex 9.902113032590307 -8.618033988749895 1.5
      vertex 9.902113032590307 -8.618033988749895 12.5
    endloop
  endfacet
  facet normal 0.9723699203976759 -0.23344536385590833 0
    outer loop
      vertex 9.902113032590307 -8.618033988749895 12.5
      vertex 9.975376681190276 -8.312868930080462 1.5
      vertex 9.975376681190276 -8.312868930080462 12.5
    endloop
  endfacet
  facet normal 0.9969173337331282 -0.0784590957278417 0
    outer loop
      vertex 9.975376681190276 -8.312868930080462 12.5
      vertex 10 -8 1.5
      vertex 10 -8 12.5
    endloop
  endfacet
  facet normal 0.9969173337331282 0.07845909572784192 0
    outer loop
      vertex 10 -8 12.5
      vertex 9.975376681190276 -7.6871310699195385 1.5
      vertex 9.975376681190276 -7.6871310699195385 12.5
    endloop
  endfacet
  facet normal 0.9723699203976761 0.2334453638559077 0
    outer loop
      vertex 9.975376681190276 -7.6871310699195385 12.5
      vertex 9.902113032590307 -7.381966011250105 1.5
      vertex 9.902113032590307 -7.381966011250105 12.5
    endloop
  endfacet
  facet normal 0.7604059656000313 0.6494480483301833 0
    outer loop
      vertex 9.414213562373096 -6.585786437626905 12.5
      vertex 9.618033988749895 -6.824429495415053 12.5
      vertex 9.414213562373096 -6.585786437626905 1.5
    endloop
  endfacet
  facet normal 0.5224985647159476 0.852640164354093 0
    outer loop
      vertex 8.907980999479093 -6.217986951623264 12.5
      vertex 9.175570504584947 -6.381966011250105 12.5
      vertex 9.175570504584947 -6.381966011250105 1.5
    endloop
  endfacet
  facet normal 0.6494480483301835 0.760405965600031 0
    outer loop
      vertex 9.414213562373096 -6.585786437626905 12.5
      vertex 9.414213562373096 -6.585786437626905 1.5
      vertex 9.175570504584947 -6.381966011250105 12.5
    endloop
  endfacet
  facet normal 0.9238795325112873 0.3826834323650883 0
    outer loop
      vertex 9.902113032590307 -7.381966011250105 12.5
      vertex 9.782013048376736 -7.0920190005209065 1.5
      vertex 9.782013048376736 -7.0920190005209065 12.5
    endloop
  endfacet
  facet normal 0.8526401643540917 0.5224985647159497 0
    outer loop
      vertex 9.782013048376736 -7.0920190005209065 12.5
      vertex 9.618033988749895 -6.824429495415053 1.5
      vertex 9.618033988749895 -6.824429495415053 12.5
    endloop
  endfacet
  facet normal 0 0 1
    outer loop
      vertex 6.097886967409693 -8.618033988749895 12.5
      vertex 6.0246233188097245 -7.6871310699195385 12.5
      vertex 6.0246233188097245 -8.312868930080462 12.5
    endloop
  endfacet
  facet normal 0 0 1
    outer loop
      vertex 6.217986951623264 -8.907980999479093 12.5
      vertex 6.097886967409693 -7.381966011250105 12.5
      vertex 6.097886967409693 -8.618033988749895 12.5
    endloop
  endfacet
  facet normal 0 0 1
    outer loop
      vertex 6.381966011250105 -9.175570504584947 12.5
      vertex 6.585786437626905 -9.414213562373096 12.5
      vertex 6.381966011250105 -6.824429495415053 12.5
    endloop
  endfacet
  facet normal 0 0 1
    outer loop
      vertex 6.381966011250105 -9.175570504584947 12.5
      vertex 6.217986951623264 -7.0920190005209065 12.5
      vertex 6.217986951623264 -8.907980999479093 12.5
    endloop
  endfacet
  facet normal 0 0 1
    outer loop
      vertex 6.0246233188097245 -8.312868930080462 12.5
      vertex 6.0246233188097245 -7.6871310699195385 12.5
      vertex 6 -8 12.5
    endloop
  endfacet
  facet normal 0 0 1
    outer loop
      vertex 6.097886967409693 -8.618033988749895 12.5
      vertex 6.097886967409693 -7.381966011250105 12.5
      vertex 6.0246233188097245 -7.6871310699195385 12.5
    endloop
  endfacet
  facet normal 0 0 1
    outer loop
      vertex 6.217986951623264 -8.907980999479093 12.5
      vertex 6.217986951623264 -7.0920190005209065 12.5
      vertex 6.097886967409693 -7.381966011250105 12.5
    endloop
  endfacet
  facet normal 0 0 1
    outer loop
      vertex 6.381966011250105 -9.175570504584947 12.5
      vertex 6.381966011250105 -6.824429495415053 12.5
      vertex 6.217986951623264 -7.0920190005209065 12.5
    endloop
  endfacet
  facet normal 0 0 1
    outer loop
      vertex 6.585786437626905 -9.414213562373096 12.5
      vertex 6.585786437626905 -6.585786437626905 12.5
      vertex 6.381966011250105 -6.824429495415053 12.5
    endloop
  endfacet
  facet normal 0 0 1
    outer loop
      vertex 6.824429495415053 -9.618033988749895 12.5
      vertex 6.585786437626905 -6.585786437626905 12.5
      vertex 6.585786437626905 -9.414213562373096 12.5
    endloop
  endfacet
  facet normal 0 0 1
    outer loop
      vertex 6.824429495415053 -9.618033988749895 12.5
      vertex 7.0920190005209065 -9.782013048376736 12.5
      vertex 6.824429495415053 -6.381966011250105 12.5
    endloop
  endfacet
  facet normal 0 0 1
    outer loop
      vertex 7.0920190005209065 -9.782013048376736 12.5
      vertex 7.381966011250105 -9.902113032590307 12.5
      vertex 7.0920190005209065 -6.217986951623264 12.5
    endloop
  endfacet
  facet normal 0 0 1
    outer loop
      vertex 6.824429495415053 -9.618033988749895 12.5
      vertex 6.824429495415053 -6.381966011250105 12.5
      vertex 6.585786437626905 -6.585786437626905 12.5
    endloop
  endfacet
  facet normal 0 0 1
    outer loop
      vertex 7.0920190005209065 -9.782013048376736 12.5
      vertex 7.0920190005209065 -6.217986951623264 12.5
      vertex 6.824429495415053 -6.381966011250105 12.5
    endloop
  endfacet
  facet normal 0 0 1
    outer loop
      vertex 7.381966011250105 -9.902113032590307 12.5
      vertex 7.381966011250105 -6.097886967409693 12.5
      vertex 7.0920190005209065 -6.217986951623264 12.5
    endloop
  endfacet
  facet normal 0 0 1
    outer loop
      vertex 7.381966011250105 -9.902113032590307 12.5
      vertex 7.6871310699195385 -9.975376681190276 12.5
      vertex 7.381966011250105 -6.097886967409693 12.5
    endloop
  endfacet
  facet normal 0 0 1
    outer loop
      vertex 7.6871310699195385 -9.975376681190276 12.5
      vertex 8 -10 12.5
      vertex 7.6871310699195385 -6.0246233188097245 12.5
    endloop
  endfacet
  facet normal 0 0 1
    outer loop
      vertex 7.6871310699195385 -9.975376681190276 12.5
      vertex 7.6871310699195385 -6.0246233188097245 12.5
      vertex 7.381966011250105 -6.097886967409693 12.5
    endloop
  endfacet
  facet normal 0 0 1
    outer loop
      vertex 8 -10 12.5
      vertex 8.312868930080462 -9.975376681190276 12.5
      vertex 8 -6 12.5
    endloop
  endfacet
  facet normal 0 0 1
    outer loop
      vertex 8.312868930080462 -9.975376681190276 12.5
      vertex 8.618033988749895 -9.902113032590307 12.5
      vertex 8.312868930080462 -6.0246233188097245 12.5
    endloop
  endfacet
  facet normal 0 0 1
    outer loop
      vertex 8.618033988749895 -9.902113032590307 12.5
      vertex 8.907980999479093 -9.782013048376736 12.5
      vertex 8.618033988749895 -6.097886967409693 12.5
    endloop
  endfacet
  facet normal 0 0 1
    outer loop
      vertex 8.907980999479093 -9.782013048376736 12.5
      vertex 8.907980999479093 -6.217986951623264 12.5
      vertex 8.618033988749895 -6.097886967409693 12.5
    endloop
  endfacet
  facet normal 0 0 1
    outer loop
      vertex 7.6871310699195385 -6.0246233188097245 12.5
      vertex 8 -10 12.5
      vertex 8 -6 12.5
    endloop
  endfacet
  facet normal 0 0 1
    outer loop
      vertex 8.312868930080462 -9.975376681190276 12.5
      vertex 8.312868930080462 -6.0246233188097245 12.5
      vertex 8 -6 12.5
    endloop
  endfacet
  facet normal 0 0 1
    outer loop
      vertex 8.618033988749895 -9.902113032590307 12.5
      vertex 8.618033988749895 -6.097886967409693 12.5
      vertex 8.312868930080462 -6.0246233188097245 12.5
    endloop
  endfacet
  facet normal 0 0 1
    outer loop
      vertex 8.907980999479093 -9.782013048376736 12.5
      vertex 9.175570504584947 -9.618033988749895 12.5
      vertex 8.907980999479093 -6.217986951623264 12.5
    endloop
  endfacet
  facet normal 0 0 1
    outer loop
      vertex 9.175570504584947 -9.618033988749895 12.5
      vertex 9.414213562373096 -9.414213562373096 12.5
      vertex 9.175570504584947 -6.381966011250105 12.5
    endloop
  endfacet
  facet normal 0 0 1
    outer loop
      vertex 9.414213562373096 -9.414213562373096 12.5
      vertex 9.618033988749895 -9.175570504584947 12.5
      vertex 9.414213562373096 -6.585786437626905 12.5
    endloop
  endfacet
  facet normal 0 0 1
    outer loop
      vertex 9.175570504584947 -9.618033988749895 12.5
      vertex 9.175570504584947 -6.381966011250105 12.5
      vertex 8.907980999479093 -6.217986951623264 12.5
    endloop
  endfacet
  facet normal 0 0 1
    outer loop
      vertex 9.414213562373096 -9.414213562373096 12.5
      vertex 9.414213562373096 -6.585786437626905 12.5
      vertex 9.175570504584947 -6.381966011250105 12.5
    endloop
  endfacet
  facet normal 0 0 1
    outer loop
      vertex 9.618033988749895 -9.175570504584947 12.5
      vertex 9.782013048376736 -8.907980999479093 12.5
      vertex 9.618033988749895 -6.824429495415053 12.5
    endloop
  endfacet
  facet normal 0 0 1
    outer loop
      vertex 9.782013048376736 -8.907980999479093 12.5
      vertex 9.902113032590307 -8.618033988749895 12.5
      vertex 9.782013048376736 -7.0920190005209065 12.5
    endloop
  endfacet
  facet normal 0 0 1
    outer loop
      vertex 9.902113032590307 -8.618033988749895 12.5
      vertex 9.975376681190276 -8.312868930080462 12.5
      vertex 9.902113032590307 -7.381966011250105 12.5
    endloop
  endfacet
  facet normal 0 0 1
    outer loop
      vertex 9.618033988749895 -9.175570504584947 12.5
      vertex 9.618033988749895 -6.824429495415053 12.5
      vertex 9.414213562373096 -6.585786437626905 12.5
    endloop
  endfacet
  facet normal 0 0 1
    outer loop
      vertex 9.782013048376736 -8.907980999479093 12.5
      vertex 9.782013048376736 -7.0920190005209065 12.5
      vertex 9.618033988749895 -6.824429495415053 12.5
    endloop
  endfacet
  facet normal 0 0 1
    outer loop
      vertex 9.902113032590307 -8.618033988749895 12.5
      vertex 9.902113032590307 -7.381966011250105 12.5
      vertex 9.782013048376736 -7.0920190005209065 12.5
    endloop
  endfacet
  facet normal 0 0 1
    outer loop
      vertex 9.975376681190276 -8.312868930080462 12.5
      vertex 10 -8 12.5
      vertex 9.975376681190276 -7.6871310699195385 12.5
    endloop
  endfacet
  facet normal 0 0 1
    outer loop
      vertex 9.975376681190276 -8.312868930080462 12.5
      vertex 9.975376681190276 -7.6871310699195385 12.5
      vertex 9.902113032590307 -7.381966011250105 12.5
    endloop
  endfacet
  facet normal -0.7604059656000325 -0.6494480483301819 0
    outer loop
      vertex -9.618033988749895 -9.175570504584947 12.5
      vertex -9.618033988749895 -9.175570504584947 1.5
      vertex -9.414213562373096 -9.414213562373096 1.5
    endloop
  endfacet
  facet normal -0.8526401643540917 -0.5224985647159497 0
    outer loop
      vertex -9.782013048376736 -8.907980999479093 12.5
      vertex -9.782013048376736 -8.907980999479093 1.5
      vertex -9.618033988749895 -9.175570504584947 1.5
    endloop
  endfacet
  facet normal -0.6494480483301819 -0.7604059656000325 0
    outer loop
      vertex -9.175570504584947 -9.618033988749895 12.5
      vertex -9.414213562373096 -9.414213562373096 1.5
      vertex -9.175570504584947 -9.618033988749895 1.5
    endloop
  endfacet
  facet normal -0.5224985647159497 -0.8526401643540917 0
    outer loop
      vertex -8.907980999479093 -9.782013048376736 12.5
      vertex -9.175570504584947 -9.618033988749895 1.5
      vertex -8.907980999479093 -9.782013048376736 1.5
    endloop
  endfacet
  facet normal -0.9723699203976759 -0.23344536385590833 0
    outer loop
      vertex -9.975376681190276 -8.312868930080462 12.5
      vertex -9.975376681190276 -8.312868930080462 1.5
      vertex -9.902113032590307 -8.618033988749895 1.5
    endloop
  endfacet
  facet normal -0.9969173337331282 -0.0784590957278417 0
    outer loop
      vertex -10 -8 12.5
      vertex -10 -8 1.5
      vertex -9.975376681190276 -8.312868930080462 1.5
    endloop
  endfacet
  facet normal -0.9238795325112873 -0.3826834323650883 0
    outer loop
      vertex -9.902113032590307 -8.618033988749895 12.5
      vertex -9.902113032590307 -8.618033988749895 1.5
      vertex -9.782013048376736 -8.907980999479093 1.5
    endloop
  endfacet
  facet normal -0.9969173337331282 0.07845909572784192 0
    outer loop
      vertex -9.975376681190276 -7.6871310699195385 12.5
      vertex -9.975376681190276 -7.6871310699195385 1.5
      vertex -10 -8 1.5
    endloop
  endfacet
  facet normal -0.9723699203976761 0.2334453638559077 0
    outer loop
      vertex -9.902113032590307 -7.381966011250105 12.5
      vertex -9.902113032590307 -7.381966011250105 1.5
      vertex -9.975376681190276 -7.6871310699195385 1.5
    endloop
  endfacet
  facet normal -0.9238795325112873 0.3826834323650883 0
    outer loop
      vertex -9.782013048376736 -7.0920190005209065 12.5
      vertex -9.782013048376736 -7.0920190005209065 1.5
      vertex -9.902113032590307 -7.381966011250105 1.5
    endloop
  endfacet
  facet normal -0.8526401643540917 0.5224985647159497 0
    outer loop
      vertex -9.618033988749895 -6.824429495415053 12.5
      vertex -9.618033988749895 -6.824429495415053 1.5
      vertex -9.782013048376736 -7.0920190005209065 1.5
    endloop
  endfacet
  facet normal -0.7604059656000313 0.6494480483301833 0
    outer loop
      vertex -9.414213562373096 -6.585786437626905 12.5
      vertex -9.414213562373096 -6.585786437626905 1.5
      vertex -9.618033988749895 -6.824429495415053 1.5
    endloop
  endfacet
  facet normal -0.6494480483301835 0.760405965600031 0
    outer loop
      vertex -9.414213562373096 -6.585786437626905 12.5
      vertex -9.175570504584947 -6.381966011250105 1.5
      vertex -9.414213562373096 -6.585786437626905 1.5
    endloop
  endfacet
  facet normal -0.5224985647159476 0.852640164354093 0
    outer loop
      vertex -9.175570504584947 -6.381966011250105 12.5
      vertex -8.907980999479093 -6.217986951623264 1.5
      vertex -9.175570504584947 -6.381966011250105 1.5
    endloop
  endfacet
  facet normal -0.3826834323650883 -0.9238795325112873 0
    outer loop
      vertex -8.618033988749895 -9.902113032590307 12.5
      vertex -8.907980999479093 -9.782013048376736 1.5
      vertex -8.618033988749895 -9.902113032590307 1.5
    endloop
  endfacet
  facet normal -0.23344536385590833 -0.9723699203976759 0
    outer loop
      vertex -8.312868930080462 -9.975376681190276 12.5
      vertex -8.618033988749895 -9.902113032590307 1.5
      vertex -8.312868930080462 -9.975376681190276 1.5
    endloop
  endfacet
  facet normal -0.0784590957278417 -0.9969173337331282 0
    outer loop
      vertex -8 -10 12.5
      vertex -8.312868930080462 -9.975376681190276 1.5
      vertex -8 -10 1.5
    endloop
  endfacet
  facet normal 0.07845909572784192 -0.9969173337331282 0
    outer loop
      vertex -7.6871310699195385 -9.975376681190276 12.5
      vertex -8 -10 1.5
      vertex -7.6871310699195385 -9.975376681190276 1.5
    endloop
  endfacet
  facet normal 0.2334453638559077 -0.9723699203976761 0
    outer loop
      vertex -7.381966011250105 -9.902113032590307 12.5
      vertex -7.6871310699195385 -9.975376681190276 1.5
      vertex -7.381966011250105 -9.902113032590307 1.5
    endloop
  endfacet
  facet normal 0.3826834323650883 -0.9238795325112873 0
    outer loop
      vertex -7.0920190005209065 -9.782013048376736 12.5
      vertex -7.381966011250105 -9.902113032590307 1.5
      vertex -7.0920190005209065 -9.782013048376736 1.5
    endloop
  endfacet
  facet normal 0.5224985647159497 -0.8526401643540917 0
    outer loop
      vertex -6.824429495415053 -9.618033988749895 12.5
      vertex -7.0920190005209065 -9.782013048376736 1.5
      vertex -6.824429495415053 -9.618033988749895 1.5
    endloop
  endfacet
  facet normal 0.6494480483301833 -0.7604059656000313 0
    outer loop
      vertex -6.585786437626905 -9.414213562373096 12.5
      vertex -6.824429495415053 -9.618033988749895 1.5
      vertex -6.585786437626905 -9.414213562373096 1.5
    endloop
  endfacet
  facet normal 0.760405965600031 -0.6494480483301835 0
    outer loop
      vertex -6.585786437626905 -9.414213562373096 12.5
      vertex -6.585786437626905 -9.414213562373096 1.5
      vertex -6.381966011250105 -9.175570504584947 1.5
    endloop
  endfacet
  facet normal 0.852640164354093 -0.5224985647159476 0
    outer loop
      vertex -6.381966011250105 -9.175570504584947 12.5
      vertex -6.381966011250105 -9.175570504584947 1.5
      vertex -6.217986951623264 -8.907980999479093 1.5
    endloop
  endfacet
  facet normal -0.3826834323650907 0.9238795325112864 0
    outer loop
      vertex -8.907980999479093 -6.217986951623264 12.5
      vertex -8.618033988749895 -6.097886967409693 1.5
      vertex -8.907980999479093 -6.217986951623264 1.5
    endloop
  endfacet
  facet normal -0.23344536385590564 0.9723699203976766 0
    outer loop
      vertex -8.618033988749895 -6.097886967409693 12.5
      vertex -8.312868930080462 -6.0246233188097245 1.5
      vertex -8.618033988749895 -6.097886967409693 1.5
    endloop
  endfacet
  facet normal -0.07845909572784451 0.996917333733128 0
    outer loop
      vertex -8.312868930080462 -6.0246233188097245 12.5
      vertex -8 -6 1.5
      vertex -8.312868930080462 -6.0246233188097245 1.5
    endloop
  endfacet
  facet normal 0.07845909572784474 0.996917333733128 0
    outer loop
      vertex -8 -6 12.5
      vertex -7.6871310699195385 -6.0246233188097245 1.5
      vertex -8 -6 1.5
    endloop
  endfacet
  facet normal 0.23344536385590503 0.9723699203976768 0
    outer loop
      vertex -7.6871310699195385 -6.0246233188097245 12.5
      vertex -7.381966011250105 -6.097886967409693 1.5
      vertex -7.6871310699195385 -6.0246233188097245 1.5
    endloop
  endfacet
  facet normal 0.9238795325112864 -0.3826834323650907 0
    outer loop
      vertex -6.217986951623264 -8.907980999479093 12.5
      vertex -6.217986951623264 -8.907980999479093 1.5
      vertex -6.097886967409693 -8.618033988749895 1.5
    endloop
  endfacet
  facet normal 0.9723699203976766 -0.23344536385590564 0
    outer loop
      vertex -6.097886967409693 -8.618033988749895 12.5
      vertex -6.097886967409693 -8.618033988749895 1.5
      vertex -6.0246233188097245 -8.312868930080462 1.5
    endloop
  endfacet
  facet normal 0.996917333733128 -0.07845909572784451 0
    outer loop
      vertex -6.0246233188097245 -8.312868930080462 12.5
      vertex -6.0246233188097245 -8.312868930080462 1.5
      vertex -6 -8 1.5
    endloop
  endfacet
  facet normal 0.996917333733128 0.07845909572784474 0
    outer loop
      vertex -6 -8 12.5
      vertex -6 -8 1.5
      vertex -6.0246233188097245 -7.6871310699195385 1.5
    endloop
  endfacet
  facet normal 0.9723699203976768 0.23344536385590503 0
    outer loop
      vertex -6.0246233188097245 -7.6871310699195385 12.5
      vertex -6.0246233188097245 -7.6871310699195385 1.5
      vertex -6.097886967409693 -7.381966011250105 1.5
    endloop
  endfacet
  facet normal 0.5224985647159476 0.852640164354093 0
    outer loop
      vertex -7.0920190005209065 -6.217986951623264 12.5
      vertex -6.824429495415053 -6.381966011250105 1.5
      vertex -7.0920190005209065 -6.217986951623264 1.5
    endloop
  endfacet
  facet normal 0.3826834323650907 0.9238795325112864 0
    outer loop
      vertex -7.381966011250105 -6.097886967409693 12.5
      vertex -7.0920190005209065 -6.217986951623264 1.5
      vertex -7.381966011250105 -6.097886967409693 1.5
    endloop
  endfacet
  facet normal 0.649448048330185 0.7604059656000299 0
    outer loop
      vertex -6.824429495415053 -6.381966011250105 12.5
      vertex -6.585786437626905 -6.585786437626905 1.5
      vertex -6.824429495415053 -6.381966011250105 1.5
    endloop
  endfacet
  facet normal 0.852640164354093 0.5224985647159476 0
    outer loop
      vertex -6.217986951623264 -7.0920190005209065 12.5
      vertex -6.217986951623264 -7.0920190005209065 1.5
      vertex -6.381966011250105 -6.824429495415053 1.5
    endloop
  endfacet
  facet normal 0.7604059656000299 0.649448048330185 0
    outer loop
      vertex -6.381966011250105 -6.824429495415053 12.5
      vertex -6.381966011250105 -6.824429495415053 1.5
      vertex -6.585786437626905 -6.585786437626905 1.5
    endloop
  endfacet
  facet normal 0.9238795325112864 0.3826834323650907 0
    outer loop
      vertex -6.097886967409693 -7.381966011250105 12.5
      vertex -6.097886967409693 -7.381966011250105 1.5
      vertex -6.217986951623264 -7.0920190005209065 1.5
    endloop
  endfacet
  facet normal -0.8526401643540917 -0.5224985647159497 0
    outer loop
      vertex -9.618033988749895 -9.175570504584947 12.5
      vertex -9.782013048376736 -8.907980999479093 12.5
      vertex -9.618033988749895 -9.175570504584947 1.5
    endloop
  endfacet
  facet normal -0.5224985647159497 -0.8526401643540917 0
    outer loop
      vertex -9.175570504584947 -9.618033988749895 12.5
      vertex -9.175570504584947 -9.618033988749895 1.5
      vertex -8.907980999479093 -9.782013048376736 12.5
    endloop
  endfacet
  facet normal -0.7604059656000325 -0.6494480483301819 0
    outer loop
      vertex -9.618033988749895 -9.175570504584947 12.5
      vertex -9.414213562373096 -9.414213562373096 1.5
      vertex -9.414213562373096 -9.414213562373096 12.5
    endloop
  endfacet
  facet normal -0.6494480483301819 -0.7604059656000325 0
    outer loop
      vertex -9.175570504584947 -9.618033988749895 12.5
      vertex -9.414213562373096 -9.414213562373096 12.5
      vertex -9.414213562373096 -9.414213562373096 1.5
    endloop
  endfacet
  facet normal -0.9723699203976759 -0.23344536385590833 0
    outer loop
      vertex -9.902113032590307 -8.618033988749895 12.5
      vertex -9.975376681190276 -8.312868930080462 12.5
      vertex -9.902113032590307 -8.618033988749895 1.5
    endloop
  endfacet
  facet normal -0.9969173337331282 -0.0784590957278417 0
    outer loop
      vertex -9.975376681190276 -8.312868930080462 12.5
      vertex -10 -8 12.5
      vertex -9.975376681190276 -8.312868930080462 1.5
    endloop
  endfacet
  facet normal -0.9238795325112873 -0.3826834323650883 0
    outer loop
      vertex -9.782013048376736 -8.907980999479093 12.5
      vertex -9.902113032590307 -8.618033988749895 12.5
      vertex -9.782013048376736 -8.907980999479093 1.5
    endloop
  endfacet
  facet normal -0.9969173337331282 0.07845909572784192 0
    outer loop
      vertex -10 -8 12.5
      vertex -9.975376681190276 -7.6871310699195385 12.5
      vertex -10 -8 1.5
    endloop
  endfacet
  facet normal -0.9723699203976761 0.2334453638559077 0
    outer loop
      vertex -9.975376681190276 -7.6871310699195385 12.5
      vertex -9.902113032590307 -7.381966011250105 12.5
      vertex -9.975376681190276 -7.6871310699195385 1.5
    endloop
  endfacet
  facet normal -0.9238795325112873 0.3826834323650883 0
    outer loop
      vertex -9.902113032590307 -7.381966011250105 12.5
      vertex -9.782013048376736 -7.0920190005209065 12.5
      vertex -9.902113032590307 -7.381966011250105 1.5
    endloop
  endfacet
  facet normal -0.8526401643540917 0.5224985647159497 0
    outer loop
      vertex -9.782013048376736 -7.0920190005209065 12.5
      vertex -9.618033988749895 -6.824429495415053 12.5
      vertex -9.782013048376736 -7.0920190005209065 1.5
    endloop
  endfacet
  facet normal -0.7604059656000313 0.6494480483301833 0
    outer loop
      vertex -9.618033988749895 -6.824429495415053 12.5
      vertex -9.414213562373096 -6.585786437626905 12.5
      vertex -9.618033988749895 -6.824429495415053 1.5
    endloop
  endfacet
  facet normal -0.6494480483301835 0.760405965600031 0
    outer loop
      vertex -9.414213562373096 -6.585786437626905 12.5
      vertex -9.175570504584947 -6.381966011250105 12.5
      vertex -9.175570504584947 -6.381966011250105 1.5
    endloop
  endfacet
  facet normal -0.5224985647159476 0.852640164354093 0
    outer loop
      vertex -9.175570504584947 -6.381966011250105 12.5
      vertex -8.907980999479093 -6.217986951623264 12.5
      vertex -8.907980999479093 -6.217986951623264 1.5
    endloop
  endfacet
  facet normal -0.23344536385590833 -0.9723699203976759 0
    outer loop
      vertex -8.618033988749895 -9.902113032590307 12.5
      vertex -8.618033988749895 -9.902113032590307 1.5
      vertex -8.312868930080462 -9.975376681190276 12.5
    endloop
  endfacet
  facet normal -0.3826834323650883 -0.9238795325112873 0
    outer loop
      vertex -8.907980999479093 -9.782013048376736 12.5
      vertex -8.907980999479093 -9.782013048376736 1.5
      vertex -8.618033988749895 -9.902113032590307 12.5
    endloop
  endfacet
  facet normal -0.0784590957278417 -0.9969173337331282 0
    outer loop
      vertex -8.312868930080462 -9.975376681190276 12.5
      vertex -8.312868930080462 -9.975376681190276 1.5
      vertex -8 -10 12.5
    endloop
  endfacet
  facet normal 0.07845909572784192 -0.9969173337331282 0
    outer loop
      vertex -8 -10 12.5
      vertex -8 -10 1.5
      vertex -7.6871310699195385 -9.975376681190276 12.5
    endloop
  endfacet
  facet normal 0.2334453638559077 -0.9723699203976761 0
    outer loop
      vertex -7.6871310699195385 -9.975376681190276 12.5
      vertex -7.6871310699195385 -9.975376681190276 1.5
      vertex -7.381966011250105 -9.902113032590307 12.5
    endloop
  endfacet
  facet normal 0.3826834323650883 -0.9238795325112873 0
    outer loop
      vertex -7.381966011250105 -9.902113032590307 12.5
      vertex -7.381966011250105 -9.902113032590307 1.5
      vertex -7.0920190005209065 -9.782013048376736 12.5
    endloop
  endfacet
  facet normal 0.5224985647159497 -0.8526401643540917 0
    outer loop
      vertex -7.0920190005209065 -9.782013048376736 12.5
      vertex -7.0920190005209065 -9.782013048376736 1.5
      vertex -6.824429495415053 -9.618033988749895 12.5
    endloop
  endfacet
  facet normal 0.6494480483301833 -0.7604059656000313 0
    outer loop
      vertex -6.824429495415053 -9.618033988749895 12.5
      vertex -6.824429495415053 -9.618033988749895 1.5
      vertex -6.585786437626905 -9.414213562373096 12.5
    endloop
  endfacet
  facet normal 0.760405965600031 -0.6494480483301835 0
    outer loop
      vertex -6.585786437626905 -9.414213562373096 12.5
      vertex -6.381966011250105 -9.175570504584947 1.5
      vertex -6.381966011250105 -9.175570504584947 12.5
    endloop
  endfacet
  facet normal 0.852640164354093 -0.5224985647159476 0
    outer loop
      vertex -6.381966011250105 -9.175570504584947 12.5
      vertex -6.217986951623264 -8.907980999479093 1.5
      vertex -6.217986951623264 -8.907980999479093 12.5
    endloop
  endfacet
  facet normal -0.3826834323650907 0.9238795325112864 0
    outer loop
      vertex -8.907980999479093 -6.217986951623264 12.5
      vertex -8.618033988749895 -6.097886967409693 12.5
      vertex -8.618033988749895 -6.097886967409693 1.5
    endloop
  endfacet
  facet normal -0.23344536385590564 0.9723699203976766 0
    outer loop
      vertex -8.618033988749895 -6.097886967409693 12.5
      vertex -8.312868930080462 -6.0246233188097245 12.5
      vertex -8.312868930080462 -6.0246233188097245 1.5
    endloop
  endfacet
  facet normal -0.07845909572784451 0.996917333733128 0
    outer loop
      vertex -8.312868930080462 -6.0246233188097245 12.5
      vertex -8 -6 12.5
      vertex -8 -6 1.5
    endloop
  endfacet
  facet normal 0.07845909572784474 0.996917333733128 0
    outer loop
      vertex -8 -6 12.5
      vertex -7.6871310699195385 -6.0246233188097245 12.5
      vertex -7.6871310699195385 -6.0246233188097245 1.5
    endloop
  endfacet
  facet normal 0.23344536385590503 0.9723699203976768 0
    outer loop
      vertex -7.6871310699195385 -6.0246233188097245 12.5
      vertex -7.381966011250105 -6.097886967409693 12.5
      vertex -7.381966011250105 -6.097886967409693 1.5
    endloop
  endfacet
  facet normal 0.9238795325112864 -0.3826834323650907 0
    outer loop
      vertex -6.217986951623264 -8.907980999479093 12.5
      vertex -6.097886967409693 -8.618033988749895 1.5
      vertex -6.097886967409693 -8.618033988749895 12.5
    endloop
  endfacet
  facet normal 0.9723699203976766 -0.23344536385590564 0
    outer loop
      vertex -6.097886967409693 -8.618033988749895 12.5
      vertex -6.0246233188097245 -8.312868930080462 1.5
      vertex -6.0246233188097245 -8.312868930080462 12.5
    endloop
  endfacet
  facet normal 0.996917333733128 -0.07845909572784451 0
    outer loop
      vertex -6.0246233188097245 -8.312868930080462 12.5
      vertex -6 -8 1.5
      vertex -6 -8 12.5
    endloop
  endfacet
  facet normal 0.996917333733128 0.07845909572784474 0
    outer loop
      vertex -6 -8 12.5
      vertex -6.0246233188097245 -7.6871310699195385 1.5
      vertex -6.0246233188097245 -7.6871310699195385 12.5
    endloop
  endfacet
  facet normal 0.9723699203976768 0.23344536385590503 0
    outer loop
      vertex -6.0246233188097245 -7.6871310699195385 12.5
      vertex -6.097886967409693 -7.381966011250105 1.5
      vertex -6.097886967409693 -7.381966011250105 12.5
    endloop
  endfacet
  facet normal 0.3826834323650907 0.9238795325112864 0
    outer loop
      vertex -7.381966011250105 -6.097886967409693 12.5
      vertex -7.0920190005209065 -6.217986951623264 12.5
      vertex -7.0920190005209065 -6.217986951623264 1.5
    endloop
  endfacet
  facet normal 0.5224985647159476 0.852640164354093 0
    outer loop
      vertex -7.0920190005209065 -6.217986951623264 12.5
      vertex -6.824429495415053 -6.381966011250105 12.5
      vertex -6.824429495415053 -6.381966011250105 1.5
    endloop
  endfacet
  facet normal 0.649448048330185 0.7604059656000299 0
    outer loop
      vertex -6.585786437626905 -6.585786437626905 12.5
      vertex -6.585786437626905 -6.585786437626905 1.5
      vertex -6.824429495415053 -6.381966011250105 12.5
    endloop
  endfacet
  facet normal 0.7604059656000299 0.649448048330185 0
    outer loop
      vertex -6.585786437626905 -6.585786437626905 12.5
      vertex -6.381966011250105 -6.824429495415053 12.5
      vertex -6.585786437626905 -6.585786437626905 1.5
    endloop
  endfacet
  facet normal 0.852640164354093 0.5224985647159476 0
    outer loop
      vertex -6.217986951623264 -7.0920190005209065 12.5
      vertex -6.381966011250105 -6.824429495415053 1.5
      vertex -6.381966011250105 -6.824429495415053 12.5
    endloop
  endfacet
  facet normal 0.9238795325112864 0.3826834323650907 0
    outer loop
      vertex -6.097886967409693 -7.381966011250105 12.5
      vertex -6.217986951623264 -7.0920190005209065 1.5
      vertex -6.217986951623264 -7.0920190005209065 12.5
    endloop
  endfacet
  facet normal 0 0 1
    outer loop
      vertex -9.902113032590307 -8.618033988749895 12.5
      vertex -9.975376681190276 -7.6871310699195385 12.5
      vertex -9.975376681190276 -8.312868930080462 12.5
    endloop
  endfacet
  facet normal 0 0 1
    outer loop
      vertex -9.618033988749895 -9.175570504584947 12.5
      vertex -9.414213562373096 -9.414213562373096 12.5
      vertex -9.618033988749895 -6.824429495415053 12.5
    endloop
  endfacet
  facet normal 0 0 1
    outer loop
      vertex -9.782013048376736 -8.907980999479093 12.5
      vertex -9.902113032590307 -7.381966011250105 12.5
      vertex -9.902113032590307 -8.618033988749895 12.5
    endloop
  endfacet
  facet normal 0 0 1
    outer loop
      vertex -9.618033988749895 -9.175570504584947 12.5
      vertex -9.782013048376736 -7.0920190005209065 12.5
      vertex -9.782013048376736 -8.907980999479093 12.5
    endloop
  endfacet
  facet normal 0 0 1
    outer loop
      vertex -9.975376681190276 -8.312868930080462 12.5
      vertex -9.975376681190276 -7.6871310699195385 12.5
      vertex -10 -8 12.5
    endloop
  endfacet
  facet normal 0 0 1
    outer loop
      vertex -9.902113032590307 -8.618033988749895 12.5
      vertex -9.902113032590307 -7.381966011250105 12.5
      vertex -9.975376681190276 -7.6871310699195385 12.5
    endloop
  endfacet
  facet normal 0 0 1
    outer loop
      vertex -9.782013048376736 -8.907980999479093 12.5
      vertex -9.782013048376736 -7.0920190005209065 12.5
      vertex -9.902113032590307 -7.381966011250105 12.5
    endloop
  endfacet
  facet normal 0 0 1
    outer loop
      vertex -9.618033988749895 -9.175570504584947 12.5
      vertex -9.618033988749895 -6.824429495415053 12.5
      vertex -9.782013048376736 -7.0920190005209065 12.5
    endloop
  endfacet
  facet normal 0 0 1
    outer loop
      vertex -9.175570504584947 -9.618033988749895 12.5
      vertex -9.414213562373096 -6.585786437626905 12.5
      vertex -9.414213562373096 -9.414213562373096 12.5
    endloop
  endfacet
  facet normal 0 0 1
    outer loop
      vertex -9.175570504584947 -9.618033988749895 12.5
      vertex -8.907980999479093 -9.782013048376736 12.5
      vertex -9.175570504584947 -6.381966011250105 12.5
    endloop
  endfacet
  facet normal 0 0 1
    outer loop
      vertex -9.414213562373096 -9.414213562373096 12.5
      vertex -9.414213562373096 -6.585786437626905 12.5
      vertex -9.618033988749895 -6.824429495415053 12.5
    endloop
  endfacet
  facet normal 0 0 1
    outer loop
      vertex -9.175570504584947 -9.618033988749895 12.5
      vertex -9.175570504584947 -6.381966011250105 12.5
      vertex -9.414213562373096 -6.585786437626905 12.5
    endloop
  endfacet
  facet normal 0 0 1
    outer loop
      vertex -8.907980999479093 -9.782013048376736 12.5
      vertex -8.907980999479093 -6.217986951623264 12.5
      vertex -9.175570504584947 -6.381966011250105 12.5
    endloop
  endfacet
  facet normal 0 0 1
    outer loop
      vertex -8.907980999479093 -9.782013048376736 12.5
      vertex -8.618033988749895 -9.902113032590307 12.5
      vertex -8.907980999479093 -6.217986951623264 12.5
    endloop
  endfacet
  facet normal 0 0 1
    outer loop
      vertex -8.618033988749895 -9.902113032590307 12.5
      vertex -8.312868930080462 -9.975376681190276 12.5
      vertex -8.618033988749895 -6.097886967409693 12.5
    endloop
  endfacet
  facet normal 0 0 1
    outer loop
      vertex -8.312868930080462 -9.975376681190276 12.5
      vertex -8 -10 12.5
      vertex -8.312868930080462 -6.0246233188097245 12.5
    endloop
  endfacet
  facet normal 0 0 1
    outer loop
      vertex -8.618033988749895 -9.902113032590307 12.5
      vertex -8.618033988749895 -6.097886967409693 12.5
      vertex -8.907980999479093 -6.217986951623264 12.5
    endloop
  endfacet
  facet normal 0 0 1
    outer loop
      vertex -8.312868930080462 -9.975376681190276 12.5
      vertex -8.312868930080462 -6.0246233188097245 12.5
      vertex -8.618033988749895 -6.097886967409693 12.5
    endloop
  endfacet
  facet normal 0 0 1
    outer loop
      vertex -8 -10 12.5
      vertex -7.6871310699195385 -9.975376681190276 12.5
      vertex -8 -6 12.5
    endloop
  endfacet
  facet normal 0 0 1
    outer loop
      vertex -7.6871310699195385 -9.975376681190276 12.5
      vertex -7.381966011250105 -9.902113032590307 12.5
      vertex -7.6871310699195385 -6.0246233188097245 12.5
    endloop
  endfacet
  facet normal 0 0 1
    outer loop
      vertex -8.312868930080462 -6.0246233188097245 12.5
      vertex -8 -10 12.5
      vertex -8 -6 12.5
    endloop
  endfacet
  facet normal 0 0 1
    outer loop
      vertex -7.6871310699195385 -9.975376681190276 12.5
      vertex -7.6871310699195385 -6.0246233188097245 12.5
      vertex -8 -6 12.5
    endloop
  endfacet
  facet normal 0 0 1
    outer loop
      vertex -7.381966011250105 -9.902113032590307 12.5
      vertex -7.381966011250105 -6.097886967409693 12.5
      vertex -7.6871310699195385 -6.0246233188097245 12.5
    endloop
  endfacet
  facet normal 0 0 1
    outer loop
      vertex -7.381966011250105 -9.902113032590307 12.5
      vertex -7.0920190005209065 -9.782013048376736 12.5
      vertex -7.381966011250105 -6.097886967409693 12.5
    endloop
  endfacet
  facet normal 0 0 1
    outer loop
      vertex -7.0920190005209065 -9.782013048376736 12.5
      vertex -6.824429495415053 -9.618033988749895 12.5
      vertex -7.0920190005209065 -6.217986951623264 12.5
    endloop
  endfacet
  facet normal 0 0 1
    outer loop
      vertex -6.824429495415053 -9.618033988749895 12.5
      vertex -6.585786437626905 -9.414213562373096 12.5
      vertex -6.824429495415053 -6.381966011250105 12.5
    endloop
  endfacet
  facet normal 0 0 1
    outer loop
      vertex -7.0920190005209065 -9.782013048376736 12.5
      vertex -7.0920190005209065 -6.217986951623264 12.5
      vertex -7.381966011250105 -6.097886967409693 12.5
    endloop
  endfacet
  facet normal 0 0 1
    outer loop
      vertex -6.824429495415053 -9.618033988749895 12.5
      vertex -6.824429495415053 -6.381966011250105 12.5
      vertex -7.0920190005209065 -6.217986951623264 12.5
    endloop
  endfacet
  facet normal 0 0 1
    outer loop
      vertex -6.585786437626905 -9.414213562373096 12.5
      vertex -6.585786437626905 -6.585786437626905 12.5
      vertex -6.824429495415053 -6.381966011250105 12.5
    endloop
  endfacet
  facet normal 0 0 1
    outer loop
      vertex -6.585786437626905 -9.414213562373096 12.5
      vertex -6.381966011250105 -9.175570504584947 12.5
      vertex -6.585786437626905 -6.585786437626905 12.5
    endloop
  endfacet
  facet normal 0 0 1
    outer loop
      vertex -6.381966011250105 -9.175570504584947 12.5
      vertex -6.217986951623264 -8.907980999479093 12.5
      vertex -6.381966011250105 -6.824429495415053 12.5
    endloop
  endfacet
  facet normal 0 0 1
    outer loop
      vertex -6.217986951623264 -8.907980999479093 12.5
      vertex -6.097886967409693 -8.618033988749895 12.5
      vertex -6.217986951623264 -7.0920190005209065 12.5
    endloop
  endfacet
  facet normal 0 0 1
    outer loop
      vertex -6.097886967409693 -8.618033988749895 12.5
      vertex -6.0246233188097245 -8.312868930080462 12.5
      vertex -6.097886967409693 -7.381966011250105 12.5
    endloop
  endfacet
  facet normal 0 0 1
    outer loop
      vertex -6.381966011250105 -9.175570504584947 12.5
      vertex -6.381966011250105 -6.824429495415053 12.5
      vertex -6.585786437626905 -6.585786437626905 12.5
    endloop
  endfacet
  facet normal 0 0 1
    outer loop
      vertex -6.217986951623264 -8.907980999479093 12.5
      vertex -6.217986951623264 -7.0920190005209065 12.5
      vertex -6.381966011250105 -6.824429495415053 12.5
    endloop
  endfacet
  facet normal 0 0 1
    outer loop
      vertex -6.0246233188097245 -8.312868930080462 12.5
      vertex -6 -8 12.5
      vertex -6.0246233188097245 -7.6871310699195385 12.5
    endloop
  endfacet
  facet normal 0 0 1
    outer loop
      vertex -6.0246233188097245 -8.312868930080462 12.5
      vertex -6.0246233188097245 -7.6871310699195385 12.5
      vertex -6.097886967409693 -7.381966011250105 12.5
    endloop
  endfacet
  facet normal 0 0 1
    outer loop
      vertex -6.097886967409693 -8.618033988749895 12.5
      vertex -6.097886967409693 -7.381966011250105 12.5
      vertex -6.217986951623264 -7.0920190005209065 12.5
    endloop
  endfacet
  facet normal -0.7604059656000313 -0.6494480483301833 0
    outer loop
      vertex -9.618033988749895 6.824429495415053 12.5
      vertex -9.618033988749895 6.824429495415053 1.5
      vertex -9.414213562373096 6.585786437626905 1.5
    endloop
  endfacet
  facet normal -0.9238795325112873 -0.3826834323650883 0
    outer loop
      vertex -9.902113032590307 7.381966011250105 12.5
      vertex -9.902113032590307 7.381966011250105 1.5
      vertex -9.782013048376736 7.0920190005209065 1.5
    endloop
  endfacet
  facet normal -0.8526401643540917 -0.5224985647159497 0
    outer loop
      vertex -9.782013048376736 7.0920190005209065 12.5
      vertex -9.782013048376736 7.0920190005209065 1.5
      vertex -9.618033988749895 6.824429495415053 1.5
    endloop
  endfacet
  facet normal -0.6494480483301835 -0.760405965600031 0
    outer loop
      vertex -9.175570504584947 6.381966011250105 12.5
      vertex -9.414213562373096 6.585786437626905 1.5
      vertex -9.175570504584947 6.381966011250105 1.5
    endloop
  endfacet
  facet normal -0.5224985647159476 -0.852640164354093 0
    outer loop
      vertex -8.907980999479093 6.217986951623264 12.5
      vertex -9.175570504584947 6.381966011250105 1.5
      vertex -8.907980999479093 6.217986951623264 1.5
    endloop
  endfacet
  facet normal -0.9723699203976761 -0.2334453638559077 0
    outer loop
      vertex -9.975376681190276 7.6871310699195385 12.5
      vertex -9.975376681190276 7.6871310699195385 1.5
      vertex -9.902113032590307 7.381966011250105 1.5
    endloop
  endfacet
  facet normal -0.9969173337331282 -0.07845909572784192 0
    outer loop
      vertex -10 8 12.5
      vertex -10 8 1.5
      vertex -9.975376681190276 7.6871310699195385 1.5
    endloop
  endfacet
  facet normal -0.9969173337331282 0.0784590957278417 0
    outer loop
      vertex -9.975376681190276 8.312868930080462 12.5
      vertex -9.975376681190276 8.312868930080462 1.5
      vertex -10 8 1.5
    endloop
  endfacet
  facet normal -0.9723699203976759 0.23344536385590833 0
    outer loop
      vertex -9.902113032590307 8.618033988749895 12.5
      vertex -9.902113032590307 8.618033988749895 1.5
      vertex -9.975376681190276 8.312868930080462 1.5
    endloop
  endfacet
  facet normal -0.9238795325112873 0.3826834323650883 0
    outer loop
      vertex -9.782013048376736 8.907980999479093 12.5
      vertex -9.782013048376736 8.907980999479093 1.5
      vertex -9.902113032590307 8.618033988749895 1.5
    endloop
  endfacet
  facet normal -0.8526401643540917 0.5224985647159497 0
    outer loop
      vertex -9.618033988749895 9.175570504584947 12.5
      vertex -9.618033988749895 9.175570504584947 1.5
      vertex -9.782013048376736 8.907980999479093 1.5
    endloop
  endfacet
  facet normal -0.7604059656000325 0.6494480483301819 0
    outer loop
      vertex -9.414213562373096 9.414213562373096 12.5
      vertex -9.414213562373096 9.414213562373096 1.5
      vertex -9.618033988749895 9.175570504584947 1.5
    endloop
  endfacet
  facet normal -0.6494480483301819 0.7604059656000325 0
    outer loop
      vertex -9.414213562373096 9.414213562373096 12.5
      vertex -9.175570504584947 9.618033988749895 1.5
      vertex -9.414213562373096 9.414213562373096 1.5
    endloop
  endfacet
  facet normal -0.5224985647159497 0.8526401643540917 0
    outer loop
      vertex -9.175570504584947 9.618033988749895 12.5
      vertex -8.907980999479093 9.782013048376736 1.5
      vertex -9.175570504584947 9.618033988749895 1.5
    endloop
  endfacet
  facet normal -0.3826834323650907 -0.9238795325112864 0
    outer loop
      vertex -8.618033988749895 6.097886967409693 12.5
      vertex -8.907980999479093 6.217986951623264 1.5
      vertex -8.618033988749895 6.097886967409693 1.5
    endloop
  endfacet
  facet normal -0.23344536385590564 -0.9723699203976766 0
    outer loop
      vertex -8.312868930080462 6.0246233188097245 12.5
      vertex -8.618033988749895 6.097886967409693 1.5
      vertex -8.312868930080462 6.0246233188097245 1.5
    endloop
  endfacet
  facet normal -0.07845909572784451 -0.996917333733128 0
    outer loop
      vertex -8 6 12.5
      vertex -8.312868930080462 6.0246233188097245 1.5
      vertex -8 6 1.5
    endloop
  endfacet
  facet normal 0.07845909572784474 -0.996917333733128 0
    outer loop
      vertex -7.6871310699195385 6.0246233188097245 12.5
      vertex -8 6 1.5
      vertex -7.6871310699195385 6.0246233188097245 1.5
    endloop
  endfacet
  facet normal 0.23344536385590503 -0.9723699203976768 0
    outer loop
      vertex -7.381966011250105 6.097886967409693 12.5
      vertex -7.6871310699195385 6.0246233188097245 1.5
      vertex -7.381966011250105 6.097886967409693 1.5
    endloop
  endfacet
  facet normal 0.3826834323650907 -0.9238795325112864 0
    outer loop
      vertex -7.0920190005209065 6.217986951623264 12.5
      vertex -7.381966011250105 6.097886967409693 1.5
      vertex -7.0920190005209065 6.217986951623264 1.5
    endloop
  endfacet
  facet normal 0.5224985647159476 -0.852640164354093 0
    outer loop
      vertex -6.824429495415053 6.381966011250105 12.5
      vertex -7.0920190005209065 6.217986951623264 1.5
      vertex -6.824429495415053 6.381966011250105 1.5
    endloop
  endfacet
  facet normal 0.649448048330185 -0.7604059656000299 0
    outer loop
      vertex -6.585786437626905 6.585786437626905 12.5
      vertex -6.824429495415053 6.381966011250105 1.5
      vertex -6.585786437626905 6.585786437626905 1.5
    endloop
  endfacet
  facet normal 0.7604059656000299 -0.649448048330185 0
    outer loop
      vertex -6.585786437626905 6.585786437626905 12.5
      vertex -6.585786437626905 6.585786437626905 1.5
      vertex -6.381966011250105 6.824429495415053 1.5
    endloop
  endfacet
  facet normal 0.852640164354093 -0.5224985647159476 0
    outer loop
      vertex -6.381966011250105 6.824429495415053 12.5
      vertex -6.381966011250105 6.824429495415053 1.5
      vertex -6.217986951623264 7.0920190005209065 1.5
    endloop
  endfacet
  facet normal 0.9238795325112864 -0.3826834323650907 0
    outer loop
      vertex -6.217986951623264 7.0920190005209065 12.5
      vertex -6.217986951623264 7.0920190005209065 1.5
      vertex -6.097886967409693 7.381966011250105 1.5
    endloop
  endfacet
  facet normal 0.9723699203976768 -0.23344536385590503 0
    outer loop
      vertex -6.097886967409693 7.381966011250105 12.5
      vertex -6.097886967409693 7.381966011250105 1.5
      vertex -6.0246233188097245 7.6871310699195385 1.5
    endloop
  endfacet
  facet normal 0.996917333733128 -0.07845909572784474 0
    outer loop
      vertex -6.0246233188097245 7.6871310699195385 12.5
      vertex -6.0246233188097245 7.6871310699195385 1.5
      vertex -6 8 1.5
    endloop
  endfacet
  facet normal 0.996917333733128 0.07845909572784451 0
    outer loop
      vertex -6 8 12.5
      vertex -6 8 1.5
      vertex -6.0246233188097245 8.312868930080462 1.5
    endloop
  endfacet
  facet normal 0.9723699203976766 0.23344536385590564 0
    outer loop
      vertex -6.0246233188097245 8.312868930080462 12.5
      vertex -6.0246233188097245 8.312868930080462 1.5
      vertex -6.097886967409693 8.618033988749895 1.5
    endloop
  endfacet
  facet normal 0.9238795325112864 0.3826834323650907 0
    outer loop
      vertex -6.097886967409693 8.618033988749895 12.5
      vertex -6.097886967409693 8.618033988749895 1.5
      vertex -6.217986951623264 8.907980999479093 1.5
    endloop
  endfacet
  facet normal -0.3826834323650883 0.9238795325112873 0
    outer loop
      vertex -8.907980999479093 9.782013048376736 12.5
      vertex -8.618033988749895 9.902113032590307 1.5
      vertex -8.907980999479093 9.782013048376736 1.5
    endloop
  endfacet
  facet normal -0.23344536385590833 0.9723699203976759 0
    outer loop
      vertex -8.618033988749895 9.902113032590307 12.5
      vertex -8.312868930080462 9.975376681190276 1.5
      vertex -8.618033988749895 9.902113032590307 1.5
    endloop
  endfacet
  facet normal -0.0784590957278417 0.9969173337331282 0
    outer loop
      vertex -8.312868930080462 9.975376681190276 12.5
      vertex -8 10 1.5
      vertex -8.312868930080462 9.975376681190276 1.5
    endloop
  endfacet
  facet normal 0.07845909572784192 0.9969173337331282 0
    outer loop
      vertex -8 10 12.5
      vertex -7.6871310699195385 9.975376681190276 1.5
      vertex -8 10 1.5
    endloop
  endfacet
  facet normal 0.2334453638559077 0.9723699203976761 0
    outer loop
      vertex -7.6871310699195385 9.975376681190276 12.5
      vertex -7.381966011250105 9.902113032590307 1.5
      vertex -7.6871310699195385 9.975376681190276 1.5
    endloop
  endfacet
  facet normal 0.3826834323650883 0.9238795325112873 0
    outer loop
      vertex -7.381966011250105 9.902113032590307 12.5
      vertex -7.0920190005209065 9.782013048376736 1.5
      vertex -7.381966011250105 9.902113032590307 1.5
    endloop
  endfacet
  facet normal 0.5224985647159497 0.8526401643540917 0
    outer loop
      vertex -7.0920190005209065 9.782013048376736 12.5
      vertex -6.824429495415053 9.618033988749895 1.5
      vertex -7.0920190005209065 9.782013048376736 1.5
    endloop
  endfacet
  facet normal 0.6494480483301833 0.7604059656000313 0
    outer loop
      vertex -6.824429495415053 9.618033988749895 12.5
      vertex -6.585786437626905 9.414213562373096 1.5
      vertex -6.824429495415053 9.618033988749895 1.5
    endloop
  endfacet
  facet normal 0.852640164354093 0.5224985647159476 0
    outer loop
      vertex -6.217986951623264 8.907980999479093 12.5
      vertex -6.217986951623264 8.907980999479093 1.5
      vertex -6.381966011250105 9.175570504584947 1.5
    endloop
  endfacet
  facet normal 0.760405965600031 0.6494480483301835 0
    outer loop
      vertex -6.381966011250105 9.175570504584947 12.5
      vertex -6.381966011250105 9.175570504584947 1.5
      vertex -6.585786437626905 9.414213562373096 1.5
    endloop
  endfacet
  facet normal -0.8526401643540917 -0.5224985647159497 0
    outer loop
      vertex -9.618033988749895 6.824429495415053 12.5
      vertex -9.782013048376736 7.0920190005209065 12.5
      vertex -9.618033988749895 6.824429495415053 1.5
    endloop
  endfacet
  facet normal -0.9238795325112873 -0.3826834323650883 0
    outer loop
      vertex -9.782013048376736 7.0920190005209065 12.5
      vertex -9.902113032590307 7.381966011250105 12.5
      vertex -9.782013048376736 7.0920190005209065 1.5
    endloop
  endfacet
  facet normal -0.6494480483301835 -0.760405965600031 0
    outer loop
      vertex -9.175570504584947 6.381966011250105 12.5
      vertex -9.414213562373096 6.585786437626905 12.5
      vertex -9.414213562373096 6.585786437626905 1.5
    endloop
  endfacet
  facet normal -0.5224985647159476 -0.852640164354093 0
    outer loop
      vertex -9.175570504584947 6.381966011250105 12.5
      vertex -9.175570504584947 6.381966011250105 1.5
      vertex -8.907980999479093 6.217986951623264 12.5
    endloop
  endfacet
  facet normal -0.7604059656000313 -0.6494480483301833 0
    outer loop
      vertex -9.618033988749895 6.824429495415053 12.5
      vertex -9.414213562373096 6.585786437626905 1.5
      vertex -9.414213562373096 6.585786437626905 12.5
    endloop
  endfacet
  facet normal -0.9723699203976761 -0.2334453638559077 0
    outer loop
      vertex -9.902113032590307 7.381966011250105 12.5
      vertex -9.975376681190276 7.6871310699195385 12.5
      vertex -9.902113032590307 7.381966011250105 1.5
    endloop
  endfacet
  facet normal -0.9969173337331282 -0.07845909572784192 0
    outer loop
      vertex -9.975376681190276 7.6871310699195385 12.5
      vertex -10 8 12.5
      vertex -9.975376681190276 7.6871310699195385 1.5
    endloop
  endfacet
  facet normal -0.9969173337331282 0.0784590957278417 0
    outer loop
      vertex -10 8 12.5
      vertex -9.975376681190276 8.312868930080462 12.5
      vertex -10 8 1.5
    endloop
  endfacet
  facet normal -0.9723699203976759 0.23344536385590833 0
    outer loop
      vertex -9.975376681190276 8.312868930080462 12.5
      vertex -9.902113032590307 8.618033988749895 12.5
      vertex -9.975376681190276 8.312868930080462 1.5
    endloop
  endfacet
  facet normal -0.9238795325112873 0.3826834323650883 0
    outer loop
      vertex -9.902113032590307 8.618033988749895 12.5
      vertex -9.782013048376736 8.907980999479093 12.5
      vertex -9.902113032590307 8.618033988749895 1.5
    endloop
  endfacet
  facet normal -0.8526401643540917 0.5224985647159497 0
    outer loop
      vertex -9.782013048376736 8.907980999479093 12.5
      vertex -9.618033988749895 9.175570504584947 12.5
      vertex -9.782013048376736 8.907980999479093 1.5
    endloop
  endfacet
  facet normal -0.7604059656000325 0.6494480483301819 0
    outer loop
      vertex -9.618033988749895 9.175570504584947 12.5
      vertex -9.414213562373096 9.414213562373096 12.5
      vertex -9.618033988749895 9.175570504584947 1.5
    endloop
  endfacet
  facet normal -0.6494480483301819 0.7604059656000325 0
    outer loop
      vertex -9.414213562373096 9.414213562373096 12.5
      vertex -9.175570504584947 9.618033988749895 12.5
      vertex -9.175570504584947 9.618033988749895 1.5
    endloop
  endfacet
  facet normal -0.5224985647159497 0.8526401643540917 0
    outer loop
      vertex -9.175570504584947 9.618033988749895 12.5
      vertex -8.907980999479093 9.782013048376736 12.5
      vertex -8.907980999479093 9.782013048376736 1.5
    endloop
  endfacet
  facet normal -0.3826834323650907 -0.9238795325112864 0
    outer loop
      vertex -8.907980999479093 6.217986951623264 12.5
      vertex -8.907980999479093 6.217986951623264 1.5
      vertex -8.618033988749895 6.097886967409693 12.5
    endloop
  endfacet
  facet normal -0.23344536385590564 -0.9723699203976766 0
    outer loop
      vertex -8.618033988749895 6.097886967409693 12.5
      vertex -8.618033988749895 6.097886967409693 1.5
      vertex -8.312868930080462 6.0246233188097245 12.5
    endloop
  endfacet
  facet normal -0.07845909572784451 -0.996917333733128 0
    outer loop
      vertex -8.312868930080462 6.0246233188097245 12.5
      vertex -8.312868930080462 6.0246233188097245 1.5
      vertex -8 6 12.5
    endloop
  endfacet
  facet normal 0.07845909572784474 -0.996917333733128 0
    outer loop
      vertex -8 6 12.5
      vertex -8 6 1.5
      vertex -7.6871310699195385 6.0246233188097245 12.5
    endloop
  endfacet
  facet normal 0.23344536385590503 -0.9723699203976768 0
    outer loop
      vertex -7.6871310699195385 6.0246233188097245 12.5
      vertex -7.6871310699195385 6.0246233188097245 1.5
      vertex -7.381966011250105 6.097886967409693 12.5
    endloop
  endfacet
  facet normal 0.3826834323650907 -0.9238795325112864 0
    outer loop
      vertex -7.381966011250105 6.097886967409693 12.5
      vertex -7.381966011250105 6.097886967409693 1.5
      vertex -7.0920190005209065 6.217986951623264 12.5
    endloop
  endfacet
  facet normal 0.5224985647159476 -0.852640164354093 0
    outer loop
      vertex -7.0920190005209065 6.217986951623264 12.5
      vertex -7.0920190005209065 6.217986951623264 1.5
      vertex -6.824429495415053 6.381966011250105 12.5
    endloop
  endfacet
  facet normal 0.649448048330185 -0.7604059656000299 0
    outer loop
      vertex -6.824429495415053 6.381966011250105 12.5
      vertex -6.824429495415053 6.381966011250105 1.5
      vertex -6.585786437626905 6.585786437626905 12.5
    endloop
  endfacet
  facet normal 0.7604059656000299 -0.649448048330185 0
    outer loop
      vertex -6.585786437626905 6.585786437626905 12.5
      vertex -6.381966011250105 6.824429495415053 1.5
      vertex -6.381966011250105 6.824429495415053 12.5
    endloop
  endfacet
  facet normal 0.852640164354093 -0.5224985647159476 0
    outer loop
      vertex -6.381966011250105 6.824429495415053 12.5
      vertex -6.217986951623264 7.0920190005209065 1.5
      vertex -6.217986951623264 7.0920190005209065 12.5
    endloop
  endfacet
  facet normal 0.9238795325112864 -0.3826834323650907 0
    outer loop
      vertex -6.217986951623264 7.0920190005209065 12.5
      vertex -6.097886967409693 7.381966011250105 1.5
      vertex -6.097886967409693 7.381966011250105 12.5
    endloop
  endfacet
  facet normal 0.9723699203976768 -0.23344536385590503 0
    outer loop
      vertex -6.097886967409693 7.381966011250105 12.5
      vertex -6.0246233188097245 7.6871310699195385 1.5
      vertex -6.0246233188097245 7.6871310699195385 12.5
    endloop
  endfacet
  facet normal 0.996917333733128 -0.07845909572784474 0
    outer loop
      vertex -6.0246233188097245 7.6871310699195385 12.5
      vertex -6 8 1.5
      vertex -6 8 12.5
    endloop
  endfacet
  facet normal 0.996917333733128 0.07845909572784451 0
    outer loop
      vertex -6 8 12.5
      vertex -6.0246233188097245 8.312868930080462 1.5
      vertex -6.0246233188097245 8.312868930080462 12.5
    endloop
  endfacet
  facet normal 0.9723699203976766 0.23344536385590564 0
    outer loop
      vertex -6.0246233188097245 8.312868930080462 12.5
      vertex -6.097886967409693 8.618033988749895 1.5
      vertex -6.097886967409693 8.618033988749895 12.5
    endloop
  endfacet
  facet normal 0.9238795325112864 0.3826834323650907 0
    outer loop
      vertex -6.097886967409693 8.618033988749895 12.5
      vertex -6.217986951623264 8.907980999479093 1.5
      vertex -6.217986951623264 8.907980999479093 12.5
    endloop
  endfacet
  facet normal -0.3826834323650883 0.9238795325112873 0
    outer loop
      vertex -8.907980999479093 9.782013048376736 12.5
      vertex -8.618033988749895 9.902113032590307 12.5
      vertex -8.618033988749895 9.902113032590307 1.5
    endloop
  endfacet
  facet normal -0.23344536385590833 0.9723699203976759 0
    outer loop
      vertex -8.618033988749895 9.902113032590307 12.5
      vertex -8.312868930080462 9.975376681190276 12.5
      vertex -8.312868930080462 9.975376681190276 1.5
    endloop
  endfacet
  facet normal -0.0784590957278417 0.9969173337331282 0
    outer loop
      vertex -8.312868930080462 9.975376681190276 12.5
      vertex -8 10 12.5
      vertex -8 10 1.5
    endloop
  endfacet
  facet normal 0.07845909572784192 0.9969173337331282 0
    outer loop
      vertex -8 10 12.5
      vertex -7.6871310699195385 9.975376681190276 12.5
      vertex -7.6871310699195385 9.975376681190276 1.5
    endloop
  endfacet
  facet normal 0.2334453638559077 0.9723699203976761 0
    outer loop
      vertex -7.6871310699195385 9.975376681190276 12.5
      vertex -7.381966011250105 9.902113032590307 12.5
      vertex -7.381966011250105 9.902113032590307 1.5
    endloop
  endfacet
  facet normal 0.6494480483301833 0.7604059656000313 0
    outer loop
      vertex -6.585786437626905 9.414213562373096 12.5
      vertex -6.585786437626905 9.414213562373096 1.5
      vertex -6.824429495415053 9.618033988749895 12.5
    endloop
  endfacet
  facet normal 0.3826834323650883 0.9238795325112873 0
    outer loop
      vertex -7.381966011250105 9.902113032590307 12.5
      vertex -7.0920190005209065 9.782013048376736 12.5
      vertex -7.0920190005209065 9.782013048376736 1.5
    endloop
  endfacet
  facet normal 0.5224985647159497 0.8526401643540917 0
    outer loop
      vertex -7.0920190005209065 9.782013048376736 12.5
      vertex -6.824429495415053 9.618033988749895 12.5
      vertex -6.824429495415053 9.618033988749895 1.5
    endloop
  endfacet
  facet normal 0.852640164354093 0.5224985647159476 0
    outer loop
      vertex -6.217986951623264 8.907980999479093 12.5
      vertex -6.381966011250105 9.175570504584947 1.5
      vertex -6.381966011250105 9.175570504584947 12.5
    endloop
  endfacet
  facet normal 0.760405965600031 0.6494480483301835 0
    outer loop
      vertex -6.585786437626905 9.414213562373096 12.5
      vertex -6.381966011250105 9.175570504584947 12.5
      vertex -6.585786437626905 9.414213562373096 1.5
    endloop
  endfacet
  facet normal 0 0 1
    outer loop
      vertex -9.902113032590307 7.381966011250105 12.5
      vertex -9.975376681190276 8.312868930080462 12.5
      vertex -9.975376681190276 7.6871310699195385 12.5
    endloop
  endfacet
  facet normal 0 0 1
    outer loop
      vertex -9.975376681190276 7.6871310699195385 12.5
      vertex -9.975376681190276 8.312868930080462 12.5
      vertex -10 8 12.5
    endloop
  endfacet
  facet normal 0 0 1
    outer loop
      vertex -9.782013048376736 7.0920190005209065 12.5
      vertex -9.902113032590307 8.618033988749895 12.5
      vertex -9.902113032590307 7.381966011250105 12.5
    endloop
  endfacet
  facet normal 0 0 1
    outer loop
      vertex -9.618033988749895 6.824429495415053 12.5
      vertex -9.782013048376736 8.907980999479093 12.5
      vertex -9.782013048376736 7.0920190005209065 12.5
    endloop
  endfacet
  facet normal 0 0 1
    outer loop
      vertex -9.618033988749895 6.824429495415053 12.5
      vertex -9.414213562373096 6.585786437626905 12.5
      vertex -9.618033988749895 9.175570504584947 12.5
    endloop
  endfacet
  facet normal 0 0 1
    outer loop
      vertex -9.902113032590307 7.381966011250105 12.5
      vertex -9.902113032590307 8.618033988749895 12.5
      vertex -9.975376681190276 8.312868930080462 12.5
    endloop
  endfacet
  facet normal 0 0 1
    outer loop
      vertex -9.782013048376736 7.0920190005209065 12.5
      vertex -9.782013048376736 8.907980999479093 12.5
      vertex -9.902113032590307 8.618033988749895 12.5
    endloop
  endfacet
  facet normal 0 0 1
    outer loop
      vertex -9.618033988749895 6.824429495415053 12.5
      vertex -9.618033988749895 9.175570504584947 12.5
      vertex -9.782013048376736 8.907980999479093 12.5
    endloop
  endfacet
  facet normal 0 0 1
    outer loop
      vertex -9.175570504584947 6.381966011250105 12.5
      vertex -9.414213562373096 9.414213562373096 12.5
      vertex -9.414213562373096 6.585786437626905 12.5
    endloop
  endfacet
  facet normal 0 0 1
    outer loop
      vertex -9.175570504584947 6.381966011250105 12.5
      vertex -8.907980999479093 6.217986951623264 12.5
      vertex -9.175570504584947 9.618033988749895 12.5
    endloop
  endfacet
  facet normal 0 0 1
    outer loop
      vertex -9.414213562373096 6.585786437626905 12.5
      vertex -9.414213562373096 9.414213562373096 12.5
      vertex -9.618033988749895 9.175570504584947 12.5
    endloop
  endfacet
  facet normal 0 0 1
    outer loop
      vertex -9.175570504584947 6.381966011250105 12.5
      vertex -9.175570504584947 9.618033988749895 12.5
      vertex -9.414213562373096 9.414213562373096 12.5
    endloop
  endfacet
  facet normal 0 0 1
    outer loop
      vertex -8.907980999479093 6.217986951623264 12.5
      vertex -8.907980999479093 9.782013048376736 12.5
      vertex -9.175570504584947 9.618033988749895 12.5
    endloop
  endfacet
  facet normal 0 0 1
    outer loop
      vertex -8.618033988749895 6.097886967409693 12.5
      vertex -8.312868930080462 6.0246233188097245 12.5
      vertex -8.618033988749895 9.902113032590307 12.5
    endloop
  endfacet
  facet normal 0 0 1
    outer loop
      vertex -8.312868930080462 6.0246233188097245 12.5
      vertex -8 6 12.5
      vertex -8.312868930080462 9.975376681190276 12.5
    endloop
  endfacet
  facet normal 0 0 1
    outer loop
      vertex -8 6 12.5
      vertex -7.6871310699195385 6.0246233188097245 12.5
      vertex -8 10 12.5
    endloop
  endfacet
  facet normal 0 0 1
    outer loop
      vertex -8.907980999479093 6.217986951623264 12.5
      vertex -8.618033988749895 6.097886967409693 12.5
      vertex -8.907980999479093 9.782013048376736 12.5
    endloop
  endfacet
  facet normal 0 0 1
    outer loop
      vertex -8.618033988749895 6.097886967409693 12.5
      vertex -8.618033988749895 9.902113032590307 12.5
      vertex -8.907980999479093 9.782013048376736 12.5
    endloop
  endfacet
  facet normal 0 0 1
    outer loop
      vertex -8.312868930080462 6.0246233188097245 12.5
      vertex -8.312868930080462 9.975376681190276 12.5
      vertex -8.618033988749895 9.902113032590307 12.5
    endloop
  endfacet
  facet normal 0 0 1
    outer loop
      vertex -8.312868930080462 9.975376681190276 12.5
      vertex -8 6 12.5
      vertex -8 10 12.5
    endloop
  endfacet
  facet normal 0 0 1
    outer loop
      vertex -7.6871310699195385 6.0246233188097245 12.5
      vertex -7.381966011250105 6.097886967409693 12.5
      vertex -7.6871310699195385 9.975376681190276 12.5
    endloop
  endfacet
  facet normal 0 0 1
    outer loop
      vertex -7.6871310699195385 6.0246233188097245 12.5
      vertex -7.6871310699195385 9.975376681190276 12.5
      vertex -8 10 12.5
    endloop
  endfacet
  facet normal 0 0 1
    outer loop
      vertex -7.381966011250105 6.097886967409693 12.5
      vertex -7.381966011250105 9.902113032590307 12.5
      vertex -7.6871310699195385 9.975376681190276 12.5
    endloop
  endfacet
  facet normal 0 0 1
    outer loop
      vertex -7.381966011250105 6.097886967409693 12.5
      vertex -7.0920190005209065 6.217986951623264 12.5
      vertex -7.381966011250105 9.902113032590307 12.5
    endloop
  endfacet
  facet normal 0 0 1
    outer loop
      vertex -7.0920190005209065 6.217986951623264 12.5
      vertex -6.824429495415053 6.381966011250105 12.5
      vertex -7.0920190005209065 9.782013048376736 12.5
    endloop
  endfacet
  facet normal 0 0 1
    outer loop
      vertex -6.824429495415053 6.381966011250105 12.5
      vertex -6.585786437626905 6.585786437626905 12.5
      vertex -6.824429495415053 9.618033988749895 12.5
    endloop
  endfacet
  facet normal 0 0 1
    outer loop
      vertex -7.0920190005209065 6.217986951623264 12.5
      vertex -7.0920190005209065 9.782013048376736 12.5
      vertex -7.381966011250105 9.902113032590307 12.5
    endloop
  endfacet
  facet normal 0 0 1
    outer loop
      vertex -6.824429495415053 6.381966011250105 12.5
      vertex -6.824429495415053 9.618033988749895 12.5
      vertex -7.0920190005209065 9.782013048376736 12.5
    endloop
  endfacet
  facet normal 0 0 1
    outer loop
      vertex -6.585786437626905 6.585786437626905 12.5
      vertex -6.585786437626905 9.414213562373096 12.5
      vertex -6.824429495415053 9.618033988749895 12.5
    endloop
  endfacet
  facet normal 0 0 1
    outer loop
      vertex -6.585786437626905 6.585786437626905 12.5
      vertex -6.381966011250105 6.824429495415053 12.5
      vertex -6.585786437626905 9.414213562373096 12.5
    endloop
  endfacet
  facet normal 0 0 1
    outer loop
      vertex -6.381966011250105 6.824429495415053 12.5
      vertex -6.217986951623264 7.0920190005209065 12.5
      vertex -6.381966011250105 9.175570504584947 12.5
    endloop
  endfacet
  facet normal 0 0 1
    outer loop
      vertex -6.217986951623264 7.0920190005209065 12.5
      vertex -6.097886967409693 7.381966011250105 12.5
      vertex -6.217986951623264 8.907980999479093 12.5
    endloop
  endfacet
  facet normal 0 0 1
    outer loop
      vertex -6.097886967409693 7.381966011250105 12.5
      vertex -6.0246233188097245 7.6871310699195385 12.5
      vertex -6.097886967409693 8.618033988749895 12.5
    endloop
  endfacet
  facet normal 0 0 1
    outer loop
      vertex -6.0246233188097245 7.6871310699195385 12.5
      vertex -6 8 12.5
      vertex -6.0246233188097245 8.312868930080462 12.5
    endloop
  endfacet
  facet normal 0 0 1
    outer loop
      vertex -6.217986951623264 7.0920190005209065 12.5
      vertex -6.217986951623264 8.907980999479093 12.5
      vertex -6.381966011250105 9.175570504584947 12.5
    endloop
  endfacet
  facet normal 0 0 1
    outer loop
      vertex -6.381966011250105 6.824429495415053 12.5
      vertex -6.381966011250105 9.175570504584947 12.5
      vertex -6.585786437626905 9.414213562373096 12.5
    endloop
  endfacet
  facet normal 0 0 1
    outer loop
      vertex -6.097886967409693 7.381966011250105 12.5
      vertex -6.097886967409693 8.618033988749895 12.5
      vertex -6.217986951623264 8.907980999479093 12.5
    endloop
  endfacet
  facet normal 0 0 1
    outer loop
      vertex -6.0246233188097245 7.6871310699195385 12.5
      vertex -6.0246233188097245 8.312868930080462 12.5
      vertex -6.097886967409693 8.618033988749895 12.5
    endloop
  endfacet
endsolid OpenSCAD_Model
