solid OpenSCAD_Model
  facet normal -0.3681245526846772 -0.9297764858882518 0
    outer loop
      vertex -9.916006812042825 -4.071721736097088 1.8
      vertex -9.916006812042825 -4.071721736097088 0.39
      vertex -9.390576474687263 -4.2797543233281905 0.39
    endloop
  endfacet
  facet normal -0.4817536741017141 -0.8763066800438643 0
    outer loop
      vertex -10.411220577405485 -3.799475664759068 1.8
      vertex -9.916006812042825 -4.071721736097088 0.39
      vertex -9.916006812042825 -4.071721736097088 1.8
    endloop
  endfacet
  facet normal -0.3681245526846772 -0.9297764858882518 0
    outer loop
      vertex -9.916006812042825 -4.071721736097088 1.8
      vertex -9.390576474687263 -4.2797543233281905 0.39
      vertex -9.390576474687263 -4.2797543233281905 1.8
    endloop
  endfacet
  facet normal -0.4817536741017141 -0.8763066800438643 0
    outer loop
      vertex -10.411220577405485 -3.799475664759068 1.8
      vertex -10.411220577405485 -3.799475664759068 0.39
      vertex -9.916006812042825 -4.071721736097088 0.39
    endloop
  endfacet
  facet normal -0.5877852522924744 -0.8090169943749465 0
    outer loop
      vertex -10.868407953869102 -3.467309592491052 1.8
      vertex -10.868407953869102 -3.467309592491052 0.39
      vertex -10.411220577405485 -3.799475664759068 0.39
    endloop
  endfacet
  facet normal -0.5877852522924744 -0.8090169943749465 0
    outer loop
      vertex -10.868407953869102 -3.467309592491052 1.8
      vertex -10.411220577405485 -3.799475664759068 0.39
      vertex -10.411220577405485 -3.799475664759068 1.8
    endloop
  endfacet
  facet normal -0.6845471059286887 -0.7289686274214113 0
    outer loop
      vertex -11.280358823396352 -3.080461976679098 1.8
      vertex -11.280358823396352 -3.080461976679098 0.39
      vertex -10.868407953869102 -3.467309592491052 0.39
    endloop
  endfacet
  facet normal -0.6845471059286887 -0.7289686274214113 0
    outer loop
      vertex -10.868407953869102 -3.467309592491052 1.8
      vertex -11.280358823396352 -3.080461976679098 1.8
      vertex -10.868407953869102 -3.467309592491052 0.39
    endloop
  endfacet
  facet normal -0.7705132427757886 -0.6374239897486904 0
    outer loop
      vertex -11.640576474687263 -2.6450336353161292 1.8
      vertex -11.280358823396352 -3.080461976679098 0.39
      vertex -11.280358823396352 -3.080461976679098 1.8
    endloop
  endfacet
  facet normal -0.8443279255020146 -0.5358267949789972 0
    outer loop
      vertex -11.943380060197386 -2.1678915334577193 1.8
      vertex -11.943380060197386 -2.1678915334577193 0.39
      vertex -11.640576474687263 -2.6450336353161292 0.39
    endloop
  endfacet
  facet normal -0.7705132427757886 -0.6374239897486904 0
    outer loop
      vertex -11.640576474687263 -2.6450336353161292 1.8
      vertex -11.640576474687263 -2.6450336353161292 0.39
      vertex -11.280358823396352 -3.080461976679098 0.39
    endloop
  endfacet
  facet normal -0.8443279255020146 -0.5358267949789972 0
    outer loop
      vertex -11.640576474687263 -2.6450336353161292 1.8
      vertex -11.943380060197386 -2.1678915334577193 1.8
      vertex -11.640576474687263 -2.6450336353161292 0.39
    endloop
  endfacet
  facet normal 0 0 1
    outer loop
      vertex -9.916006812042825 -4.071721736097088 1.8
      vertex -9.390576474687263 -4.2797543233281905 1.8
      vertex -9.618033988749895 -1.1755705045849463 1.8
    endloop
  endfacet
  facet normal 0 0 1
    outer loop
      vertex -9.390576474687263 -4.2797543233281905 1.8
      vertex -9.457937254842824 -1.369094211857377 1.8
      vertex -9.618033988749895 -1.1755705045849463 1.8
    endloop
  endfacet
  facet normal -0.2486898871648559 -0.9685831611286309 0
    outer loop
      vertex -9.390576474687263 -4.2797543233281905 1.8
      vertex -9.390576474687263 -4.2797543233281905 0.39
      vertex -8.843215915635762 -4.420292628279099 0.39
    endloop
  endfacet
  facet normal -0.12533323356430487 -0.9921147013144778 0
    outer loop
      vertex -8.843215915635762 -4.420292628279099 1.8
      vertex -8.843215915635762 -4.420292628279099 0.39
      vertex -8.282557337881912 -4.491120277927222 0.39
    endloop
  endfacet
  facet normal 0 -1 0
    outer loop
      vertex -8.282557337881912 -4.491120277927222 1.8
      vertex -8.282557337881912 -4.491120277927222 0.39
      vertex -7.7174426621180885 -4.491120277927222 0.39
    endloop
  endfacet
  facet normal -0.2486898871648559 -0.9685831611286309 0
    outer loop
      vertex -9.390576474687263 -4.2797543233281905 1.8
      vertex -8.843215915635762 -4.420292628279099 0.39
      vertex -8.843215915635762 -4.420292628279099 1.8
    endloop
  endfacet
  facet normal -0.12533323356430487 -0.9921147013144778 0
    outer loop
      vertex -8.843215915635762 -4.420292628279099 1.8
      vertex -8.282557337881912 -4.491120277927222 0.39
      vertex -8.282557337881912 -4.491120277927222 1.8
    endloop
  endfacet
  facet normal 0 -1 0
    outer loop
      vertex -8.282557337881912 -4.491120277927222 1.8
      vertex -7.7174426621180885 -4.491120277927222 0.39
      vertex -7.7174426621180885 -4.491120277927222 1.8
    endloop
  endfacet
  facet normal 0 0 1
    outer loop
      vertex -9.390576474687263 -4.2797543233281905 1.8
      vertex -8.843215915635762 -4.420292628279099 1.8
      vertex -9.071653589957993 -1.6886558510040302 1.8
    endloop
  endfacet
  facet normal 0 0 1
    outer loop
      vertex -8.282557337881912 -4.491120277927222 1.8
      vertex -7.7174426621180885 -4.491120277927222 1.8
      vertex -7.874418960941372 -1.9960534568565431 1.8
    endloop
  endfacet
  facet normal 0 0 1
    outer loop
      vertex -8.843215915635762 -4.420292628279099 1.8
      vertex -8.282557337881912 -4.491120277927222 1.8
      vertex -8.618033988749895 -1.902113032590307 1.8
    endloop
  endfacet
  facet normal 0.12533323356430487 -0.9921147013144778 0
    outer loop
      vertex -7.7174426621180885 -4.491120277927222 1.8
      vertex -7.7174426621180885 -4.491120277927222 0.39
      vertex -7.156784084364238 -4.420292628279099 0.39
    endloop
  endfacet
  facet normal 0.2486898871648559 -0.9685831611286309 0
    outer loop
      vertex -7.156784084364238 -4.420292628279099 1.8
      vertex -7.156784084364238 -4.420292628279099 0.39
      vertex -6.609423525312737 -4.2797543233281905 0.39
    endloop
  endfacet
  facet normal 0.36812455268467664 -0.9297764858882519 0
    outer loop
      vertex -6.609423525312737 -4.2797543233281905 1.8
      vertex -6.609423525312737 -4.2797543233281905 0.39
      vertex -6.083993187957174 -4.071721736097088 0.39
    endloop
  endfacet
  facet normal 0.12533323356430487 -0.9921147013144778 0
    outer loop
      vertex -7.7174426621180885 -4.491120277927222 1.8
      vertex -7.156784084364238 -4.420292628279099 0.39
      vertex -7.156784084364238 -4.420292628279099 1.8
    endloop
  endfacet
  facet normal 0.2486898871648559 -0.9685831611286309 0
    outer loop
      vertex -7.156784084364238 -4.420292628279099 1.8
      vertex -6.609423525312737 -4.2797543233281905 0.39
      vertex -6.609423525312737 -4.2797543233281905 1.8
    endloop
  endfacet
  facet normal 0.36812455268467664 -0.9297764858882519 0
    outer loop
      vertex -6.609423525312737 -4.2797543233281905 1.8
      vertex -6.083993187957174 -4.071721736097088 0.39
      vertex -6.083993187957174 -4.071721736097088 1.8
    endloop
  endfacet
  facet normal 0 0 1
    outer loop
      vertex -7.7174426621180885 -4.491120277927222 1.8
      vertex -7.156784084364238 -4.420292628279099 1.8
      vertex -7.874418960941372 -1.9960534568565431 1.8
    endloop
  endfacet
  facet normal 0 0 1
    outer loop
      vertex -7.156784084364238 -4.420292628279099 1.8
      vertex -6.609423525312737 -4.2797543233281905 1.8
      vertex -7.381966011250105 -1.902113032590307 1.8
    endloop
  endfacet
  facet normal 0 0 1
    outer loop
      vertex -8.282557337881912 -4.491120277927222 1.8
      vertex -8.125581039058627 -1.9960534568565431 1.8
      vertex -8.37476262917145 -1.9645745014573772 1.8
    endloop
  endfacet
  facet normal 0 0 1
    outer loop
      vertex -8.282557337881912 -4.491120277927222 1.8
      vertex -7.874418960941372 -1.9960534568565431 1.8
      vertex -8.125581039058627 -1.9960534568565431 1.8
    endloop
  endfacet
  facet normal 0 0 1
    outer loop
      vertex -8.843215915635762 -4.420292628279099 1.8
      vertex -8.618033988749895 -1.902113032590307 1.8
      vertex -8.851558583130146 -1.8096541049320392 1.8
    endloop
  endfacet
  facet normal 0 0 1
    outer loop
      vertex -8.843215915635762 -4.420292628279099 1.8
      vertex -8.851558583130146 -1.8096541049320392 1.8
      vertex -9.071653589957993 -1.6886558510040302 1.8
    endloop
  endfacet
  facet normal 0 0 1
    outer loop
      vertex -9.390576474687263 -4.2797543233281905 1.8
      vertex -9.071653589957993 -1.6886558510040302 1.8
      vertex -9.274847979497379 -1.5410264855515787 1.8
    endloop
  endfacet
  facet normal 0 0 1
    outer loop
      vertex -9.390576474687263 -4.2797543233281905 1.8
      vertex -9.274847979497379 -1.5410264855515787 1.8
      vertex -9.457937254842824 -1.369094211857377 1.8
    endloop
  endfacet
  facet normal 0 0 1
    outer loop
      vertex -8.282557337881912 -4.491120277927222 1.8
      vertex -8.37476262917145 -1.9645745014573772 1.8
      vertex -8.618033988749895 -1.902113032590307 1.8
    endloop
  endfacet
  facet normal 0 0 1
    outer loop
      vertex -6.609423525312737 -4.2797543233281905 1.8
      vertex -6.083993187957174 -4.071721736097088 1.8
      vertex -6.72515202050262 -1.541026485551578 1.8
    endloop
  endfacet
  facet normal 0 0 1
    outer loop
      vertex -7.156784084364238 -4.420292628279099 1.8
      vertex -7.62523737082855 -1.9645745014573772 1.8
      vertex -7.874418960941372 -1.9960534568565431 1.8
    endloop
  endfacet
  facet normal 0 0 1
    outer loop
      vertex -7.156784084364238 -4.420292628279099 1.8
      vertex -7.381966011250105 -1.902113032590307 1.8
      vertex -7.62523737082855 -1.9645745014573772 1.8
    endloop
  endfacet
  facet normal 0 0 1
    outer loop
      vertex -6.609423525312737 -4.2797543233281905 1.8
      vertex -7.148441416869855 -1.8096541049320392 1.8
      vertex -7.381966011250105 -1.902113032590307 1.8
    endloop
  endfacet
  facet normal 0 0 1
    outer loop
      vertex -6.609423525312737 -4.2797543233281905 1.8
      vertex -6.928346410042008 -1.6886558510040306 1.8
      vertex -7.148441416869855 -1.8096541049320392 1.8
    endloop
  endfacet
  facet normal 0 0 1
    outer loop
      vertex -6.609423525312737 -4.2797543233281905 1.8
      vertex -6.72515202050262 -1.541026485551578 1.8
      vertex -6.928346410042008 -1.6886558510040306 1.8
    endloop
  endfacet
  facet normal 0 0 1
    outer loop
      vertex -6.083993187957174 -4.071721736097088 1.8
      vertex -6.5420627451571765 -1.369094211857377 1.8
      vertex -6.72515202050262 -1.541026485551578 1.8
    endloop
  endfacet
  facet normal -0.9048270524660201 -0.42577929156507144 0
    outer loop
      vertex -12.18399418649713 -1.6565604870810504 1.8
      vertex -12.18399418649713 -1.6565604870810504 0.39
      vertex -11.943380060197386 -2.1678915334577193 0.39
    endloop
  endfacet
  facet normal -0.9048270524660201 -0.42577929156507144 0
    outer loop
      vertex -11.943380060197386 -2.1678915334577193 1.8
      vertex -12.18399418649713 -1.6565604870810504 1.8
      vertex -11.943380060197386 -2.1678915334577193 0.39
    endloop
  endfacet
  facet normal -0.9510565162951532 -0.30901699437494823 0
    outer loop
      vertex -12.35862422507884 -1.119104492241847 1.8
      vertex -12.35862422507884 -1.119104492241847 0.39
      vertex -12.18399418649713 -1.6565604870810504 0.39
    endloop
  endfacet
  facet normal -0.9510565162951532 -0.30901699437494823 0
    outer loop
      vertex -12.18399418649713 -1.6565604870810504 1.8
      vertex -12.35862422507884 -1.119104492241847 1.8
      vertex -12.18399418649713 -1.6565604870810504 0.39
    endloop
  endfacet
  facet normal 0 0 1
    outer loop
      vertex -10.868407953869102 -3.467309592491052 1.8
      vertex -11.280358823396352 3.080461976679098 1.8
      vertex -11.280358823396352 -3.080461976679098 1.8
    endloop
  endfacet
  facet normal 0 0 1
    outer loop
      vertex -9.916006812042825 -4.071721736097088 1.8
      vertex -9.618033988749895 -1.1755705045849463 1.8
      vertex -9.752613360087727 -0.9635073482034308 1.8
    endloop
  endfacet
  facet normal 0 0 1
    outer loop
      vertex -9.916006812042825 -4.071721736097088 1.8
      vertex -9.752613360087727 -0.9635073482034308 1.8
      vertex -9.859552971776504 -0.7362491053693557 1.8
    endloop
  endfacet
  facet normal 0 0 1
    outer loop
      vertex -9.916006812042825 -4.071721736097088 1.8
      vertex -9.859552971776504 -0.7362491053693557 1.8
      vertex -9.937166322257262 -0.4973797743297097 1.8
    endloop
  endfacet
  facet normal 0 0 1
    outer loop
      vertex -10.868407953869102 -3.467309592491052 1.8
      vertex -10.411220577405485 -3.799475664759068 1.8
      vertex -10.868407953869102 3.467309592491052 1.8
    endloop
  endfacet
  facet normal 0 0 1
    outer loop
      vertex -10.411220577405485 -3.799475664759068 1.8
      vertex -9.916006812042825 -4.071721736097088 1.8
      vertex -10.411220577405485 3.799475664759068 1.8
    endloop
  endfacet
  facet normal 0 0 1
    outer loop
      vertex -9.916006812042825 -4.071721736097088 1.8
      vertex -9.937166322257262 -0.4973797743297097 1.8
      vertex -9.984229402628955 -0.25066646712860813 1.8
    endloop
  endfacet
  facet normal -0.9822872507286886 -0.1873813145857254 0
    outer loop
      vertex -12.46451615591515 -0.5639995510393683 1.8
      vertex -12.46451615591515 -0.5639995510393683 0.39
      vertex -12.35862422507884 -1.119104492241847 0.39
    endloop
  endfacet
  facet normal -0.9822872507286886 -0.1873813145857254 0
    outer loop
      vertex -12.35862422507884 -1.119104492241847 1.8
      vertex -12.46451615591515 -0.5639995510393683 1.8
      vertex -12.35862422507884 -1.119104492241847 0.39
    endloop
  endfacet
  facet normal 0 0 1
    outer loop
      vertex -11.640576474687263 -2.6450336353161292 1.8
      vertex -11.943380060197386 2.1678915334577193 1.8
      vertex -11.943380060197386 -2.1678915334577193 1.8
    endloop
  endfacet
  facet normal 0 0 1
    outer loop
      vertex -11.943380060197386 -2.1678915334577193 1.8
      vertex -12.18399418649713 1.6565604870810504 1.8
      vertex -12.18399418649713 -1.6565604870810504 1.8
    endloop
  endfacet
  facet normal 0 0 1
    outer loop
      vertex -11.640576474687263 -2.6450336353161292 1.8
      vertex -11.280358823396352 -3.080461976679098 1.8
      vertex -11.640576474687263 2.6450336353161292 1.8
    endloop
  endfacet
  facet normal -0.9980267284282716 -0.06279051952931262 0
    outer loop
      vertex -12.5 0 1.8
      vertex -12.5 0 0.39
      vertex -12.46451615591515 -0.5639995510393683 0.39
    endloop
  endfacet
  facet normal -0.9980267284282716 -0.06279051952931262 0
    outer loop
      vertex -12.46451615591515 -0.5639995510393683 1.8
      vertex -12.5 0 1.8
      vertex -12.46451615591515 -0.5639995510393683 0.39
    endloop
  endfacet
  facet normal 0 0 1
    outer loop
      vertex -12.18399418649713 -1.6565604870810504 1.8
      vertex -12.35862422507884 1.119104492241847 1.8
      vertex -12.35862422507884 -1.119104492241847 1.8
    endloop
  endfacet
  facet normal 0 0 1
    outer loop
      vertex -12.35862422507884 -1.119104492241847 1.8
      vertex -12.46451615591515 0.5639995510393683 1.8
      vertex -12.46451615591515 -0.5639995510393683 1.8
    endloop
  endfacet
  facet normal 0 0 1
    outer loop
      vertex -9.916006812042825 -4.071721736097088 1.8
      vertex -9.984229402628955 -0.25066646712860813 1.8
      vertex -10.411220577405485 3.799475664759068 1.8
    endloop
  endfacet
  facet normal 0 0 1
    outer loop
      vertex -6.083993187957174 -4.071721736097088 1.8
      vertex -6.381966011250105 -1.1755705045849463 1.8
      vertex -6.5420627451571765 -1.369094211857377 1.8
    endloop
  endfacet
  facet normal 0.48175367410171493 -0.8763066800438638 0
    outer loop
      vertex -6.083993187957174 -4.071721736097088 1.8
      vertex -6.083993187957174 -4.071721736097088 0.39
      vertex -5.588779422594516 -3.799475664759069 0.39
    endloop
  endfacet
  facet normal 0.5877852522924732 -0.8090169943749475 0
    outer loop
      vertex -5.588779422594516 -3.799475664759069 1.8
      vertex -5.588779422594516 -3.799475664759069 0.39
      vertex -5.131592046130895 -3.4673095924910506 0.39
    endloop
  endfacet
  facet normal 0.48175367410171493 -0.8763066800438638 0
    outer loop
      vertex -6.083993187957174 -4.071721736097088 1.8
      vertex -5.588779422594516 -3.799475664759069 0.39
      vertex -5.588779422594516 -3.799475664759069 1.8
    endloop
  endfacet
  facet normal 0.5877852522924732 -0.8090169943749475 0
    outer loop
      vertex -5.588779422594516 -3.799475664759069 1.8
      vertex -5.131592046130895 -3.4673095924910506 0.39
      vertex -5.131592046130895 -3.4673095924910506 1.8
    endloop
  endfacet
  facet normal 0.6845471059286892 -0.7289686274214111 0
    outer loop
      vertex -5.131592046130895 -3.4673095924910506 1.8
      vertex -5.131592046130895 -3.4673095924910506 0.39
      vertex -4.7196411766036475 -3.080461976679098 0.39
    endloop
  endfacet
  facet normal 0 0 1
    outer loop
      vertex -6.083993187957174 -4.071721736097088 1.8
      vertex -5.588779422594516 -3.799475664759069 1.8
      vertex -6.140447028223497 -0.7362491053693567 1.8
    endloop
  endfacet
  facet normal 0.6845471059286892 -0.7289686274214111 0
    outer loop
      vertex -5.131592046130895 -3.4673095924910506 1.8
      vertex -4.7196411766036475 -3.080461976679098 0.39
      vertex -4.7196411766036475 -3.080461976679098 1.8
    endloop
  endfacet
  facet normal 0.7705132427757894 -0.6374239897486895 0
    outer loop
      vertex -4.7196411766036475 -3.080461976679098 1.8
      vertex -4.7196411766036475 -3.080461976679098 0.39
      vertex -4.359423525312737 -2.6450336353161292 0.39
    endloop
  endfacet
  facet normal 0.8443279255020146 -0.5358267949789972 0
    outer loop
      vertex -4.359423525312737 -2.6450336353161292 1.8
      vertex -4.359423525312737 -2.6450336353161292 0.39
      vertex -4.056619939802614 -2.1678915334577193 0.39
    endloop
  endfacet
  facet normal 0.7705132427757894 -0.6374239897486895 0
    outer loop
      vertex -4.7196411766036475 -3.080461976679098 1.8
      vertex -4.359423525312737 -2.6450336353161292 0.39
      vertex -4.359423525312737 -2.6450336353161292 1.8
    endloop
  endfacet
  facet normal 0.8443279255020146 -0.5358267949789972 0
    outer loop
      vertex -4.359423525312737 -2.6450336353161292 1.8
      vertex -4.056619939802614 -2.1678915334577193 0.39
      vertex -4.056619939802614 -2.1678915334577193 1.8
    endloop
  endfacet
  facet normal 0 0 1
    outer loop
      vertex -6.083993187957174 -4.071721736097088 1.8
      vertex -6.247386639912273 -0.9635073482034308 1.8
      vertex -6.381966011250105 -1.1755705045849463 1.8
    endloop
  endfacet
  facet normal 0 0 1
    outer loop
      vertex -6.083993187957174 -4.071721736097088 1.8
      vertex -6.140447028223497 -0.7362491053693567 1.8
      vertex -6.247386639912273 -0.9635073482034308 1.8
    endloop
  endfacet
  facet normal 0 0 1
    outer loop
      vertex -6.140447028223497 -0.7362491053693567 1.8
      vertex -5.588779422594516 -3.799475664759069 1.8
      vertex -6.062833677742738 -0.49737977432970887 1.8
    endloop
  endfacet
  facet normal 0 0 1
    outer loop
      vertex -6.062833677742738 -0.49737977432970887 1.8
      vertex -5.588779422594516 -3.799475664759069 1.8
      vertex -6.015770597371044 -0.25066646712860813 1.8
    endloop
  endfacet
  facet normal 0 0 1
    outer loop
      vertex -6.015770597371044 -0.25066646712860813 1.8
      vertex -5.588779422594516 -3.799475664759069 1.8
      vertex -6 0 1.8
    endloop
  endfacet
  facet normal 0 0 1
    outer loop
      vertex -5.588779422594516 -3.799475664759069 1.8
      vertex -6.015770597371044 0.2506664671286085 1.8
      vertex -6 0 1.8
    endloop
  endfacet
  facet normal 0 0 1
    outer loop
      vertex -5.588779422594516 -3.799475664759069 1.8
      vertex -5.131592046130895 -3.4673095924910506 1.8
      vertex -5.588779422594515 3.799475664759068 1.8
    endloop
  endfacet
  facet normal 0.9048270524660195 -0.4257792915650729 0
    outer loop
      vertex -4.056619939802614 -2.1678915334577193 1.8
      vertex -4.056619939802614 -2.1678915334577193 0.39
      vertex -3.816005813502869 -1.6565604870810526 0.39
    endloop
  endfacet
  facet normal 0.9048270524660195 -0.4257792915650729 0
    outer loop
      vertex -4.056619939802614 -2.1678915334577193 1.8
      vertex -3.816005813502869 -1.6565604870810526 0.39
      vertex -3.816005813502869 -1.6565604870810526 1.8
    endloop
  endfacet
  facet normal 0.9510565162951536 -0.3090169943749475 0
    outer loop
      vertex -3.816005813502869 -1.6565604870810526 1.8
      vertex -3.816005813502869 -1.6565604870810526 0.39
      vertex -3.6413757749211593 -1.119104492241845 0.39
    endloop
  endfacet
  facet normal 0.9510565162951536 -0.3090169943749475 0
    outer loop
      vertex -3.816005813502869 -1.6565604870810526 1.8
      vertex -3.6413757749211593 -1.119104492241845 0.39
      vertex -3.6413757749211593 -1.119104492241845 1.8
    endloop
  endfacet
  facet normal 0 0 1
    outer loop
      vertex -5.131592046130895 -3.4673095924910506 1.8
      vertex -4.7196411766036475 -3.080461976679098 1.8
      vertex -5.131592046130896 3.467309592491051 1.8
    endloop
  endfacet
  facet normal 0.9822872507286887 -0.18738131458572452 0
    outer loop
      vertex -3.6413757749211593 -1.119104492241845 1.8
      vertex -3.6413757749211593 -1.119104492241845 0.39
      vertex -3.5354838440848493 -0.5639995510393683 0.39
    endloop
  endfacet
  facet normal 0 0 1
    outer loop
      vertex -4.7196411766036475 -3.080461976679098 1.8
      vertex -4.359423525312737 -2.6450336353161292 1.8
      vertex -4.719641176603648 3.080461976679099 1.8
    endloop
  endfacet
  facet normal 0 0 1
    outer loop
      vertex -4.359423525312737 -2.6450336353161292 1.8
      vertex -4.056619939802614 -2.1678915334577193 1.8
      vertex -4.359423525312737 2.6450336353161292 1.8
    endloop
  endfacet
  facet normal 0.9822872507286887 -0.18738131458572452 0
    outer loop
      vertex -3.6413757749211593 -1.119104492241845 1.8
      vertex -3.5354838440848493 -0.5639995510393683 0.39
      vertex -3.5354838440848493 -0.5639995510393683 1.8
    endloop
  endfacet
  facet normal 0.9980267284282716 -0.06279051952931262 0
    outer loop
      vertex -3.5354838440848493 -0.5639995510393683 1.8
      vertex -3.5354838440848493 -0.5639995510393683 0.39
      vertex -3.5 0 0.39
    endloop
  endfacet
  facet normal 0 0 1
    outer loop
      vertex -4.056619939802614 -2.1678915334577193 1.8
      vertex -3.816005813502869 -1.6565604870810526 1.8
      vertex -4.056619939802614 2.167891533457719 1.8
    endloop
  endfacet
  facet normal 0 0 1
    outer loop
      vertex -3.816005813502869 -1.6565604870810526 1.8
      vertex -3.6413757749211593 -1.119104492241845 1.8
      vertex -3.816005813502869 1.6565604870810509 1.8
    endloop
  endfacet
  facet normal 0.9980267284282716 -0.06279051952931262 0
    outer loop
      vertex -3.5354838440848493 -0.5639995510393683 1.8
      vertex -3.5 0 0.39
      vertex -3.5 0 1.8
    endloop
  endfacet
  facet normal 0 0 1
    outer loop
      vertex -3.6413757749211593 -1.119104492241845 1.8
      vertex -3.5354838440848493 -0.5639995510393683 1.8
      vertex -3.64137577492116 1.1191044922418465 1.8
    endloop
  endfacet
  facet normal -0.9980267284282716 0.06279051952931262 0
    outer loop
      vertex -12.46451615591515 0.5639995510393683 1.8
      vertex -12.46451615591515 0.5639995510393683 0.39
      vertex -12.5 0 0.39
    endloop
  endfacet
  facet normal -0.9980267284282716 0.06279051952931262 0
    outer loop
      vertex -12.5 0 1.8
      vertex -12.46451615591515 0.5639995510393683 1.8
      vertex -12.5 0 0.39
    endloop
  endfacet
  facet normal 0 0 1
    outer loop
      vertex -12.46451615591515 -0.5639995510393683 1.8
      vertex -12.46451615591515 0.5639995510393683 1.8
      vertex -12.5 0 1.8
    endloop
  endfacet
  facet normal 0 0 1
    outer loop
      vertex -12.35862422507884 -1.119104492241847 1.8
      vertex -12.35862422507884 1.119104492241847 1.8
      vertex -12.46451615591515 0.5639995510393683 1.8
    endloop
  endfacet
  facet normal 0 0 1
    outer loop
      vertex -12.18399418649713 -1.6565604870810504 1.8
      vertex -12.18399418649713 1.6565604870810504 1.8
      vertex -12.35862422507884 1.119104492241847 1.8
    endloop
  endfacet
  facet normal 0 0 1
    outer loop
      vertex -11.943380060197386 -2.1678915334577193 1.8
      vertex -11.943380060197386 2.1678915334577193 1.8
      vertex -12.18399418649713 1.6565604870810504 1.8
    endloop
  endfacet
  facet normal -0.9822872507286886 0.1873813145857254 0
    outer loop
      vertex -12.35862422507884 1.119104492241847 1.8
      vertex -12.35862422507884 1.119104492241847 0.39
      vertex -12.46451615591515 0.5639995510393683 0.39
    endloop
  endfacet
  facet normal -0.9822872507286886 0.1873813145857254 0
    outer loop
      vertex -12.46451615591515 0.5639995510393683 1.8
      vertex -12.35862422507884 1.119104492241847 1.8
      vertex -12.46451615591515 0.5639995510393683 0.39
    endloop
  endfacet
  facet normal 0 0 1
    outer loop
      vertex -11.640576474687263 -2.6450336353161292 1.8
      vertex -11.640576474687263 2.6450336353161292 1.8
      vertex -11.943380060197386 2.1678915334577193 1.8
    endloop
  endfacet
  facet normal 0 0 1
    outer loop
      vertex -11.280358823396352 -3.080461976679098 1.8
      vertex -11.280358823396352 3.080461976679098 1.8
      vertex -11.640576474687263 2.6450336353161292 1.8
    endloop
  endfacet
  facet normal 0 0 1
    outer loop
      vertex -10.868407953869102 -3.467309592491052 1.8
      vertex -10.868407953869102 3.467309592491052 1.8
      vertex -11.280358823396352 3.080461976679098 1.8
    endloop
  endfacet
  facet normal -0.9510565162951532 0.30901699437494823 0
    outer loop
      vertex -12.18399418649713 1.6565604870810504 1.8
      vertex -12.18399418649713 1.6565604870810504 0.39
      vertex -12.35862422507884 1.119104492241847 0.39
    endloop
  endfacet
  facet normal -0.9510565162951532 0.30901699437494823 0
    outer loop
      vertex -12.35862422507884 1.119104492241847 1.8
      vertex -12.18399418649713 1.6565604870810504 1.8
      vertex -12.35862422507884 1.119104492241847 0.39
    endloop
  endfacet
  facet normal -0.9048270524660201 0.42577929156507144 0
    outer loop
      vertex -11.943380060197386 2.1678915334577193 1.8
      vertex -11.943380060197386 2.1678915334577193 0.39
      vertex -12.18399418649713 1.6565604870810504 0.39
    endloop
  endfacet
  facet normal -0.9048270524660201 0.42577929156507144 0
    outer loop
      vertex -12.18399418649713 1.6565604870810504 1.8
      vertex -11.943380060197386 2.1678915334577193 1.8
      vertex -12.18399418649713 1.6565604870810504 0.39
    endloop
  endfacet
  facet normal 0 0 1
    outer loop
      vertex -10.411220577405485 -3.799475664759068 1.8
      vertex -10.411220577405485 3.799475664759068 1.8
      vertex -10.868407953869102 3.467309592491052 1.8
    endloop
  endfacet
  facet normal 0 0 1
    outer loop
      vertex -9.984229402628955 -0.25066646712860813 1.8
      vertex -10 0 1.8
      vertex -10.411220577405485 3.799475664759068 1.8
    endloop
  endfacet
  facet normal 0 0 1
    outer loop
      vertex -10.411220577405485 3.799475664759068 1.8
      vertex -10 0 1.8
      vertex -9.984229402628955 0.25066646712860813 1.8
    endloop
  endfacet
  facet normal 0 0 1
    outer loop
      vertex -10.411220577405485 3.799475664759068 1.8
      vertex -9.984229402628955 0.25066646712860813 1.8
      vertex -9.937166322257262 0.4973797743297097 1.8
    endloop
  endfacet
  facet normal 0 0 1
    outer loop
      vertex -10.411220577405485 3.799475664759068 1.8
      vertex -9.937166322257262 0.4973797743297097 1.8
      vertex -9.859552971776504 0.7362491053693557 1.8
    endloop
  endfacet
  facet normal 0 0 1
    outer loop
      vertex -9.859552971776504 0.7362491053693557 1.8
      vertex -9.752613360087727 0.9635073482034308 1.8
      vertex -9.916006812042827 4.071721736097087 1.8
    endloop
  endfacet
  facet normal 0 0 1
    outer loop
      vertex -9.752613360087727 0.9635073482034308 1.8
      vertex -9.618033988749895 1.1755705045849463 1.8
      vertex -9.916006812042827 4.071721736097087 1.8
    endloop
  endfacet
  facet normal 0 0 1
    outer loop
      vertex -9.618033988749895 1.1755705045849463 1.8
      vertex -9.457937254842824 1.369094211857377 1.8
      vertex -9.916006812042827 4.071721736097087 1.8
    endloop
  endfacet
  facet normal -0.8443279255020146 0.5358267949789972 0
    outer loop
      vertex -11.640576474687263 2.6450336353161292 1.8
      vertex -11.640576474687263 2.6450336353161292 0.39
      vertex -11.943380060197386 2.1678915334577193 0.39
    endloop
  endfacet
  facet normal -0.8443279255020146 0.5358267949789972 0
    outer loop
      vertex -11.943380060197386 2.1678915334577193 1.8
      vertex -11.640576474687263 2.6450336353161292 1.8
      vertex -11.943380060197386 2.1678915334577193 0.39
    endloop
  endfacet
  facet normal -0.7705132427757886 0.6374239897486904 0
    outer loop
      vertex -11.640576474687263 2.6450336353161292 1.8
      vertex -11.280358823396352 3.080461976679098 1.8
      vertex -11.640576474687263 2.6450336353161292 0.39
    endloop
  endfacet
  facet normal -0.7705132427757886 0.6374239897486904 0
    outer loop
      vertex -11.280358823396352 3.080461976679098 1.8
      vertex -11.280358823396352 3.080461976679098 0.39
      vertex -11.640576474687263 2.6450336353161292 0.39
    endloop
  endfacet
  facet normal -0.6845471059286887 0.7289686274214113 0
    outer loop
      vertex -10.868407953869102 3.467309592491052 1.8
      vertex -10.868407953869102 3.467309592491052 0.39
      vertex -11.280358823396352 3.080461976679098 0.39
    endloop
  endfacet
  facet normal -0.6845471059286887 0.7289686274214113 0
    outer loop
      vertex -11.280358823396352 3.080461976679098 1.8
      vertex -10.868407953869102 3.467309592491052 1.8
      vertex -11.280358823396352 3.080461976679098 0.39
    endloop
  endfacet
  facet normal 0 0 1
    outer loop
      vertex -9.457937254842824 1.369094211857377 1.8
      vertex -9.274847979497379 1.5410264855515787 1.8
      vertex -9.916006812042827 4.071721736097087 1.8
    endloop
  endfacet
  facet normal 0 0 1
    outer loop
      vertex -10.411220577405485 3.799475664759068 1.8
      vertex -9.859552971776504 0.7362491053693557 1.8
      vertex -9.916006812042827 4.071721736097087 1.8
    endloop
  endfacet
  facet normal 0 0 1
    outer loop
      vertex -9.274847979497379 1.5410264855515787 1.8
      vertex -9.390576474687263 4.2797543233281905 1.8
      vertex -9.916006812042827 4.071721736097087 1.8
    endloop
  endfacet
  facet normal -0.5877852522924744 0.8090169943749465 0
    outer loop
      vertex -10.411220577405485 3.799475664759068 1.8
      vertex -10.411220577405485 3.799475664759068 0.39
      vertex -10.868407953869102 3.467309592491052 0.39
    endloop
  endfacet
  facet normal -0.5877852522924744 0.8090169943749465 0
    outer loop
      vertex -10.868407953869102 3.467309592491052 1.8
      vertex -10.411220577405485 3.799475664759068 1.8
      vertex -10.868407953869102 3.467309592491052 0.39
    endloop
  endfacet
  facet normal -0.48175367410171427 0.8763066800438641 0
    outer loop
      vertex -10.411220577405485 3.799475664759068 1.8
      vertex -9.916006812042827 4.071721736097087 1.8
      vertex -10.411220577405485 3.799475664759068 0.39
    endloop
  endfacet
  facet normal -0.48175367410171427 0.8763066800438641 0
    outer loop
      vertex -9.916006812042827 4.071721736097087 1.8
      vertex -9.916006812042827 4.071721736097087 0.39
      vertex -10.411220577405485 3.799475664759068 0.39
    endloop
  endfacet
  facet normal -0.3681245526846775 0.9297764858882517 0
    outer loop
      vertex -9.390576474687263 4.2797543233281905 1.8
      vertex -9.390576474687263 4.2797543233281905 0.39
      vertex -9.916006812042827 4.071721736097087 0.39
    endloop
  endfacet
  facet normal -0.3681245526846775 0.9297764858882517 0
    outer loop
      vertex -9.916006812042827 4.071721736097087 1.8
      vertex -9.390576474687263 4.2797543233281905 1.8
      vertex -9.916006812042827 4.071721736097087 0.39
    endloop
  endfacet
  facet normal 0 0 1
    outer loop
      vertex -9.274847979497379 1.5410264855515787 1.8
      vertex -9.071653589957993 1.6886558510040302 1.8
      vertex -9.390576474687263 4.2797543233281905 1.8
    endloop
  endfacet
  facet normal 0 0 1
    outer loop
      vertex -9.071653589957993 1.6886558510040302 1.8
      vertex -8.851558583130146 1.809654104932039 1.8
      vertex -9.390576474687263 4.2797543233281905 1.8
    endloop
  endfacet
  facet normal 0 0 1
    outer loop
      vertex -8.851558583130146 1.809654104932039 1.8
      vertex -8.618033988749895 1.902113032590307 1.8
      vertex -9.390576474687263 4.2797543233281905 1.8
    endloop
  endfacet
  facet normal 0 0 1
    outer loop
      vertex -8.618033988749895 1.902113032590307 1.8
      vertex -8.37476262917145 1.9645745014573774 1.8
      vertex -8.84321591563576 4.420292628279099 1.8
    endloop
  endfacet
  facet normal 0 0 1
    outer loop
      vertex -8.37476262917145 1.9645745014573774 1.8
      vertex -8.125581039058625 1.9960534568565431 1.8
      vertex -8.84321591563576 4.420292628279099 1.8
    endloop
  endfacet
  facet normal 0 0 1
    outer loop
      vertex -8.125581039058625 1.9960534568565431 1.8
      vertex -7.874418960941373 1.9960534568565431 1.8
      vertex -7.71744266211809 4.491120277927222 1.8
    endloop
  endfacet
  facet normal 0 0 1
    outer loop
      vertex -7.625237370828551 1.9645745014573774 1.8
      vertex -7.381966011250105 1.902113032590307 1.8
      vertex -7.71744266211809 4.491120277927222 1.8
    endloop
  endfacet
  facet normal 0 0 1
    outer loop
      vertex -7.148441416869854 1.809654104932039 1.8
      vertex -6.928346410042007 1.6886558510040302 1.8
      vertex -7.156784084364239 4.420292628279099 1.8
    endloop
  endfacet
  facet normal 0 0 1
    outer loop
      vertex -7.381966011250105 1.902113032590307 1.8
      vertex -7.148441416869854 1.809654104932039 1.8
      vertex -7.156784084364239 4.420292628279099 1.8
    endloop
  endfacet
  facet normal 0 0 1
    outer loop
      vertex -6.928346410042007 1.6886558510040302 1.8
      vertex -6.7251520205026205 1.5410264855515783 1.8
      vertex -6.609423525312737 4.2797543233281905 1.8
    endloop
  endfacet
  facet normal 0 0 1
    outer loop
      vertex -6.5420627451571765 1.3690942118573775 1.8
      vertex -6.381966011250105 1.1755705045849463 1.8
      vertex -6.609423525312737 4.2797543233281905 1.8
    endloop
  endfacet
  facet normal 0 0 1
    outer loop
      vertex -6.7251520205026205 1.5410264855515783 1.8
      vertex -6.5420627451571765 1.3690942118573775 1.8
      vertex -6.609423525312737 4.2797543233281905 1.8
    endloop
  endfacet
  facet normal 0 0 1
    outer loop
      vertex -7.874418960941373 1.9960534568565431 1.8
      vertex -7.625237370828551 1.9645745014573774 1.8
      vertex -7.71744266211809 4.491120277927222 1.8
    endloop
  endfacet
  facet normal 0 0 1
    outer loop
      vertex -6.381966011250105 1.1755705045849463 1.8
      vertex -6.083993187957173 4.071721736097087 1.8
      vertex -6.609423525312737 4.2797543233281905 1.8
    endloop
  endfacet
  facet normal 0 0 1
    outer loop
      vertex -8.618033988749895 1.902113032590307 1.8
      vertex -8.84321591563576 4.420292628279099 1.8
      vertex -9.390576474687263 4.2797543233281905 1.8
    endloop
  endfacet
  facet normal 0 0 1
    outer loop
      vertex -8.125581039058625 1.9960534568565431 1.8
      vertex -8.28255733788191 4.491120277927222 1.8
      vertex -8.84321591563576 4.420292628279099 1.8
    endloop
  endfacet
  facet normal 0 0 1
    outer loop
      vertex -8.125581039058625 1.9960534568565431 1.8
      vertex -7.71744266211809 4.491120277927222 1.8
      vertex -8.28255733788191 4.491120277927222 1.8
    endloop
  endfacet
  facet normal -0.24868988716485513 0.9685831611286311 0
    outer loop
      vertex -8.84321591563576 4.420292628279099 1.8
      vertex -8.84321591563576 4.420292628279099 0.39
      vertex -9.390576474687263 4.2797543233281905 0.39
    endloop
  endfacet
  facet normal -0.12533323356430487 0.9921147013144778 0
    outer loop
      vertex -8.28255733788191 4.491120277927222 1.8
      vertex -8.28255733788191 4.491120277927222 0.39
      vertex -8.84321591563576 4.420292628279099 0.39
    endloop
  endfacet
  facet normal 0 1 0
    outer loop
      vertex -7.71744266211809 4.491120277927222 1.8
      vertex -7.71744266211809 4.491120277927222 0.39
      vertex -8.28255733788191 4.491120277927222 0.39
    endloop
  endfacet
  facet normal -0.24868988716485513 0.9685831611286311 0
    outer loop
      vertex -9.390576474687263 4.2797543233281905 1.8
      vertex -8.84321591563576 4.420292628279099 1.8
      vertex -9.390576474687263 4.2797543233281905 0.39
    endloop
  endfacet
  facet normal -0.12533323356430487 0.9921147013144778 0
    outer loop
      vertex -8.84321591563576 4.420292628279099 1.8
      vertex -8.28255733788191 4.491120277927222 1.8
      vertex -8.84321591563576 4.420292628279099 0.39
    endloop
  endfacet
  facet normal 0 1 0
    outer loop
      vertex -8.28255733788191 4.491120277927222 1.8
      vertex -7.71744266211809 4.491120277927222 1.8
      vertex -8.28255733788191 4.491120277927222 0.39
    endloop
  endfacet
  facet normal 0 0 1
    outer loop
      vertex -7.381966011250105 1.902113032590307 1.8
      vertex -7.156784084364239 4.420292628279099 1.8
      vertex -7.71744266211809 4.491120277927222 1.8
    endloop
  endfacet
  facet normal 0 0 1
    outer loop
      vertex -6.928346410042007 1.6886558510040302 1.8
      vertex -6.609423525312737 4.2797543233281905 1.8
      vertex -7.156784084364239 4.420292628279099 1.8
    endloop
  endfacet
  facet normal 0.12533323356430467 0.9921147013144778 0
    outer loop
      vertex -7.156784084364239 4.420292628279099 1.8
      vertex -7.156784084364239 4.420292628279099 0.39
      vertex -7.71744266211809 4.491120277927222 0.39
    endloop
  endfacet
  facet normal 0.3681245526846775 0.9297764858882517 0
    outer loop
      vertex -6.083993187957173 4.071721736097087 1.8
      vertex -6.083993187957173 4.071721736097087 0.39
      vertex -6.609423525312737 4.2797543233281905 0.39
    endloop
  endfacet
  facet normal 0.24868988716485552 0.968583161128631 0
    outer loop
      vertex -6.609423525312737 4.2797543233281905 1.8
      vertex -6.609423525312737 4.2797543233281905 0.39
      vertex -7.156784084364239 4.420292628279099 0.39
    endloop
  endfacet
  facet normal 0.12533323356430467 0.9921147013144778 0
    outer loop
      vertex -7.71744266211809 4.491120277927222 1.8
      vertex -7.156784084364239 4.420292628279099 1.8
      vertex -7.71744266211809 4.491120277927222 0.39
    endloop
  endfacet
  facet normal 0.3681245526846775 0.9297764858882517 0
    outer loop
      vertex -6.609423525312737 4.2797543233281905 1.8
      vertex -6.083993187957173 4.071721736097087 1.8
      vertex -6.609423525312737 4.2797543233281905 0.39
    endloop
  endfacet
  facet normal 0.24868988716485552 0.968583161128631 0
    outer loop
      vertex -7.156784084364239 4.420292628279099 1.8
      vertex -6.609423525312737 4.2797543233281905 1.8
      vertex -7.156784084364239 4.420292628279099 0.39
    endloop
  endfacet
  facet normal 0 0 1
    outer loop
      vertex -5.588779422594516 -3.799475664759069 1.8
      vertex -6.083993187957173 4.071721736097087 1.8
      vertex -6.015770597371044 0.2506664671286085 1.8
    endloop
  endfacet
  facet normal 0.9980267284282716 0.06279051952931253 0
    outer loop
      vertex -3.5 0 1.8
      vertex -3.5 0 0.39
      vertex -3.5354838440848493 0.5639995510393692 0.39
    endloop
  endfacet
  facet normal 0 0 1
    outer loop
      vertex -3.5354838440848493 -0.5639995510393683 1.8
      vertex -3.5 0 1.8
      vertex -3.5354838440848493 0.5639995510393692 1.8
    endloop
  endfacet
  facet normal 0.9980267284282716 0.06279051952931253 0
    outer loop
      vertex -3.5 0 1.8
      vertex -3.5354838440848493 0.5639995510393692 0.39
      vertex -3.5354838440848493 0.5639995510393692 1.8
    endloop
  endfacet
  facet normal 0 0 1
    outer loop
      vertex -3.5354838440848493 -0.5639995510393683 1.8
      vertex -3.5354838440848493 0.5639995510393692 1.8
      vertex -3.64137577492116 1.1191044922418465 1.8
    endloop
  endfacet
  facet normal 0 0 1
    outer loop
      vertex -3.6413757749211593 -1.119104492241845 1.8
      vertex -3.64137577492116 1.1191044922418465 1.8
      vertex -3.816005813502869 1.6565604870810509 1.8
    endloop
  endfacet
  facet normal 0.9822872507286885 0.18738131458572582 0
    outer loop
      vertex -3.5354838440848493 0.5639995510393692 1.8
      vertex -3.5354838440848493 0.5639995510393692 0.39
      vertex -3.64137577492116 1.1191044922418465 0.39
    endloop
  endfacet
  facet normal 0 0 1
    outer loop
      vertex -4.359423525312737 -2.6450336353161292 1.8
      vertex -4.359423525312737 2.6450336353161292 1.8
      vertex -4.719641176603648 3.080461976679099 1.8
    endloop
  endfacet
  facet normal 0 0 1
    outer loop
      vertex -4.056619939802614 -2.1678915334577193 1.8
      vertex -4.056619939802614 2.167891533457719 1.8
      vertex -4.359423525312737 2.6450336353161292 1.8
    endloop
  endfacet
  facet normal 0 0 1
    outer loop
      vertex -3.816005813502869 -1.6565604870810526 1.8
      vertex -3.816005813502869 1.6565604870810509 1.8
      vertex -4.056619939802614 2.167891533457719 1.8
    endloop
  endfacet
  facet normal 0.9822872507286885 0.18738131458572582 0
    outer loop
      vertex -3.5354838440848493 0.5639995510393692 1.8
      vertex -3.64137577492116 1.1191044922418465 0.39
      vertex -3.64137577492116 1.1191044922418465 1.8
    endloop
  endfacet
  facet normal 0 0 1
    outer loop
      vertex -5.588779422594516 -3.799475664759069 1.8
      vertex -5.588779422594515 3.799475664759068 1.8
      vertex -6.083993187957173 4.071721736097087 1.8
    endloop
  endfacet
  facet normal 0 0 1
    outer loop
      vertex -6.062833677742738 0.4973797743297096 1.8
      vertex -6.015770597371044 0.2506664671286085 1.8
      vertex -6.083993187957173 4.071721736097087 1.8
    endloop
  endfacet
  facet normal 0 0 1
    outer loop
      vertex -5.131592046130895 -3.4673095924910506 1.8
      vertex -5.131592046130896 3.467309592491051 1.8
      vertex -5.588779422594515 3.799475664759068 1.8
    endloop
  endfacet
  facet normal 0 0 1
    outer loop
      vertex -4.7196411766036475 -3.080461976679098 1.8
      vertex -4.719641176603648 3.080461976679099 1.8
      vertex -5.131592046130896 3.467309592491051 1.8
    endloop
  endfacet
  facet normal 0 0 1
    outer loop
      vertex -6.062833677742738 0.4973797743297096 1.8
      vertex -6.083993187957173 4.071721736097087 1.8
      vertex -6.140447028223497 0.736249105369356 1.8
    endloop
  endfacet
  facet normal 0 0 1
    outer loop
      vertex -6.140447028223497 0.736249105369356 1.8
      vertex -6.083993187957173 4.071721736097087 1.8
      vertex -6.247386639912273 0.9635073482034306 1.8
    endloop
  endfacet
  facet normal 0 0 1
    outer loop
      vertex -6.247386639912273 0.9635073482034306 1.8
      vertex -6.083993187957173 4.071721736097087 1.8
      vertex -6.381966011250105 1.1755705045849463 1.8
    endloop
  endfacet
  facet normal 0.9510565162951534 0.30901699437494784 0
    outer loop
      vertex -3.64137577492116 1.1191044922418465 1.8
      vertex -3.64137577492116 1.1191044922418465 0.39
      vertex -3.816005813502869 1.6565604870810509 0.39
    endloop
  endfacet
  facet normal 0.9510565162951534 0.30901699437494784 0
    outer loop
      vertex -3.64137577492116 1.1191044922418465 1.8
      vertex -3.816005813502869 1.6565604870810509 0.39
      vertex -3.816005813502869 1.6565604870810509 1.8
    endloop
  endfacet
  facet normal 0.9048270524660199 0.425779291565072 0
    outer loop
      vertex -3.816005813502869 1.6565604870810509 1.8
      vertex -3.816005813502869 1.6565604870810509 0.39
      vertex -4.056619939802614 2.167891533457719 0.39
    endloop
  endfacet
  facet normal 0.9048270524660199 0.425779291565072 0
    outer loop
      vertex -3.816005813502869 1.6565604870810509 1.8
      vertex -4.056619939802614 2.167891533457719 0.39
      vertex -4.056619939802614 2.167891533457719 1.8
    endloop
  endfacet
  facet normal 0.6845471059286887 0.7289686274214114 0
    outer loop
      vertex -4.719641176603648 3.080461976679099 1.8
      vertex -4.719641176603648 3.080461976679099 0.39
      vertex -5.131592046130896 3.467309592491051 0.39
    endloop
  endfacet
  facet normal 0.6845471059286887 0.7289686274214114 0
    outer loop
      vertex -4.719641176603648 3.080461976679099 1.8
      vertex -5.131592046130896 3.467309592491051 0.39
      vertex -5.131592046130896 3.467309592491051 1.8
    endloop
  endfacet
  facet normal 0.8443279255020149 0.535826794978997 0
    outer loop
      vertex -4.056619939802614 2.167891533457719 1.8
      vertex -4.056619939802614 2.167891533457719 0.39
      vertex -4.359423525312737 2.6450336353161292 0.39
    endloop
  endfacet
  facet normal 0.7705132427757893 0.6374239897486897 0
    outer loop
      vertex -4.359423525312737 2.6450336353161292 1.8
      vertex -4.359423525312737 2.6450336353161292 0.39
      vertex -4.719641176603648 3.080461976679099 0.39
    endloop
  endfacet
  facet normal 0.8443279255020149 0.535826794978997 0
    outer loop
      vertex -4.056619939802614 2.167891533457719 1.8
      vertex -4.359423525312737 2.6450336353161292 0.39
      vertex -4.359423525312737 2.6450336353161292 1.8
    endloop
  endfacet
  facet normal 0.7705132427757893 0.6374239897486897 0
    outer loop
      vertex -4.719641176603648 3.080461976679099 1.8
      vertex -4.359423525312737 2.6450336353161292 1.8
      vertex -4.719641176603648 3.080461976679099 0.39
    endloop
  endfacet
  facet normal 0.48175367410171427 0.8763066800438641 0
    outer loop
      vertex -5.588779422594515 3.799475664759068 1.8
      vertex -5.588779422594515 3.799475664759068 0.39
      vertex -6.083993187957173 4.071721736097087 0.39
    endloop
  endfacet
  facet normal 0.5877852522924739 0.8090169943749469 0
    outer loop
      vertex -5.131592046130896 3.467309592491051 1.8
      vertex -5.131592046130896 3.467309592491051 0.39
      vertex -5.588779422594515 3.799475664759068 0.39
    endloop
  endfacet
  facet normal 0.5877852522924739 0.8090169943749469 0
    outer loop
      vertex -5.588779422594515 3.799475664759068 1.8
      vertex -5.131592046130896 3.467309592491051 1.8
      vertex -5.588779422594515 3.799475664759068 0.39
    endloop
  endfacet
  facet normal 0.48175367410171427 0.8763066800438641 0
    outer loop
      vertex -6.083993187957173 4.071721736097087 1.8
      vertex -5.588779422594515 3.799475664759068 1.8
      vertex -6.083993187957173 4.071721736097087 0.39
    endloop
  endfacet
  facet normal -0.7705132427757896 -0.6374239897486894 0
    outer loop
      vertex -9.618033988749895 -1.1755705045849463 1.8
      vertex -9.457937254842824 -1.369094211857377 1.8
      vertex -9.618033988749895 -1.1755705045849463 15.8
    endloop
  endfacet
  facet normal -0.8443279255020153 -0.5358267949789961 0
    outer loop
      vertex -9.618033988749895 -1.1755705045849463 1.8
      vertex -9.752613360087727 -0.9635073482034308 15.8
      vertex -9.752613360087727 -0.9635073482034308 1.8
    endloop
  endfacet
  facet normal -0.9048270524660182 -0.4257792915650753 0
    outer loop
      vertex -9.752613360087727 -0.9635073482034308 1.8
      vertex -9.859552971776504 -0.7362491053693557 15.8
      vertex -9.859552971776504 -0.7362491053693557 1.8
    endloop
  endfacet
  facet normal -0.9510565162951544 -0.3090169943749447 0
    outer loop
      vertex -9.859552971776504 -0.7362491053693557 1.8
      vertex -9.937166322257262 -0.4973797743297097 15.8
      vertex -9.937166322257262 -0.4973797743297097 1.8
    endloop
  endfacet
  facet normal -0.982287250728689 -0.1873813145857224 0
    outer loop
      vertex -9.984229402628955 -0.25066646712860813 1.8
      vertex -9.937166322257262 -0.4973797743297097 1.8
      vertex -9.984229402628955 -0.25066646712860813 15.8
    endloop
  endfacet
  facet normal -0.9980267284282714 -0.06279051952931575 0
    outer loop
      vertex -9.984229402628955 -0.25066646712860813 1.8
      vertex -10 0 15.8
      vertex -10 0 1.8
    endloop
  endfacet
  facet normal -0.1253332335643047 -0.9921147013144778 0
    outer loop
      vertex -8.37476262917145 -1.9645745014573772 1.8
      vertex -8.125581039058627 -1.9960534568565431 1.8
      vertex -8.37476262917145 -1.9645745014573772 11.200000000000001
    endloop
  endfacet
  facet normal 0 -1 0
    outer loop
      vertex -8.125581039058627 -1.9960534568565431 1.8
      vertex -7.874418960941372 -1.9960534568565431 1.8
      vertex -8.125581039058627 -1.9960534568565431 11.200000000000001
    endloop
  endfacet
  facet normal -0.24868988716485488 -0.9685831611286311 -5.878118289805741e-18
    outer loop
      vertex -8.618033988749895 -1.902113032590307 1.8
      vertex -8.37476262917145 -1.9645745014573772 1.8
      vertex -8.5 -1.9324190099414154 11.200000000000001
    endloop
  endfacet
  facet normal -0.36812455268467675 -0.9297764858882519 0
    outer loop
      vertex -8.851558583130146 -1.8096541049320392 1.8
      vertex -8.618033988749895 -1.902113032590307 1.8
      vertex -8.618033988749895 -1.902113032590307 15.8
    endloop
  endfacet
  facet normal -0.48175367410171666 -0.8763066800438629 0
    outer loop
      vertex -9.071653589957993 -1.6886558510040302 1.8
      vertex -8.851558583130146 -1.8096541049320392 1.8
      vertex -8.851558583130146 -1.8096541049320392 15.8
    endloop
  endfacet
  facet normal -0.5877852522924737 -0.809016994374947 0
    outer loop
      vertex -9.274847979497379 -1.5410264855515787 1.8
      vertex -9.071653589957993 -1.6886558510040302 1.8
      vertex -9.071653589957993 -1.6886558510040302 15.8
    endloop
  endfacet
  facet normal -0.6845471059286874 -0.7289686274214128 0
    outer loop
      vertex -9.457937254842824 -1.369094211857377 1.8
      vertex -9.274847979497379 -1.5410264855515787 1.8
      vertex -9.274847979497379 -1.5410264855515787 15.8
    endloop
  endfacet
  facet normal 0.12533323356430512 -0.9921147013144778 0
    outer loop
      vertex -7.874418960941372 -1.9960534568565431 1.8
      vertex -7.62523737082855 -1.9645745014573772 1.8
      vertex -7.874418960941372 -1.9960534568565431 11.200000000000001
    endloop
  endfacet
  facet normal 0.2486898871648549 -0.9685831611286312 0
    outer loop
      vertex -7.62523737082855 -1.9645745014573772 1.8
      vertex -7.381966011250105 -1.902113032590307 1.8
      vertex -7.381966011250105 -1.902113032590307 15.8
    endloop
  endfacet
  facet normal 0.368124552684678 -0.9297764858882513 0
    outer loop
      vertex -7.381966011250105 -1.902113032590307 1.8
      vertex -7.148441416869855 -1.8096541049320392 1.8
      vertex -7.148441416869855 -1.8096541049320392 15.8
    endloop
  endfacet
  facet normal 0.48175367410171527 -0.8763066800438636 0
    outer loop
      vertex -7.148441416869855 -1.8096541049320392 1.8
      vertex -6.928346410042008 -1.6886558510040306 1.8
      vertex -6.928346410042008 -1.6886558510040306 15.8
    endloop
  endfacet
  facet normal 0.5877852522924716 -0.8090169943749486 0
    outer loop
      vertex -6.928346410042008 -1.6886558510040306 1.8
      vertex -6.72515202050262 -1.541026485551578 1.8
      vertex -6.72515202050262 -1.541026485551578 15.8
    endloop
  endfacet
  facet normal 0.6845471059286895 -0.7289686274214108 0
    outer loop
      vertex -6.72515202050262 -1.541026485551578 1.8
      vertex -6.5420627451571765 -1.369094211857377 1.8
      vertex -6.5420627451571765 -1.369094211857377 15.8
    endloop
  endfacet
  facet normal 0.7705132427757896 -0.6374239897486894 0
    outer loop
      vertex -6.5420627451571765 -1.369094211857377 1.8
      vertex -6.381966011250105 -1.1755705045849463 1.8
      vertex -6.5420627451571765 -1.369094211857377 15.8
    endloop
  endfacet
  facet normal -0.1253332335643047 -0.9921147013144778 0
    outer loop
      vertex -8.125581039058627 -1.9960534568565431 1.8
      vertex -8.125581039058627 -1.9960534568565431 11.200000000000001
      vertex -8.37476262917145 -1.9645745014573772 11.200000000000001
    endloop
  endfacet
  facet normal 0 -1 0
    outer loop
      vertex -7.874418960941372 -1.9960534568565431 1.8
      vertex -7.874418960941372 -1.9960534568565431 11.200000000000001
      vertex -8.125581039058627 -1.9960534568565431 11.200000000000001
    endloop
  endfacet
  facet normal -0.24868988716485446 -0.9685831611286311 0
    outer loop
      vertex -8.37476262917145 -1.9645745014573772 1.8
      vertex -8.37476262917145 -1.9645745014573772 11.200000000000001
      vertex -8.5 -1.9324190099414154 11.200000000000001
    endloop
  endfacet
  facet normal 0.12533323356430512 -0.9921147013144778 0
    outer loop
      vertex -7.62523737082855 -1.9645745014573772 1.8
      vertex -7.62523737082855 -1.9645745014573772 11.200000000000001
      vertex -7.874418960941372 -1.9960534568565431 11.200000000000001
    endloop
  endfacet
  facet normal 0.24868988716485446 -0.9685831611286311 0
    outer loop
      vertex -7.62523737082855 -1.9645745014573772 1.8
      vertex -7.5 -1.9324190099414154 11.200000000000001
      vertex -7.62523737082855 -1.9645745014573772 11.200000000000001
    endloop
  endfacet
  facet normal 0.8443279255020153 -0.5358267949789961 0
    outer loop
      vertex -6.381966011250105 -1.1755705045849463 1.8
      vertex -6.247386639912273 -0.9635073482034308 1.8
      vertex -6.381966011250105 -1.1755705045849463 15.8
    endloop
  endfacet
  facet normal 0.9048270524660189 -0.425779291565074 0
    outer loop
      vertex -6.247386639912273 -0.9635073482034308 1.8
      vertex -6.140447028223497 -0.7362491053693567 1.8
      vertex -6.247386639912273 -0.9635073482034308 15.8
    endloop
  endfacet
  facet normal 0.9510565162951541 -0.30901699437494573 0
    outer loop
      vertex -6.140447028223497 -0.7362491053693567 1.8
      vertex -6.062833677742738 -0.49737977432970887 1.8
      vertex -6.140447028223497 -0.7362491053693567 15.8
    endloop
  endfacet
  facet normal 0.9822872507286883 -0.1873813145857264 0
    outer loop
      vertex -6.062833677742738 -0.49737977432970887 1.8
      vertex -6.015770597371044 -0.25066646712860813 1.8
      vertex -6.062833677742738 -0.49737977432970887 15.8
    endloop
  endfacet
  facet normal 0.9980267284282717 -0.06279051952931224 0
    outer loop
      vertex -6.015770597371044 -0.25066646712860813 1.8
      vertex -6 0 1.8
      vertex -6.015770597371044 -0.25066646712860813 15.8
    endloop
  endfacet
  facet normal -0.6845471059286874 -0.7289686274214128 0
    outer loop
      vertex -9.457937254842824 -1.369094211857377 1.8
      vertex -9.274847979497379 -1.5410264855515787 15.8
      vertex -9.457937254842824 -1.369094211857377 15.8
    endloop
  endfacet
  facet normal -0.7705132427757896 -0.6374239897486894 0
    outer loop
      vertex -9.457937254842824 -1.369094211857377 1.8
      vertex -9.457937254842824 -1.369094211857377 15.8
      vertex -9.618033988749895 -1.1755705045849463 15.8
    endloop
  endfacet
  facet normal -0.9048270524660182 -0.4257792915650753 0
    outer loop
      vertex -9.752613360087727 -0.9635073482034308 1.8
      vertex -9.752613360087727 -0.9635073482034308 15.8
      vertex -9.859552971776504 -0.7362491053693557 15.8
    endloop
  endfacet
  facet normal -0.8443279255020153 -0.5358267949789961 0
    outer loop
      vertex -9.618033988749895 -1.1755705045849463 1.8
      vertex -9.618033988749895 -1.1755705045849463 15.8
      vertex -9.752613360087727 -0.9635073482034308 15.8
    endloop
  endfacet
  facet normal -0.9510565162951544 -0.3090169943749447 0
    outer loop
      vertex -9.859552971776504 -0.7362491053693557 1.8
      vertex -9.859552971776504 -0.7362491053693557 15.8
      vertex -9.937166322257262 -0.4973797743297097 15.8
    endloop
  endfacet
  facet normal -0.982287250728689 -0.1873813145857224 0
    outer loop
      vertex -9.937166322257262 -0.4973797743297097 1.8
      vertex -9.937166322257262 -0.4973797743297097 15.8
      vertex -9.984229402628955 -0.25066646712860813 15.8
    endloop
  endfacet
  facet normal -0.9980267284282714 -0.06279051952931575 0
    outer loop
      vertex -9.984229402628955 -0.25066646712860813 1.8
      vertex -9.984229402628955 -0.25066646712860813 15.8
      vertex -10 0 15.8
    endloop
  endfacet
  facet normal -0.24868988716485532 -0.9685831611286311 0
    outer loop
      vertex -8.618033988749895 -1.902113032590307 1.8
      vertex -8.5 -1.9324190099414154 11.200000000000001
      vertex -8.5 -1.9324190099414154 15.8
    endloop
  endfacet
  facet normal -0.48175367410171666 -0.8763066800438629 0
    outer loop
      vertex -9.071653589957993 -1.6886558510040302 1.8
      vertex -8.851558583130146 -1.8096541049320392 15.8
      vertex -9.071653589957993 -1.6886558510040302 15.8
    endloop
  endfacet
  facet normal -0.36812455268467675 -0.9297764858882519 0
    outer loop
      vertex -8.851558583130146 -1.8096541049320392 1.8
      vertex -8.618033988749895 -1.902113032590307 15.8
      vertex -8.851558583130146 -1.8096541049320392 15.8
    endloop
  endfacet
  facet normal -0.2486898871648553 -0.968583161128631 0
    outer loop
      vertex -8.618033988749895 -1.902113032590307 1.8
      vertex -8.5 -1.9324190099414154 15.8
      vertex -8.618033988749895 -1.902113032590307 15.8
    endloop
  endfacet
  facet normal -0.5877852522924737 -0.809016994374947 0
    outer loop
      vertex -9.274847979497379 -1.5410264855515787 1.8
      vertex -9.071653589957993 -1.6886558510040302 15.8
      vertex -9.274847979497379 -1.5410264855515787 15.8
    endloop
  endfacet
  facet normal 0.24868988716485624 -0.9685831611286306 -2.519890586036999e-17
    outer loop
      vertex -7.62523737082855 -1.9645745014573772 1.8
      vertex -7.381966011250105 -1.902113032590307 15.8
      vertex -7.5 -1.9324190099414154 11.200000000000001
    endloop
  endfacet
  facet normal 0.368124552684678 -0.9297764858882513 0
    outer loop
      vertex -7.381966011250105 -1.902113032590307 1.8
      vertex -7.148441416869855 -1.8096541049320392 15.8
      vertex -7.381966011250105 -1.902113032590307 15.8
    endloop
  endfacet
  facet normal 0.48175367410171527 -0.8763066800438636 0
    outer loop
      vertex -7.148441416869855 -1.8096541049320392 1.8
      vertex -6.928346410042008 -1.6886558510040306 15.8
      vertex -7.148441416869855 -1.8096541049320392 15.8
    endloop
  endfacet
  facet normal 0.5877852522924716 -0.8090169943749486 0
    outer loop
      vertex -6.928346410042008 -1.6886558510040306 1.8
      vertex -6.72515202050262 -1.541026485551578 15.8
      vertex -6.928346410042008 -1.6886558510040306 15.8
    endloop
  endfacet
  facet normal 0.6845471059286895 -0.7289686274214108 0
    outer loop
      vertex -6.72515202050262 -1.541026485551578 1.8
      vertex -6.5420627451571765 -1.369094211857377 15.8
      vertex -6.72515202050262 -1.541026485551578 15.8
    endloop
  endfacet
  facet normal 0.7705132427757896 -0.6374239897486894 0
    outer loop
      vertex -6.381966011250105 -1.1755705045849463 1.8
      vertex -6.381966011250105 -1.1755705045849463 15.8
      vertex -6.5420627451571765 -1.369094211857377 15.8
    endloop
  endfacet
  facet normal 0.8443279255020153 -0.5358267949789961 0
    outer loop
      vertex -6.247386639912273 -0.9635073482034308 1.8
      vertex -6.247386639912273 -0.9635073482034308 15.8
      vertex -6.381966011250105 -1.1755705045849463 15.8
    endloop
  endfacet
  facet normal 0.24868988716485532 -0.9685831611286311 0
    outer loop
      vertex -7.381966011250105 -1.902113032590307 15.8
      vertex -7.5 -1.9324190099414154 15.8
      vertex -7.5 -1.9324190099414154 11.200000000000001
    endloop
  endfacet
  facet normal 0.9048270524660189 -0.425779291565074 0
    outer loop
      vertex -6.140447028223497 -0.7362491053693567 1.8
      vertex -6.140447028223497 -0.7362491053693567 15.8
      vertex -6.247386639912273 -0.9635073482034308 15.8
    endloop
  endfacet
  facet normal 0.9510565162951541 -0.30901699437494573 0
    outer loop
      vertex -6.062833677742738 -0.49737977432970887 1.8
      vertex -6.062833677742738 -0.49737977432970887 15.8
      vertex -6.140447028223497 -0.7362491053693567 15.8
    endloop
  endfacet
  facet normal 0.9822872507286883 -0.1873813145857264 0
    outer loop
      vertex -6.015770597371044 -0.25066646712860813 1.8
      vertex -6.015770597371044 -0.25066646712860813 15.8
      vertex -6.062833677742738 -0.49737977432970887 15.8
    endloop
  endfacet
  facet normal 0.9980267284282717 -0.06279051952931224 0
    outer loop
      vertex -6.015770597371044 -0.25066646712860813 15.8
      vertex -6 0 1.8
      vertex -6 0 15.8
    endloop
  endfacet
  facet normal -0.9980267284282714 0.06279051952931575 0
    outer loop
      vertex -10 0 1.8
      vertex -9.984229402628955 0.25066646712860813 15.8
      vertex -9.984229402628955 0.25066646712860813 1.8
    endloop
  endfacet
  facet normal -0.982287250728689 0.1873813145857224 0
    outer loop
      vertex -9.984229402628955 0.25066646712860813 1.8
      vertex -9.937166322257262 0.4973797743297097 15.8
      vertex -9.937166322257262 0.4973797743297097 1.8
    endloop
  endfacet
  facet normal -0.9510565162951544 0.3090169943749447 0
    outer loop
      vertex -9.937166322257262 0.4973797743297097 1.8
      vertex -9.859552971776504 0.7362491053693557 15.8
      vertex -9.859552971776504 0.7362491053693557 1.8
    endloop
  endfacet
  facet normal -0.9048270524660182 0.4257792915650753 0
    outer loop
      vertex -9.859552971776504 0.7362491053693557 1.8
      vertex -9.752613360087727 0.9635073482034308 15.8
      vertex -9.752613360087727 0.9635073482034308 1.8
    endloop
  endfacet
  facet normal -0.8443279255020153 0.5358267949789961 0
    outer loop
      vertex -9.752613360087727 0.9635073482034308 1.8
      vertex -9.618033988749895 1.1755705045849463 15.8
      vertex -9.618033988749895 1.1755705045849463 1.8
    endloop
  endfacet
  facet normal -0.7705132427757896 0.6374239897486894 0
    outer loop
      vertex -9.618033988749895 1.1755705045849463 1.8
      vertex -9.457937254842824 1.369094211857377 15.8
      vertex -9.457937254842824 1.369094211857377 1.8
    endloop
  endfacet
  facet normal -0.6845471059286874 0.7289686274214128 0
    outer loop
      vertex -9.457937254842824 1.369094211857377 1.8
      vertex -9.457937254842824 1.369094211857377 15.8
      vertex -9.274847979497379 1.5410264855515787 1.8
    endloop
  endfacet
  facet normal 0.8443279255020155 0.535826794978996 0
    outer loop
      vertex -6.247386639912273 0.9635073482034306 1.8
      vertex -6.381966011250105 1.1755705045849463 1.8
      vertex -6.247386639912273 0.9635073482034306 15.8
    endloop
  endfacet
  facet normal -0.5877852522924737 0.809016994374947 0
    outer loop
      vertex -9.274847979497379 1.5410264855515787 1.8
      vertex -9.274847979497379 1.5410264855515787 15.8
      vertex -9.071653589957993 1.6886558510040302 1.8
    endloop
  endfacet
  facet normal -0.12533323356430293 0.992114701314478 -2.3512473159222753e-17
    outer loop
      vertex -8.37476262917145 1.9645745014573774 1.8
      vertex -8.125581039058627 1.9960534568565431 11.200000000000001
      vertex -8.125581039058625 1.9960534568565431 1.8
    endloop
  endfacet
  facet normal 0 1 0
    outer loop
      vertex -8.125581039058625 1.9960534568565431 1.8
      vertex -7.874418960941373 1.9960534568565431 11.200000000000001
      vertex -7.874418960941373 1.9960534568565431 1.8
    endloop
  endfacet
  facet normal -0.481753674101716 0.8763066800438633 0
    outer loop
      vertex -9.071653589957993 1.6886558510040302 1.8
      vertex -9.071653589957993 1.6886558510040302 15.8
      vertex -8.851558583130146 1.809654104932039 1.8
    endloop
  endfacet
  facet normal -0.36812455268467753 0.9297764858882516 0
    outer loop
      vertex -8.851558583130146 1.809654104932039 1.8
      vertex -8.851558583130146 1.809654104932039 15.8
      vertex -8.618033988749895 1.902113032590307 1.8
    endloop
  endfacet
  facet normal -0.2486898871648557 0.9685831611286309 0
    outer loop
      vertex -8.618033988749895 1.902113032590307 1.8
      vertex -8.618033988749895 1.902113032590307 15.8
      vertex -8.37476262917145 1.9645745014573774 1.8
    endloop
  endfacet
  facet normal 0.7705132427757903 0.6374239897486885 0
    outer loop
      vertex -6.5420627451571765 1.3690942118573775 1.8
      vertex -6.381966011250105 1.1755705045849463 15.8
      vertex -6.381966011250105 1.1755705045849463 1.8
    endloop
  endfacet
  facet normal 0.6845471059286872 0.7289686274214129 0
    outer loop
      vertex -6.7251520205026205 1.5410264855515783 1.8
      vertex -6.7251520205026205 1.5410264855515783 15.8
      vertex -6.5420627451571765 1.3690942118573775 1.8
    endloop
  endfacet
  facet normal 0.5877852522924732 0.8090169943749475 0
    outer loop
      vertex -6.928346410042007 1.6886558510040302 1.8
      vertex -6.928346410042007 1.6886558510040302 15.8
      vertex -6.7251520205026205 1.5410264855515783 1.8
    endloop
  endfacet
  facet normal 0.24868988716485488 0.9685831611286312 -5.8781182898057205e-18
    outer loop
      vertex -7.625237370828551 1.9645745014573774 1.8
      vertex -7.5 1.9324190099414154 11.200000000000001
      vertex -7.381966011250105 1.902113032590307 1.8
    endloop
  endfacet
  facet normal 0.12533323356430426 0.992114701314478 0
    outer loop
      vertex -7.874418960941373 1.9960534568565431 1.8
      vertex -7.625237370828551 1.9645745014573774 11.200000000000001
      vertex -7.625237370828551 1.9645745014573774 1.8
    endloop
  endfacet
  facet normal 0.481753674101716 0.8763066800438633 0
    outer loop
      vertex -7.148441416869854 1.809654104932039 1.8
      vertex -7.148441416869854 1.809654104932039 15.8
      vertex -6.928346410042007 1.6886558510040302 1.8
    endloop
  endfacet
  facet normal 0.36812455268467753 0.9297764858882516 0
    outer loop
      vertex -7.381966011250105 1.902113032590307 1.8
      vertex -7.381966011250105 1.902113032590307 15.8
      vertex -7.148441416869854 1.809654104932039 1.8
    endloop
  endfacet
  facet normal -0.24868988716485607 0.9685831611286307 0
    outer loop
      vertex -8.37476262917145 1.9645745014573774 1.8
      vertex -8.5 1.9324190099414154 11.200000000000001
      vertex -8.37476262917145 1.9645745014573774 11.200000000000001
    endloop
  endfacet
  facet normal -0.12533323356430381 0.992114701314478 0
    outer loop
      vertex -8.37476262917145 1.9645745014573774 1.8
      vertex -8.37476262917145 1.9645745014573774 11.200000000000001
      vertex -8.125581039058627 1.9960534568565431 11.200000000000001
    endloop
  endfacet
  facet normal 0 1 0
    outer loop
      vertex -8.125581039058625 1.9960534568565431 1.8
      vertex -8.125581039058627 1.9960534568565431 11.200000000000001
      vertex -7.874418960941373 1.9960534568565431 11.200000000000001
    endloop
  endfacet
  facet normal 0.24868988716485438 0.9685831611286312 0
    outer loop
      vertex -7.625237370828551 1.9645745014573774 1.8
      vertex -7.625237370828551 1.9645745014573774 11.200000000000001
      vertex -7.5 1.9324190099414154 11.200000000000001
    endloop
  endfacet
  facet normal 0.12533323356430426 0.992114701314478 0
    outer loop
      vertex -7.874418960941373 1.9960534568565431 1.8
      vertex -7.874418960941373 1.9960534568565431 11.200000000000001
      vertex -7.625237370828551 1.9645745014573774 11.200000000000001
    endloop
  endfacet
  facet normal 0.9980267284282717 0.06279051952931214 0
    outer loop
      vertex -6 0 1.8
      vertex -6.015770597371044 0.2506664671286085 1.8
      vertex -6 0 15.8
    endloop
  endfacet
  facet normal 0.9822872507286885 0.18738131458572618 0
    outer loop
      vertex -6.062833677742738 0.4973797743297096 1.8
      vertex -6.015770597371044 0.2506664671286085 15.8
      vertex -6.015770597371044 0.2506664671286085 1.8
    endloop
  endfacet
  facet normal 0.9510565162951535 0.3090169943749475 0
    outer loop
      vertex -6.062833677742738 0.4973797743297096 1.8
      vertex -6.140447028223497 0.736249105369356 1.8
      vertex -6.062833677742738 0.4973797743297096 15.8
    endloop
  endfacet
  facet normal 0.9048270524660194 0.4257792915650729 0
    outer loop
      vertex -6.140447028223497 0.736249105369356 1.8
      vertex -6.247386639912273 0.9635073482034306 1.8
      vertex -6.140447028223497 0.736249105369356 15.8
    endloop
  endfacet
  facet normal -0.9980267284282714 0.06279051952931575 0
    outer loop
      vertex -10 0 1.8
      vertex -10 0 15.8
      vertex -9.984229402628955 0.25066646712860813 15.8
    endloop
  endfacet
  facet normal -0.982287250728689 0.1873813145857224 0
    outer loop
      vertex -9.984229402628955 0.25066646712860813 1.8
      vertex -9.984229402628955 0.25066646712860813 15.8
      vertex -9.937166322257262 0.4973797743297097 15.8
    endloop
  endfacet
  facet normal -0.9510565162951544 0.3090169943749447 0
    outer loop
      vertex -9.937166322257262 0.4973797743297097 1.8
      vertex -9.937166322257262 0.4973797743297097 15.8
      vertex -9.859552971776504 0.7362491053693557 15.8
    endloop
  endfacet
  facet normal -0.9048270524660182 0.4257792915650753 0
    outer loop
      vertex -9.859552971776504 0.7362491053693557 1.8
      vertex -9.859552971776504 0.7362491053693557 15.8
      vertex -9.752613360087727 0.9635073482034308 15.8
    endloop
  endfacet
  facet normal -0.8443279255020153 0.5358267949789961 0
    outer loop
      vertex -9.752613360087727 0.9635073482034308 1.8
      vertex -9.752613360087727 0.9635073482034308 15.8
      vertex -9.618033988749895 1.1755705045849463 15.8
    endloop
  endfacet
  facet normal -0.7705132427757896 0.6374239897486894 0
    outer loop
      vertex -9.618033988749895 1.1755705045849463 1.8
      vertex -9.618033988749895 1.1755705045849463 15.8
      vertex -9.457937254842824 1.369094211857377 15.8
    endloop
  endfacet
  facet normal 0.8443279255020155 0.535826794978996 0
    outer loop
      vertex -6.381966011250105 1.1755705045849463 1.8
      vertex -6.381966011250105 1.1755705045849463 15.8
      vertex -6.247386639912273 0.9635073482034306 15.8
    endloop
  endfacet
  facet normal -0.6845471059286874 0.7289686274214128 0
    outer loop
      vertex -9.274847979497379 1.5410264855515787 1.8
      vertex -9.457937254842824 1.369094211857377 15.8
      vertex -9.274847979497379 1.5410264855515787 15.8
    endloop
  endfacet
  facet normal -0.5877852522924737 0.809016994374947 0
    outer loop
      vertex -9.071653589957993 1.6886558510040302 1.8
      vertex -9.274847979497379 1.5410264855515787 15.8
      vertex -9.071653589957993 1.6886558510040302 15.8
    endloop
  endfacet
  facet normal -0.24868988716485457 0.9685831611286313 2.2049042627823754e-17
    outer loop
      vertex -8.37476262917145 1.9645745014573774 1.8
      vertex -8.618033988749895 1.902113032590307 15.8
      vertex -8.5 1.9324190099414154 11.200000000000001
    endloop
  endfacet
  facet normal -0.481753674101716 0.8763066800438633 0
    outer loop
      vertex -8.851558583130146 1.809654104932039 1.8
      vertex -9.071653589957993 1.6886558510040302 15.8
      vertex -8.851558583130146 1.809654104932039 15.8
    endloop
  endfacet
  facet normal -0.36812455268467753 0.9297764858882516 0
    outer loop
      vertex -8.618033988749895 1.902113032590307 1.8
      vertex -8.851558583130146 1.809654104932039 15.8
      vertex -8.618033988749895 1.902113032590307 15.8
    endloop
  endfacet
  facet normal 0.7705132427757903 0.6374239897486885 0
    outer loop
      vertex -6.5420627451571765 1.3690942118573775 1.8
      vertex -6.5420627451571765 1.3690942118573775 15.8
      vertex -6.381966011250105 1.1755705045849463 15.8
    endloop
  endfacet
  facet normal 0.5877852522924732 0.8090169943749475 0
    outer loop
      vertex -6.7251520205026205 1.5410264855515783 1.8
      vertex -6.928346410042007 1.6886558510040302 15.8
      vertex -6.7251520205026205 1.5410264855515783 15.8
    endloop
  endfacet
  facet normal 0.6845471059286872 0.7289686274214129 0
    outer loop
      vertex -6.5420627451571765 1.3690942118573775 1.8
      vertex -6.7251520205026205 1.5410264855515783 15.8
      vertex -6.5420627451571765 1.3690942118573775 15.8
    endloop
  endfacet
  facet normal 0.24868988716485532 0.9685831611286311 0
    outer loop
      vertex -7.381966011250105 1.902113032590307 1.8
      vertex -7.5 1.9324190099414154 11.200000000000001
      vertex -7.5 1.9324190099414154 15.8
    endloop
  endfacet
  facet normal 0.2486898871648553 0.968583161128631 0
    outer loop
      vertex -7.381966011250105 1.902113032590307 1.8
      vertex -7.5 1.9324190099414154 15.8
      vertex -7.381966011250105 1.902113032590307 15.8
    endloop
  endfacet
  facet normal 0.36812455268467753 0.9297764858882516 0
    outer loop
      vertex -7.148441416869854 1.809654104932039 1.8
      vertex -7.381966011250105 1.902113032590307 15.8
      vertex -7.148441416869854 1.809654104932039 15.8
    endloop
  endfacet
  facet normal 0.481753674101716 0.8763066800438633 0
    outer loop
      vertex -6.928346410042007 1.6886558510040302 1.8
      vertex -7.148441416869854 1.809654104932039 15.8
      vertex -6.928346410042007 1.6886558510040302 15.8
    endloop
  endfacet
  facet normal -0.24868988716485532 0.9685831611286311 0
    outer loop
      vertex -8.618033988749895 1.902113032590307 15.8
      vertex -8.5 1.9324190099414154 15.8
      vertex -8.5 1.9324190099414154 11.200000000000001
    endloop
  endfacet
  facet normal 0.9980267284282717 0.06279051952931214 0
    outer loop
      vertex -6.015770597371044 0.2506664671286085 1.8
      vertex -6.015770597371044 0.2506664671286085 15.8
      vertex -6 0 15.8
    endloop
  endfacet
  facet normal 0.9822872507286885 0.18738131458572618 0
    outer loop
      vertex -6.062833677742738 0.4973797743297096 1.8
      vertex -6.062833677742738 0.4973797743297096 15.8
      vertex -6.015770597371044 0.2506664671286085 15.8
    endloop
  endfacet
  facet normal 0.9510565162951535 0.3090169943749475 0
    outer loop
      vertex -6.140447028223497 0.736249105369356 1.8
      vertex -6.140447028223497 0.736249105369356 15.8
      vertex -6.062833677742738 0.4973797743297096 15.8
    endloop
  endfacet
  facet normal 0.9048270524660194 0.4257792915650729 0
    outer loop
      vertex -6.247386639912273 0.9635073482034306 1.8
      vertex -6.247386639912273 0.9635073482034306 15.8
      vertex -6.140447028223497 0.736249105369356 15.8
    endloop
  endfacet
  facet normal 0 0 -1
    outer loop
      vertex -9.402332777447118 -1.6951291341067367 15.8
      vertex -9.603730980327105 -1.5060036330431148 15.8
      vertex -9.274847979497379 -1.5410264855515787 15.8
    endloop
  endfacet
  facet normal 0 0 -1
    outer loop
      vertex -9.603730980327105 -1.5060036330431148 15.8
      vertex -9.457937254842824 -1.369094211857377 15.8
      vertex -9.274847979497379 -1.5410264855515787 15.8
    endloop
  endfacet
  facet normal 0 0 -1
    outer loop
      vertex -9.779837387624884 -1.293127555043441 15.8
      vertex -9.457937254842824 -1.369094211857377 15.8
      vertex -9.603730980327105 -1.5060036330431148 15.8
    endloop
  endfacet
  facet normal 0 0 -1
    outer loop
      vertex -9.779837387624884 -1.293127555043441 15.8
      vertex -9.618033988749895 -1.1755705045849463 15.8
      vertex -9.457937254842824 -1.369094211857377 15.8
    endloop
  endfacet
  facet normal 0 0 -1
    outer loop
      vertex -9.779837387624884 -1.293127555043441 15.8
      vertex -9.752613360087727 -0.9635073482034308 15.8
      vertex -9.618033988749895 -1.1755705045849463 15.8
    endloop
  endfacet
  facet normal -0.6763725557633751 -0.7202636156520397 0.15407949175010588
    outer loop
      vertex -9.402332777447118 -1.6951291341067367 15.8
      vertex -9.239246666616399 -1.1637300800787704 19
      vertex -9.603730980327105 -1.5060036330431148 15.8
    endloop
  endfacet
  facet normal -0.761312124106877 -0.6298121624023342 0.1540794917501059
    outer loop
      vertex -9.779837387624884 -1.293127555043441 15.8
      vertex -9.603730980327105 -1.5060036330431148 15.8
      vertex -9.239246666616399 -1.1637300800787704 19
    endloop
  endfacet
  facet normal -0.761312124106875 -0.6298121624023366 0.15407949175010563
    outer loop
      vertex -9.779837387624884 -1.293127555043441 15.8
      vertex -9.239246666616399 -1.1637300800787704 19
      vertex -9.37532889043741 -0.9992349288972043 19
    endloop
  endfacet
  facet normal 0 0 -1
    outer loop
      vertex -9.779837387624884 -1.293127555043441 15.8
      vertex -9.9278746960965 -1.0598580830237738 15.8
      vertex -9.752613360087727 -0.9635073482034308 15.8
    endloop
  endfacet
  facet normal 0 0 -1
    outer loop
      vertex -9.9278746960965 -1.0598580830237738 15.8
      vertex -9.859552971776504 -0.7362491053693557 15.8
      vertex -9.752613360087727 -0.9635073482034308 15.8
    endloop
  endfacet
  facet normal 0 0 -1
    outer loop
      vertex -10.045508268954153 -0.8098740159062914 15.8
      vertex -9.859552971776504 -0.7362491053693557 15.8
      vertex -9.9278746960965 -1.0598580830237738 15.8
    endloop
  endfacet
  facet normal 0 0 -1
    outer loop
      vertex -10.045508268954153 -0.8098740159062914 15.8
      vertex -9.937166322257262 -0.4973797743297097 15.8
      vertex -9.859552971776504 -0.7362491053693557 15.8
    endloop
  endfacet
  facet normal 0 0 -1
    outer loop
      vertex -10.045508268954153 -0.8098740159062914 15.8
      vertex -9.984229402628955 -0.25066646712860813 15.8
      vertex -9.937166322257262 -0.4973797743297097 15.8
    endloop
  endfacet
  facet normal 0 0 -1
    outer loop
      vertex -10.045508268954153 -0.8098740159062914 15.8
      vertex -10 0 15.8
      vertex -9.984229402628955 -0.25066646712860813 15.8
    endloop
  endfacet
  facet normal 0 0 -1
    outer loop
      vertex -10.045508268954153 -0.8098740159062914 15.8
      vertex -10.130882954482988 -0.5471177517626807 15.8
      vertex -10.045508268954153 0.8098740159062914 15.8
    endloop
  endfacet
  facet normal 0 0 -1
    outer loop
      vertex -10.130882954482988 -0.5471177517626807 15.8
      vertex -10.182652342891851 -0.275733113841469 15.8
      vertex -10.130882954482988 0.5471177517626807 15.8
    endloop
  endfacet
  facet normal -0.8940220193758822 -0.4206948289355346 0.15407949175010585
    outer loop
      vertex -10.045508268954153 -0.8098740159062914 15.8
      vertex -9.9278746960965 -1.0598580830237738 15.8
      vertex -9.489721356074568 -0.8189812459729161 19
    endloop
  endfacet
  facet normal -0.8342453454673939 -0.5294281951199971 0.15407949175010566
    outer loop
      vertex -9.779837387624884 -1.293127555043441 15.8
      vertex -9.37532889043741 -0.9992349288972043 19
      vertex -9.9278746960965 -1.0598580830237738 15.8
    endloop
  endfacet
  facet normal -0.9396994319759412 -0.3053268539878576 0.15407949175010566
    outer loop
      vertex -10.045508268954153 -0.8098740159062914 15.8
      vertex -9.580620026010028 -0.6258117395639523 19
      vertex -10.130882954482988 -0.5471177517626807 15.8
    endloop
  endfacet
  facet normal -0.834245345467395 -0.5294281951199953 0.15407949175010588
    outer loop
      vertex -9.9278746960965 -1.0598580830237738 15.8
      vertex -9.37532889043741 -0.9992349288972043 19
      vertex -9.489721356074568 -0.8189812459729161 19
    endloop
  endfacet
  facet normal -0.8940220193758814 -0.4206948289355362 0.15407949175010574
    outer loop
      vertex -10.045508268954153 -0.8098740159062914 15.8
      vertex -9.489721356074568 -0.8189812459729161 19
      vertex -9.580620026010028 -0.6258117395639523 19
    endloop
  endfacet
  facet normal -0.97055722318451 -0.1851436921593667 0.15407949175010574
    outer loop
      vertex -10.130882954482988 -0.5471177517626807 15.8
      vertex -9.646591373918673 -0.42277280818025326 19
      vertex -10.182652342891851 -0.275733113841469 15.8
    endloop
  endfacet
  facet normal -0.9861087472006766 -0.06204070370604253 0.15407949175010568
    outer loop
      vertex -10.182652342891851 -0.275733113841469 15.8
      vertex -9.686594992234612 -0.2130664970593169 19
      vertex -10.2 0 15.8
    endloop
  endfacet
  facet normal -0.9396994319759415 -0.3053268539878568 0.1540794917501058
    outer loop
      vertex -10.130882954482988 -0.5471177517626807 15.8
      vertex -9.580620026010028 -0.6258117395639523 19
      vertex -9.646591373918673 -0.42277280818025326 19
    endloop
  endfacet
  facet normal -0.97055722318451 -0.18514369215936707 0.15407949175010574
    outer loop
      vertex -10.182652342891851 -0.275733113841469 15.8
      vertex -9.646591373918673 -0.42277280818025326 19
      vertex -9.686594992234612 -0.2130664970593169 19
    endloop
  endfacet
  facet normal 0 0 1
    outer loop
      vertex -9.489721356074568 -0.8189812459729161 19
      vertex -9.37532889043741 -0.9992349288972043 19
      vertex -9.489721356074568 0.8189812459729161 19
    endloop
  endfacet
  facet normal -0.9861087472006766 -0.06204070370604143 0.15407949175010577
    outer loop
      vertex -9.686594992234612 -0.2130664970593169 19
      vertex -9.7 0 19
      vertex -10.2 0 15.8
    endloop
  endfacet
  facet normal 0 0 1
    outer loop
      vertex -9.646591373918673 -0.42277280818025326 19
      vertex -9.686594992234612 0.2130664970593169 19
      vertex -9.686594992234612 -0.2130664970593169 19
    endloop
  endfacet
  facet normal 0 0 1
    outer loop
      vertex -9.580620026010028 -0.6258117395639523 19
      vertex -9.646591373918673 0.42277280818025326 19
      vertex -9.646591373918673 -0.42277280818025326 19
    endloop
  endfacet
  facet normal 0 0 1
    outer loop
      vertex -9.580620026010028 -0.6258117395639523 19
      vertex -9.489721356074568 -0.8189812459729161 19
      vertex -9.580620026010028 0.6258117395639523 19
    endloop
  endfacet
  facet normal 0 0 -1
    outer loop
      vertex -8.679837387624884 -2.0923243358493377 15.8
      vertex -8.618033988749895 -1.902113032590307 15.8
      vertex -8.5 -2.138498728953943 15.8
    endloop
  endfacet
  facet normal 0 0 -1
    outer loop
      vertex -8.93671444144316 -1.9906195154252433 15.8
      vertex -8.618033988749895 -1.902113032590307 15.8
      vertex -8.679837387624884 -2.0923243358493377 15.8
    endloop
  endfacet
  facet normal 0 0 -1
    outer loop
      vertex -9.178818948953793 -1.8575214361044332 15.8
      vertex -8.851558583130146 -1.8096541049320392 15.8
      vertex -8.93671444144316 -1.9906195154252433 15.8
    endloop
  endfacet
  facet normal 0 0 -1
    outer loop
      vertex -9.402332777447118 -1.6951291341067367 15.8
      vertex -9.071653589957993 -1.6886558510040302 15.8
      vertex -9.178818948953793 -1.8575214361044332 15.8
    endloop
  endfacet
  facet normal 0 0 -1
    outer loop
      vertex -9.178818948953793 -1.8575214361044332 15.8
      vertex -9.071653589957993 -1.6886558510040302 15.8
      vertex -8.851558583130146 -1.8096541049320392 15.8
    endloop
  endfacet
  facet normal 0 0 -1
    outer loop
      vertex -8.93671444144316 -1.9906195154252433 15.8
      vertex -8.851558583130146 -1.8096541049320392 15.8
      vertex -8.618033988749895 -1.902113032590307 15.8
    endloop
  endfacet
  facet normal 0 0 -1
    outer loop
      vertex -8.618033988749895 -1.902113032590307 15.8
      vertex -8.5 -1.9324190099414154 15.8
      vertex -8.5 -2.138498728953943 15.8
    endloop
  endfacet
  facet normal -0.2457201456516286 -0.957016781589002 0.15407949175010582
    outer loop
      vertex -8.679837387624884 -2.0923243358493377 15.8
      vertex -8.5 -2.138498728953943 15.8
      vertex -8.5 -1.880899080188283 17.400000000000002
    endloop
  endfacet
  facet normal 0 0 -1
    outer loop
      vertex -9.402332777447118 -1.6951291341067367 15.8
      vertex -9.274847979497379 -1.5410264855515787 15.8
      vertex -9.071653589957993 -1.6886558510040302 15.8
    endloop
  endfacet
  facet normal 0 0 -1
    outer loop
      vertex -7.320162612375116 -2.0923243358493377 15.8
      vertex -7.5 -2.138498728953943 15.8
      vertex -7.5 -1.9324190099414154 15.8
    endloop
  endfacet
  facet normal 0 0 -1
    outer loop
      vertex -7.320162612375116 -2.0923243358493377 15.8
      vertex -7.5 -1.9324190099414154 15.8
      vertex -7.381966011250105 -1.902113032590307 15.8
    endloop
  endfacet
  facet normal 0.2457201456516286 -0.957016781589002 0.15407949175010582
    outer loop
      vertex -7.320162612375116 -2.0923243358493377 15.8
      vertex -7.5 -1.880899080188283 17.400000000000002
      vertex -7.5 -2.138498728953943 15.8
    endloop
  endfacet
  facet normal 0 0 -1
    outer loop
      vertex -7.320162612375116 -2.0923243358493377 15.8
      vertex -7.381966011250105 -1.902113032590307 15.8
      vertex -7.148441416869855 -1.8096541049320392 15.8
    endloop
  endfacet
  facet normal 0 0 -1
    outer loop
      vertex -7.320162612375116 -2.0923243358493377 15.8
      vertex -7.148441416869855 -1.8096541049320392 15.8
      vertex -7.06328555855684 -1.9906195154252433 15.8
    endloop
  endfacet
  facet normal 0 0 -1
    outer loop
      vertex -7.06328555855684 -1.9906195154252433 15.8
      vertex -7.148441416869855 -1.8096541049320392 15.8
      vertex -6.928346410042008 -1.6886558510040306 15.8
    endloop
  endfacet
  facet normal 0 0 -1
    outer loop
      vertex -7.06328555855684 -1.9906195154252433 15.8
      vertex -6.928346410042008 -1.6886558510040306 15.8
      vertex -6.821181051046208 -1.8575214361044339 15.8
    endloop
  endfacet
  facet normal 0 0 -1
    outer loop
      vertex -6.928346410042008 -1.6886558510040306 15.8
      vertex -6.72515202050262 -1.541026485551578 15.8
      vertex -6.821181051046208 -1.8575214361044339 15.8
    endloop
  endfacet
  facet normal 0 0 -1
    outer loop
      vertex -6.821181051046208 -1.8575214361044339 15.8
      vertex -6.72515202050262 -1.541026485551578 15.8
      vertex -6.597667222552882 -1.695129134106736 15.8
    endloop
  endfacet
  facet normal 0 0 -1
    outer loop
      vertex -6.597667222552882 -1.695129134106736 15.8
      vertex -6.72515202050262 -1.541026485551578 15.8
      vertex -6.5420627451571765 -1.369094211857377 15.8
    endloop
  endfacet
  facet normal 0 0 -1
    outer loop
      vertex -6.597667222552882 -1.695129134106736 15.8
      vertex -6.5420627451571765 -1.369094211857377 15.8
      vertex -6.396269019672895 -1.5060036330431148 15.8
    endloop
  endfacet
  facet normal 0 0 -1
    outer loop
      vertex -6.396269019672895 -1.5060036330431148 15.8
      vertex -6.5420627451571765 -1.369094211857377 15.8
      vertex -6.381966011250105 -1.1755705045849463 15.8
    endloop
  endfacet
  facet normal 0 0 -1
    outer loop
      vertex -6.396269019672895 -1.5060036330431148 15.8
      vertex -6.247386639912273 -0.9635073482034308 15.8
      vertex -6.220162612375115 -1.293127555043441 15.8
    endloop
  endfacet
  facet normal 0 0 -1
    outer loop
      vertex -6.396269019672895 -1.5060036330431148 15.8
      vertex -6.381966011250105 -1.1755705045849463 15.8
      vertex -6.247386639912273 -0.9635073482034308 15.8
    endloop
  endfacet
  facet normal -0.47600079085648195 -0.8658422242683899 0.15407949175010588
    outer loop
      vertex -9.178818948953793 -1.8575214361044332 15.8
      vertex -8.93671444144316 -1.9906195154252433 15.8
      vertex -8.910905551464294 -1.4353574733534256 19
    endloop
  endfacet
  facet normal -0.3637285767219667 -0.9186735180127058 0.1540794917501059
    outer loop
      vertex -8.93671444144316 -1.9906195154252433 15.8
      vertex -8.679837387624884 -2.0923243358493377 15.8
      vertex -8.723824795660622 -1.5382059891922333 19
    endloop
  endfacet
  facet normal -0.245720145651628 -0.9570167815890022 0.1540794917501057
    outer loop
      vertex -8.679837387624884 -2.0923243358493377 15.8
      vertex -8.5 -1.880899080188283 17.400000000000002
      vertex -8.525328890437411 -1.616796077701761 19
    endloop
  endfacet
  facet normal -0.36372857672196934 -0.9186735180127048 0.15407949175010568
    outer loop
      vertex -8.679837387624884 -2.0923243358493377 15.8
      vertex -8.525328890437411 -1.616796077701761 19
      vertex -8.723824795660622 -1.5382059891922333 19
    endloop
  endfacet
  facet normal -0.1238365610982628 -0.980267318825526 0.15407949175010566
    outer loop
      vertex -8.318548234795733 -1.6698883262387707 19
      vertex -8.365393563442163 -1.9154601389209425 17.400000000000002
      vertex -8.122441513082162 -1.9461521204351293 17.400000000000002
    endloop
  endfacet
  facet normal -0.24572014565162784 -0.957016781589002 0.15407949175010574
    outer loop
      vertex -8.525328890437411 -1.616796077701761 19
      vertex -8.5 -1.880899080188283 17.400000000000002
      vertex -8.365393563442163 -1.9154601389209425 17.400000000000002
    endloop
  endfacet
  facet normal 0 -0.9880584548608595 0.15407949175010582
    outer loop
      vertex -8.106743883199833 -1.6966454383280616 19
      vertex -8.122441513082162 -1.9461521204351293 17.400000000000002
      vertex -7.877558486917838 -1.9461521204351293 17.400000000000002
    endloop
  endfacet
  facet normal -0.2457201456516291 -0.9570167815890018 0.15407949175010555
    outer loop
      vertex -8.525328890437411 -1.616796077701761 19
      vertex -8.365393563442163 -1.9154601389209425 17.400000000000002
      vertex -8.318548234795733 -1.6698883262387707 19
    endloop
  endfacet
  facet normal -0.12383656109826119 -0.9802673188255261 0.15407949175010588
    outer loop
      vertex -8.106743883199833 -1.6966454383280616 19
      vertex -8.318548234795733 -1.6698883262387707 19
      vertex -8.122441513082162 -1.9461521204351293 17.400000000000002
    endloop
  endfacet
  facet normal 0 -0.9880584548608594 0.1540794917501058
    outer loop
      vertex -8.106743883199833 -1.6966454383280616 19
      vertex -7.877558486917838 -1.9461521204351293 17.400000000000002
      vertex -7.893256116800167 -1.6966454383280616 19
    endloop
  endfacet
  facet normal -0.5807661881701016 -0.7993560814182872 0.15407949175010585
    outer loop
      vertex -9.402332777447118 -1.6951291341067367 15.8
      vertex -9.178818948953793 -1.8575214361044332 15.8
      vertex -9.083620782572773 -1.309872512718842 19
    endloop
  endfacet
  facet normal -0.5807661881701003 -0.7993560814182881 0.15407949175010596
    outer loop
      vertex -9.178818948953793 -1.8575214361044332 15.8
      vertex -8.910905551464294 -1.4353574733534256 19
      vertex -9.083620782572773 -1.309872512718842 19
    endloop
  endfacet
  facet normal -0.4760007908564809 -0.8658422242683905 0.154079491750106
    outer loop
      vertex -8.93671444144316 -1.9906195154252433 15.8
      vertex -8.723824795660622 -1.5382059891922333 19
      vertex -8.910905551464294 -1.4353574733534256 19
    endloop
  endfacet
  facet normal -0.6763725557633761 -0.7202636156520388 0.1540794917501058
    outer loop
      vertex -9.402332777447118 -1.6951291341067367 15.8
      vertex -9.083620782572773 -1.309872512718842 19
      vertex -9.239246666616399 -1.1637300800787704 19
    endloop
  endfacet
  facet normal 0.3637285767219667 -0.9186735180127058 0.15407949175010582
    outer loop
      vertex -7.320162612375116 -2.0923243358493377 15.8
      vertex -7.06328555855684 -1.9906195154252433 15.8
      vertex -7.276175204339377 -1.5382059891922333 19
    endloop
  endfacet
  facet normal 0.245720145651628 -0.9570167815890022 0.1540794917501057
    outer loop
      vertex -7.320162612375116 -2.0923243358493377 15.8
      vertex -7.474671109562589 -1.616796077701761 19
      vertex -7.5 -1.880899080188283 17.400000000000002
    endloop
  endfacet
  facet normal 0.47600079085648284 -0.8658422242683893 0.15407949175010585
    outer loop
      vertex -7.06328555855684 -1.9906195154252433 15.8
      vertex -6.821181051046208 -1.8575214361044339 15.8
      vertex -7.089094448535707 -1.435357473353426 19
    endloop
  endfacet
  facet normal 0.12383656109826281 -0.980267318825526 0.15407949175010588
    outer loop
      vertex -7.893256116800167 -1.6966454383280616 19
      vertex -7.877558486917838 -1.9461521204351293 17.400000000000002
      vertex -7.634606436557837 -1.9154601389209425 17.400000000000002
    endloop
  endfacet
  facet normal 0.24572014565162784 -0.9570167815890022 0.15407949175010568
    outer loop
      vertex -7.681451765204268 -1.6698883262387707 19
      vertex -7.634606436557837 -1.9154601389209425 17.400000000000002
      vertex -7.5 -1.880899080188283 17.400000000000002
    endloop
  endfacet
  facet normal 0.36372857672196796 -0.9186735180127055 0.1540794917501057
    outer loop
      vertex -7.320162612375116 -2.0923243358493377 15.8
      vertex -7.276175204339377 -1.5382059891922333 19
      vertex -7.474671109562589 -1.616796077701761 19
    endloop
  endfacet
  facet normal 0.12383656109826167 -0.980267318825526 0.15407949175010568
    outer loop
      vertex -7.893256116800167 -1.6966454383280616 19
      vertex -7.634606436557837 -1.9154601389209425 17.400000000000002
      vertex -7.681451765204268 -1.6698883262387707 19
    endloop
  endfacet
  facet normal 0.24572014565162814 -0.9570167815890022 0.15407949175010574
    outer loop
      vertex -7.681451765204268 -1.6698883262387707 19
      vertex -7.5 -1.880899080188283 17.400000000000002
      vertex -7.474671109562589 -1.616796077701761 19
    endloop
  endfacet
  facet normal 0.5807661881701015 -0.7993560814182871 0.1540794917501058
    outer loop
      vertex -6.916379217427227 -1.3098725127188413 19
      vertex -6.821181051046208 -1.8575214361044339 15.8
      vertex -6.597667222552882 -1.695129134106736 15.8
    endloop
  endfacet
  facet normal 0.6763725557633739 -0.7202636156520409 0.1540794917501057
    outer loop
      vertex -6.597667222552882 -1.695129134106736 15.8
      vertex -6.396269019672895 -1.5060036330431148 15.8
      vertex -6.7607533333836 -1.1637300800787704 19
    endloop
  endfacet
  facet normal 0.7613121241068755 -0.6298121624023361 0.1540794917501057
    outer loop
      vertex -6.396269019672895 -1.5060036330431148 15.8
      vertex -6.220162612375115 -1.293127555043441 15.8
      vertex -6.7607533333836 -1.1637300800787704 19
    endloop
  endfacet
  facet normal 0.47600079085648284 -0.8658422242683894 0.15407949175010582
    outer loop
      vertex -7.06328555855684 -1.9906195154252433 15.8
      vertex -7.089094448535707 -1.435357473353426 19
      vertex -7.276175204339377 -1.5382059891922333 19
    endloop
  endfacet
  facet normal 0.5807661881701017 -0.799356081418287 0.15407949175010582
    outer loop
      vertex -7.089094448535707 -1.435357473353426 19
      vertex -6.821181051046208 -1.8575214361044339 15.8
      vertex -6.916379217427227 -1.3098725127188413 19
    endloop
  endfacet
  facet normal 0.6763725557633725 -0.7202636156520421 0.15407949175010585
    outer loop
      vertex -6.916379217427227 -1.3098725127188413 19
      vertex -6.597667222552882 -1.695129134106736 15.8
      vertex -6.7607533333836 -1.1637300800787704 19
    endloop
  endfacet
  facet normal 0.7613121241068769 -0.6298121624023343 0.15407949175010582
    outer loop
      vertex -6.220162612375115 -1.293127555043441 15.8
      vertex -6.624671109562589 -0.9992349288972043 19
      vertex -6.7607533333836 -1.1637300800787704 19
    endloop
  endfacet
  facet normal 0 0 1
    outer loop
      vertex -8.106743883199833 -1.6966454383280616 19
      vertex -8.318548234795731 1.6698883262387707 19
      vertex -8.318548234795733 -1.6698883262387707 19
    endloop
  endfacet
  facet normal 0 0 1
    outer loop
      vertex -8.106743883199833 -1.6966454383280616 19
      vertex -7.893256116800167 -1.6966454383280616 19
      vertex -8.106743883199833 1.6966454383280616 19
    endloop
  endfacet
  facet normal 0 0 1
    outer loop
      vertex -9.239246666616399 -1.1637300800787704 19
      vertex -9.083620782572773 -1.309872512718842 19
      vertex -9.239246666616399 1.1637300800787704 19
    endloop
  endfacet
  facet normal 0 0 1
    outer loop
      vertex -8.910905551464294 -1.4353574733534256 19
      vertex -9.083620782572773 1.309872512718842 19
      vertex -9.083620782572773 -1.309872512718842 19
    endloop
  endfacet
  facet normal 0 0 1
    outer loop
      vertex -9.239246666616399 -1.1637300800787704 19
      vertex -9.37532889043741 0.9992349288972043 19
      vertex -9.37532889043741 -0.9992349288972043 19
    endloop
  endfacet
  facet normal 0 0 1
    outer loop
      vertex -8.910905551464294 -1.4353574733534256 19
      vertex -8.723824795660622 -1.5382059891922333 19
      vertex -8.910905551464294 1.4353574733534256 19
    endloop
  endfacet
  facet normal 0 0 1
    outer loop
      vertex -8.723824795660622 -1.5382059891922333 19
      vertex -8.525328890437411 -1.616796077701761 19
      vertex -8.723824795660624 1.538205989192233 19
    endloop
  endfacet
  facet normal 0 0 1
    outer loop
      vertex -8.525328890437411 -1.616796077701761 19
      vertex -8.318548234795733 -1.6698883262387707 19
      vertex -8.525328890437411 1.616796077701761 19
    endloop
  endfacet
  facet normal 0 0 1
    outer loop
      vertex -7.893256116800167 -1.6966454383280616 19
      vertex -7.681451765204268 -1.6698883262387707 19
      vertex -7.893256116800168 1.6966454383280616 19
    endloop
  endfacet
  facet normal 0.8342453454673968 -0.5294281951199925 0.15407949175010585
    outer loop
      vertex -6.220162612375115 -1.293127555043441 15.8
      vertex -6.0721253039035 -1.0598580830237738 15.8
      vertex -6.624671109562589 -0.9992349288972043 19
    endloop
  endfacet
  facet normal 0.834245345467395 -0.5294281951199953 0.15407949175010563
    outer loop
      vertex -6.0721253039035 -1.0598580830237738 15.8
      vertex -6.510278643925432 -0.8189812459729161 19
      vertex -6.624671109562589 -0.9992349288972043 19
    endloop
  endfacet
  facet normal 0.8940220193758808 -0.4206948289355378 0.15407949175010574
    outer loop
      vertex -5.954491731045847 -0.8098740159062925 15.8
      vertex -6.419379973989972 -0.6258117395639532 19
      vertex -6.510278643925432 -0.8189812459729161 19
    endloop
  endfacet
  facet normal 0 0 1
    outer loop
      vertex -7.681451765204268 -1.6698883262387707 19
      vertex -7.474671109562589 -1.616796077701761 19
      vertex -7.681451765204268 1.6698883262387707 19
    endloop
  endfacet
  facet normal 0 0 1
    outer loop
      vertex -7.474671109562589 -1.616796077701761 19
      vertex -7.276175204339377 -1.5382059891922333 19
      vertex -7.474671109562589 1.616796077701761 19
    endloop
  endfacet
  facet normal 0 0 1
    outer loop
      vertex -7.276175204339377 -1.5382059891922333 19
      vertex -7.089094448535707 -1.435357473353426 19
      vertex -7.276175204339376 1.538205989192233 19
    endloop
  endfacet
  facet normal 0 0 1
    outer loop
      vertex -7.089094448535707 -1.435357473353426 19
      vertex -6.916379217427227 -1.3098725127188413 19
      vertex -7.089094448535706 1.4353574733534256 19
    endloop
  endfacet
  facet normal 0 0 1
    outer loop
      vertex -6.916379217427227 -1.3098725127188413 19
      vertex -6.7607533333836 -1.1637300800787704 19
      vertex -6.916379217427227 1.3098725127188415 19
    endloop
  endfacet
  facet normal 0 0 1
    outer loop
      vertex -6.7607533333836 -1.1637300800787704 19
      vertex -6.624671109562589 -0.9992349288972043 19
      vertex -6.7607533333836 1.1637300800787709 19
    endloop
  endfacet
  facet normal 0 0 1
    outer loop
      vertex -6.624671109562589 -0.9992349288972043 19
      vertex -6.510278643925432 -0.8189812459729161 19
      vertex -6.624671109562589 0.9992349288972043 19
    endloop
  endfacet
  facet normal 0 0 1
    outer loop
      vertex -6.510278643925432 -0.8189812459729161 19
      vertex -6.419379973989972 -0.6258117395639532 19
      vertex -6.510278643925432 0.818981245972916 19
    endloop
  endfacet
  facet normal 0 0 1
    outer loop
      vertex -6.419379973989972 -0.6258117395639532 19
      vertex -6.353408626081327 -0.42277280818025254 19
      vertex -6.419379973989972 0.6258117395639525 19
    endloop
  endfacet
  facet normal 0 0 1
    outer loop
      vertex -6.353408626081327 -0.42277280818025254 19
      vertex -6.313405007765388 -0.2130664970593169 19
      vertex -6.353408626081327 0.42277280818025315 19
    endloop
  endfacet
  facet normal 0 0 -1
    outer loop
      vertex -6.220162612375115 -1.293127555043441 15.8
      vertex -6.247386639912273 -0.9635073482034308 15.8
      vertex -6.140447028223497 -0.7362491053693567 15.8
    endloop
  endfacet
  facet normal 0 0 -1
    outer loop
      vertex -6.220162612375115 -1.293127555043441 15.8
      vertex -6.140447028223497 -0.7362491053693567 15.8
      vertex -6.0721253039035 -1.0598580830237738 15.8
    endloop
  endfacet
  facet normal 0 0 -1
    outer loop
      vertex -6.0721253039035 -1.0598580830237738 15.8
      vertex -6.140447028223497 -0.7362491053693567 15.8
      vertex -6.062833677742738 -0.49737977432970887 15.8
    endloop
  endfacet
  facet normal 0 0 -1
    outer loop
      vertex -6.0721253039035 -1.0598580830237738 15.8
      vertex -6.015770597371044 -0.25066646712860813 15.8
      vertex -5.954491731045847 -0.8098740159062925 15.8
    endloop
  endfacet
  facet normal 0 0 -1
    outer loop
      vertex -6.0721253039035 -1.0598580830237738 15.8
      vertex -6.062833677742738 -0.49737977432970887 15.8
      vertex -6.015770597371044 -0.25066646712860813 15.8
    endloop
  endfacet
  facet normal 0 0 -1
    outer loop
      vertex -5.954491731045847 -0.8098740159062925 15.8
      vertex -6.015770597371044 -0.25066646712860813 15.8
      vertex -6 0 15.8
    endloop
  endfacet
  facet normal 0 0 -1
    outer loop
      vertex -5.954491731045847 -0.8098740159062925 15.8
      vertex -5.869117045517012 0.5471177517626806 15.8
      vertex -5.869117045517012 -0.5471177517626798 15.8
    endloop
  endfacet
  facet normal 0 0 -1
    outer loop
      vertex -5.869117045517012 -0.5471177517626798 15.8
      vertex -5.817347657108149 0.27573311384146937 15.8
      vertex -5.817347657108149 -0.275733113841469 15.8
    endloop
  endfacet
  facet normal 0.8940220193758802 -0.4206948289355387 0.15407949175010563
    outer loop
      vertex -6.0721253039035 -1.0598580830237738 15.8
      vertex -5.954491731045847 -0.8098740159062925 15.8
      vertex -6.510278643925432 -0.8189812459729161 19
    endloop
  endfacet
  facet normal 0.9396994319759419 -0.30532685398785553 0.1540794917501057
    outer loop
      vertex -5.954491731045847 -0.8098740159062925 15.8
      vertex -5.869117045517012 -0.5471177517626798 15.8
      vertex -6.419379973989972 -0.6258117395639532 19
    endloop
  endfacet
  facet normal 0.9705572231845099 -0.1851436921593673 0.15407949175010574
    outer loop
      vertex -5.869117045517012 -0.5471177517626798 15.8
      vertex -5.817347657108149 -0.275733113841469 15.8
      vertex -6.353408626081327 -0.42277280818025254 19
    endloop
  endfacet
  facet normal 0.9861087472006765 -0.062040703706045704 0.1540794917501057
    outer loop
      vertex -5.817347657108149 -0.275733113841469 15.8
      vertex -5.8 0 15.8
      vertex -6.313405007765388 -0.2130664970593169 19
    endloop
  endfacet
  facet normal 0.9396994319759422 -0.30532685398785464 0.15407949175010574
    outer loop
      vertex -5.869117045517012 -0.5471177517626798 15.8
      vertex -6.353408626081327 -0.42277280818025254 19
      vertex -6.419379973989972 -0.6258117395639532 19
    endloop
  endfacet
  facet normal 0.9705572231845098 -0.18514369215936763 0.15407949175010568
    outer loop
      vertex -5.817347657108149 -0.275733113841469 15.8
      vertex -6.313405007765388 -0.2130664970593169 19
      vertex -6.353408626081327 -0.42277280818025254 19
    endloop
  endfacet
  facet normal 0.9861087472006765 -0.06204070370604553 0.15407949175010574
    outer loop
      vertex -6.313405007765388 -0.2130664970593169 19
      vertex -5.8 0 15.8
      vertex -6.3 0 19
    endloop
  endfacet
  facet normal 0 0 -1
    outer loop
      vertex -10.182652342891851 -0.275733113841469 15.8
      vertex -10.2 0 15.8
      vertex -10.182652342891851 0.275733113841469 15.8
    endloop
  endfacet
  facet normal 0 0 -1
    outer loop
      vertex -10.182652342891851 -0.275733113841469 15.8
      vertex -10.182652342891851 0.275733113841469 15.8
      vertex -10.130882954482988 0.5471177517626807 15.8
    endloop
  endfacet
  facet normal 0 0 -1
    outer loop
      vertex -10.045508268954153 -0.8098740159062914 15.8
      vertex -10.045508268954153 0.8098740159062914 15.8
      vertex -10 0 15.8
    endloop
  endfacet
  facet normal 0 0 -1
    outer loop
      vertex -10.130882954482988 -0.5471177517626807 15.8
      vertex -10.130882954482988 0.5471177517626807 15.8
      vertex -10.045508268954153 0.8098740159062914 15.8
    endloop
  endfacet
  facet normal 0 0 -1
    outer loop
      vertex -10 0 15.8
      vertex -10.045508268954153 0.8098740159062914 15.8
      vertex -9.984229402628955 0.25066646712860813 15.8
    endloop
  endfacet
  facet normal 0 0 -1
    outer loop
      vertex -9.984229402628955 0.25066646712860813 15.8
      vertex -9.9278746960965 1.0598580830237738 15.8
      vertex -9.937166322257262 0.4973797743297097 15.8
    endloop
  endfacet
  facet normal 0 0 -1
    outer loop
      vertex -9.984229402628955 0.25066646712860813 15.8
      vertex -10.045508268954153 0.8098740159062914 15.8
      vertex -9.9278746960965 1.0598580830237738 15.8
    endloop
  endfacet
  facet normal 0 0 -1
    outer loop
      vertex -9.937166322257262 0.4973797743297097 15.8
      vertex -9.9278746960965 1.0598580830237738 15.8
      vertex -9.859552971776504 0.7362491053693557 15.8
    endloop
  endfacet
  facet normal 0 0 -1
    outer loop
      vertex -9.859552971776504 0.7362491053693557 15.8
      vertex -9.779837387624884 1.293127555043441 15.8
      vertex -9.752613360087727 0.9635073482034308 15.8
    endloop
  endfacet
  facet normal 0 0 -1
    outer loop
      vertex -9.859552971776504 0.7362491053693557 15.8
      vertex -9.9278746960965 1.0598580830237738 15.8
      vertex -9.779837387624884 1.293127555043441 15.8
    endloop
  endfacet
  facet normal -0.9861087472006766 0.06204070370604253 0.15407949175010568
    outer loop
      vertex -10.2 0 15.8
      vertex -9.686594992234612 0.2130664970593169 19
      vertex -10.182652342891851 0.275733113841469 15.8
    endloop
  endfacet
  facet normal -0.97055722318451 0.1851436921593667 0.15407949175010574
    outer loop
      vertex -10.182652342891851 0.275733113841469 15.8
      vertex -9.646591373918673 0.42277280818025326 19
      vertex -10.130882954482988 0.5471177517626807 15.8
    endloop
  endfacet
  facet normal -0.9861087472006769 0.06204070370604139 0.1540794917501058
    outer loop
      vertex -10.2 0 15.8
      vertex -9.7 0 19
      vertex -9.686594992234612 0.2130664970593169 19
    endloop
  endfacet
  facet normal 0 0 1
    outer loop
      vertex -9.686594992234612 -0.2130664970593169 19
      vertex -9.686594992234612 0.2130664970593169 19
      vertex -9.7 0 19
    endloop
  endfacet
  facet normal 0 0 1
    outer loop
      vertex -9.646591373918673 -0.42277280818025326 19
      vertex -9.646591373918673 0.42277280818025326 19
      vertex -9.686594992234612 0.2130664970593169 19
    endloop
  endfacet
  facet normal 0 0 1
    outer loop
      vertex -9.580620026010028 -0.6258117395639523 19
      vertex -9.580620026010028 0.6258117395639523 19
      vertex -9.646591373918673 0.42277280818025326 19
    endloop
  endfacet
  facet normal 0 0 1
    outer loop
      vertex -9.489721356074568 -0.8189812459729161 19
      vertex -9.489721356074568 0.8189812459729161 19
      vertex -9.580620026010028 0.6258117395639523 19
    endloop
  endfacet
  facet normal 0 0 1
    outer loop
      vertex -9.37532889043741 -0.9992349288972043 19
      vertex -9.37532889043741 0.9992349288972043 19
      vertex -9.489721356074568 0.8189812459729161 19
    endloop
  endfacet
  facet normal -0.97055722318451 0.18514369215936707 0.15407949175010574
    outer loop
      vertex -10.182652342891851 0.275733113841469 15.8
      vertex -9.686594992234612 0.2130664970593169 19
      vertex -9.646591373918673 0.42277280818025326 19
    endloop
  endfacet
  facet normal -0.9396994319759415 0.3053268539878568 0.1540794917501058
    outer loop
      vertex -10.130882954482988 0.5471177517626807 15.8
      vertex -9.646591373918673 0.42277280818025326 19
      vertex -9.580620026010028 0.6258117395639523 19
    endloop
  endfacet
  facet normal -0.9396994319759412 0.3053268539878576 0.1540794917501057
    outer loop
      vertex -10.130882954482988 0.5471177517626807 15.8
      vertex -9.580620026010028 0.6258117395639523 19
      vertex -10.045508268954153 0.8098740159062914 15.8
    endloop
  endfacet
  facet normal -0.8940220193758822 0.4206948289355346 0.15407949175010585
    outer loop
      vertex -10.045508268954153 0.8098740159062914 15.8
      vertex -9.489721356074568 0.8189812459729161 19
      vertex -9.9278746960965 1.0598580830237738 15.8
    endloop
  endfacet
  facet normal -0.8342453454673939 0.5294281951199971 0.15407949175010568
    outer loop
      vertex -9.9278746960965 1.0598580830237738 15.8
      vertex -9.37532889043741 0.9992349288972043 19
      vertex -9.779837387624884 1.293127555043441 15.8
    endloop
  endfacet
  facet normal -0.8940220193758814 0.4206948289355362 0.15407949175010574
    outer loop
      vertex -10.045508268954153 0.8098740159062914 15.8
      vertex -9.580620026010028 0.6258117395639523 19
      vertex -9.489721356074568 0.8189812459729161 19
    endloop
  endfacet
  facet normal -0.834245345467395 0.5294281951199953 0.15407949175010588
    outer loop
      vertex -9.9278746960965 1.0598580830237738 15.8
      vertex -9.489721356074568 0.8189812459729161 19
      vertex -9.37532889043741 0.9992349288972043 19
    endloop
  endfacet
  facet normal 0 0 -1
    outer loop
      vertex -9.752613360087727 0.9635073482034308 15.8
      vertex -9.779837387624884 1.293127555043441 15.8
      vertex -9.603730980327105 1.5060036330431148 15.8
    endloop
  endfacet
  facet normal 0 0 -1
    outer loop
      vertex -9.752613360087727 0.9635073482034308 15.8
      vertex -9.603730980327105 1.5060036330431148 15.8
      vertex -9.618033988749895 1.1755705045849463 15.8
    endloop
  endfacet
  facet normal 0 0 -1
    outer loop
      vertex -9.618033988749895 1.1755705045849463 15.8
      vertex -9.603730980327105 1.5060036330431148 15.8
      vertex -9.457937254842824 1.369094211857377 15.8
    endloop
  endfacet
  facet normal 0 0 -1
    outer loop
      vertex -9.457937254842824 1.369094211857377 15.8
      vertex -9.603730980327105 1.5060036330431148 15.8
      vertex -9.402332777447118 1.6951291341067367 15.8
    endloop
  endfacet
  facet normal 0 0 -1
    outer loop
      vertex -9.457937254842824 1.369094211857377 15.8
      vertex -9.402332777447118 1.6951291341067367 15.8
      vertex -9.274847979497379 1.5410264855515787 15.8
    endloop
  endfacet
  facet normal -0.761312124106877 0.6298121624023342 0.1540794917501059
    outer loop
      vertex -9.779837387624884 1.293127555043441 15.8
      vertex -9.239246666616399 1.1637300800787704 19
      vertex -9.603730980327105 1.5060036330431148 15.8
    endloop
  endfacet
  facet normal -0.6763725557633751 0.7202636156520397 0.15407949175010588
    outer loop
      vertex -9.603730980327105 1.5060036330431148 15.8
      vertex -9.239246666616399 1.1637300800787704 19
      vertex -9.402332777447118 1.6951291341067367 15.8
    endloop
  endfacet
  facet normal -0.7613121241068749 0.6298121624023368 0.15407949175010563
    outer loop
      vertex -9.37532889043741 0.9992349288972043 19
      vertex -9.239246666616399 1.1637300800787704 19
      vertex -9.779837387624884 1.293127555043441 15.8
    endloop
  endfacet
  facet normal 0 0 1
    outer loop
      vertex -9.239246666616399 -1.1637300800787704 19
      vertex -9.239246666616399 1.1637300800787704 19
      vertex -9.37532889043741 0.9992349288972043 19
    endloop
  endfacet
  facet normal 0 0 1
    outer loop
      vertex -9.083620782572773 -1.309872512718842 19
      vertex -9.083620782572773 1.309872512718842 19
      vertex -9.239246666616399 1.1637300800787704 19
    endloop
  endfacet
  facet normal 0 0 1
    outer loop
      vertex -8.910905551464294 -1.4353574733534256 19
      vertex -8.910905551464294 1.4353574733534256 19
      vertex -9.083620782572773 1.309872512718842 19
    endloop
  endfacet
  facet normal 0 0 1
    outer loop
      vertex -8.723824795660622 -1.5382059891922333 19
      vertex -8.723824795660624 1.538205989192233 19
      vertex -8.910905551464294 1.4353574733534256 19
    endloop
  endfacet
  facet normal 0 0 1
    outer loop
      vertex -8.525328890437411 -1.616796077701761 19
      vertex -8.525328890437411 1.616796077701761 19
      vertex -8.723824795660624 1.538205989192233 19
    endloop
  endfacet
  facet normal 0 0 1
    outer loop
      vertex -8.318548234795733 -1.6698883262387707 19
      vertex -8.318548234795731 1.6698883262387707 19
      vertex -8.525328890437411 1.616796077701761 19
    endloop
  endfacet
  facet normal 0 0 1
    outer loop
      vertex -8.106743883199833 -1.6966454383280616 19
      vertex -8.106743883199833 1.6966454383280616 19
      vertex -8.318548234795731 1.6698883262387707 19
    endloop
  endfacet
  facet normal 0 0 1
    outer loop
      vertex -8.106743883199833 1.6966454383280616 19
      vertex -7.893256116800167 -1.6966454383280616 19
      vertex -7.893256116800168 1.6966454383280616 19
    endloop
  endfacet
  facet normal 0 0 1
    outer loop
      vertex -7.474671109562589 -1.616796077701761 19
      vertex -7.474671109562589 1.616796077701761 19
      vertex -7.681451765204268 1.6698883262387707 19
    endloop
  endfacet
  facet normal 0 0 1
    outer loop
      vertex -7.276175204339377 -1.5382059891922333 19
      vertex -7.276175204339376 1.538205989192233 19
      vertex -7.474671109562589 1.616796077701761 19
    endloop
  endfacet
  facet normal 0 0 1
    outer loop
      vertex -7.089094448535707 -1.435357473353426 19
      vertex -7.089094448535706 1.4353574733534256 19
      vertex -7.276175204339376 1.538205989192233 19
    endloop
  endfacet
  facet normal 0 0 1
    outer loop
      vertex -6.313405007765388 -0.2130664970593169 19
      vertex -6.3 0 19
      vertex -6.313405007765388 0.21306649705931724 19
    endloop
  endfacet
  facet normal 0 0 1
    outer loop
      vertex -6.419379973989972 -0.6258117395639532 19
      vertex -6.419379973989972 0.6258117395639525 19
      vertex -6.510278643925432 0.818981245972916 19
    endloop
  endfacet
  facet normal 0 0 1
    outer loop
      vertex -6.353408626081327 -0.42277280818025254 19
      vertex -6.353408626081327 0.42277280818025315 19
      vertex -6.419379973989972 0.6258117395639525 19
    endloop
  endfacet
  facet normal 0 0 1
    outer loop
      vertex -6.313405007765388 -0.2130664970593169 19
      vertex -6.313405007765388 0.21306649705931724 19
      vertex -6.353408626081327 0.42277280818025315 19
    endloop
  endfacet
  facet normal 0 0 1
    outer loop
      vertex -6.624671109562589 -0.9992349288972043 19
      vertex -6.624671109562589 0.9992349288972043 19
      vertex -6.7607533333836 1.1637300800787709 19
    endloop
  endfacet
  facet normal 0 0 1
    outer loop
      vertex -6.916379217427227 -1.3098725127188413 19
      vertex -6.916379217427227 1.3098725127188415 19
      vertex -7.089094448535706 1.4353574733534256 19
    endloop
  endfacet
  facet normal 0 0 1
    outer loop
      vertex -6.7607533333836 -1.1637300800787704 19
      vertex -6.7607533333836 1.1637300800787709 19
      vertex -6.916379217427227 1.3098725127188415 19
    endloop
  endfacet
  facet normal 0 0 1
    outer loop
      vertex -6.510278643925432 -0.8189812459729161 19
      vertex -6.510278643925432 0.818981245972916 19
      vertex -6.624671109562589 0.9992349288972043 19
    endloop
  endfacet
  facet normal 0.8342453454673953 0.5294281951199947 0.15407949175010588
    outer loop
      vertex -6.0721253039034995 1.0598580830237738 15.8
      vertex -6.220162612375115 1.293127555043441 15.8
      vertex -6.624671109562589 0.9992349288972043 19
    endloop
  endfacet
  facet normal 0 0 1
    outer loop
      vertex -7.681451765204268 -1.6698883262387707 19
      vertex -7.681451765204268 1.6698883262387707 19
      vertex -7.893256116800168 1.6966454383280616 19
    endloop
  endfacet
  facet normal 0.8940220193758812 0.4206948289355368 0.1540794917501057
    outer loop
      vertex -5.954491731045847 0.8098740159062916 15.8
      vertex -6.510278643925432 0.818981245972916 19
      vertex -6.419379973989972 0.6258117395639525 19
    endloop
  endfacet
  facet normal 0.8342453454673951 0.529428195119995 0.15407949175010585
    outer loop
      vertex -6.0721253039034995 1.0598580830237738 15.8
      vertex -6.624671109562589 0.9992349288972043 19
      vertex -6.510278643925432 0.818981245972916 19
    endloop
  endfacet
  facet normal 0 0 -1
    outer loop
      vertex -9.274847979497379 1.5410264855515787 15.8
      vertex -9.402332777447118 1.6951291341067367 15.8
      vertex -9.178818948953793 1.8575214361044332 15.8
    endloop
  endfacet
  facet normal 0 0 -1
    outer loop
      vertex -9.274847979497379 1.5410264855515787 15.8
      vertex -9.178818948953793 1.8575214361044332 15.8
      vertex -9.071653589957993 1.6886558510040302 15.8
    endloop
  endfacet
  facet normal 0 0 -1
    outer loop
      vertex -9.178818948953793 1.8575214361044332 15.8
      vertex -8.93671444144316 1.990619515425243 15.8
      vertex -9.071653589957993 1.6886558510040302 15.8
    endloop
  endfacet
  facet normal 0 0 -1
    outer loop
      vertex -9.071653589957993 1.6886558510040302 15.8
      vertex -8.93671444144316 1.990619515425243 15.8
      vertex -8.851558583130146 1.809654104932039 15.8
    endloop
  endfacet
  facet normal 0 0 -1
    outer loop
      vertex -8.851558583130146 1.809654104932039 15.8
      vertex -8.93671444144316 1.990619515425243 15.8
      vertex -8.679837387624884 2.0923243358493377 15.8
    endloop
  endfacet
  facet normal 0 0 -1
    outer loop
      vertex -8.851558583130146 1.809654104932039 15.8
      vertex -8.679837387624884 2.0923243358493377 15.8
      vertex -8.618033988749895 1.902113032590307 15.8
    endloop
  endfacet
  facet normal 0 0 -1
    outer loop
      vertex -8.618033988749895 1.902113032590307 15.8
      vertex -8.679837387624884 2.0923243358493377 15.8
      vertex -8.5 1.9324190099414154 15.8
    endloop
  endfacet
  facet normal 0 0 -1
    outer loop
      vertex -8.679837387624884 2.0923243358493377 15.8
      vertex -8.5 2.138498728953943 15.8
      vertex -8.5 1.9324190099414154 15.8
    endloop
  endfacet
  facet normal -0.2457201456516286 0.957016781589002 0.15407949175010568
    outer loop
      vertex -8.679837387624884 2.0923243358493377 15.8
      vertex -8.5 1.8808990801882832 17.400000000000002
      vertex -8.5 2.138498728953943 15.8
    endloop
  endfacet
  facet normal 0 0 -1
    outer loop
      vertex -6.247386639912273 0.9635073482034306 15.8
      vertex -6.381966011250105 1.1755705045849463 15.8
      vertex -6.220162612375115 1.293127555043441 15.8
    endloop
  endfacet
  facet normal 0 0 -1
    outer loop
      vertex -6.5420627451571765 1.3690942118573775 15.8
      vertex -6.220162612375115 1.293127555043441 15.8
      vertex -6.381966011250105 1.1755705045849463 15.8
    endloop
  endfacet
  facet normal 0 0 -1
    outer loop
      vertex -6.5420627451571765 1.3690942118573775 15.8
      vertex -6.396269019672895 1.5060036330431152 15.8
      vertex -6.220162612375115 1.293127555043441 15.8
    endloop
  endfacet
  facet normal 0 0 -1
    outer loop
      vertex -6.928346410042007 1.6886558510040302 15.8
      vertex -6.597667222552882 1.6951291341067363 15.8
      vertex -6.7251520205026205 1.5410264855515783 15.8
    endloop
  endfacet
  facet normal 0 0 -1
    outer loop
      vertex -6.7251520205026205 1.5410264855515783 15.8
      vertex -6.396269019672895 1.5060036330431152 15.8
      vertex -6.5420627451571765 1.3690942118573775 15.8
    endloop
  endfacet
  facet normal 0 0 -1
    outer loop
      vertex -6.7251520205026205 1.5410264855515783 15.8
      vertex -6.597667222552882 1.6951291341067363 15.8
      vertex -6.396269019672895 1.5060036330431152 15.8
    endloop
  endfacet
  facet normal 0 0 -1
    outer loop
      vertex -7.381966011250105 1.902113032590307 15.8
      vertex -7.06328555855684 1.990619515425243 15.8
      vertex -7.148441416869854 1.809654104932039 15.8
    endloop
  endfacet
  facet normal 0 0 -1
    outer loop
      vertex -7.381966011250105 1.902113032590307 15.8
      vertex -7.5 1.9324190099414154 15.8
      vertex -7.5 2.138498728953943 15.8
    endloop
  endfacet
  facet normal 0 0 -1
    outer loop
      vertex -7.381966011250105 1.902113032590307 15.8
      vertex -7.320162612375116 2.0923243358493377 15.8
      vertex -7.06328555855684 1.990619515425243 15.8
    endloop
  endfacet
  facet normal 0 0 -1
    outer loop
      vertex -7.381966011250105 1.902113032590307 15.8
      vertex -7.5 2.138498728953943 15.8
      vertex -7.320162612375116 2.0923243358493377 15.8
    endloop
  endfacet
  facet normal 0.2457201456516286 0.957016781589002 0.15407949175010568
    outer loop
      vertex -7.320162612375116 2.0923243358493377 15.8
      vertex -7.5 2.138498728953943 15.8
      vertex -7.5 1.8808990801882832 17.400000000000002
    endloop
  endfacet
  facet normal 0 0 -1
    outer loop
      vertex -7.148441416869854 1.809654104932039 15.8
      vertex -6.821181051046207 1.8575214361044332 15.8
      vertex -6.928346410042007 1.6886558510040302 15.8
    endloop
  endfacet
  facet normal 0 0 -1
    outer loop
      vertex -6.928346410042007 1.6886558510040302 15.8
      vertex -6.821181051046207 1.8575214361044332 15.8
      vertex -6.597667222552882 1.6951291341067363 15.8
    endloop
  endfacet
  facet normal 0 0 -1
    outer loop
      vertex -7.148441416869854 1.809654104932039 15.8
      vertex -7.06328555855684 1.990619515425243 15.8
      vertex -6.821181051046207 1.8575214361044332 15.8
    endloop
  endfacet
  facet normal -0.5807661881701016 0.7993560814182872 0.15407949175010585
    outer loop
      vertex -9.402332777447118 1.6951291341067367 15.8
      vertex -9.083620782572773 1.309872512718842 19
      vertex -9.178818948953793 1.8575214361044332 15.8
    endloop
  endfacet
  facet normal -0.6763725557633761 0.7202636156520388 0.1540794917501058
    outer loop
      vertex -9.402332777447118 1.6951291341067367 15.8
      vertex -9.239246666616399 1.1637300800787704 19
      vertex -9.083620782572773 1.309872512718842 19
    endloop
  endfacet
  facet normal -0.5807661881701003 0.7993560814182881 0.15407949175010596
    outer loop
      vertex -9.178818948953793 1.8575214361044332 15.8
      vertex -9.083620782572773 1.309872512718842 19
      vertex -8.910905551464294 1.4353574733534256 19
    endloop
  endfacet
  facet normal -0.47600079085648356 0.865842224268389 0.15407949175010568
    outer loop
      vertex -8.93671444144316 1.990619515425243 15.8
      vertex -8.910905551464294 1.4353574733534256 19
      vertex -8.723824795660624 1.538205989192233 19
    endloop
  endfacet
  facet normal -0.4760007908564814 0.8658422242683903 0.1540794917501059
    outer loop
      vertex -9.178818948953793 1.8575214361044332 15.8
      vertex -8.910905551464294 1.4353574733534256 19
      vertex -8.93671444144316 1.990619515425243 15.8
    endloop
  endfacet
  facet normal -0.36372857672196734 0.9186735180127056 0.15407949175010574
    outer loop
      vertex -8.93671444144316 1.990619515425243 15.8
      vertex -8.723824795660624 1.538205989192233 19
      vertex -8.679837387624884 2.0923243358493377 15.8
    endloop
  endfacet
  facet normal -0.2457201456516301 0.9570167815890015 0.1540794917501057
    outer loop
      vertex -8.679837387624884 2.0923243358493377 15.8
      vertex -8.525328890437411 1.616796077701761 19
      vertex -8.5 1.8808990801882832 17.400000000000002
    endloop
  endfacet
  facet normal -0.36372857672196757 0.9186735180127055 0.15407949175010568
    outer loop
      vertex -8.679837387624884 2.0923243358493377 15.8
      vertex -8.723824795660624 1.538205989192233 19
      vertex -8.525328890437411 1.616796077701761 19
    endloop
  endfacet
  facet normal -0.24572014565162756 0.9570167815890023 0.15407949175010596
    outer loop
      vertex -8.318548234795731 1.6698883262387707 19
      vertex -8.365393563442163 1.9154601389209427 17.400000000000002
      vertex -8.5 1.8808990801882832 17.400000000000002
    endloop
  endfacet
  facet normal -0.12383656109826109 0.9802673188255261 0.15407949175010574
    outer loop
      vertex -8.106743883199833 1.6966454383280616 19
      vertex -8.12244151308216 1.9461521204351293 17.400000000000002
      vertex -8.365393563442163 1.9154601389209427 17.400000000000002
    endloop
  endfacet
  facet normal 0 0.9880584548608595 0.15407949175010582
    outer loop
      vertex -7.893256116800168 1.6966454383280616 19
      vertex -7.877558486917839 1.9461521204351293 17.400000000000002
      vertex -8.12244151308216 1.9461521204351293 17.400000000000002
    endloop
  endfacet
  facet normal -0.24572014565162714 0.9570167815890023 0.1540794917501059
    outer loop
      vertex -8.525328890437411 1.616796077701761 19
      vertex -8.318548234795731 1.6698883262387707 19
      vertex -8.5 1.8808990801882832 17.400000000000002
    endloop
  endfacet
  facet normal -0.12383656109826222 0.9802673188255261 0.1540794917501059
    outer loop
      vertex -8.318548234795731 1.6698883262387707 19
      vertex -8.106743883199833 1.6966454383280616 19
      vertex -8.365393563442163 1.9154601389209427 17.400000000000002
    endloop
  endfacet
  facet normal 0 0.9880584548608595 0.15407949175010582
    outer loop
      vertex -8.106743883199833 1.6966454383280616 19
      vertex -7.893256116800168 1.6966454383280616 19
      vertex -8.12244151308216 1.9461521204351293 17.400000000000002
    endloop
  endfacet
  facet normal 0.12383656109826119 0.9802673188255261 0.15407949175010585
    outer loop
      vertex -7.681451765204268 1.6698883262387707 19
      vertex -7.877558486917839 1.9461521204351293 17.400000000000002
      vertex -7.893256116800168 1.6966454383280616 19
    endloop
  endfacet
  facet normal 0.7613121241068761 0.6298121624023352 0.15407949175010568
    outer loop
      vertex -6.396269019672895 1.5060036330431152 15.8
      vertex -6.7607533333836 1.1637300800787709 19
      vertex -6.220162612375115 1.293127555043441 15.8
    endloop
  endfacet
  facet normal 0.580766188170101 0.7993560814182875 0.15407949175010582
    outer loop
      vertex -6.916379217427227 1.3098725127188415 19
      vertex -6.597667222552882 1.6951291341067363 15.8
      vertex -6.821181051046207 1.8575214361044332 15.8
    endloop
  endfacet
  facet normal 0.6763725557633735 0.7202636156520413 0.1540794917501057
    outer loop
      vertex -6.396269019672895 1.5060036330431152 15.8
      vertex -6.597667222552882 1.6951291341067363 15.8
      vertex -6.7607533333836 1.1637300800787709 19
    endloop
  endfacet
  facet normal 0.47600079085648356 0.865842224268389 0.15407949175010568
    outer loop
      vertex -7.06328555855684 1.990619515425243 15.8
      vertex -7.276175204339376 1.538205989192233 19
      vertex -7.089094448535706 1.4353574733534256 19
    endloop
  endfacet
  facet normal 0.676372555763372 0.7202636156520426 0.15407949175010585
    outer loop
      vertex -6.916379217427227 1.3098725127188415 19
      vertex -6.7607533333836 1.1637300800787709 19
      vertex -6.597667222552882 1.6951291341067363 15.8
    endloop
  endfacet
  facet normal 0.7613121241068777 0.6298121624023333 0.15407949175010588
    outer loop
      vertex -6.624671109562589 0.9992349288972043 19
      vertex -6.220162612375115 1.293127555043441 15.8
      vertex -6.7607533333836 1.1637300800787709 19
    endloop
  endfacet
  facet normal 0.5807661881701016 0.7993560814182871 0.15407949175010574
    outer loop
      vertex -6.916379217427227 1.3098725127188415 19
      vertex -6.821181051046207 1.8575214361044332 15.8
      vertex -7.089094448535706 1.4353574733534256 19
    endloop
  endfacet
  facet normal 0.36372857672196734 0.9186735180127056 0.15407949175010574
    outer loop
      vertex -7.320162612375116 2.0923243358493377 15.8
      vertex -7.276175204339376 1.538205989192233 19
      vertex -7.06328555855684 1.990619515425243 15.8
    endloop
  endfacet
  facet normal 0.2457201456516301 0.9570167815890015 0.1540794917501057
    outer loop
      vertex -7.320162612375116 2.0923243358493377 15.8
      vertex -7.5 1.8808990801882832 17.400000000000002
      vertex -7.474671109562589 1.616796077701761 19
    endloop
  endfacet
  facet normal 0.4760007908564827 0.8658422242683894 0.15407949175010577
    outer loop
      vertex -7.06328555855684 1.990619515425243 15.8
      vertex -7.089094448535706 1.4353574733534256 19
      vertex -6.821181051046207 1.8575214361044332 15.8
    endloop
  endfacet
  facet normal 0.24572014565162784 0.957016781589002 0.15407949175010585
    outer loop
      vertex -7.474671109562589 1.616796077701761 19
      vertex -7.5 1.8808990801882832 17.400000000000002
      vertex -7.634606436557837 1.9154601389209427 17.400000000000002
    endloop
  endfacet
  facet normal 0.12383656109826152 0.9802673188255261 0.15407949175010582
    outer loop
      vertex -7.681451765204268 1.6698883262387707 19
      vertex -7.634606436557837 1.9154601389209427 17.400000000000002
      vertex -7.877558486917839 1.9461521204351293 17.400000000000002
    endloop
  endfacet
  facet normal 0.36372857672196757 0.9186735180127055 0.15407949175010568
    outer loop
      vertex -7.320162612375116 2.0923243358493377 15.8
      vertex -7.474671109562589 1.616796077701761 19
      vertex -7.276175204339376 1.538205989192233 19
    endloop
  endfacet
  facet normal 0.24572014565162814 0.9570167815890022 0.15407949175010582
    outer loop
      vertex -7.681451765204268 1.6698883262387707 19
      vertex -7.474671109562589 1.616796077701761 19
      vertex -7.634606436557837 1.9154601389209427 17.400000000000002
    endloop
  endfacet
  facet normal 0 0 -1
    outer loop
      vertex -5.954491731045847 -0.8098740159062925 15.8
      vertex -6 0 15.8
      vertex -5.954491731045847 0.8098740159062916 15.8
    endloop
  endfacet
  facet normal 0 0 -1
    outer loop
      vertex -5.954491731045847 -0.8098740159062925 15.8
      vertex -5.954491731045847 0.8098740159062916 15.8
      vertex -5.869117045517012 0.5471177517626806 15.8
    endloop
  endfacet
  facet normal 0 0 -1
    outer loop
      vertex -5.817347657108149 -0.275733113841469 15.8
      vertex -5.817347657108149 0.27573311384146937 15.8
      vertex -5.8 0 15.8
    endloop
  endfacet
  facet normal 0 0 -1
    outer loop
      vertex -5.869117045517012 -0.5471177517626798 15.8
      vertex -5.869117045517012 0.5471177517626806 15.8
      vertex -5.817347657108149 0.27573311384146937 15.8
    endloop
  endfacet
  facet normal 0 0 -1
    outer loop
      vertex -6 0 15.8
      vertex -6.015770597371044 0.2506664671286085 15.8
      vertex -5.954491731045847 0.8098740159062916 15.8
    endloop
  endfacet
  facet normal 0 0 -1
    outer loop
      vertex -6.062833677742738 0.4973797743297096 15.8
      vertex -5.954491731045847 0.8098740159062916 15.8
      vertex -6.015770597371044 0.2506664671286085 15.8
    endloop
  endfacet
  facet normal 0 0 -1
    outer loop
      vertex -6.062833677742738 0.4973797743297096 15.8
      vertex -6.140447028223497 0.736249105369356 15.8
      vertex -5.954491731045847 0.8098740159062916 15.8
    endloop
  endfacet
  facet normal 0 0 -1
    outer loop
      vertex -6.140447028223497 0.736249105369356 15.8
      vertex -6.0721253039034995 1.0598580830237738 15.8
      vertex -5.954491731045847 0.8098740159062916 15.8
    endloop
  endfacet
  facet normal 0 0 -1
    outer loop
      vertex -6.140447028223497 0.736249105369356 15.8
      vertex -6.247386639912273 0.9635073482034306 15.8
      vertex -6.0721253039034995 1.0598580830237738 15.8
    endloop
  endfacet
  facet normal 0 0 -1
    outer loop
      vertex -6.247386639912273 0.9635073482034306 15.8
      vertex -6.220162612375115 1.293127555043441 15.8
      vertex -6.0721253039034995 1.0598580830237738 15.8
    endloop
  endfacet
  facet normal 0.9861087472006765 0.06204070370604562 0.1540794917501057
    outer loop
      vertex -5.8 0 15.8
      vertex -5.817347657108149 0.27573311384146937 15.8
      vertex -6.313405007765388 0.21306649705931724 19
    endloop
  endfacet
  facet normal 0.9705572231845099 0.18514369215936702 0.15407949175010574
    outer loop
      vertex -5.817347657108149 0.27573311384146937 15.8
      vertex -5.869117045517012 0.5471177517626806 15.8
      vertex -6.353408626081327 0.42277280818025315 19
    endloop
  endfacet
  facet normal 0.9861087472006765 0.06204070370604544 0.15407949175010574
    outer loop
      vertex -5.8 0 15.8
      vertex -6.313405007765388 0.21306649705931724 19
      vertex -6.3 0 19
    endloop
  endfacet
  facet normal 0.97055722318451 0.18514369215936743 0.1540794917501057
    outer loop
      vertex -5.817347657108149 0.27573311384146937 15.8
      vertex -6.353408626081327 0.42277280818025315 19
      vertex -6.313405007765388 0.21306649705931724 19
    endloop
  endfacet
  facet normal 0.9396994319759416 0.3053268539878564 0.15407949175010577
    outer loop
      vertex -5.869117045517012 0.5471177517626806 15.8
      vertex -6.419379973989972 0.6258117395639525 19
      vertex -6.353408626081327 0.42277280818025315 19
    endloop
  endfacet
  facet normal 0.9396994319759413 0.3053268539878573 0.1540794917501057
    outer loop
      vertex -5.869117045517012 0.5471177517626806 15.8
      vertex -5.954491731045847 0.8098740159062916 15.8
      vertex -6.419379973989972 0.6258117395639525 19
    endloop
  endfacet
  facet normal 0.894022019375882 0.4206948289355349 0.15407949175010585
    outer loop
      vertex -6.0721253039034995 1.0598580830237738 15.8
      vertex -6.510278643925432 0.818981245972916 19
      vertex -5.954491731045847 0.8098740159062916 15.8
    endloop
  endfacet
  facet normal 0 0 1
    outer loop
      vertex -8.37476262917145 -1.9645745014573772 11.200000000000001
      vertex -8.37476262917145 1.9645745014573774 11.200000000000001
      vertex -8.5 -1.9324190099414154 11.200000000000001
    endloop
  endfacet
  facet normal 0 0 1
    outer loop
      vertex -8.125581039058627 -1.9960534568565431 11.200000000000001
      vertex -7.625237370828551 1.9645745014573774 11.200000000000001
      vertex -8.37476262917145 -1.9645745014573772 11.200000000000001
    endloop
  endfacet
  facet normal 0 0 1
    outer loop
      vertex -8.125581039058627 -1.9960534568565431 11.200000000000001
      vertex -7.874418960941372 -1.9960534568565431 11.200000000000001
      vertex -7.625237370828551 1.9645745014573774 11.200000000000001
    endloop
  endfacet
  facet normal 0 0 1
    outer loop
      vertex -7.62523737082855 -1.9645745014573772 11.200000000000001
      vertex -7.625237370828551 1.9645745014573774 11.200000000000001
      vertex -7.874418960941372 -1.9960534568565431 11.200000000000001
    endloop
  endfacet
  facet normal 0 0 1
    outer loop
      vertex -7.62523737082855 -1.9645745014573772 11.200000000000001
      vertex -7.5 -1.9324190099414154 11.200000000000001
      vertex -7.5 1.9324190099414154 11.200000000000001
    endloop
  endfacet
  facet normal 1 0 0
    outer loop
      vertex -8.5 -1.9324190099414154 11.200000000000001
      vertex -8.5 1.9324190099414154 11.200000000000001
      vertex -8.5 -1.9324190099414154 15.8
    endloop
  endfacet
  facet normal 1 0 0
    outer loop
      vertex -8.5 -1.9324190099414154 15.8
      vertex -8.5 -1.880899080188283 17.400000000000002
      vertex -8.5 -2.138498728953943 15.8
    endloop
  endfacet
  facet normal -1 0 0
    outer loop
      vertex -7.5 -1.9324190099414154 15.8
      vertex -7.5 -2.138498728953943 15.8
      vertex -7.5 -1.880899080188283 17.400000000000002
    endloop
  endfacet
  facet normal -1 0 0
    outer loop
      vertex -7.5 -1.9324190099414154 15.8
      vertex -7.5 1.9324190099414154 15.8
      vertex -7.5 -1.9324190099414154 11.200000000000001
    endloop
  endfacet
  facet normal -1 0 0
    outer loop
      vertex -7.5 -1.9324190099414154 15.8
      vertex -7.5 -1.880899080188283 17.400000000000002
      vertex -7.5 1.9324190099414154 15.8
    endloop
  endfacet
  facet normal 1 0 0
    outer loop
      vertex -8.5 -1.9324190099414154 15.8
      vertex -8.5 1.8808990801882832 17.400000000000002
      vertex -8.5 -1.880899080188283 17.400000000000002
    endloop
  endfacet
  facet normal 0 0 -1
    outer loop
      vertex -8.365393563442163 -1.9154601389209425 17.400000000000002
      vertex -8.5 -1.880899080188283 17.400000000000002
      vertex -8.5 1.8808990801882832 17.400000000000002
    endloop
  endfacet
  facet normal 0 0 -1
    outer loop
      vertex -8.122441513082162 -1.9461521204351293 17.400000000000002
      vertex -8.365393563442163 -1.9154601389209425 17.400000000000002
      vertex -8.365393563442163 1.9154601389209427 17.400000000000002
    endloop
  endfacet
  facet normal 0 0 -1
    outer loop
      vertex -8.122441513082162 -1.9461521204351293 17.400000000000002
      vertex -8.365393563442163 1.9154601389209427 17.400000000000002
      vertex -7.877558486917838 -1.9461521204351293 17.400000000000002
    endloop
  endfacet
  facet normal 0 0 -1
    outer loop
      vertex -8.365393563442163 1.9154601389209427 17.400000000000002
      vertex -7.634606436557837 -1.9154601389209425 17.400000000000002
      vertex -7.877558486917838 -1.9461521204351293 17.400000000000002
    endloop
  endfacet
  facet normal 0 0 -1
    outer loop
      vertex -7.634606436557837 -1.9154601389209425 17.400000000000002
      vertex -7.634606436557837 1.9154601389209427 17.400000000000002
      vertex -7.5 -1.880899080188283 17.400000000000002
    endloop
  endfacet
  facet normal 0 0 1
    outer loop
      vertex -8.5 -1.9324190099414154 11.200000000000001
      vertex -8.37476262917145 1.9645745014573774 11.200000000000001
      vertex -8.5 1.9324190099414154 11.200000000000001
    endloop
  endfacet
  facet normal 0 0 1
    outer loop
      vertex -8.37476262917145 -1.9645745014573772 11.200000000000001
      vertex -8.125581039058627 1.9960534568565431 11.200000000000001
      vertex -8.37476262917145 1.9645745014573774 11.200000000000001
    endloop
  endfacet
  facet normal 0 0 1
    outer loop
      vertex -8.37476262917145 -1.9645745014573772 11.200000000000001
      vertex -7.874418960941373 1.9960534568565431 11.200000000000001
      vertex -8.125581039058627 1.9960534568565431 11.200000000000001
    endloop
  endfacet
  facet normal 0 0 1
    outer loop
      vertex -8.37476262917145 -1.9645745014573772 11.200000000000001
      vertex -7.625237370828551 1.9645745014573774 11.200000000000001
      vertex -7.874418960941373 1.9960534568565431 11.200000000000001
    endloop
  endfacet
  facet normal 0 0 1
    outer loop
      vertex -7.62523737082855 -1.9645745014573772 11.200000000000001
      vertex -7.5 1.9324190099414154 11.200000000000001
      vertex -7.625237370828551 1.9645745014573774 11.200000000000001
    endloop
  endfacet
  facet normal -1 0 0
    outer loop
      vertex -7.5 -1.9324190099414154 11.200000000000001
      vertex -7.5 1.9324190099414154 15.8
      vertex -7.5 1.9324190099414154 11.200000000000001
    endloop
  endfacet
  facet normal 1 0 0
    outer loop
      vertex -8.5 1.9324190099414154 15.8
      vertex -8.5 -1.9324190099414154 15.8
      vertex -8.5 1.9324190099414154 11.200000000000001
    endloop
  endfacet
  facet normal 1 0 0
    outer loop
      vertex -8.5 1.9324190099414154 15.8
      vertex -8.5 1.8808990801882832 17.400000000000002
      vertex -8.5 -1.9324190099414154 15.8
    endloop
  endfacet
  facet normal 0 0 -1
    outer loop
      vertex -8.365393563442163 -1.9154601389209425 17.400000000000002
      vertex -8.5 1.8808990801882832 17.400000000000002
      vertex -8.365393563442163 1.9154601389209427 17.400000000000002
    endloop
  endfacet
  facet normal 0 0 -1
    outer loop
      vertex -8.12244151308216 1.9461521204351293 17.400000000000002
      vertex -7.634606436557837 -1.9154601389209425 17.400000000000002
      vertex -8.365393563442163 1.9154601389209427 17.400000000000002
    endloop
  endfacet
  facet normal 0 0 -1
    outer loop
      vertex -8.12244151308216 1.9461521204351293 17.400000000000002
      vertex -7.877558486917839 1.9461521204351293 17.400000000000002
      vertex -7.634606436557837 -1.9154601389209425 17.400000000000002
    endloop
  endfacet
  facet normal -1 0 0
    outer loop
      vertex -7.5 1.9324190099414154 15.8
      vertex -7.5 -1.880899080188283 17.400000000000002
      vertex -7.5 1.8808990801882832 17.400000000000002
    endloop
  endfacet
  facet normal 0 0 -1
    outer loop
      vertex -7.634606436557837 -1.9154601389209425 17.400000000000002
      vertex -7.877558486917839 1.9461521204351293 17.400000000000002
      vertex -7.634606436557837 1.9154601389209427 17.400000000000002
    endloop
  endfacet
  facet normal 0 0 -1
    outer loop
      vertex -7.634606436557837 1.9154601389209427 17.400000000000002
      vertex -7.5 1.8808990801882832 17.400000000000002
      vertex -7.5 -1.880899080188283 17.400000000000002
    endloop
  endfacet
  facet normal 1 0 0
    outer loop
      vertex -8.5 1.9324190099414154 15.8
      vertex -8.5 2.138498728953943 15.8
      vertex -8.5 1.8808990801882832 17.400000000000002
    endloop
  endfacet
  facet normal -1 0 0
    outer loop
      vertex -7.5 1.9324190099414154 15.8
      vertex -7.5 1.8808990801882832 17.400000000000002
      vertex -7.5 2.138498728953943 15.8
    endloop
  endfacet
  facet normal 0 0 -1
    outer loop
      vertex -10.868407953869102 -3.467309592491052 0.39
      vertex -11.280358823396352 -3.080461976679098 0.39
      vertex -11.280358823396352 3.080461976679098 0.39
    endloop
  endfacet
  facet normal 0 0 -1
    outer loop
      vertex -10.411220577405485 -3.799475664759068 0.39
      vertex -10.868407953869102 -3.467309592491052 0.39
      vertex -10.868407953869102 3.467309592491052 0.39
    endloop
  endfacet
  facet normal 0 0 -1
    outer loop
      vertex -9.916006812042825 -4.071721736097088 0.39
      vertex -10.411220577405485 -3.799475664759068 0.39
      vertex -10.411220577405485 3.799475664759068 0.39
    endloop
  endfacet
  facet normal 0 0 -1
    outer loop
      vertex -9.390576474687263 -4.2797543233281905 0.39
      vertex -9.916006812042825 -4.071721736097088 0.39
      vertex -9.916006812042827 4.071721736097087 0.39
    endloop
  endfacet
  facet normal 0 0 -1
    outer loop
      vertex -11.640576474687263 -2.6450336353161292 0.39
      vertex -11.943380060197386 -2.1678915334577193 0.39
      vertex -11.943380060197386 2.1678915334577193 0.39
    endloop
  endfacet
  facet normal 0 0 -1
    outer loop
      vertex -11.943380060197386 -2.1678915334577193 0.39
      vertex -12.18399418649713 -1.6565604870810504 0.39
      vertex -12.18399418649713 1.6565604870810504 0.39
    endloop
  endfacet
  facet normal 0 0 -1
    outer loop
      vertex -11.280358823396352 -3.080461976679098 0.39
      vertex -11.640576474687263 -2.6450336353161292 0.39
      vertex -11.640576474687263 2.6450336353161292 0.39
    endloop
  endfacet
  facet normal 0 0 -1
    outer loop
      vertex -12.18399418649713 -1.6565604870810504 0.39
      vertex -12.35862422507884 -1.119104492241847 0.39
      vertex -12.35862422507884 1.119104492241847 0.39
    endloop
  endfacet
  facet normal 0 0 -1
    outer loop
      vertex -12.35862422507884 -1.119104492241847 0.39
      vertex -12.46451615591515 -0.5639995510393683 0.39
      vertex -12.46451615591515 0.5639995510393683 0.39
    endloop
  endfacet
  facet normal 0 0 -1
    outer loop
      vertex -8.843215915635762 -4.420292628279099 0.39
      vertex -9.390576474687263 -4.2797543233281905 0.39
      vertex -9.390576474687263 4.2797543233281905 0.39
    endloop
  endfacet
  facet normal 0 0 -1
    outer loop
      vertex -8.282557337881912 -4.491120277927222 0.39
      vertex -8.843215915635762 -4.420292628279099 0.39
      vertex -8.84321591563576 4.420292628279099 0.39
    endloop
  endfacet
  facet normal 0 0 -1
    outer loop
      vertex -7.7174426621180885 -4.491120277927222 0.39
      vertex -8.282557337881912 -4.491120277927222 0.39
      vertex -8.28255733788191 4.491120277927222 0.39
    endloop
  endfacet
  facet normal 0 0 -1
    outer loop
      vertex -7.156784084364238 -4.420292628279099 0.39
      vertex -7.7174426621180885 -4.491120277927222 0.39
      vertex -7.71744266211809 4.491120277927222 0.39
    endloop
  endfacet
  facet normal 0 0 -1
    outer loop
      vertex -6.609423525312737 -4.2797543233281905 0.39
      vertex -7.156784084364238 -4.420292628279099 0.39
      vertex -7.156784084364239 4.420292628279099 0.39
    endloop
  endfacet
  facet normal 0 0 -1
    outer loop
      vertex -6.083993187957174 -4.071721736097088 0.39
      vertex -6.609423525312737 -4.2797543233281905 0.39
      vertex -6.609423525312737 4.2797543233281905 0.39
    endloop
  endfacet
  facet normal 0 0 -1
    outer loop
      vertex -5.588779422594516 -3.799475664759069 0.39
      vertex -6.083993187957174 -4.071721736097088 0.39
      vertex -6.083993187957173 4.071721736097087 0.39
    endloop
  endfacet
  facet normal 0 0 -1
    outer loop
      vertex -5.131592046130895 -3.4673095924910506 0.39
      vertex -5.588779422594516 -3.799475664759069 0.39
      vertex -5.588779422594515 3.799475664759068 0.39
    endloop
  endfacet
  facet normal 0 0 -1
    outer loop
      vertex -4.7196411766036475 -3.080461976679098 0.39
      vertex -5.131592046130895 -3.4673095924910506 0.39
      vertex -5.131592046130896 3.467309592491051 0.39
    endloop
  endfacet
  facet normal 0 0 -1
    outer loop
      vertex -4.359423525312737 -2.6450336353161292 0.39
      vertex -4.7196411766036475 -3.080461976679098 0.39
      vertex -4.719641176603648 3.080461976679099 0.39
    endloop
  endfacet
  facet normal 0 0 -1
    outer loop
      vertex -4.056619939802614 -2.1678915334577193 0.39
      vertex -4.359423525312737 -2.6450336353161292 0.39
      vertex -4.359423525312737 2.6450336353161292 0.39
    endloop
  endfacet
  facet normal 0 0 -1
    outer loop
      vertex -3.816005813502869 -1.6565604870810526 0.39
      vertex -4.056619939802614 -2.1678915334577193 0.39
      vertex -4.056619939802614 2.167891533457719 0.39
    endloop
  endfacet
  facet normal 0 0 -1
    outer loop
      vertex -3.6413757749211593 -1.119104492241845 0.39
      vertex -3.816005813502869 -1.6565604870810526 0.39
      vertex -3.816005813502869 1.6565604870810509 0.39
    endloop
  endfacet
  facet normal 0 0 -1
    outer loop
      vertex -3.5354838440848493 -0.5639995510393683 0.39
      vertex -3.6413757749211593 -1.119104492241845 0.39
      vertex -3.64137577492116 1.1191044922418465 0.39
    endloop
  endfacet
  facet normal 0 0 -1
    outer loop
      vertex -12.5 0 0.39
      vertex -12.46451615591515 0.5639995510393683 0.39
      vertex -12.46451615591515 -0.5639995510393683 0.39
    endloop
  endfacet
  facet normal 0 0 -1
    outer loop
      vertex -12.46451615591515 0.5639995510393683 0.39
      vertex -12.35862422507884 1.119104492241847 0.39
      vertex -12.35862422507884 -1.119104492241847 0.39
    endloop
  endfacet
  facet normal 0 0 -1
    outer loop
      vertex -12.35862422507884 1.119104492241847 0.39
      vertex -12.18399418649713 1.6565604870810504 0.39
      vertex -12.18399418649713 -1.6565604870810504 0.39
    endloop
  endfacet
  facet normal 0 0 -1
    outer loop
      vertex -12.18399418649713 1.6565604870810504 0.39
      vertex -11.943380060197386 2.1678915334577193 0.39
      vertex -11.943380060197386 -2.1678915334577193 0.39
    endloop
  endfacet
  facet normal 0 0 -1
    outer loop
      vertex -11.943380060197386 2.1678915334577193 0.39
      vertex -11.640576474687263 2.6450336353161292 0.39
      vertex -11.640576474687263 -2.6450336353161292 0.39
    endloop
  endfacet
  facet normal 0 0 -1
    outer loop
      vertex -11.640576474687263 2.6450336353161292 0.39
      vertex -11.280358823396352 3.080461976679098 0.39
      vertex -11.280358823396352 -3.080461976679098 0.39
    endloop
  endfacet
  facet normal 0 0 -1
    outer loop
      vertex -11.280358823396352 3.080461976679098 0.39
      vertex -10.868407953869102 3.467309592491052 0.39
      vertex -10.868407953869102 -3.467309592491052 0.39
    endloop
  endfacet
  facet normal 0 0 -1
    outer loop
      vertex -10.868407953869102 3.467309592491052 0.39
      vertex -10.411220577405485 3.799475664759068 0.39
      vertex -10.411220577405485 -3.799475664759068 0.39
    endloop
  endfacet
  facet normal 0 0 -1
    outer loop
      vertex -10.411220577405485 3.799475664759068 0.39
      vertex -9.916006812042827 4.071721736097087 0.39
      vertex -9.916006812042825 -4.071721736097088 0.39
    endloop
  endfacet
  facet normal 0 0 -1
    outer loop
      vertex -9.916006812042827 4.071721736097087 0.39
      vertex -9.390576474687263 4.2797543233281905 0.39
      vertex -9.390576474687263 -4.2797543233281905 0.39
    endloop
  endfacet
  facet normal 0 0 -1
    outer loop
      vertex -9.390576474687263 4.2797543233281905 0.39
      vertex -8.84321591563576 4.420292628279099 0.39
      vertex -8.843215915635762 -4.420292628279099 0.39
    endloop
  endfacet
  facet normal 0 0 -1
    outer loop
      vertex -8.84321591563576 4.420292628279099 0.39
      vertex -8.28255733788191 4.491120277927222 0.39
      vertex -8.282557337881912 -4.491120277927222 0.39
    endloop
  endfacet
  facet normal 0 0 -1
    outer loop
      vertex -8.28255733788191 4.491120277927222 0.39
      vertex -7.71744266211809 4.491120277927222 0.39
      vertex -7.7174426621180885 -4.491120277927222 0.39
    endloop
  endfacet
  facet normal 0 0 -1
    outer loop
      vertex -7.71744266211809 4.491120277927222 0.39
      vertex -7.156784084364239 4.420292628279099 0.39
      vertex -7.156784084364238 -4.420292628279099 0.39
    endloop
  endfacet
  facet normal 0 0 -1
    outer loop
      vertex -7.156784084364239 4.420292628279099 0.39
      vertex -6.609423525312737 4.2797543233281905 0.39
      vertex -6.609423525312737 -4.2797543233281905 0.39
    endloop
  endfacet
  facet normal 0 0 -1
    outer loop
      vertex -6.609423525312737 4.2797543233281905 0.39
      vertex -6.083993187957173 4.071721736097087 0.39
      vertex -6.083993187957174 -4.071721736097088 0.39
    endloop
  endfacet
  facet normal 0 0 -1
    outer loop
      vertex -3.5 0 0.39
      vertex -3.5354838440848493 -0.5639995510393683 0.39
      vertex -3.5354838440848493 0.5639995510393692 0.39
    endloop
  endfacet
  facet normal 0 0 -1
    outer loop
      vertex -3.64137577492116 1.1191044922418465 0.39
      vertex -3.5354838440848493 0.5639995510393692 0.39
      vertex -3.5354838440848493 -0.5639995510393683 0.39
    endloop
  endfacet
  facet normal 0 0 -1
    outer loop
      vertex -3.816005813502869 1.6565604870810509 0.39
      vertex -3.64137577492116 1.1191044922418465 0.39
      vertex -3.6413757749211593 -1.119104492241845 0.39
    endloop
  endfacet
  facet normal 0 0 -1
    outer loop
      vertex -4.719641176603648 3.080461976679099 0.39
      vertex -4.359423525312737 2.6450336353161292 0.39
      vertex -4.359423525312737 -2.6450336353161292 0.39
    endloop
  endfacet
  facet normal 0 0 -1
    outer loop
      vertex -4.359423525312737 2.6450336353161292 0.39
      vertex -4.056619939802614 2.167891533457719 0.39
      vertex -4.056619939802614 -2.1678915334577193 0.39
    endloop
  endfacet
  facet normal 0 0 -1
    outer loop
      vertex -4.056619939802614 2.167891533457719 0.39
      vertex -3.816005813502869 1.6565604870810509 0.39
      vertex -3.816005813502869 -1.6565604870810526 0.39
    endloop
  endfacet
  facet normal 0 0 -1
    outer loop
      vertex -6.083993187957173 4.071721736097087 0.39
      vertex -5.588779422594515 3.799475664759068 0.39
      vertex -5.588779422594516 -3.799475664759069 0.39
    endloop
  endfacet
  facet normal 0 0 -1
    outer loop
      vertex -5.588779422594515 3.799475664759068 0.39
      vertex -5.131592046130896 3.467309592491051 0.39
      vertex -5.131592046130895 -3.4673095924910506 0.39
    endloop
  endfacet
  facet normal 0 0 -1
    outer loop
      vertex -5.131592046130896 3.467309592491051 0.39
      vertex -4.719641176603648 3.080461976679099 0.39
      vertex -4.7196411766036475 -3.080461976679098 0.39
    endloop
  endfacet
  facet normal -0.48175367410171477 -0.8763066800438638 0
    outer loop
      vertex 5.588779422594515 -3.799475664759068 0
      vertex 6.083993187957174 -4.071721736097088 0
      vertex 6.083993187957174 -4.071721736097088 2.5
    endloop
  endfacet
  facet normal -0.5877852522924737 -0.8090169943749471 0
    outer loop
      vertex 5.131592046130897 -3.467309592491052 0
      vertex 5.588779422594515 -3.799475664759068 0
      vertex 5.588779422594515 -3.799475664759068 2.5
    endloop
  endfacet
  facet normal -0.5877852522924737 -0.8090169943749471 0
    outer loop
      vertex 5.131592046130897 -3.467309592491052 0
      vertex 5.588779422594515 -3.799475664759068 2.5
      vertex 5.131592046130897 -3.467309592491052 2.5
    endloop
  endfacet
  facet normal -0.48175367410171477 -0.8763066800438638 0
    outer loop
      vertex 5.588779422594515 -3.799475664759068 0
      vertex 6.083993187957174 -4.071721736097088 2.5
      vertex 5.588779422594515 -3.799475664759068 2.5
    endloop
  endfacet
  facet normal -0.7705132427757894 -0.6374239897486895 0
    outer loop
      vertex 4.7196411766036475 -3.080461976679098 0
      vertex 4.7196411766036475 -3.080461976679098 2.5
      vertex 4.359423525312737 -2.6450336353161292 2.5
    endloop
  endfacet
  facet normal -0.7705132427757894 -0.6374239897486895 0
    outer loop
      vertex 4.359423525312737 -2.6450336353161292 0
      vertex 4.7196411766036475 -3.080461976679098 0
      vertex 4.359423525312737 -2.6450336353161292 2.5
    endloop
  endfacet
  facet normal -0.8443279255020147 -0.5358267949789973 0
    outer loop
      vertex 4.359423525312737 -2.6450336353161292 0
      vertex 4.056619939802614 -2.1678915334577193 2.5
      vertex 4.056619939802614 -2.1678915334577193 0
    endloop
  endfacet
  facet normal -0.8443279255020147 -0.5358267949789973 0
    outer loop
      vertex 4.359423525312737 -2.6450336353161292 0
      vertex 4.359423525312737 -2.6450336353161292 2.5
      vertex 4.056619939802614 -2.1678915334577193 2.5
    endloop
  endfacet
  facet normal -0.6845471059286888 -0.7289686274214114 0
    outer loop
      vertex 5.131592046130897 -3.467309592491052 0
      vertex 5.131592046130897 -3.467309592491052 2.5
      vertex 4.7196411766036475 -3.080461976679098 0
    endloop
  endfacet
  facet normal 0 0 -1
    outer loop
      vertex 5.588779422594515 -3.799475664759068 0
      vertex 6.110452570338083 -1.7744031441593213 0
      vertex 6.083993187957174 -4.071721736097088 0
    endloop
  endfacet
  facet normal -0.6845471059286888 -0.7289686274214114 0
    outer loop
      vertex 4.7196411766036475 -3.080461976679098 0
      vertex 5.131592046130897 -3.467309592491052 2.5
      vertex 4.7196411766036475 -3.080461976679098 2.5
    endloop
  endfacet
  facet normal 0 0 -1
    outer loop
      vertex 5.131592046130897 -3.467309592491052 0
      vertex 5.589941867203828 -0.954209517604742 0
      vertex 5.588779422594515 -3.799475664759068 0
    endloop
  endfacet
  facet normal 0 0 -1
    outer loop
      vertex 6.083993187957174 -4.071721736097088 0
      vertex 6.110452570338083 -1.7744031441593213 0
      vertex 6.347743899905584 -1.9972345347117442 0
    endloop
  endfacet
  facet normal 0 0 -1
    outer loop
      vertex 5.588779422594515 -3.799475664759068 0
      vertex 5.902960532497271 -1.523588356046448 0
      vertex 6.110452570338083 -1.7744031441593213 0
    endloop
  endfacet
  facet normal 0 0 1
    outer loop
      vertex 5.588779422594515 -3.799475664759068 2.5
      vertex 6.083993187957174 -4.071721736097088 2.5
      vertex 5.861514082457022 -0.846686471174759 2.5
    endloop
  endfacet
  facet normal 0 0 1
    outer loop
      vertex 6.083993187957174 -4.071721736097088 2.5
      vertex 6.323372156930754 -1.5744583436359834 2.5
      vertex 6.139260912937621 -1.351906080272688 2.5
    endloop
  endfacet
  facet normal -0.9048270524660195 -0.42577929156507266 0
    outer loop
      vertex 4.056619939802614 -2.1678915334577193 0
      vertex 3.8160058135028683 -1.6565604870810504 2.5
      vertex 3.8160058135028683 -1.6565604870810504 0
    endloop
  endfacet
  facet normal -0.9048270524660195 -0.42577929156507266 0
    outer loop
      vertex 4.056619939802614 -2.1678915334577193 0
      vertex 4.056619939802614 -2.1678915334577193 2.5
      vertex 3.8160058135028683 -1.6565604870810504 2.5
    endloop
  endfacet
  facet normal -0.9510565162951538 -0.30901699437494684 0
    outer loop
      vertex 3.8160058135028683 -1.6565604870810504 0
      vertex 3.64137577492116 -1.119104492241847 2.5
      vertex 3.64137577492116 -1.119104492241847 0
    endloop
  endfacet
  facet normal -0.9510565162951538 -0.30901699437494684 0
    outer loop
      vertex 3.8160058135028683 -1.6565604870810504 0
      vertex 3.8160058135028683 -1.6565604870810504 2.5
      vertex 3.64137577492116 -1.119104492241847 2.5
    endloop
  endfacet
  facet normal 0 0 -1
    outer loop
      vertex 5.131592046130897 -3.467309592491052 0
      vertex 5.489351731091161 -0.6446249116885675 0
      vertex 5.589941867203828 -0.954209517604742 0
    endloop
  endfacet
  facet normal 0 0 -1
    outer loop
      vertex 5.588779422594515 -3.799475664759068 0
      vertex 5.728540059769635 -1.2487456694111547 0
      vertex 5.902960532497271 -1.523588356046448 0
    endloop
  endfacet
  facet normal 0 0 -1
    outer loop
      vertex 5.588779422594515 -3.799475664759068 0
      vertex 5.589941867203828 -0.954209517604742 0
      vertex 5.728540059769635 -1.2487456694111547 0
    endloop
  endfacet
  facet normal 0 0 -1
    outer loop
      vertex 5.131592046130897 -3.467309592491052 0
      vertex 5.428356017967763 -0.3248741858348065 0
      vertex 5.489351731091161 -0.6446249116885675 0
    endloop
  endfacet
  facet normal 0 0 -1
    outer loop
      vertex 5.131592046130897 -3.467309592491052 0
      vertex 5.407916666666667 0 0
      vertex 5.428356017967763 -0.3248741858348065 0
    endloop
  endfacet
  facet normal 0 0 1
    outer loop
      vertex 6.083993187957174 -4.071721736097088 2.5
      vertex 6.139260912937621 -1.351906080272688 2.5
      vertex 5.9844946358991145 -1.1080334504339453 2.5
    endloop
  endfacet
  facet normal 0 0 1
    outer loop
      vertex 6.083993187957174 -4.071721736097088 2.5
      vertex 5.9844946358991145 -1.1080334504339453 2.5
      vertex 5.861514082457022 -0.846686471174759 2.5
    endloop
  endfacet
  facet normal 0 0 1
    outer loop
      vertex 5.588779422594515 -3.799475664759068 2.5
      vertex 5.861514082457022 -0.846686471174759 2.5
      vertex 5.7722587294041485 -0.5719867404791661 2.5
    endloop
  endfacet
  facet normal 0 0 1
    outer loop
      vertex 5.131592046130897 -3.467309592491052 2.5
      vertex 4.7196411766036475 3.080461976679098 2.5
      vertex 4.7196411766036475 -3.080461976679098 2.5
    endloop
  endfacet
  facet normal 0 0 1
    outer loop
      vertex 5.131592046130897 -3.467309592491052 2.5
      vertex 5.588779422594515 -3.799475664759068 2.5
      vertex 5.131592046130897 3.467309592491052 2.5
    endloop
  endfacet
  facet normal 0 0 1
    outer loop
      vertex 5.588779422594515 -3.799475664759068 2.5
      vertex 5.7722587294041485 -0.5719867404791661 2.5
      vertex 5.718136186976701 -0.28826643719789935 2.5
    endloop
  endfacet
  facet normal 0 0 1
    outer loop
      vertex 5.588779422594515 -3.799475664759068 2.5
      vertex 5.718136186976701 -0.28826643719789935 2.5
      vertex 5.7 0 2.5
    endloop
  endfacet
  facet normal -0.9822872507286886 -0.1873813145857254 0
    outer loop
      vertex 3.64137577492116 -1.119104492241847 0
      vertex 3.5354838440848493 -0.5639995510393683 2.5
      vertex 3.5354838440848493 -0.5639995510393683 0
    endloop
  endfacet
  facet normal 0 0 -1
    outer loop
      vertex 4.359423525312737 -2.6450336353161292 0
      vertex 4.7196411766036475 3.080461976679098 0
      vertex 4.7196411766036475 -3.080461976679098 0
    endloop
  endfacet
  facet normal 0 0 -1
    outer loop
      vertex 4.359423525312737 -2.6450336353161292 0
      vertex 4.056619939802614 -2.1678915334577193 0
      vertex 4.359423525312737 2.6450336353161292 0
    endloop
  endfacet
  facet normal -0.9822872507286886 -0.1873813145857254 0
    outer loop
      vertex 3.64137577492116 -1.119104492241847 0
      vertex 3.64137577492116 -1.119104492241847 2.5
      vertex 3.5354838440848493 -0.5639995510393683 2.5
    endloop
  endfacet
  facet normal 0 0 -1
    outer loop
      vertex 3.8160058135028683 -1.6565604870810504 0
      vertex 3.64137577492116 -1.119104492241847 0
      vertex 3.8160058135028683 1.6565604870810504 0
    endloop
  endfacet
  facet normal 0 0 -1
    outer loop
      vertex 3.64137577492116 -1.119104492241847 0
      vertex 3.5354838440848493 -0.5639995510393683 0
      vertex 3.64137577492116 1.119104492241847 0
    endloop
  endfacet
  facet normal -0.9980267284282716 -0.06279051952931262 0
    outer loop
      vertex 3.5354838440848493 -0.5639995510393683 0
      vertex 3.5 0 2.5
      vertex 3.5 0 0
    endloop
  endfacet
  facet normal 0 0 -1
    outer loop
      vertex 4.056619939802614 -2.1678915334577193 0
      vertex 3.8160058135028683 -1.6565604870810504 0
      vertex 4.056619939802614 2.1678915334577193 0
    endloop
  endfacet
  facet normal -0.9980267284282716 -0.06279051952931262 0
    outer loop
      vertex 3.5354838440848493 -0.5639995510393683 0
      vertex 3.5354838440848493 -0.5639995510393683 2.5
      vertex 3.5 0 2.5
    endloop
  endfacet
  facet normal 0 0 -1
    outer loop
      vertex 5.131592046130897 -3.467309592491052 0
      vertex 4.7196411766036475 -3.080461976679098 0
      vertex 5.131592046130897 3.467309592491052 0
    endloop
  endfacet
  facet normal 0 0 1
    outer loop
      vertex 4.056619939802614 -2.1678915334577193 2.5
      vertex 3.8160058135028683 1.6565604870810504 2.5
      vertex 3.8160058135028683 -1.6565604870810504 2.5
    endloop
  endfacet
  facet normal 0 0 1
    outer loop
      vertex 4.359423525312737 -2.6450336353161292 2.5
      vertex 4.056619939802614 2.1678915334577193 2.5
      vertex 4.056619939802614 -2.1678915334577193 2.5
    endloop
  endfacet
  facet normal 0 0 1
    outer loop
      vertex 4.359423525312737 -2.6450336353161292 2.5
      vertex 4.7196411766036475 -3.080461976679098 2.5
      vertex 4.359423525312737 2.6450336353161292 2.5
    endloop
  endfacet
  facet normal 0 0 1
    outer loop
      vertex 3.8160058135028683 -1.6565604870810504 2.5
      vertex 3.64137577492116 1.119104492241847 2.5
      vertex 3.64137577492116 -1.119104492241847 2.5
    endloop
  endfacet
  facet normal 0 0 1
    outer loop
      vertex 3.64137577492116 -1.119104492241847 2.5
      vertex 3.5354838440848493 0.5639995510393683 2.5
      vertex 3.5354838440848493 -0.5639995510393683 2.5
    endloop
  endfacet
  facet normal -0.24868988716485588 -0.9685831611286307 0
    outer loop
      vertex 6.609423525312737 -4.2797543233281905 0
      vertex 7.156784084364238 -4.420292628279099 0
      vertex 7.156784084364238 -4.420292628279099 2.5
    endloop
  endfacet
  facet normal -0.36812455268467664 -0.9297764858882519 0
    outer loop
      vertex 6.083993187957174 -4.071721736097088 0
      vertex 6.609423525312737 -4.2797543233281905 0
      vertex 6.609423525312737 -4.2797543233281905 2.5
    endloop
  endfacet
  facet normal -0.12533323356430487 -0.9921147013144778 0
    outer loop
      vertex 7.156784084364238 -4.420292628279099 0
      vertex 7.7174426621180885 -4.491120277927222 0
      vertex 7.7174426621180885 -4.491120277927222 2.5
    endloop
  endfacet
  facet normal -0.24868988716485588 -0.9685831611286307 0
    outer loop
      vertex 6.609423525312737 -4.2797543233281905 0
      vertex 7.156784084364238 -4.420292628279099 2.5
      vertex 6.609423525312737 -4.2797543233281905 2.5
    endloop
  endfacet
  facet normal -0.36812455268467664 -0.9297764858882519 0
    outer loop
      vertex 6.083993187957174 -4.071721736097088 0
      vertex 6.609423525312737 -4.2797543233281905 2.5
      vertex 6.083993187957174 -4.071721736097088 2.5
    endloop
  endfacet
  facet normal -0.12533323356430487 -0.9921147013144778 0
    outer loop
      vertex 7.156784084364238 -4.420292628279099 0
      vertex 7.7174426621180885 -4.491120277927222 2.5
      vertex 7.156784084364238 -4.420292628279099 2.5
    endloop
  endfacet
  facet normal 0 0 -1
    outer loop
      vertex 6.609423525312737 -4.2797543233281905 0
      vertex 7.199002199163939 -2.465217744946729 0
      vertex 7.156784084364238 -4.420292628279099 0
    endloop
  endfacet
  facet normal 0 0 -1
    outer loop
      vertex 6.083993187957174 -4.071721736097088 0
      vertex 6.611092295181526 -2.188568343561682 0
      vertex 6.609423525312737 -4.2797543233281905 0
    endloop
  endfacet
  facet normal 0 0 -1
    outer loop
      vertex 7.156784084364238 -4.420292628279099 0
      vertex 7.837241740836725 -2.586968448980116 0
      vertex 7.7174426621180885 -4.491120277927222 0
    endloop
  endfacet
  facet normal 0 -1 0
    outer loop
      vertex 7.7174426621180885 -4.491120277927222 0
      vertex 8.282557337881912 -4.491120277927222 0
      vertex 8.282557337881912 -4.491120277927222 2.5
    endloop
  endfacet
  facet normal 0.12533323356430487 -0.9921147013144778 0
    outer loop
      vertex 8.282557337881912 -4.491120277927222 0
      vertex 8.843215915635762 -4.420292628279099 0
      vertex 8.843215915635762 -4.420292628279099 2.5
    endloop
  endfacet
  facet normal 0.24868988716485588 -0.9685831611286307 0
    outer loop
      vertex 8.843215915635762 -4.420292628279099 0
      vertex 9.390576474687263 -4.2797543233281905 0
      vertex 9.390576474687263 -4.2797543233281905 2.5
    endloop
  endfacet
  facet normal 0 -1 0
    outer loop
      vertex 7.7174426621180885 -4.491120277927222 0
      vertex 8.282557337881912 -4.491120277927222 2.5
      vertex 7.7174426621180885 -4.491120277927222 2.5
    endloop
  endfacet
  facet normal 0.12533323356430487 -0.9921147013144778 0
    outer loop
      vertex 8.282557337881912 -4.491120277927222 0
      vertex 8.843215915635762 -4.420292628279099 2.5
      vertex 8.282557337881912 -4.491120277927222 2.5
    endloop
  endfacet
  facet normal 0.24868988716485588 -0.9685831611286307 0
    outer loop
      vertex 8.843215915635762 -4.420292628279099 0
      vertex 9.390576474687263 -4.2797543233281905 2.5
      vertex 8.843215915635762 -4.420292628279099 2.5
    endloop
  endfacet
  facet normal 0 0 -1
    outer loop
      vertex 7.7174426621180885 -4.491120277927222 0
      vertex 7.837241740836725 -2.586968448980116 0
      vertex 8.282557337881912 -4.491120277927222 0
    endloop
  endfacet
  facet normal 0 0 -1
    outer loop
      vertex 8.282557337881912 -4.491120277927222 0
      vertex 8.485707982515748 -2.546170411159655 0
      vertex 8.843215915635762 -4.420292628279099 0
    endloop
  endfacet
  facet normal 0 0 -1
    outer loop
      vertex 8.843215915635762 -4.420292628279099 0
      vertex 9.103655405344298 -2.345387122246295 0
      vertex 9.390576474687263 -4.2797543233281905 0
    endloop
  endfacet
  facet normal 0 0 1
    outer loop
      vertex 6.609423525312737 -4.2797543233281905 2.5
      vertex 7.156784084364238 -4.420292628279099 2.5
      vertex 6.767598371548308 -1.9419542286546345 2.5
    endloop
  endfacet
  facet normal 0 0 1
    outer loop
      vertex 7.156784084364238 -4.420292628279099 2.5
      vertex 7.7174426621180885 -4.491120277927222 2.5
      vertex 7.569022976452833 -2.2592606766759835 2.5
    endloop
  endfacet
  facet normal 0 0 1
    outer loop
      vertex 7.7174426621180885 -4.491120277927222 2.5
      vertex 8.282557337881912 -4.491120277927222 2.5
      vertex 8.14441819491742 -2.295461475385024 2.5
    endloop
  endfacet
  facet normal 0 0 1
    outer loop
      vertex 8.282557337881912 -4.491120277927222 2.5
      vertex 8.843215915635762 -4.420292628279099 2.5
      vertex 8.14441819491742 -2.295461475385024 2.5
    endloop
  endfacet
  facet normal 0 0 1
    outer loop
      vertex 8.843215915635762 -4.420292628279099 2.5
      vertex 9.390576474687263 -4.2797543233281905 2.5
      vertex 8.710739087062379 -2.1874299874788528 2.5
    endloop
  endfacet
  facet normal 0 0 -1
    outer loop
      vertex 6.609423525312737 -4.2797543233281905 0
      vertex 6.896344594655702 -2.345387122246295 0
      vertex 7.199002199163939 -2.465217744946729 0
    endloop
  endfacet
  facet normal 0 0 -1
    outer loop
      vertex 6.609423525312737 -4.2797543233281905 0
      vertex 6.611092295181526 -2.188568343561682 0
      vertex 6.896344594655702 -2.345387122246295 0
    endloop
  endfacet
  facet normal 0 0 -1
    outer loop
      vertex 7.156784084364238 -4.420292628279099 0
      vertex 7.199002199163939 -2.465217744946729 0
      vertex 7.5142920174842525 -2.546170411159655 0
    endloop
  endfacet
  facet normal 0 0 -1
    outer loop
      vertex 7.156784084364238 -4.420292628279099 0
      vertex 7.5142920174842525 -2.546170411159655 0
      vertex 7.837241740836725 -2.586968448980116 0
    endloop
  endfacet
  facet normal 0 0 -1
    outer loop
      vertex 6.083993187957174 -4.071721736097088 0
      vertex 6.347743899905584 -1.9972345347117442 0
      vertex 6.611092295181526 -2.188568343561682 0
    endloop
  endfacet
  facet normal 0 0 -1
    outer loop
      vertex 8.282557337881912 -4.491120277927222 0
      vertex 7.837241740836725 -2.586968448980116 0
      vertex 8.162758259163276 -2.586968448980116 0
    endloop
  endfacet
  facet normal 0 0 -1
    outer loop
      vertex 8.282557337881912 -4.491120277927222 0
      vertex 8.162758259163276 -2.586968448980116 0
      vertex 8.485707982515748 -2.546170411159655 0
    endloop
  endfacet
  facet normal 0 0 -1
    outer loop
      vertex 8.843215915635762 -4.420292628279099 0
      vertex 8.485707982515748 -2.546170411159655 0
      vertex 8.800997800836061 -2.465217744946729 0
    endloop
  endfacet
  facet normal 0 0 -1
    outer loop
      vertex 8.843215915635762 -4.420292628279099 0
      vertex 8.800997800836061 -2.465217744946729 0
      vertex 9.103655405344298 -2.345387122246295 0
    endloop
  endfacet
  facet normal 0 0 -1
    outer loop
      vertex 9.390576474687263 -4.2797543233281905 0
      vertex 9.103655405344298 -2.345387122246295 0
      vertex 9.388907704818473 -2.1885683435616823 0
    endloop
  endfacet
  facet normal 0 0 1
    outer loop
      vertex 6.083993187957174 -4.071721736097088 2.5
      vertex 6.609423525312737 -4.2797543233281905 2.5
      vertex 6.323372156930754 -1.5744583436359834 2.5
    endloop
  endfacet
  facet normal 0 0 1
    outer loop
      vertex 7.156784084364238 -4.420292628279099 2.5
      vertex 7.020707629400333 -2.081102220671845 2.5
      vertex 6.767598371548308 -1.9419542286546345 2.5
    endloop
  endfacet
  facet normal 0 0 1
    outer loop
      vertex 7.156784084364238 -4.420292628279099 2.5
      vertex 7.569022976452833 -2.2592606766759835 2.5
      vertex 7.289260912937621 -2.1874299874788528 2.5
    endloop
  endfacet
  facet normal 0 0 1
    outer loop
      vertex 7.156784084364238 -4.420292628279099 2.5
      vertex 7.289260912937621 -2.1874299874788528 2.5
      vertex 7.020707629400333 -2.081102220671845 2.5
    endloop
  endfacet
  facet normal 0 0 1
    outer loop
      vertex 7.7174426621180885 -4.491120277927222 2.5
      vertex 7.855581805082578 -2.295461475385024 2.5
      vertex 7.569022976452833 -2.2592606766759835 2.5
    endloop
  endfacet
  facet normal 0 0 1
    outer loop
      vertex 6.609423525312737 -4.2797543233281905 2.5
      vertex 6.767598371548308 -1.9419542286546345 2.5
      vertex 6.533924823578014 -1.7721804583843155 2.5
    endloop
  endfacet
  facet normal 0 0 1
    outer loop
      vertex 6.609423525312737 -4.2797543233281905 2.5
      vertex 6.533924823578014 -1.7721804583843155 2.5
      vertex 6.323372156930754 -1.5744583436359834 2.5
    endloop
  endfacet
  facet normal 0 0 1
    outer loop
      vertex 7.7174426621180885 -4.491120277927222 2.5
      vertex 8.14441819491742 -2.295461475385024 2.5
      vertex 7.855581805082578 -2.295461475385024 2.5
    endloop
  endfacet
  facet normal 0 0 1
    outer loop
      vertex 8.843215915635762 -4.420292628279099 2.5
      vertex 8.430977023547166 -2.2592606766759835 2.5
      vertex 8.14441819491742 -2.295461475385024 2.5
    endloop
  endfacet
  facet normal 0 0 1
    outer loop
      vertex 8.843215915635762 -4.420292628279099 2.5
      vertex 8.710739087062379 -2.1874299874788528 2.5
      vertex 8.430977023547166 -2.2592606766759835 2.5
    endloop
  endfacet
  facet normal 0 0 1
    outer loop
      vertex 9.390576474687263 -4.2797543233281905 2.5
      vertex 8.979292370599666 -2.081102220671845 2.5
      vertex 8.710739087062379 -2.1874299874788528 2.5
    endloop
  endfacet
  facet normal 0 0 1
    outer loop
      vertex 9.390576474687263 -4.2797543233281905 2.5
      vertex 9.232401628451692 -1.941954228654635 2.5
      vertex 8.979292370599666 -2.081102220671845 2.5
    endloop
  endfacet
  facet normal 0.36812455268467714 -0.9297764858882517 0
    outer loop
      vertex 9.390576474687263 -4.2797543233281905 0
      vertex 9.916006812042825 -4.071721736097088 0
      vertex 9.916006812042825 -4.071721736097088 2.5
    endloop
  endfacet
  facet normal 0.36812455268467714 -0.9297764858882517 0
    outer loop
      vertex 9.390576474687263 -4.2797543233281905 0
      vertex 9.916006812042825 -4.071721736097088 2.5
      vertex 9.390576474687263 -4.2797543233281905 2.5
    endloop
  endfacet
  facet normal 0.4817536741017142 -0.876306680043864 0
    outer loop
      vertex 9.916006812042825 -4.071721736097088 0
      vertex 10.411220577405484 -3.799475664759069 2.5
      vertex 9.916006812042825 -4.071721736097088 2.5
    endloop
  endfacet
  facet normal 0 0 -1
    outer loop
      vertex 9.390576474687263 -4.2797543233281905 0
      vertex 9.652256100094416 -1.9972345347117433 0
      vertex 9.916006812042825 -4.071721736097088 0
    endloop
  endfacet
  facet normal 0.4817536741017142 -0.876306680043864 0
    outer loop
      vertex 9.916006812042825 -4.071721736097088 0
      vertex 10.411220577405484 -3.799475664759069 0
      vertex 10.411220577405484 -3.799475664759069 2.5
    endloop
  endfacet
  facet normal 0.5877852522924725 -0.8090169943749479 0
    outer loop
      vertex 10.411220577405484 -3.799475664759069 0
      vertex 10.868407953869106 -3.4673095924910506 0
      vertex 10.868407953869106 -3.4673095924910506 2.5
    endloop
  endfacet
  facet normal 0.5877852522924725 -0.8090169943749479 0
    outer loop
      vertex 10.411220577405484 -3.799475664759069 0
      vertex 10.868407953869106 -3.4673095924910506 2.5
      vertex 10.411220577405484 -3.799475664759069 2.5
    endloop
  endfacet
  facet normal 0 0 1
    outer loop
      vertex 9.390576474687263 -4.2797543233281905 2.5
      vertex 9.916006812042825 -4.071721736097088 2.5
      vertex 9.232401628451692 -1.941954228654635 2.5
    endloop
  endfacet
  facet normal 0 0 -1
    outer loop
      vertex 9.916006812042825 -4.071721736097088 0
      vertex 10.097039467502729 -1.523588356046448 0
      vertex 10.411220577405484 -3.799475664759069 0
    endloop
  endfacet
  facet normal 0 0 -1
    outer loop
      vertex 9.390576474687263 -4.2797543233281905 0
      vertex 9.388907704818473 -2.1885683435616823 0
      vertex 9.652256100094416 -1.9972345347117433 0
    endloop
  endfacet
  facet normal 0 0 -1
    outer loop
      vertex 9.916006812042825 -4.071721736097088 0
      vertex 9.652256100094416 -1.9972345347117433 0
      vertex 9.889547429661917 -1.7744031441593213 0
    endloop
  endfacet
  facet normal 0 0 -1
    outer loop
      vertex 9.916006812042825 -4.071721736097088 0
      vertex 9.889547429661917 -1.7744031441593213 0
      vertex 10.097039467502729 -1.523588356046448 0
    endloop
  endfacet
  facet normal 0.6845471059286907 -0.7289686274214096 0
    outer loop
      vertex 10.868407953869106 -3.4673095924910506 0
      vertex 11.280358823396352 -3.080461976679098 0
      vertex 11.280358823396352 -3.080461976679098 2.5
    endloop
  endfacet
  facet normal 0.7705132427757886 -0.6374239897486904 0
    outer loop
      vertex 11.280358823396352 -3.080461976679098 0
      vertex 11.640576474687263 -2.6450336353161292 0
      vertex 11.280358823396352 -3.080461976679098 2.5
    endloop
  endfacet
  facet normal 0.6845471059286907 -0.7289686274214096 0
    outer loop
      vertex 10.868407953869106 -3.4673095924910506 0
      vertex 11.280358823396352 -3.080461976679098 2.5
      vertex 10.868407953869106 -3.4673095924910506 2.5
    endloop
  endfacet
  facet normal 0.8443279255020147 -0.5358267949789973 0
    outer loop
      vertex 11.640576474687263 -2.6450336353161292 0
      vertex 11.943380060197386 -2.1678915334577193 0
      vertex 11.640576474687263 -2.6450336353161292 2.5
    endloop
  endfacet
  facet normal 0.7705132427757886 -0.6374239897486904 0
    outer loop
      vertex 11.640576474687263 -2.6450336353161292 0
      vertex 11.640576474687263 -2.6450336353161292 2.5
      vertex 11.280358823396352 -3.080461976679098 2.5
    endloop
  endfacet
  facet normal 0.8443279255020147 -0.5358267949789973 0
    outer loop
      vertex 11.943380060197386 -2.1678915334577193 0
      vertex 11.943380060197386 -2.1678915334577193 2.5
      vertex 11.640576474687263 -2.6450336353161292 2.5
    endloop
  endfacet
  facet normal 0 0 1
    outer loop
      vertex 9.916006812042825 -4.071721736097088 2.5
      vertex 10.411220577405484 -3.799475664759069 2.5
      vertex 9.86073908706238 -1.351906080272688 2.5
    endloop
  endfacet
  facet normal 0 0 1
    outer loop
      vertex 9.916006812042825 -4.071721736097088 2.5
      vertex 9.466075176421986 -1.7721804583843146 2.5
      vertex 9.232401628451692 -1.941954228654635 2.5
    endloop
  endfacet
  facet normal 0 0 1
    outer loop
      vertex 9.916006812042825 -4.071721736097088 2.5
      vertex 9.676627843069246 -1.5744583436359834 2.5
      vertex 9.466075176421986 -1.7721804583843146 2.5
    endloop
  endfacet
  facet normal 0 0 1
    outer loop
      vertex 9.916006812042825 -4.071721736097088 2.5
      vertex 9.86073908706238 -1.351906080272688 2.5
      vertex 9.676627843069246 -1.5744583436359834 2.5
    endloop
  endfacet
  facet normal 0 0 -1
    outer loop
      vertex 10.411220577405484 -3.799475664759069 0
      vertex 10.097039467502729 -1.523588356046448 0
      vertex 10.271459940230365 -1.2487456694111547 0
    endloop
  endfacet
  facet normal 0 0 -1
    outer loop
      vertex 10.411220577405484 -3.799475664759069 0
      vertex 10.271459940230365 -1.2487456694111547 0
      vertex 10.410058132796172 -0.9542095176047434 0
    endloop
  endfacet
  facet normal 0 0 -1
    outer loop
      vertex 10.411220577405484 -3.799475664759069 0
      vertex 10.410058132796172 -0.9542095176047434 0
      vertex 10.51064826890884 -0.6446249116885665 0
    endloop
  endfacet
  facet normal 0 0 -1
    outer loop
      vertex 10.411220577405484 -3.799475664759069 0
      vertex 10.51064826890884 -0.6446249116885665 0
      vertex 10.571643982032237 -0.3248741858348065 0
    endloop
  endfacet
  facet normal 0 0 -1
    outer loop
      vertex 10.411220577405484 -3.799475664759069 0
      vertex 10.571643982032237 -0.3248741858348065 0
      vertex 10.592083333333333 0 0
    endloop
  endfacet
  facet normal 0 0 -1
    outer loop
      vertex 10.411220577405484 -3.799475664759069 0
      vertex 10.868407953869104 3.467309592491051 0
      vertex 10.868407953869106 -3.4673095924910506 0
    endloop
  endfacet
  facet normal 0.9048270524660195 -0.4257792915650729 0
    outer loop
      vertex 11.943380060197386 -2.1678915334577193 0
      vertex 12.18399418649713 -1.6565604870810526 0
      vertex 11.943380060197386 -2.1678915334577193 2.5
    endloop
  endfacet
  facet normal 0.9048270524660195 -0.4257792915650729 0
    outer loop
      vertex 12.18399418649713 -1.6565604870810526 0
      vertex 12.18399418649713 -1.6565604870810526 2.5
      vertex 11.943380060197386 -2.1678915334577193 2.5
    endloop
  endfacet
  facet normal 0 0 -1
    outer loop
      vertex 10.868407953869106 -3.4673095924910506 0
      vertex 11.280358823396352 3.080461976679099 0
      vertex 11.280358823396352 -3.080461976679098 0
    endloop
  endfacet
  facet normal 0.9510565162951531 -0.3090169943749489 0
    outer loop
      vertex 12.18399418649713 -1.6565604870810526 0
      vertex 12.358624225078842 -1.119104492241845 0
      vertex 12.18399418649713 -1.6565604870810526 2.5
    endloop
  endfacet
  facet normal 0.9510565162951531 -0.3090169943749489 0
    outer loop
      vertex 12.358624225078842 -1.119104492241845 0
      vertex 12.358624225078842 -1.119104492241845 2.5
      vertex 12.18399418649713 -1.6565604870810526 2.5
    endloop
  endfacet
  facet normal 0 0 1
    outer loop
      vertex 10.411220577405484 -3.799475664759069 2.5
      vertex 10.015505364100886 -1.1080334504339453 2.5
      vertex 9.86073908706238 -1.351906080272688 2.5
    endloop
  endfacet
  facet normal 0 0 1
    outer loop
      vertex 10.411220577405484 -3.799475664759069 2.5
      vertex 10.138485917542978 -0.8466864711747601 2.5
      vertex 10.015505364100886 -1.1080334504339453 2.5
    endloop
  endfacet
  facet normal 0 0 1
    outer loop
      vertex 10.411220577405484 -3.799475664759069 2.5
      vertex 10.227741270595851 -0.5719867404791652 2.5
      vertex 10.138485917542978 -0.8466864711747601 2.5
    endloop
  endfacet
  facet normal 0 0 1
    outer loop
      vertex 10.411220577405484 -3.799475664759069 2.5
      vertex 10.2818638130233 -0.28826643719789935 2.5
      vertex 10.227741270595851 -0.5719867404791652 2.5
    endloop
  endfacet
  facet normal 0 0 1
    outer loop
      vertex 10.411220577405484 -3.799475664759069 2.5
      vertex 10.3 0 2.5
      vertex 10.2818638130233 -0.28826643719789935 2.5
    endloop
  endfacet
  facet normal 0 0 1
    outer loop
      vertex 10.411220577405484 -3.799475664759069 2.5
      vertex 10.868407953869106 -3.4673095924910506 2.5
      vertex 10.411220577405485 3.799475664759068 2.5
    endloop
  endfacet
  facet normal 0 0 -1
    outer loop
      vertex 10.411220577405484 -3.799475664759069 0
      vertex 10.592083333333333 0 0
      vertex 10.868407953869104 3.467309592491051 0
    endloop
  endfacet
  facet normal 0 0 -1
    outer loop
      vertex 11.280358823396352 -3.080461976679098 0
      vertex 11.640576474687263 2.6450336353161292 0
      vertex 11.640576474687263 -2.6450336353161292 0
    endloop
  endfacet
  facet normal 0 0 -1
    outer loop
      vertex 11.640576474687263 -2.6450336353161292 0
      vertex 11.943380060197386 2.167891533457719 0
      vertex 11.943380060197386 -2.1678915334577193 0
    endloop
  endfacet
  facet normal 0.9822872507286889 -0.187381314585723 0
    outer loop
      vertex 12.358624225078842 -1.119104492241845 0
      vertex 12.46451615591515 -0.5639995510393683 0
      vertex 12.358624225078842 -1.119104492241845 2.5
    endloop
  endfacet
  facet normal 0 0 -1
    outer loop
      vertex 11.943380060197386 -2.1678915334577193 0
      vertex 12.18399418649713 1.6565604870810509 0
      vertex 12.18399418649713 -1.6565604870810526 0
    endloop
  endfacet
  facet normal 0.9822872507286889 -0.187381314585723 0
    outer loop
      vertex 12.46451615591515 -0.5639995510393683 0
      vertex 12.46451615591515 -0.5639995510393683 2.5
      vertex 12.358624225078842 -1.119104492241845 2.5
    endloop
  endfacet
  facet normal 0 0 -1
    outer loop
      vertex 12.18399418649713 -1.6565604870810526 0
      vertex 12.35862422507884 1.1191044922418465 0
      vertex 12.358624225078842 -1.119104492241845 0
    endloop
  endfacet
  facet normal 0 0 -1
    outer loop
      vertex 12.358624225078842 -1.119104492241845 0
      vertex 12.46451615591515 0.5639995510393692 0
      vertex 12.46451615591515 -0.5639995510393683 0
    endloop
  endfacet
  facet normal 0.9980267284282716 -0.06279051952931262 0
    outer loop
      vertex 12.46451615591515 -0.5639995510393683 0
      vertex 12.5 0 0
      vertex 12.46451615591515 -0.5639995510393683 2.5
    endloop
  endfacet
  facet normal 0.9980267284282716 -0.06279051952931262 0
    outer loop
      vertex 12.46451615591515 -0.5639995510393683 2.5
      vertex 12.5 0 0
      vertex 12.5 0 2.5
    endloop
  endfacet
  facet normal 0 0 1
    outer loop
      vertex 10.868407953869106 -3.4673095924910506 2.5
      vertex 11.280358823396352 -3.080461976679098 2.5
      vertex 10.868407953869104 3.467309592491051 2.5
    endloop
  endfacet
  facet normal 0 0 1
    outer loop
      vertex 11.280358823396352 -3.080461976679098 2.5
      vertex 11.640576474687263 -2.6450336353161292 2.5
      vertex 11.280358823396352 3.080461976679099 2.5
    endloop
  endfacet
  facet normal 0 0 1
    outer loop
      vertex 11.640576474687263 -2.6450336353161292 2.5
      vertex 11.943380060197386 -2.1678915334577193 2.5
      vertex 11.640576474687263 2.6450336353161292 2.5
    endloop
  endfacet
  facet normal 0 0 1
    outer loop
      vertex 11.943380060197386 -2.1678915334577193 2.5
      vertex 12.18399418649713 -1.6565604870810526 2.5
      vertex 11.943380060197386 2.167891533457719 2.5
    endloop
  endfacet
  facet normal 0 0 1
    outer loop
      vertex 12.18399418649713 -1.6565604870810526 2.5
      vertex 12.358624225078842 -1.119104492241845 2.5
      vertex 12.18399418649713 1.6565604870810509 2.5
    endloop
  endfacet
  facet normal 0 0 1
    outer loop
      vertex 12.358624225078842 -1.119104492241845 2.5
      vertex 12.46451615591515 -0.5639995510393683 2.5
      vertex 12.35862422507884 1.1191044922418465 2.5
    endloop
  endfacet
  facet normal 0 0 -1
    outer loop
      vertex 3.5354838440848493 -0.5639995510393683 0
      vertex 3.5 0 0
      vertex 3.5354838440848493 0.5639995510393683 0
    endloop
  endfacet
  facet normal 0 0 -1
    outer loop
      vertex 3.5354838440848493 -0.5639995510393683 0
      vertex 3.5354838440848493 0.5639995510393683 0
      vertex 3.64137577492116 1.119104492241847 0
    endloop
  endfacet
  facet normal 0 0 -1
    outer loop
      vertex 3.64137577492116 -1.119104492241847 0
      vertex 3.64137577492116 1.119104492241847 0
      vertex 3.8160058135028683 1.6565604870810504 0
    endloop
  endfacet
  facet normal -0.9980267284282716 0.06279051952931262 0
    outer loop
      vertex 3.5 0 0
      vertex 3.5354838440848493 0.5639995510393683 2.5
      vertex 3.5354838440848493 0.5639995510393683 0
    endloop
  endfacet
  facet normal -0.9980267284282716 0.06279051952931262 0
    outer loop
      vertex 3.5 0 0
      vertex 3.5 0 2.5
      vertex 3.5354838440848493 0.5639995510393683 2.5
    endloop
  endfacet
  facet normal 0 0 -1
    outer loop
      vertex 3.8160058135028683 -1.6565604870810504 0
      vertex 3.8160058135028683 1.6565604870810504 0
      vertex 4.056619939802614 2.1678915334577193 0
    endloop
  endfacet
  facet normal -0.9822872507286886 0.1873813145857254 0
    outer loop
      vertex 3.5354838440848493 0.5639995510393683 0
      vertex 3.64137577492116 1.119104492241847 2.5
      vertex 3.64137577492116 1.119104492241847 0
    endloop
  endfacet
  facet normal 0 0 -1
    outer loop
      vertex 4.056619939802614 -2.1678915334577193 0
      vertex 4.056619939802614 2.1678915334577193 0
      vertex 4.359423525312737 2.6450336353161292 0
    endloop
  endfacet
  facet normal 0 0 -1
    outer loop
      vertex 4.359423525312737 -2.6450336353161292 0
      vertex 4.359423525312737 2.6450336353161292 0
      vertex 4.7196411766036475 3.080461976679098 0
    endloop
  endfacet
  facet normal -0.9822872507286886 0.1873813145857254 0
    outer loop
      vertex 3.5354838440848493 0.5639995510393683 0
      vertex 3.5354838440848493 0.5639995510393683 2.5
      vertex 3.64137577492116 1.119104492241847 2.5
    endloop
  endfacet
  facet normal 0 0 -1
    outer loop
      vertex 5.131592046130897 -3.467309592491052 0
      vertex 5.588779422594515 3.799475664759068 0
      vertex 5.407916666666667 0 0
    endloop
  endfacet
  facet normal 0 0 1
    outer loop
      vertex 3.5354838440848493 -0.5639995510393683 2.5
      vertex 3.5354838440848493 0.5639995510393683 2.5
      vertex 3.5 0 2.5
    endloop
  endfacet
  facet normal 0 0 1
    outer loop
      vertex 3.64137577492116 -1.119104492241847 2.5
      vertex 3.64137577492116 1.119104492241847 2.5
      vertex 3.5354838440848493 0.5639995510393683 2.5
    endloop
  endfacet
  facet normal 0 0 1
    outer loop
      vertex 3.8160058135028683 -1.6565604870810504 2.5
      vertex 3.8160058135028683 1.6565604870810504 2.5
      vertex 3.64137577492116 1.119104492241847 2.5
    endloop
  endfacet
  facet normal 0 0 1
    outer loop
      vertex 4.056619939802614 -2.1678915334577193 2.5
      vertex 4.056619939802614 2.1678915334577193 2.5
      vertex 3.8160058135028683 1.6565604870810504 2.5
    endloop
  endfacet
  facet normal 0 0 1
    outer loop
      vertex 4.359423525312737 -2.6450336353161292 2.5
      vertex 4.359423525312737 2.6450336353161292 2.5
      vertex 4.056619939802614 2.1678915334577193 2.5
    endloop
  endfacet
  facet normal 0 0 1
    outer loop
      vertex 4.7196411766036475 -3.080461976679098 2.5
      vertex 4.7196411766036475 3.080461976679098 2.5
      vertex 4.359423525312737 2.6450336353161292 2.5
    endloop
  endfacet
  facet normal 0 0 1
    outer loop
      vertex 5.588779422594515 -3.799475664759068 2.5
      vertex 5.7 0 2.5
      vertex 5.588779422594515 3.799475664759068 2.5
    endloop
  endfacet
  facet normal 0 0 1
    outer loop
      vertex 5.131592046130897 -3.467309592491052 2.5
      vertex 5.131592046130897 3.467309592491052 2.5
      vertex 4.7196411766036475 3.080461976679098 2.5
    endloop
  endfacet
  facet normal -0.9510565162951538 0.30901699437494684 0
    outer loop
      vertex 3.64137577492116 1.119104492241847 0
      vertex 3.8160058135028683 1.6565604870810504 2.5
      vertex 3.8160058135028683 1.6565604870810504 0
    endloop
  endfacet
  facet normal -0.9510565162951538 0.30901699437494684 0
    outer loop
      vertex 3.64137577492116 1.119104492241847 0
      vertex 3.64137577492116 1.119104492241847 2.5
      vertex 3.8160058135028683 1.6565604870810504 2.5
    endloop
  endfacet
  facet normal -0.9048270524660195 0.42577929156507266 0
    outer loop
      vertex 3.8160058135028683 1.6565604870810504 0
      vertex 4.056619939802614 2.1678915334577193 2.5
      vertex 4.056619939802614 2.1678915334577193 0
    endloop
  endfacet
  facet normal -0.9048270524660195 0.42577929156507266 0
    outer loop
      vertex 3.8160058135028683 1.6565604870810504 0
      vertex 3.8160058135028683 1.6565604870810504 2.5
      vertex 4.056619939802614 2.1678915334577193 2.5
    endloop
  endfacet
  facet normal 0 0 -1
    outer loop
      vertex 4.7196411766036475 -3.080461976679098 0
      vertex 4.7196411766036475 3.080461976679098 0
      vertex 5.131592046130897 3.467309592491052 0
    endloop
  endfacet
  facet normal 0 0 -1
    outer loop
      vertex 5.131592046130897 -3.467309592491052 0
      vertex 5.131592046130897 3.467309592491052 0
      vertex 5.588779422594515 3.799475664759068 0
    endloop
  endfacet
  facet normal 0 0 -1
    outer loop
      vertex 5.588779422594515 3.799475664759068 0
      vertex 5.428356017967763 0.3248741858348065 0
      vertex 5.407916666666667 0 0
    endloop
  endfacet
  facet normal 0 0 -1
    outer loop
      vertex 5.588779422594515 3.799475664759068 0
      vertex 5.489351731091161 0.6446249116885675 0
      vertex 5.428356017967763 0.3248741858348065 0
    endloop
  endfacet
  facet normal 0 0 -1
    outer loop
      vertex 5.588779422594515 3.799475664759068 0
      vertex 5.589941867203828 0.954209517604742 0
      vertex 5.489351731091161 0.6446249116885675 0
    endloop
  endfacet
  facet normal 0 0 -1
    outer loop
      vertex 5.588779422594515 3.799475664759068 0
      vertex 5.728540059769635 1.2487456694111547 0
      vertex 5.589941867203828 0.954209517604742 0
    endloop
  endfacet
  facet normal 0 0 -1
    outer loop
      vertex 5.588779422594515 3.799475664759068 0
      vertex 5.902960532497271 1.523588356046448 0
      vertex 5.728540059769635 1.2487456694111547 0
    endloop
  endfacet
  facet normal 0 0 1
    outer loop
      vertex 5.588779422594515 -3.799475664759068 2.5
      vertex 5.588779422594515 3.799475664759068 2.5
      vertex 5.131592046130897 3.467309592491052 2.5
    endloop
  endfacet
  facet normal 0 0 1
    outer loop
      vertex 5.588779422594515 3.799475664759068 2.5
      vertex 5.7 0 2.5
      vertex 5.718136186976701 0.28826643719789935 2.5
    endloop
  endfacet
  facet normal 0 0 1
    outer loop
      vertex 5.588779422594515 3.799475664759068 2.5
      vertex 5.718136186976701 0.28826643719789935 2.5
      vertex 5.7722587294041485 0.5719867404791661 2.5
    endloop
  endfacet
  facet normal 0 0 1
    outer loop
      vertex 5.588779422594515 3.799475664759068 2.5
      vertex 5.7722587294041485 0.5719867404791661 2.5
      vertex 5.861514082457022 0.846686471174759 2.5
    endloop
  endfacet
  facet normal 0 0 1
    outer loop
      vertex 5.588779422594515 3.799475664759068 2.5
      vertex 5.861514082457022 0.846686471174759 2.5
      vertex 5.9844946358991145 1.1080334504339453 2.5
    endloop
  endfacet
  facet normal 0 0 1
    outer loop
      vertex 5.588779422594515 3.799475664759068 2.5
      vertex 5.9844946358991145 1.1080334504339453 2.5
      vertex 6.139260912937621 1.351906080272688 2.5
    endloop
  endfacet
  facet normal -0.8443279255020147 0.5358267949789973 0
    outer loop
      vertex 4.056619939802614 2.1678915334577193 0
      vertex 4.359423525312737 2.6450336353161292 2.5
      vertex 4.359423525312737 2.6450336353161292 0
    endloop
  endfacet
  facet normal -0.8443279255020147 0.5358267949789973 0
    outer loop
      vertex 4.056619939802614 2.1678915334577193 0
      vertex 4.056619939802614 2.1678915334577193 2.5
      vertex 4.359423525312737 2.6450336353161292 2.5
    endloop
  endfacet
  facet normal -0.7705132427757894 0.6374239897486895 0
    outer loop
      vertex 4.359423525312737 2.6450336353161292 0
      vertex 4.359423525312737 2.6450336353161292 2.5
      vertex 4.7196411766036475 3.080461976679098 2.5
    endloop
  endfacet
  facet normal -0.7705132427757894 0.6374239897486895 0
    outer loop
      vertex 4.359423525312737 2.6450336353161292 0
      vertex 4.7196411766036475 3.080461976679098 2.5
      vertex 4.7196411766036475 3.080461976679098 0
    endloop
  endfacet
  facet normal 0 0 -1
    outer loop
      vertex 6.083993187957173 4.071721736097087 0
      vertex 6.110452570338083 1.7744031441593213 0
      vertex 5.902960532497271 1.523588356046448 0
    endloop
  endfacet
  facet normal 0 0 -1
    outer loop
      vertex 6.083993187957173 4.071721736097087 0
      vertex 6.347743899905584 1.9972345347117442 0
      vertex 6.110452570338083 1.7744031441593213 0
    endloop
  endfacet
  facet normal -0.6845471059286888 0.7289686274214114 0
    outer loop
      vertex 4.7196411766036475 3.080461976679098 0
      vertex 4.7196411766036475 3.080461976679098 2.5
      vertex 5.131592046130897 3.467309592491052 0
    endloop
  endfacet
  facet normal 0 0 -1
    outer loop
      vertex 5.588779422594515 3.799475664759068 0
      vertex 6.083993187957173 4.071721736097087 0
      vertex 5.902960532497271 1.523588356046448 0
    endloop
  endfacet
  facet normal -0.6845471059286888 0.7289686274214114 0
    outer loop
      vertex 5.131592046130897 3.467309592491052 0
      vertex 4.7196411766036475 3.080461976679098 2.5
      vertex 5.131592046130897 3.467309592491052 2.5
    endloop
  endfacet
  facet normal 0 0 1
    outer loop
      vertex 6.083993187957173 4.071721736097087 2.5
      vertex 6.139260912937621 1.351906080272688 2.5
      vertex 6.323372156930754 1.5744583436359834 2.5
    endloop
  endfacet
  facet normal 0 0 1
    outer loop
      vertex 5.588779422594515 3.799475664759068 2.5
      vertex 6.139260912937621 1.351906080272688 2.5
      vertex 6.083993187957173 4.071721736097087 2.5
    endloop
  endfacet
  facet normal -0.5877852522924737 0.8090169943749471 0
    outer loop
      vertex 5.131592046130897 3.467309592491052 0
      vertex 5.131592046130897 3.467309592491052 2.5
      vertex 5.588779422594515 3.799475664759068 0
    endloop
  endfacet
  facet normal -0.4817536741017142 0.876306680043864 0
    outer loop
      vertex 5.588779422594515 3.799475664759068 0
      vertex 5.588779422594515 3.799475664759068 2.5
      vertex 6.083993187957173 4.071721736097087 0
    endloop
  endfacet
  facet normal -0.5877852522924737 0.8090169943749471 0
    outer loop
      vertex 5.588779422594515 3.799475664759068 0
      vertex 5.131592046130897 3.467309592491052 2.5
      vertex 5.588779422594515 3.799475664759068 2.5
    endloop
  endfacet
  facet normal -0.4817536741017142 0.876306680043864 0
    outer loop
      vertex 6.083993187957173 4.071721736097087 0
      vertex 5.588779422594515 3.799475664759068 2.5
      vertex 6.083993187957173 4.071721736097087 2.5
    endloop
  endfacet
  facet normal 0 0 -1
    outer loop
      vertex 12.46451615591515 -0.5639995510393683 0
      vertex 12.46451615591515 0.5639995510393692 0
      vertex 12.5 0 0
    endloop
  endfacet
  facet normal 0 0 -1
    outer loop
      vertex 12.358624225078842 -1.119104492241845 0
      vertex 12.35862422507884 1.1191044922418465 0
      vertex 12.46451615591515 0.5639995510393692 0
    endloop
  endfacet
  facet normal 0.9980267284282716 0.06279051952931253 0
    outer loop
      vertex 12.5 0 0
      vertex 12.46451615591515 0.5639995510393692 0
      vertex 12.5 0 2.5
    endloop
  endfacet
  facet normal 0 0 -1
    outer loop
      vertex 11.943380060197386 -2.1678915334577193 0
      vertex 11.943380060197386 2.167891533457719 0
      vertex 12.18399418649713 1.6565604870810509 0
    endloop
  endfacet
  facet normal 0 0 -1
    outer loop
      vertex 12.18399418649713 -1.6565604870810526 0
      vertex 12.18399418649713 1.6565604870810509 0
      vertex 12.35862422507884 1.1191044922418465 0
    endloop
  endfacet
  facet normal 0.9980267284282716 0.06279051952931253 0
    outer loop
      vertex 12.46451615591515 0.5639995510393692 0
      vertex 12.46451615591515 0.5639995510393692 2.5
      vertex 12.5 0 2.5
    endloop
  endfacet
  facet normal 0 0 -1
    outer loop
      vertex 10.868407953869106 -3.4673095924910506 0
      vertex 10.868407953869104 3.467309592491051 0
      vertex 11.280358823396352 3.080461976679099 0
    endloop
  endfacet
  facet normal 0 0 -1
    outer loop
      vertex 11.280358823396352 -3.080461976679098 0
      vertex 11.280358823396352 3.080461976679099 0
      vertex 11.640576474687263 2.6450336353161292 0
    endloop
  endfacet
  facet normal 0 0 -1
    outer loop
      vertex 11.640576474687263 -2.6450336353161292 0
      vertex 11.640576474687263 2.6450336353161292 0
      vertex 11.943380060197386 2.167891533457719 0
    endloop
  endfacet
  facet normal 0.9822872507286884 0.1873813145857258 0
    outer loop
      vertex 12.46451615591515 0.5639995510393692 0
      vertex 12.35862422507884 1.1191044922418465 0
      vertex 12.46451615591515 0.5639995510393692 2.5
    endloop
  endfacet
  facet normal 0.9822872507286884 0.1873813145857258 0
    outer loop
      vertex 12.35862422507884 1.1191044922418465 0
      vertex 12.35862422507884 1.1191044922418465 2.5
      vertex 12.46451615591515 0.5639995510393692 2.5
    endloop
  endfacet
  facet normal 0 0 1
    outer loop
      vertex 10.411220577405484 -3.799475664759069 2.5
      vertex 10.411220577405485 3.799475664759068 2.5
      vertex 10.3 0 2.5
    endloop
  endfacet
  facet normal 0 0 1
    outer loop
      vertex 12.46451615591515 -0.5639995510393683 2.5
      vertex 12.5 0 2.5
      vertex 12.46451615591515 0.5639995510393692 2.5
    endloop
  endfacet
  facet normal 0 0 1
    outer loop
      vertex 12.46451615591515 -0.5639995510393683 2.5
      vertex 12.46451615591515 0.5639995510393692 2.5
      vertex 12.35862422507884 1.1191044922418465 2.5
    endloop
  endfacet
  facet normal 0 0 1
    outer loop
      vertex 12.358624225078842 -1.119104492241845 2.5
      vertex 12.35862422507884 1.1191044922418465 2.5
      vertex 12.18399418649713 1.6565604870810509 2.5
    endloop
  endfacet
  facet normal 0 0 1
    outer loop
      vertex 11.640576474687263 -2.6450336353161292 2.5
      vertex 11.640576474687263 2.6450336353161292 2.5
      vertex 11.280358823396352 3.080461976679099 2.5
    endloop
  endfacet
  facet normal 0 0 1
    outer loop
      vertex 12.18399418649713 -1.6565604870810526 2.5
      vertex 12.18399418649713 1.6565604870810509 2.5
      vertex 11.943380060197386 2.167891533457719 2.5
    endloop
  endfacet
  facet normal 0 0 1
    outer loop
      vertex 11.943380060197386 -2.1678915334577193 2.5
      vertex 11.943380060197386 2.167891533457719 2.5
      vertex 11.640576474687263 2.6450336353161292 2.5
    endloop
  endfacet
  facet normal 0 0 -1
    outer loop
      vertex 10.868407953869104 3.467309592491051 0
      vertex 10.592083333333333 0 0
      vertex 10.571643982032237 0.324874185834807 0
    endloop
  endfacet
  facet normal 0 0 -1
    outer loop
      vertex 10.868407953869104 3.467309592491051 0
      vertex 10.571643982032237 0.324874185834807 0
      vertex 10.510648268908838 0.6446249116885674 0
    endloop
  endfacet
  facet normal 0 0 -1
    outer loop
      vertex 10.868407953869104 3.467309592491051 0
      vertex 10.510648268908838 0.6446249116885674 0
      vertex 10.410058132796172 0.9542095176047424 0
    endloop
  endfacet
  facet normal 0 0 -1
    outer loop
      vertex 10.411220577405485 3.799475664759068 0
      vertex 10.410058132796172 0.9542095176047424 0
      vertex 10.271459940230365 1.2487456694111547 0
    endloop
  endfacet
  facet normal 0 0 -1
    outer loop
      vertex 10.411220577405485 3.799475664759068 0
      vertex 10.271459940230365 1.2487456694111547 0
      vertex 10.097039467502729 1.523588356046448 0
    endloop
  endfacet
  facet normal 0.9510565162951535 0.30901699437494784 0
    outer loop
      vertex 12.35862422507884 1.1191044922418465 0
      vertex 12.18399418649713 1.6565604870810509 0
      vertex 12.35862422507884 1.1191044922418465 2.5
    endloop
  endfacet
  facet normal 0.9510565162951535 0.30901699437494784 0
    outer loop
      vertex 12.18399418649713 1.6565604870810509 0
      vertex 12.18399418649713 1.6565604870810509 2.5
      vertex 12.35862422507884 1.1191044922418465 2.5
    endloop
  endfacet
  facet normal 0.9048270524660198 0.42577929156507194 0
    outer loop
      vertex 12.18399418649713 1.6565604870810509 0
      vertex 11.943380060197386 2.167891533457719 0
      vertex 12.18399418649713 1.6565604870810509 2.5
    endloop
  endfacet
  facet normal 0.9048270524660198 0.42577929156507194 0
    outer loop
      vertex 11.943380060197386 2.167891533457719 0
      vertex 11.943380060197386 2.167891533457719 2.5
      vertex 12.18399418649713 1.6565604870810509 2.5
    endloop
  endfacet
  facet normal 0 0 1
    outer loop
      vertex 10.411220577405485 3.799475664759068 2.5
      vertex 10.2818638130233 0.2882664371978998 2.5
      vertex 10.3 0 2.5
    endloop
  endfacet
  facet normal 0 0 1
    outer loop
      vertex 10.868407953869106 -3.4673095924910506 2.5
      vertex 10.868407953869104 3.467309592491051 2.5
      vertex 10.411220577405485 3.799475664759068 2.5
    endloop
  endfacet
  facet normal 0 0 1
    outer loop
      vertex 10.411220577405485 3.799475664759068 2.5
      vertex 10.227741270595851 0.571986740479166 2.5
      vertex 10.2818638130233 0.2882664371978998 2.5
    endloop
  endfacet
  facet normal 0 0 1
    outer loop
      vertex 9.916006812042827 4.071721736097087 2.5
      vertex 10.015505364100886 1.108033450433945 2.5
      vertex 10.138485917542978 0.8466864711747593 2.5
    endloop
  endfacet
  facet normal 0 0 1
    outer loop
      vertex 9.916006812042827 4.071721736097087 2.5
      vertex 9.86073908706238 1.351906080272688 2.5
      vertex 10.015505364100886 1.108033450433945 2.5
    endloop
  endfacet
  facet normal 0 0 1
    outer loop
      vertex 10.411220577405485 3.799475664759068 2.5
      vertex 10.138485917542978 0.8466864711747593 2.5
      vertex 10.227741270595851 0.571986740479166 2.5
    endloop
  endfacet
  facet normal 0 0 1
    outer loop
      vertex 11.280358823396352 -3.080461976679098 2.5
      vertex 11.280358823396352 3.080461976679099 2.5
      vertex 10.868407953869104 3.467309592491051 2.5
    endloop
  endfacet
  facet normal 0 0 -1
    outer loop
      vertex 6.609423525312737 4.2797543233281905 0
      vertex 6.611092295181526 2.188568343561682 0
      vertex 6.347743899905584 1.9972345347117442 0
    endloop
  endfacet
  facet normal 0 0 -1
    outer loop
      vertex 6.609423525312737 4.2797543233281905 0
      vertex 6.896344594655701 2.345387122246295 0
      vertex 6.611092295181526 2.188568343561682 0
    endloop
  endfacet
  facet normal 0 0 -1
    outer loop
      vertex 7.156784084364239 4.420292628279099 0
      vertex 7.199002199163939 2.465217744946729 0
      vertex 6.896344594655701 2.345387122246295 0
    endloop
  endfacet
  facet normal 0 0 -1
    outer loop
      vertex 7.156784084364239 4.420292628279099 0
      vertex 7.514292017484253 2.5461704111596553 0
      vertex 7.199002199163939 2.465217744946729 0
    endloop
  endfacet
  facet normal 0 0 -1
    outer loop
      vertex 7.71744266211809 4.491120277927222 0
      vertex 7.837241740836726 2.586968448980116 0
      vertex 7.514292017484253 2.5461704111596553 0
    endloop
  endfacet
  facet normal 0 0 -1
    outer loop
      vertex 7.71744266211809 4.491120277927222 0
      vertex 8.162758259163274 2.5869684489801155 0
      vertex 7.837241740836726 2.586968448980116 0
    endloop
  endfacet
  facet normal 0 0 -1
    outer loop
      vertex 8.84321591563576 4.420292628279099 0
      vertex 8.485707982515747 2.5461704111596553 0
      vertex 8.162758259163274 2.5869684489801155 0
    endloop
  endfacet
  facet normal 0 0 -1
    outer loop
      vertex 9.390576474687263 4.2797543233281905 0
      vertex 9.388907704818475 2.188568343561682 0
      vertex 9.103655405344298 2.345387122246295 0
    endloop
  endfacet
  facet normal 0 0 -1
    outer loop
      vertex 9.390576474687263 4.2797543233281905 0
      vertex 9.103655405344298 2.345387122246295 0
      vertex 8.800997800836061 2.465217744946729 0
    endloop
  endfacet
  facet normal 0 0 -1
    outer loop
      vertex 8.84321591563576 4.420292628279099 0
      vertex 8.800997800836061 2.465217744946729 0
      vertex 8.485707982515747 2.5461704111596553 0
    endloop
  endfacet
  facet normal 0 0 1
    outer loop
      vertex 6.083993187957173 4.071721736097087 2.5
      vertex 6.323372156930754 1.5744583436359834 2.5
      vertex 6.533924823578014 1.7721804583843155 2.5
    endloop
  endfacet
  facet normal 0 0 1
    outer loop
      vertex 6.083993187957173 4.071721736097087 2.5
      vertex 6.533924823578014 1.7721804583843155 2.5
      vertex 6.767598371548308 1.9419542286546345 2.5
    endloop
  endfacet
  facet normal 0 0 1
    outer loop
      vertex 6.609423525312737 4.2797543233281905 2.5
      vertex 6.767598371548308 1.9419542286546345 2.5
      vertex 7.0207076294003326 2.081102220671845 2.5
    endloop
  endfacet
  facet normal 0 0 1
    outer loop
      vertex 6.609423525312737 4.2797543233281905 2.5
      vertex 7.0207076294003326 2.081102220671845 2.5
      vertex 7.289260912937621 2.1874299874788528 2.5
    endloop
  endfacet
  facet normal 0 0 1
    outer loop
      vertex 7.156784084364239 4.420292628279099 2.5
      vertex 7.289260912937621 2.1874299874788528 2.5
      vertex 7.569022976452834 2.259260676675984 2.5
    endloop
  endfacet
  facet normal 0 0 1
    outer loop
      vertex 7.156784084364239 4.420292628279099 2.5
      vertex 7.569022976452834 2.259260676675984 2.5
      vertex 7.85558180508258 2.295461475385024 2.5
    endloop
  endfacet
  facet normal 0 0 1
    outer loop
      vertex 9.390576474687263 4.2797543233281905 2.5
      vertex 9.232401628451692 1.9419542286546345 2.5
      vertex 9.466075176421986 1.7721804583843148 2.5
    endloop
  endfacet
  facet normal 0 0 1
    outer loop
      vertex 8.28255733788191 4.491120277927222 2.5
      vertex 7.85558180508258 2.295461475385024 2.5
      vertex 8.14441819491742 2.295461475385024 2.5
    endloop
  endfacet
  facet normal 0 0 1
    outer loop
      vertex 8.28255733788191 4.491120277927222 2.5
      vertex 8.14441819491742 2.295461475385024 2.5
      vertex 8.430977023547166 2.259260676675984 2.5
    endloop
  endfacet
  facet normal 0 0 1
    outer loop
      vertex 8.84321591563576 4.420292628279099 2.5
      vertex 8.710739087062379 2.1874299874788528 2.5
      vertex 8.979292370599667 2.081102220671845 2.5
    endloop
  endfacet
  facet normal 0 0 1
    outer loop
      vertex 8.84321591563576 4.420292628279099 2.5
      vertex 8.430977023547166 2.259260676675984 2.5
      vertex 8.710739087062379 2.1874299874788528 2.5
    endloop
  endfacet
  facet normal 0 0 1
    outer loop
      vertex 8.84321591563576 4.420292628279099 2.5
      vertex 8.979292370599667 2.081102220671845 2.5
      vertex 9.232401628451692 1.9419542286546345 2.5
    endloop
  endfacet
  facet normal 0 0 -1
    outer loop
      vertex 6.083993187957173 4.071721736097087 0
      vertex 6.609423525312737 4.2797543233281905 0
      vertex 6.347743899905584 1.9972345347117442 0
    endloop
  endfacet
  facet normal 0 0 -1
    outer loop
      vertex 6.609423525312737 4.2797543233281905 0
      vertex 7.156784084364239 4.420292628279099 0
      vertex 6.896344594655701 2.345387122246295 0
    endloop
  endfacet
  facet normal 0 0 -1
    outer loop
      vertex 7.156784084364239 4.420292628279099 0
      vertex 7.71744266211809 4.491120277927222 0
      vertex 7.514292017484253 2.5461704111596553 0
    endloop
  endfacet
  facet normal -0.3681245526846775 0.9297764858882516 0
    outer loop
      vertex 6.083993187957173 4.071721736097087 0
      vertex 6.083993187957173 4.071721736097087 2.5
      vertex 6.609423525312737 4.2797543233281905 0
    endloop
  endfacet
  facet normal -0.24868988716485552 0.968583161128631 0
    outer loop
      vertex 6.609423525312737 4.2797543233281905 0
      vertex 6.609423525312737 4.2797543233281905 2.5
      vertex 7.156784084364239 4.420292628279099 0
    endloop
  endfacet
  facet normal -0.12533323356430467 0.9921147013144778 0
    outer loop
      vertex 7.156784084364239 4.420292628279099 0
      vertex 7.156784084364239 4.420292628279099 2.5
      vertex 7.71744266211809 4.491120277927222 0
    endloop
  endfacet
  facet normal -0.3681245526846775 0.9297764858882516 0
    outer loop
      vertex 6.609423525312737 4.2797543233281905 0
      vertex 6.083993187957173 4.071721736097087 2.5
      vertex 6.609423525312737 4.2797543233281905 2.5
    endloop
  endfacet
  facet normal -0.24868988716485552 0.968583161128631 0
    outer loop
      vertex 7.156784084364239 4.420292628279099 0
      vertex 6.609423525312737 4.2797543233281905 2.5
      vertex 7.156784084364239 4.420292628279099 2.5
    endloop
  endfacet
  facet normal -0.12533323356430467 0.9921147013144778 0
    outer loop
      vertex 7.71744266211809 4.491120277927222 0
      vertex 7.156784084364239 4.420292628279099 2.5
      vertex 7.71744266211809 4.491120277927222 2.5
    endloop
  endfacet
  facet normal 0 0 -1
    outer loop
      vertex 7.71744266211809 4.491120277927222 0
      vertex 8.28255733788191 4.491120277927222 0
      vertex 8.162758259163274 2.5869684489801155 0
    endloop
  endfacet
  facet normal 0 0 -1
    outer loop
      vertex 8.28255733788191 4.491120277927222 0
      vertex 8.84321591563576 4.420292628279099 0
      vertex 8.162758259163274 2.5869684489801155 0
    endloop
  endfacet
  facet normal 0 0 -1
    outer loop
      vertex 8.84321591563576 4.420292628279099 0
      vertex 9.390576474687263 4.2797543233281905 0
      vertex 8.800997800836061 2.465217744946729 0
    endloop
  endfacet
  facet normal 0 1 0
    outer loop
      vertex 7.71744266211809 4.491120277927222 0
      vertex 7.71744266211809 4.491120277927222 2.5
      vertex 8.28255733788191 4.491120277927222 0
    endloop
  endfacet
  facet normal 0.12533323356430487 0.9921147013144778 0
    outer loop
      vertex 8.28255733788191 4.491120277927222 0
      vertex 8.28255733788191 4.491120277927222 2.5
      vertex 8.84321591563576 4.420292628279099 0
    endloop
  endfacet
  facet normal 0.24868988716485513 0.968583161128631 0
    outer loop
      vertex 8.84321591563576 4.420292628279099 0
      vertex 8.84321591563576 4.420292628279099 2.5
      vertex 9.390576474687263 4.2797543233281905 0
    endloop
  endfacet
  facet normal 0 1 0
    outer loop
      vertex 7.71744266211809 4.491120277927222 2.5
      vertex 8.28255733788191 4.491120277927222 2.5
      vertex 8.28255733788191 4.491120277927222 0
    endloop
  endfacet
  facet normal 0.12533323356430487 0.9921147013144778 0
    outer loop
      vertex 8.84321591563576 4.420292628279099 0
      vertex 8.28255733788191 4.491120277927222 2.5
      vertex 8.84321591563576 4.420292628279099 2.5
    endloop
  endfacet
  facet normal 0.24868988716485513 0.968583161128631 0
    outer loop
      vertex 9.390576474687263 4.2797543233281905 0
      vertex 8.84321591563576 4.420292628279099 2.5
      vertex 9.390576474687263 4.2797543233281905 2.5
    endloop
  endfacet
  facet normal 0 0 1
    outer loop
      vertex 6.083993187957173 4.071721736097087 2.5
      vertex 6.767598371548308 1.9419542286546345 2.5
      vertex 6.609423525312737 4.2797543233281905 2.5
    endloop
  endfacet
  facet normal 0 0 1
    outer loop
      vertex 6.609423525312737 4.2797543233281905 2.5
      vertex 7.289260912937621 2.1874299874788528 2.5
      vertex 7.156784084364239 4.420292628279099 2.5
    endloop
  endfacet
  facet normal 0 0 1
    outer loop
      vertex 7.156784084364239 4.420292628279099 2.5
      vertex 7.85558180508258 2.295461475385024 2.5
      vertex 7.71744266211809 4.491120277927222 2.5
    endloop
  endfacet
  facet normal 0 0 1
    outer loop
      vertex 7.71744266211809 4.491120277927222 2.5
      vertex 7.85558180508258 2.295461475385024 2.5
      vertex 8.28255733788191 4.491120277927222 2.5
    endloop
  endfacet
  facet normal 0 0 1
    outer loop
      vertex 8.28255733788191 4.491120277927222 2.5
      vertex 8.430977023547166 2.259260676675984 2.5
      vertex 8.84321591563576 4.420292628279099 2.5
    endloop
  endfacet
  facet normal 0 0 1
    outer loop
      vertex 8.84321591563576 4.420292628279099 2.5
      vertex 9.232401628451692 1.9419542286546345 2.5
      vertex 9.390576474687263 4.2797543233281905 2.5
    endloop
  endfacet
  facet normal 0 0 -1
    outer loop
      vertex 10.411220577405485 3.799475664759068 0
      vertex 10.097039467502729 1.523588356046448 0
      vertex 9.889547429661917 1.774403144159322 0
    endloop
  endfacet
  facet normal 0 0 -1
    outer loop
      vertex 9.916006812042827 4.071721736097087 0
      vertex 9.652256100094416 1.9972345347117437 0
      vertex 9.388907704818475 2.188568343561682 0
    endloop
  endfacet
  facet normal 0 0 -1
    outer loop
      vertex 9.916006812042827 4.071721736097087 0
      vertex 9.889547429661917 1.774403144159322 0
      vertex 9.652256100094416 1.9972345347117437 0
    endloop
  endfacet
  facet normal 0 0 -1
    outer loop
      vertex 10.411220577405485 3.799475664759068 0
      vertex 10.868407953869104 3.467309592491051 0
      vertex 10.410058132796172 0.9542095176047424 0
    endloop
  endfacet
  facet normal 0 0 -1
    outer loop
      vertex 9.916006812042827 4.071721736097087 0
      vertex 10.411220577405485 3.799475664759068 0
      vertex 9.889547429661917 1.774403144159322 0
    endloop
  endfacet
  facet normal 0.7705132427757893 0.6374239897486897 0
    outer loop
      vertex 11.280358823396352 3.080461976679099 0
      vertex 11.640576474687263 2.6450336353161292 2.5
      vertex 11.640576474687263 2.6450336353161292 0
    endloop
  endfacet
  facet normal 0.8443279255020149 0.5358267949789969 0
    outer loop
      vertex 11.943380060197386 2.167891533457719 0
      vertex 11.640576474687263 2.6450336353161292 0
      vertex 11.943380060197386 2.167891533457719 2.5
    endloop
  endfacet
  facet normal 0.8443279255020149 0.5358267949789969 0
    outer loop
      vertex 11.640576474687263 2.6450336353161292 0
      vertex 11.640576474687263 2.6450336353161292 2.5
      vertex 11.943380060197386 2.167891533457719 2.5
    endloop
  endfacet
  facet normal 0.6845471059286887 0.7289686274214114 0
    outer loop
      vertex 11.280358823396352 3.080461976679099 0
      vertex 10.868407953869104 3.467309592491051 0
      vertex 10.868407953869104 3.467309592491051 2.5
    endloop
  endfacet
  facet normal 0.7705132427757893 0.6374239897486897 0
    outer loop
      vertex 11.280358823396352 3.080461976679099 0
      vertex 11.280358823396352 3.080461976679099 2.5
      vertex 11.640576474687263 2.6450336353161292 2.5
    endloop
  endfacet
  facet normal 0.6845471059286887 0.7289686274214114 0
    outer loop
      vertex 11.280358823396352 3.080461976679099 0
      vertex 10.868407953869104 3.467309592491051 2.5
      vertex 11.280358823396352 3.080461976679099 2.5
    endloop
  endfacet
  facet normal 0 0 1
    outer loop
      vertex 9.916006812042827 4.071721736097087 2.5
      vertex 9.676627843069246 1.574458343635984 2.5
      vertex 9.86073908706238 1.351906080272688 2.5
    endloop
  endfacet
  facet normal 0 0 1
    outer loop
      vertex 9.390576474687263 4.2797543233281905 2.5
      vertex 9.466075176421986 1.7721804583843148 2.5
      vertex 9.676627843069246 1.574458343635984 2.5
    endloop
  endfacet
  facet normal 0 0 1
    outer loop
      vertex 9.916006812042827 4.071721736097087 2.5
      vertex 10.138485917542978 0.8466864711747593 2.5
      vertex 10.411220577405485 3.799475664759068 2.5
    endloop
  endfacet
  facet normal 0 0 1
    outer loop
      vertex 9.390576474687263 4.2797543233281905 2.5
      vertex 9.676627843069246 1.574458343635984 2.5
      vertex 9.916006812042827 4.071721736097087 2.5
    endloop
  endfacet
  facet normal 0 0 -1
    outer loop
      vertex 9.390576474687263 4.2797543233281905 0
      vertex 9.916006812042827 4.071721736097087 0
      vertex 9.388907704818475 2.188568343561682 0
    endloop
  endfacet
  facet normal 0.5877852522924739 0.8090169943749469 0
    outer loop
      vertex 10.411220577405485 3.799475664759068 0
      vertex 10.411220577405485 3.799475664759068 2.5
      vertex 10.868407953869104 3.467309592491051 0
    endloop
  endfacet
  facet normal 0.5877852522924739 0.8090169943749469 0
    outer loop
      vertex 10.868407953869104 3.467309592491051 0
      vertex 10.411220577405485 3.799475664759068 2.5
      vertex 10.868407953869104 3.467309592491051 2.5
    endloop
  endfacet
  facet normal 0.4817536741017142 0.876306680043864 0
    outer loop
      vertex 10.411220577405485 3.799475664759068 0
      vertex 9.916006812042827 4.071721736097087 2.5
      vertex 10.411220577405485 3.799475664759068 2.5
    endloop
  endfacet
  facet normal 0.3681245526846775 0.9297764858882516 0
    outer loop
      vertex 9.390576474687263 4.2797543233281905 0
      vertex 9.390576474687263 4.2797543233281905 2.5
      vertex 9.916006812042827 4.071721736097087 0
    endloop
  endfacet
  facet normal 0.4817536741017142 0.876306680043864 0
    outer loop
      vertex 9.916006812042827 4.071721736097087 0
      vertex 9.916006812042827 4.071721736097087 2.5
      vertex 10.411220577405485 3.799475664759068 0
    endloop
  endfacet
  facet normal 0.3681245526846775 0.9297764858882516 0
    outer loop
      vertex 9.916006812042827 4.071721736097087 0
      vertex 9.390576474687263 4.2797543233281905 2.5
      vertex 9.916006812042827 4.071721736097087 2.5
    endloop
  endfacet
  facet normal 0.8443279255020136 0.535826794978999 0
    outer loop
      vertex 6.13784830490679 -1.0237265574661452 0.59
      vertex 6.280838886953237 -1.2490436611215054 0.9
      vertex 6.280838886953237 -1.2490436611215054 0.59
    endloop
  endfacet
  facet normal 0.8443279255020136 0.535826794978999 0
    outer loop
      vertex 6.13784830490679 -1.0237265574661452 0.59
      vertex 6.13784830490679 -1.0237265574661452 0.9
      vertex 6.280838886953237 -1.2490436611215054 0.9
    endloop
  endfacet
  facet normal 0.90482705246602 0.42577929156507194 0
    outer loop
      vertex 6.0242249674874655 -0.7822646744549404 0.59
      vertex 6.13784830490679 -1.0237265574661452 0.9
      vertex 6.13784830490679 -1.0237265574661452 0.59
    endloop
  endfacet
  facet normal 0.90482705246602 0.42577929156507194 0
    outer loop
      vertex 6.0242249674874655 -0.7822646744549404 0.59
      vertex 6.0242249674874655 -0.7822646744549404 0.9
      vertex 6.13784830490679 -1.0237265574661452 0.9
    endloop
  endfacet
  facet normal 0.9510565162951534 0.3090169943749482 0
    outer loop
      vertex 6.0242249674874655 -0.7822646744549404 0.59
      vertex 5.9417607826016585 -0.5284660102253166 0.59
      vertex 6.0242249674874655 -0.7822646744549404 0.9
    endloop
  endfacet
  facet normal 0.9510565162951534 0.3090169943749482 0
    outer loop
      vertex 6.0242249674874655 -0.7822646744549404 0.9
      vertex 5.9417607826016585 -0.5284660102253166 0.59
      vertex 5.9417607826016585 -0.5284660102253166 0.9
    endloop
  endfacet
  facet normal 0.9822872507286888 0.18738131458572402 0
    outer loop
      vertex 5.9417607826016585 -0.5284660102253166 0.59
      vertex 5.891756259706734 -0.26633312132414616 0.59
      vertex 5.9417607826016585 -0.5284660102253166 0.9
    endloop
  endfacet
  facet normal 0.9822872507286888 0.18738131458572402 0
    outer loop
      vertex 5.891756259706734 -0.26633312132414616 0.59
      vertex 5.891756259706734 -0.26633312132414616 0.9
      vertex 5.9417607826016585 -0.5284660102253166 0.9
    endloop
  endfacet
  facet normal 0.9980267284282716 0.06279051952931243 0
    outer loop
      vertex 5.891756259706734 -0.26633312132414616 0.59
      vertex 5.875 0 0.59
      vertex 5.891756259706734 -0.26633312132414616 0.9
    endloop
  endfacet
  facet normal 0.9980267284282716 0.06279051952931243 0
    outer loop
      vertex 5.891756259706734 -0.26633312132414616 0.9
      vertex 5.875 0 0.59
      vertex 5.875 0 0.9
    endloop
  endfacet
  facet normal 0.48175367410171427 0.8763066800438643 0
    outer loop
      vertex 6.861368060669632 -1.794196841691782 0.59
      vertex 7.095219005424221 -1.9227574864902917 0.9
      vertex 7.095219005424221 -1.9227574864902917 0.59
    endloop
  endfacet
  facet normal 0.48175367410171427 0.8763066800438643 0
    outer loop
      vertex 6.861368060669632 -1.794196841691782 0.59
      vertex 6.861368060669632 -1.794196841691782 0.9
      vertex 7.095219005424221 -1.9227574864902917 0.9
    endloop
  endfacet
  facet normal 0.5877852522924728 0.8090169943749478 0
    outer loop
      vertex 6.645474021784034 -1.6373406408985525 0.59
      vertex 6.861368060669632 -1.794196841691782 0.9
      vertex 6.861368060669632 -1.794196841691782 0.59
    endloop
  endfacet
  facet normal 0.5877852522924728 0.8090169943749478 0
    outer loop
      vertex 6.645474021784034 -1.6373406408985525 0.59
      vertex 6.645474021784034 -1.6373406408985525 0.9
      vertex 6.861368060669632 -1.794196841691782 0.9
    endloop
  endfacet
  facet normal 0.36812455268467664 0.9297764858882519 0
    outer loop
      vertex 7.343338886953237 -2.020995097127201 0.59
      vertex 7.095219005424221 -1.9227574864902917 0.59
      vertex 7.343338886953237 -2.020995097127201 0.9
    endloop
  endfacet
  facet normal 0.125333233564305 0.9921147013144778 0
    outer loop
      vertex 7.601814706505335 -2.0873604077984633 0.59
      vertex 7.866570146000209 -2.120806797910077 0.9
      vertex 7.866570146000209 -2.120806797910077 0.59
    endloop
  endfacet
  facet normal 0.24868988716485577 0.9685831611286309 0
    outer loop
      vertex 7.343338886953237 -2.020995097127201 0.59
      vertex 7.601814706505335 -2.0873604077984633 0.9
      vertex 7.601814706505335 -2.0873604077984633 0.59
    endloop
  endfacet
  facet normal 0.24868988716485577 0.9685831611286309 0
    outer loop
      vertex 7.343338886953237 -2.020995097127201 0.59
      vertex 7.343338886953237 -2.020995097127201 0.9
      vertex 7.601814706505335 -2.0873604077984633 0.9
    endloop
  endfacet
  facet normal 0.125333233564305 0.9921147013144778 0
    outer loop
      vertex 7.601814706505335 -2.0873604077984633 0.59
      vertex 7.601814706505335 -2.0873604077984633 0.9
      vertex 7.866570146000209 -2.120806797910077 0.9
    endloop
  endfacet
  facet normal 0.36812455268467664 0.9297764858882519 0
    outer loop
      vertex 7.343338886953237 -2.020995097127201 0.9
      vertex 7.095219005424221 -1.9227574864902917 0.59
      vertex 7.095219005424221 -1.9227574864902917 0.9
    endloop
  endfacet
  facet normal 0.68454710592869 0.7289686274214102 0
    outer loop
      vertex 6.645474021784034 -1.6373406408985525 0.59
      vertex 6.4509416667295 -1.454662600098463 0.59
      vertex 6.645474021784034 -1.6373406408985525 0.9
    endloop
  endfacet
  facet normal 0.68454710592869 0.7289686274214102 0
    outer loop
      vertex 6.4509416667295 -1.454662600098463 0.59
      vertex 6.4509416667295 -1.454662600098463 0.9
      vertex 6.645474021784034 -1.6373406408985525 0.9
    endloop
  endfacet
  facet normal 0.7705132427757898 0.637423989748689 0
    outer loop
      vertex 6.4509416667295 -1.454662600098463 0.59
      vertex 6.280838886953237 -1.2490436611215054 0.59
      vertex 6.4509416667295 -1.454662600098463 0.9
    endloop
  endfacet
  facet normal 0.7705132427757898 0.637423989748689 0
    outer loop
      vertex 6.4509416667295 -1.454662600098463 0.9
      vertex 6.280838886953237 -1.2490436611215054 0.59
      vertex 6.280838886953237 -1.2490436611215054 0.9
    endloop
  endfacet
  facet normal 0 1 0
    outer loop
      vertex 7.866570146000209 -2.120806797910077 0.59
      vertex 7.866570146000209 -2.120806797910077 0.9
      vertex 8.133429853999791 -2.120806797910077 0.9
    endloop
  endfacet
  facet normal 0 1 0
    outer loop
      vertex 7.866570146000209 -2.120806797910077 0.59
      vertex 8.133429853999791 -2.120806797910077 0.9
      vertex 8.133429853999791 -2.120806797910077 0.59
    endloop
  endfacet
  facet normal -0.125333233564305 0.9921147013144778 0
    outer loop
      vertex 8.133429853999791 -2.120806797910077 0.59
      vertex 8.133429853999791 -2.120806797910077 0.9
      vertex 8.398185293494665 -2.0873604077984633 0.9
    endloop
  endfacet
  facet normal -0.125333233564305 0.9921147013144778 0
    outer loop
      vertex 8.133429853999791 -2.120806797910077 0.59
      vertex 8.398185293494665 -2.0873604077984633 0.9
      vertex 8.398185293494665 -2.0873604077984633 0.59
    endloop
  endfacet
  facet normal -0.24868988716485577 0.9685831611286309 0
    outer loop
      vertex 8.398185293494665 -2.0873604077984633 0.59
      vertex 8.656661113046763 -2.020995097127201 0.9
      vertex 8.656661113046763 -2.020995097127201 0.59
    endloop
  endfacet
  facet normal -0.24868988716485577 0.9685831611286309 0
    outer loop
      vertex 8.398185293494665 -2.0873604077984633 0.59
      vertex 8.398185293494665 -2.0873604077984633 0.9
      vertex 8.656661113046763 -2.020995097127201 0.9
    endloop
  endfacet
  facet normal -0.36812455268467664 0.9297764858882519 0
    outer loop
      vertex 8.656661113046763 -2.020995097127201 0.59
      vertex 8.656661113046763 -2.020995097127201 0.9
      vertex 8.904780994575779 -1.9227574864902917 0.9
    endloop
  endfacet
  facet normal -0.36812455268467664 0.9297764858882519 0
    outer loop
      vertex 8.656661113046763 -2.020995097127201 0.59
      vertex 8.904780994575779 -1.9227574864902917 0.9
      vertex 8.904780994575779 -1.9227574864902917 0.59
    endloop
  endfacet
  facet normal -0.4817536741017157 0.8763066800438633 0
    outer loop
      vertex 8.904780994575779 -1.9227574864902917 0.59
      vertex 8.904780994575779 -1.9227574864902917 0.9
      vertex 9.138631939330367 -1.7941968416917824 0.9
    endloop
  endfacet
  facet normal -0.4817536741017157 0.8763066800438633 0
    outer loop
      vertex 8.904780994575779 -1.9227574864902917 0.59
      vertex 9.138631939330367 -1.7941968416917824 0.9
      vertex 9.138631939330367 -1.7941968416917824 0.59
    endloop
  endfacet
  facet normal -0.5877852522924729 0.8090169943749477 0
    outer loop
      vertex 9.138631939330367 -1.7941968416917824 0.59
      vertex 9.354525978215966 -1.6373406408985516 0.9
      vertex 9.354525978215966 -1.6373406408985516 0.59
    endloop
  endfacet
  facet normal -0.5877852522924729 0.8090169943749477 0
    outer loop
      vertex 9.138631939330367 -1.7941968416917824 0.59
      vertex 9.138631939330367 -1.7941968416917824 0.9
      vertex 9.354525978215966 -1.6373406408985516 0.9
    endloop
  endfacet
  facet normal -0.6845471059286883 0.7289686274214119 0
    outer loop
      vertex 9.354525978215966 -1.6373406408985516 0.59
      vertex 9.354525978215966 -1.6373406408985516 0.9
      vertex 9.5490583332705 -1.454662600098463 0.9
    endloop
  endfacet
  facet normal -0.6845471059286883 0.7289686274214119 0
    outer loop
      vertex 9.354525978215966 -1.6373406408985516 0.59
      vertex 9.5490583332705 -1.454662600098463 0.9
      vertex 9.5490583332705 -1.454662600098463 0.59
    endloop
  endfacet
  facet normal -0.7705132427757898 0.637423989748689 0
    outer loop
      vertex 9.5490583332705 -1.454662600098463 0.59
      vertex 9.5490583332705 -1.454662600098463 0.9
      vertex 9.719161113046763 -1.2490436611215054 0.9
    endloop
  endfacet
  facet normal -0.7705132427757898 0.637423989748689 0
    outer loop
      vertex 9.5490583332705 -1.454662600098463 0.59
      vertex 9.719161113046763 -1.2490436611215054 0.9
      vertex 9.719161113046763 -1.2490436611215054 0.59
    endloop
  endfacet
  facet normal -0.8443279255020136 0.535826794978999 0
    outer loop
      vertex 9.719161113046763 -1.2490436611215054 0.59
      vertex 9.719161113046763 -1.2490436611215054 0.9
      vertex 9.86215169509321 -1.0237265574661452 0.9
    endloop
  endfacet
  facet normal -0.8443279255020136 0.535826794978999 0
    outer loop
      vertex 9.719161113046763 -1.2490436611215054 0.59
      vertex 9.86215169509321 -1.0237265574661452 0.9
      vertex 9.86215169509321 -1.0237265574661452 0.59
    endloop
  endfacet
  facet normal -0.9048270524660204 0.42577929156507066 0
    outer loop
      vertex 9.86215169509321 -1.0237265574661452 0.59
      vertex 9.86215169509321 -1.0237265574661452 0.9
      vertex 9.975775032512534 -0.7822646744549415 0.9
    endloop
  endfacet
  facet normal -0.9048270524660204 0.42577929156507066 0
    outer loop
      vertex 9.86215169509321 -1.0237265574661452 0.59
      vertex 9.975775032512534 -0.7822646744549415 0.9
      vertex 9.975775032512534 -0.7822646744549415 0.59
    endloop
  endfacet
  facet normal -0.9510565162951531 0.30901699437494895 0
    outer loop
      vertex 9.975775032512534 -0.7822646744549415 0.59
      vertex 9.975775032512534 -0.7822646744549415 0.9
      vertex 10.058239217398341 -0.5284660102253157 0.9
    endloop
  endfacet
  facet normal -0.9510565162951531 0.30901699437494895 0
    outer loop
      vertex 9.975775032512534 -0.7822646744549415 0.59
      vertex 10.058239217398341 -0.5284660102253157 0.9
      vertex 10.058239217398341 -0.5284660102253157 0.59
    endloop
  endfacet
  facet normal -0.9822872507286893 0.18738131458572138 0
    outer loop
      vertex 10.058239217398341 -0.5284660102253157 0.59
      vertex 10.058239217398341 -0.5284660102253157 0.9
      vertex 10.108243740293265 -0.26633312132414616 0.9
    endloop
  endfacet
  facet normal -0.9822872507286893 0.18738131458572138 0
    outer loop
      vertex 10.058239217398341 -0.5284660102253157 0.59
      vertex 10.108243740293265 -0.26633312132414616 0.9
      vertex 10.108243740293265 -0.26633312132414616 0.59
    endloop
  endfacet
  facet normal -0.9980267284282714 0.06279051952931575 0
    outer loop
      vertex 10.108243740293265 -0.26633312132414616 0.59
      vertex 10.108243740293265 -0.26633312132414616 0.9
      vertex 10.125 0 0.9
    endloop
  endfacet
  facet normal -0.9980267284282714 0.06279051952931575 0
    outer loop
      vertex 10.108243740293265 -0.26633312132414616 0.59
      vertex 10.125 0 0.9
      vertex 10.125 0 0.59
    endloop
  endfacet
  facet normal 0.9980267284282716 -0.06279051952931243 0
    outer loop
      vertex 5.875 0 0.59
      vertex 5.891756259706734 0.26633312132414616 0.59
      vertex 5.875 0 0.9
    endloop
  endfacet
  facet normal 0.9980267284282716 -0.06279051952931243 0
    outer loop
      vertex 5.891756259706734 0.26633312132414616 0.59
      vertex 5.891756259706734 0.26633312132414616 0.9
      vertex 5.875 0 0.9
    endloop
  endfacet
  facet normal 0.9822872507286888 -0.18738131458572402 0
    outer loop
      vertex 5.891756259706734 0.26633312132414616 0.59
      vertex 5.9417607826016585 0.5284660102253166 0.59
      vertex 5.891756259706734 0.26633312132414616 0.9
    endloop
  endfacet
  facet normal 0.9822872507286888 -0.18738131458572402 0
    outer loop
      vertex 5.9417607826016585 0.5284660102253166 0.59
      vertex 5.9417607826016585 0.5284660102253166 0.9
      vertex 5.891756259706734 0.26633312132414616 0.9
    endloop
  endfacet
  facet normal 0.9510565162951534 -0.3090169943749482 0
    outer loop
      vertex 5.9417607826016585 0.5284660102253166 0.59
      vertex 6.0242249674874655 0.7822646744549404 0.59
      vertex 5.9417607826016585 0.5284660102253166 0.9
    endloop
  endfacet
  facet normal 0.9510565162951534 -0.3090169943749482 0
    outer loop
      vertex 5.9417607826016585 0.5284660102253166 0.9
      vertex 6.0242249674874655 0.7822646744549404 0.59
      vertex 6.0242249674874655 0.7822646744549404 0.9
    endloop
  endfacet
  facet normal 0.90482705246602 -0.42577929156507194 0
    outer loop
      vertex 6.0242249674874655 0.7822646744549404 0.59
      vertex 6.13784830490679 1.0237265574661452 0.59
      vertex 6.0242249674874655 0.7822646744549404 0.9
    endloop
  endfacet
  facet normal 0.90482705246602 -0.42577929156507194 0
    outer loop
      vertex 6.0242249674874655 0.7822646744549404 0.9
      vertex 6.13784830490679 1.0237265574661452 0.59
      vertex 6.13784830490679 1.0237265574661452 0.9
    endloop
  endfacet
  facet normal 0.8443279255020136 -0.535826794978999 0
    outer loop
      vertex 6.13784830490679 1.0237265574661452 0.59
      vertex 6.280838886953237 1.2490436611215054 0.59
      vertex 6.13784830490679 1.0237265574661452 0.9
    endloop
  endfacet
  facet normal 0.8443279255020136 -0.535826794978999 0
    outer loop
      vertex 6.280838886953237 1.2490436611215054 0.59
      vertex 6.280838886953237 1.2490436611215054 0.9
      vertex 6.13784830490679 1.0237265574661452 0.9
    endloop
  endfacet
  facet normal 0.7705132427757898 -0.637423989748689 0
    outer loop
      vertex 6.280838886953237 1.2490436611215054 0.59
      vertex 6.4509416667295 1.454662600098463 0.59
      vertex 6.280838886953237 1.2490436611215054 0.9
    endloop
  endfacet
  facet normal 0.7705132427757898 -0.637423989748689 0
    outer loop
      vertex 6.280838886953237 1.2490436611215054 0.9
      vertex 6.4509416667295 1.454662600098463 0.59
      vertex 6.4509416667295 1.454662600098463 0.9
    endloop
  endfacet
  facet normal 0.68454710592869 -0.7289686274214102 0
    outer loop
      vertex 6.4509416667295 1.454662600098463 0.59
      vertex 6.645474021784034 1.6373406408985525 0.59
      vertex 6.4509416667295 1.454662600098463 0.9
    endloop
  endfacet
  facet normal 0.68454710592869 -0.7289686274214102 0
    outer loop
      vertex 6.645474021784034 1.6373406408985525 0.59
      vertex 6.645474021784034 1.6373406408985525 0.9
      vertex 6.4509416667295 1.454662600098463 0.9
    endloop
  endfacet
  facet normal 0.5877852522924728 -0.8090169943749478 0
    outer loop
      vertex 6.645474021784034 1.6373406408985525 0.59
      vertex 6.861368060669632 1.794196841691782 0.59
      vertex 6.645474021784034 1.6373406408985525 0.9
    endloop
  endfacet
  facet normal 0.5877852522924728 -0.8090169943749478 0
    outer loop
      vertex 6.645474021784034 1.6373406408985525 0.9
      vertex 6.861368060669632 1.794196841691782 0.59
      vertex 6.861368060669632 1.794196841691782 0.9
    endloop
  endfacet
  facet normal 0.48175367410171505 -0.8763066800438638 0
    outer loop
      vertex 6.861368060669632 1.794196841691782 0.59
      vertex 7.09521900542422 1.9227574864902914 0.59
      vertex 6.861368060669632 1.794196841691782 0.9
    endloop
  endfacet
  facet normal 0.48175367410171505 -0.8763066800438638 0
    outer loop
      vertex 7.09521900542422 1.9227574864902914 0.59
      vertex 7.09521900542422 1.9227574864902914 0.9
      vertex 6.861368060669632 1.794196841691782 0.9
    endloop
  endfacet
  facet normal 0.36812455268467625 -0.9297764858882521 0
    outer loop
      vertex 7.09521900542422 1.9227574864902914 0.59
      vertex 7.343338886953237 2.020995097127201 0.59
      vertex 7.09521900542422 1.9227574864902914 0.9
    endloop
  endfacet
  facet normal 0.36812455268467625 -0.9297764858882521 0
    outer loop
      vertex 7.09521900542422 1.9227574864902914 0.9
      vertex 7.343338886953237 2.020995097127201 0.59
      vertex 7.343338886953237 2.020995097127201 0.9
    endloop
  endfacet
  facet normal 0.24868988716485577 -0.9685831611286309 0
    outer loop
      vertex 7.343338886953237 2.020995097127201 0.59
      vertex 7.601814706505335 2.0873604077984633 0.59
      vertex 7.343338886953237 2.020995097127201 0.9
    endloop
  endfacet
  facet normal 0.24868988716485577 -0.9685831611286309 0
    outer loop
      vertex 7.343338886953237 2.020995097127201 0.9
      vertex 7.601814706505335 2.0873604077984633 0.59
      vertex 7.601814706505335 2.0873604077984633 0.9
    endloop
  endfacet
  facet normal 0.12533323356430456 -0.9921147013144779 0
    outer loop
      vertex 7.601814706505335 2.0873604077984633 0.59
      vertex 7.8665701460002095 2.120806797910077 0.59
      vertex 7.601814706505335 2.0873604077984633 0.9
    endloop
  endfacet
  facet normal 0.12533323356430456 -0.9921147013144779 0
    outer loop
      vertex 7.8665701460002095 2.120806797910077 0.59
      vertex 7.8665701460002095 2.120806797910077 0.9
      vertex 7.601814706505335 2.0873604077984633 0.9
    endloop
  endfacet
  facet normal 0 -1 0
    outer loop
      vertex 7.8665701460002095 2.120806797910077 0.59
      vertex 8.133429853999791 2.120806797910077 0.59
      vertex 7.8665701460002095 2.120806797910077 0.9
    endloop
  endfacet
  facet normal 0 -1 0
    outer loop
      vertex 7.8665701460002095 2.120806797910077 0.9
      vertex 8.133429853999791 2.120806797910077 0.59
      vertex 8.133429853999791 2.120806797910077 0.9
    endloop
  endfacet
  facet normal -0.125333233564305 -0.9921147013144778 0
    outer loop
      vertex 8.398185293494665 2.0873604077984633 0.59
      vertex 8.398185293494665 2.0873604077984633 0.9
      vertex 8.133429853999791 2.120806797910077 0.9
    endloop
  endfacet
  facet normal -0.24868988716485577 -0.9685831611286309 0
    outer loop
      vertex 8.398185293494665 2.0873604077984633 0.59
      vertex 8.656661113046763 2.020995097127201 0.59
      vertex 8.398185293494665 2.0873604077984633 0.9
    endloop
  endfacet
  facet normal -0.24868988716485577 -0.9685831611286309 0
    outer loop
      vertex 8.398185293494665 2.0873604077984633 0.9
      vertex 8.656661113046763 2.020995097127201 0.59
      vertex 8.656661113046763 2.020995097127201 0.9
    endloop
  endfacet
  facet normal -0.125333233564305 -0.9921147013144778 0
    outer loop
      vertex 8.133429853999791 2.120806797910077 0.59
      vertex 8.398185293494665 2.0873604077984633 0.59
      vertex 8.133429853999791 2.120806797910077 0.9
    endloop
  endfacet
  facet normal -0.48175367410171355 -0.8763066800438646 0
    outer loop
      vertex 8.904780994575779 1.9227574864902914 0.59
      vertex 9.138631939330368 1.794196841691782 0.59
      vertex 8.904780994575779 1.9227574864902914 0.9
    endloop
  endfacet
  facet normal -0.36812455268467736 -0.9297764858882516 0
    outer loop
      vertex 8.904780994575779 1.9227574864902914 0.59
      vertex 8.904780994575779 1.9227574864902914 0.9
      vertex 8.656661113046763 2.020995097127201 0.9
    endloop
  endfacet
  facet normal -0.5877852522924739 -0.8090169943749469 0
    outer loop
      vertex 9.138631939330368 1.794196841691782 0.59
      vertex 9.354525978215966 1.637340640898552 0.59
      vertex 9.138631939330368 1.794196841691782 0.9
    endloop
  endfacet
  facet normal -0.5877852522924739 -0.8090169943749469 0
    outer loop
      vertex 9.138631939330368 1.794196841691782 0.9
      vertex 9.354525978215966 1.637340640898552 0.59
      vertex 9.354525978215966 1.637340640898552 0.9
    endloop
  endfacet
  facet normal -0.48175367410171355 -0.8763066800438646 0
    outer loop
      vertex 9.138631939330368 1.794196841691782 0.59
      vertex 9.138631939330368 1.794196841691782 0.9
      vertex 8.904780994575779 1.9227574864902914 0.9
    endloop
  endfacet
  facet normal -0.36812455268467736 -0.9297764858882516 0
    outer loop
      vertex 8.904780994575779 1.9227574864902914 0.59
      vertex 8.656661113046763 2.020995097127201 0.9
      vertex 8.656661113046763 2.020995097127201 0.59
    endloop
  endfacet
  facet normal -0.9980267284282714 -0.06279051952931565 0
    outer loop
      vertex 10.125 0 0.59
      vertex 10.125 0 0.9
      vertex 10.108243740293265 0.26633312132414655 0.9
    endloop
  endfacet
  facet normal -0.9980267284282714 -0.06279051952931565 0
    outer loop
      vertex 10.108243740293265 0.26633312132414655 0.59
      vertex 10.125 0 0.59
      vertex 10.108243740293265 0.26633312132414655 0.9
    endloop
  endfacet
  facet normal -0.9822872507286893 -0.1873813145857211 0
    outer loop
      vertex 10.108243740293265 0.26633312132414655 0.59
      vertex 10.108243740293265 0.26633312132414655 0.9
      vertex 10.058239217398341 0.5284660102253165 0.9
    endloop
  endfacet
  facet normal -0.9822872507286893 -0.1873813145857211 0
    outer loop
      vertex 10.108243740293265 0.26633312132414655 0.59
      vertex 10.058239217398341 0.5284660102253165 0.9
      vertex 10.058239217398341 0.5284660102253165 0.59
    endloop
  endfacet
  facet normal -0.9510565162951525 -0.30901699437495067 0
    outer loop
      vertex 10.058239217398341 0.5284660102253165 0.59
      vertex 10.058239217398341 0.5284660102253165 0.9
      vertex 9.975775032512534 0.7822646744549407 0.9
    endloop
  endfacet
  facet normal -0.9510565162951525 -0.30901699437495067 0
    outer loop
      vertex 10.058239217398341 0.5284660102253165 0.59
      vertex 9.975775032512534 0.7822646744549407 0.9
      vertex 9.975775032512534 0.7822646744549407 0.59
    endloop
  endfacet
  facet normal -0.9048270524660209 -0.42577929156506955 0
    outer loop
      vertex 9.86215169509321 1.0237265574661452 0.9
      vertex 9.975775032512534 0.7822646744549407 0.59
      vertex 9.975775032512534 0.7822646744549407 0.9
    endloop
  endfacet
  facet normal -0.9048270524660209 -0.42577929156506955 0
    outer loop
      vertex 9.86215169509321 1.0237265574661452 0.59
      vertex 9.975775032512534 0.7822646744549407 0.59
      vertex 9.86215169509321 1.0237265574661452 0.9
    endloop
  endfacet
  facet normal -0.8443279255020136 -0.535826794978999 0
    outer loop
      vertex 9.86215169509321 1.0237265574661452 0.59
      vertex 9.86215169509321 1.0237265574661452 0.9
      vertex 9.719161113046763 1.2490436611215054 0.9
    endloop
  endfacet
  facet normal -0.7705132427757906 -0.6374239897486882 0
    outer loop
      vertex 9.719161113046763 1.2490436611215054 0.59
      vertex 9.719161113046763 1.2490436611215054 0.9
      vertex 9.5490583332705 1.4546626000984635 0.9
    endloop
  endfacet
  facet normal -0.7705132427757906 -0.6374239897486882 0
    outer loop
      vertex 9.719161113046763 1.2490436611215054 0.59
      vertex 9.5490583332705 1.4546626000984635 0.9
      vertex 9.5490583332705 1.4546626000984635 0.59
    endloop
  endfacet
  facet normal -0.8443279255020136 -0.535826794978999 0
    outer loop
      vertex 9.719161113046763 1.2490436611215054 0.59
      vertex 9.86215169509321 1.0237265574661452 0.59
      vertex 9.719161113046763 1.2490436611215054 0.9
    endloop
  endfacet
  facet normal -0.6845471059286883 -0.7289686274214119 0
    outer loop
      vertex 9.5490583332705 1.4546626000984635 0.59
      vertex 9.5490583332705 1.4546626000984635 0.9
      vertex 9.354525978215966 1.637340640898552 0.9
    endloop
  endfacet
  facet normal -0.6845471059286883 -0.7289686274214119 0
    outer loop
      vertex 9.5490583332705 1.4546626000984635 0.59
      vertex 9.354525978215966 1.637340640898552 0.9
      vertex 9.354525978215966 1.637340640898552 0.59
    endloop
  endfacet
  facet normal 0 0 1
    outer loop
      vertex 6.139260912937621 -1.351906080272688 0.9
      vertex 6.280838886953237 -1.2490436611215054 0.9
      vertex 5.9844946358991145 -1.1080334504339453 0.9
    endloop
  endfacet
  facet normal 0 0 1
    outer loop
      vertex 5.9844946358991145 -1.1080334504339453 0.9
      vertex 6.280838886953237 -1.2490436611215054 0.9
      vertex 6.13784830490679 -1.0237265574661452 0.9
    endloop
  endfacet
  facet normal 0.7705132427757878 0.6374239897486913 0
    outer loop
      vertex 6.139260912937621 -1.351906080272688 0.9
      vertex 6.139260912937621 -1.351906080272688 2.5
      vertex 6.323372156930754 -1.5744583436359834 0.9
    endloop
  endfacet
  facet normal 0.8443279255020162 0.5358267949789949 0
    outer loop
      vertex 6.139260912937621 -1.351906080272688 0.9
      vertex 5.9844946358991145 -1.1080334504339453 0.9
      vertex 5.9844946358991145 -1.1080334504339453 2.5
    endloop
  endfacet
  facet normal 0.8443279255020162 0.5358267949789949 0
    outer loop
      vertex 6.139260912937621 -1.351906080272688 0.9
      vertex 5.9844946358991145 -1.1080334504339453 2.5
      vertex 6.139260912937621 -1.351906080272688 2.5
    endloop
  endfacet
  facet normal 0 0 1
    outer loop
      vertex 5.9844946358991145 -1.1080334504339453 0.9
      vertex 6.0242249674874655 -0.7822646744549404 0.9
      vertex 5.861514082457022 -0.846686471174759 0.9
    endloop
  endfacet
  facet normal 0 0 1
    outer loop
      vertex 5.9844946358991145 -1.1080334504339453 0.9
      vertex 6.13784830490679 -1.0237265574661452 0.9
      vertex 6.0242249674874655 -0.7822646744549404 0.9
    endloop
  endfacet
  facet normal 0 0 1
    outer loop
      vertex 5.861514082457022 -0.846686471174759 0.9
      vertex 6.0242249674874655 -0.7822646744549404 0.9
      vertex 5.9417607826016585 -0.5284660102253166 0.9
    endloop
  endfacet
  facet normal 0.9048270524660195 0.4257792915650728 0
    outer loop
      vertex 5.9844946358991145 -1.1080334504339453 0.9
      vertex 5.861514082457022 -0.846686471174759 0.9
      vertex 5.861514082457022 -0.846686471174759 2.5
    endloop
  endfacet
  facet normal 0.9048270524660195 0.4257792915650728 0
    outer loop
      vertex 5.9844946358991145 -1.1080334504339453 0.9
      vertex 5.861514082457022 -0.846686471174759 2.5
      vertex 5.9844946358991145 -1.1080334504339453 2.5
    endloop
  endfacet
  facet normal 0.9510565162951532 0.30901699437494884 0
    outer loop
      vertex 5.861514082457022 -0.846686471174759 0.9
      vertex 5.7722587294041485 -0.5719867404791661 0.9
      vertex 5.7722587294041485 -0.5719867404791661 2.5
    endloop
  endfacet
  facet normal 0.9510565162951532 0.30901699437494884 0
    outer loop
      vertex 5.861514082457022 -0.846686471174759 0.9
      vertex 5.7722587294041485 -0.5719867404791661 2.5
      vertex 5.861514082457022 -0.846686471174759 2.5
    endloop
  endfacet
  facet normal 0 0 1
    outer loop
      vertex 5.861514082457022 -0.846686471174759 0.9
      vertex 5.9417607826016585 -0.5284660102253166 0.9
      vertex 5.891756259706734 -0.26633312132414616 0.9
    endloop
  endfacet
  facet normal 0 0 1
    outer loop
      vertex 5.861514082457022 -0.846686471174759 0.9
      vertex 5.891756259706734 -0.26633312132414616 0.9
      vertex 5.875 0 0.9
    endloop
  endfacet
  facet normal 0 0 1
    outer loop
      vertex 5.861514082457022 -0.846686471174759 0.9
      vertex 5.861514082457022 0.846686471174759 0.9
      vertex 5.7722587294041485 -0.5719867404791661 0.9
    endloop
  endfacet
  facet normal 0 0 1
    outer loop
      vertex 5.718136186976701 -0.28826643719789935 0.9
      vertex 5.7722587294041485 -0.5719867404791661 0.9
      vertex 5.7722587294041485 0.5719867404791661 0.9
    endloop
  endfacet
  facet normal 0.9822872507286888 0.18738131458572424 0
    outer loop
      vertex 5.718136186976701 -0.28826643719789935 0.9
      vertex 5.718136186976701 -0.28826643719789935 2.5
      vertex 5.7722587294041485 -0.5719867404791661 0.9
    endloop
  endfacet
  facet normal 0.9822872507286888 0.18738131458572424 0
    outer loop
      vertex 5.7722587294041485 -0.5719867404791661 0.9
      vertex 5.718136186976701 -0.28826643719789935 2.5
      vertex 5.7722587294041485 -0.5719867404791661 2.5
    endloop
  endfacet
  facet normal 0.9980267284282717 0.0627905195293133 0
    outer loop
      vertex 5.718136186976701 -0.28826643719789935 0.9
      vertex 5.7 0 0.9
      vertex 5.7 0 2.5
    endloop
  endfacet
  facet normal 0.9980267284282717 0.0627905195293133 0
    outer loop
      vertex 5.718136186976701 -0.28826643719789935 0.9
      vertex 5.7 0 2.5
      vertex 5.718136186976701 -0.28826643719789935 2.5
    endloop
  endfacet
  facet normal 0.1253332335643046 0.9921147013144778 0
    outer loop
      vertex 7.569022976452833 -2.2592606766759835 0.9
      vertex 7.569022976452833 -2.2592606766759835 2.5
      vertex 7.855581805082578 -2.295461475385024 0.9
    endloop
  endfacet
  facet normal 0.1253332335643046 0.9921147013144778 0
    outer loop
      vertex 7.855581805082578 -2.295461475385024 0.9
      vertex 7.569022976452833 -2.2592606766759835 2.5
      vertex 7.855581805082578 -2.295461475385024 2.5
    endloop
  endfacet
  facet normal 0 1 0
    outer loop
      vertex 7.855581805082578 -2.295461475385024 0.9
      vertex 7.855581805082578 -2.295461475385024 2.5
      vertex 8.14441819491742 -2.295461475385024 0.9
    endloop
  endfacet
  facet normal -0.1253332335643046 0.9921147013144778 0
    outer loop
      vertex 8.14441819491742 -2.295461475385024 0.9
      vertex 8.14441819491742 -2.295461475385024 2.5
      vertex 8.430977023547166 -2.2592606766759835 0.9
    endloop
  endfacet
  facet normal 0 1 0
    outer loop
      vertex 8.14441819491742 -2.295461475385024 0.9
      vertex 7.855581805082578 -2.295461475385024 2.5
      vertex 8.14441819491742 -2.295461475385024 2.5
    endloop
  endfacet
  facet normal -0.1253332335643046 0.9921147013144778 0
    outer loop
      vertex 8.430977023547166 -2.2592606766759835 0.9
      vertex 8.14441819491742 -2.295461475385024 2.5
      vertex 8.430977023547166 -2.2592606766759835 2.5
    endloop
  endfacet
  facet normal 0 0 1
    outer loop
      vertex 7.020707629400333 -2.081102220671845 0.9
      vertex 7.095219005424221 -1.9227574864902917 0.9
      vertex 6.767598371548308 -1.9419542286546345 0.9
    endloop
  endfacet
  facet normal 0 0 1
    outer loop
      vertex 6.533924823578014 -1.7721804583843155 0.9
      vertex 6.767598371548308 -1.9419542286546345 0.9
      vertex 6.861368060669632 -1.794196841691782 0.9
    endloop
  endfacet
  facet normal 0 0 1
    outer loop
      vertex 6.767598371548308 -1.9419542286546345 0.9
      vertex 7.095219005424221 -1.9227574864902917 0.9
      vertex 6.861368060669632 -1.794196841691782 0.9
    endloop
  endfacet
  facet normal 0 0 1
    outer loop
      vertex 6.533924823578014 -1.7721804583843155 0.9
      vertex 6.861368060669632 -1.794196841691782 0.9
      vertex 6.645474021784034 -1.6373406408985525 0.9
    endloop
  endfacet
  facet normal 0 0 1
    outer loop
      vertex 7.020707629400333 -2.081102220671845 0.9
      vertex 7.289260912937621 -2.1874299874788528 0.9
      vertex 7.343338886953237 -2.020995097127201 0.9
    endloop
  endfacet
  facet normal 0 0 1
    outer loop
      vertex 7.020707629400333 -2.081102220671845 0.9
      vertex 7.343338886953237 -2.020995097127201 0.9
      vertex 7.095219005424221 -1.9227574864902917 0.9
    endloop
  endfacet
  facet normal 0 0 1
    outer loop
      vertex 7.289260912937621 -2.1874299874788528 0.9
      vertex 7.601814706505335 -2.0873604077984633 0.9
      vertex 7.343338886953237 -2.020995097127201 0.9
    endloop
  endfacet
  facet normal 0 0 1
    outer loop
      vertex 7.289260912937621 -2.1874299874788528 0.9
      vertex 7.569022976452833 -2.2592606766759835 0.9
      vertex 7.601814706505335 -2.0873604077984633 0.9
    endloop
  endfacet
  facet normal 0 0 1
    outer loop
      vertex 7.569022976452833 -2.2592606766759835 0.9
      vertex 7.855581805082578 -2.295461475385024 0.9
      vertex 7.866570146000209 -2.120806797910077 0.9
    endloop
  endfacet
  facet normal 0 0 1
    outer loop
      vertex 7.569022976452833 -2.2592606766759835 0.9
      vertex 7.866570146000209 -2.120806797910077 0.9
      vertex 7.601814706505335 -2.0873604077984633 0.9
    endloop
  endfacet
  facet normal 0.48175367410171516 0.8763066800438637 0
    outer loop
      vertex 7.020707629400333 -2.081102220671845 0.9
      vertex 6.767598371548308 -1.9419542286546345 0.9
      vertex 6.767598371548308 -1.9419542286546345 2.5
    endloop
  endfacet
  facet normal 0.48175367410171516 0.8763066800438637 0
    outer loop
      vertex 7.020707629400333 -2.081102220671845 0.9
      vertex 6.767598371548308 -1.9419542286546345 2.5
      vertex 7.020707629400333 -2.081102220671845 2.5
    endloop
  endfacet
  facet normal 0.5877852522924715 0.8090169943749485 0
    outer loop
      vertex 6.533924823578014 -1.7721804583843155 0.9
      vertex 6.533924823578014 -1.7721804583843155 2.5
      vertex 6.767598371548308 -1.9419542286546345 0.9
    endloop
  endfacet
  facet normal 0.6845471059286906 0.7289686274214097 0
    outer loop
      vertex 6.533924823578014 -1.7721804583843155 0.9
      vertex 6.323372156930754 -1.5744583436359834 2.5
      vertex 6.533924823578014 -1.7721804583843155 2.5
    endloop
  endfacet
  facet normal 0.5877852522924715 0.8090169943749485 0
    outer loop
      vertex 6.767598371548308 -1.9419542286546345 0.9
      vertex 6.533924823578014 -1.7721804583843155 2.5
      vertex 6.767598371548308 -1.9419542286546345 2.5
    endloop
  endfacet
  facet normal 0.3681245526846773 0.9297764858882517 0
    outer loop
      vertex 7.020707629400333 -2.081102220671845 0.9
      vertex 7.020707629400333 -2.081102220671845 2.5
      vertex 7.289260912937621 -2.1874299874788528 0.9
    endloop
  endfacet
  facet normal 0.24868988716485552 0.968583161128631 0
    outer loop
      vertex 7.289260912937621 -2.1874299874788528 0.9
      vertex 7.289260912937621 -2.1874299874788528 2.5
      vertex 7.569022976452833 -2.2592606766759835 0.9
    endloop
  endfacet
  facet normal 0.3681245526846773 0.9297764858882517 0
    outer loop
      vertex 7.289260912937621 -2.1874299874788528 0.9
      vertex 7.020707629400333 -2.081102220671845 2.5
      vertex 7.289260912937621 -2.1874299874788528 2.5
    endloop
  endfacet
  facet normal 0.24868988716485552 0.968583161128631 0
    outer loop
      vertex 7.569022976452833 -2.2592606766759835 0.9
      vertex 7.289260912937621 -2.1874299874788528 2.5
      vertex 7.569022976452833 -2.2592606766759835 2.5
    endloop
  endfacet
  facet normal 0 0 1
    outer loop
      vertex 6.323372156930754 -1.5744583436359834 0.9
      vertex 6.533924823578014 -1.7721804583843155 0.9
      vertex 6.645474021784034 -1.6373406408985525 0.9
    endloop
  endfacet
  facet normal 0 0 1
    outer loop
      vertex 6.323372156930754 -1.5744583436359834 0.9
      vertex 6.645474021784034 -1.6373406408985525 0.9
      vertex 6.4509416667295 -1.454662600098463 0.9
    endloop
  endfacet
  facet normal 0 0 1
    outer loop
      vertex 6.139260912937621 -1.351906080272688 0.9
      vertex 6.323372156930754 -1.5744583436359834 0.9
      vertex 6.4509416667295 -1.454662600098463 0.9
    endloop
  endfacet
  facet normal 0 0 1
    outer loop
      vertex 6.139260912937621 -1.351906080272688 0.9
      vertex 6.4509416667295 -1.454662600098463 0.9
      vertex 6.280838886953237 -1.2490436611215054 0.9
    endloop
  endfacet
  facet normal 0.6845471059286906 0.7289686274214097 0
    outer loop
      vertex 6.323372156930754 -1.5744583436359834 0.9
      vertex 6.323372156930754 -1.5744583436359834 2.5
      vertex 6.533924823578014 -1.7721804583843155 0.9
    endloop
  endfacet
  facet normal 0.7705132427757878 0.6374239897486913 0
    outer loop
      vertex 6.323372156930754 -1.5744583436359834 0.9
      vertex 6.139260912937621 -1.351906080272688 2.5
      vertex 6.323372156930754 -1.5744583436359834 2.5
    endloop
  endfacet
  facet normal 0 0 1
    outer loop
      vertex 7.855581805082578 -2.295461475385024 0.9
      vertex 8.133429853999791 -2.120806797910077 0.9
      vertex 7.866570146000209 -2.120806797910077 0.9
    endloop
  endfacet
  facet normal 0 0 1
    outer loop
      vertex 7.855581805082578 -2.295461475385024 0.9
      vertex 8.14441819491742 -2.295461475385024 0.9
      vertex 8.133429853999791 -2.120806797910077 0.9
    endloop
  endfacet
  facet normal 0 0 1
    outer loop
      vertex 8.14441819491742 -2.295461475385024 0.9
      vertex 8.430977023547166 -2.2592606766759835 0.9
      vertex 8.398185293494665 -2.0873604077984633 0.9
    endloop
  endfacet
  facet normal 0 0 1
    outer loop
      vertex 8.14441819491742 -2.295461475385024 0.9
      vertex 8.398185293494665 -2.0873604077984633 0.9
      vertex 8.133429853999791 -2.120806797910077 0.9
    endloop
  endfacet
  facet normal 0 0 1
    outer loop
      vertex 8.430977023547166 -2.2592606766759835 0.9
      vertex 8.656661113046763 -2.020995097127201 0.9
      vertex 8.398185293494665 -2.0873604077984633 0.9
    endloop
  endfacet
  facet normal 0 0 1
    outer loop
      vertex 8.430977023547166 -2.2592606766759835 0.9
      vertex 8.710739087062379 -2.1874299874788528 0.9
      vertex 8.656661113046763 -2.020995097127201 0.9
    endloop
  endfacet
  facet normal 0 0 1
    outer loop
      vertex 8.710739087062379 -2.1874299874788528 0.9
      vertex 8.904780994575779 -1.9227574864902917 0.9
      vertex 8.656661113046763 -2.020995097127201 0.9
    endloop
  endfacet
  facet normal 0 0 1
    outer loop
      vertex 8.710739087062379 -2.1874299874788528 0.9
      vertex 8.979292370599666 -2.081102220671845 0.9
      vertex 8.904780994575779 -1.9227574864902917 0.9
    endloop
  endfacet
  facet normal 0 0 1
    outer loop
      vertex 8.979292370599666 -2.081102220671845 0.9
      vertex 9.138631939330367 -1.7941968416917824 0.9
      vertex 8.904780994575779 -1.9227574864902917 0.9
    endloop
  endfacet
  facet normal 0 0 1
    outer loop
      vertex 8.979292370599666 -2.081102220671845 0.9
      vertex 9.232401628451692 -1.941954228654635 0.9
      vertex 9.138631939330367 -1.7941968416917824 0.9
    endloop
  endfacet
  facet normal 0 0 1
    outer loop
      vertex 9.138631939330367 -1.7941968416917824 0.9
      vertex 9.232401628451692 -1.941954228654635 0.9
      vertex 9.354525978215966 -1.6373406408985516 0.9
    endloop
  endfacet
  facet normal 0 0 1
    outer loop
      vertex 9.232401628451692 -1.941954228654635 0.9
      vertex 9.466075176421986 -1.7721804583843146 0.9
      vertex 9.354525978215966 -1.6373406408985516 0.9
    endloop
  endfacet
  facet normal -0.24868988716485477 0.9685831611286311 0
    outer loop
      vertex 8.430977023547166 -2.2592606766759835 0.9
      vertex 8.430977023547166 -2.2592606766759835 2.5
      vertex 8.710739087062379 -2.1874299874788528 0.9
    endloop
  endfacet
  facet normal -0.36812455268467836 0.9297764858882512 0
    outer loop
      vertex 8.710739087062379 -2.1874299874788528 0.9
      vertex 8.710739087062379 -2.1874299874788528 2.5
      vertex 8.979292370599666 -2.081102220671845 0.9
    endloop
  endfacet
  facet normal -0.48175367410171266 0.876306680043865 0
    outer loop
      vertex 8.979292370599666 -2.081102220671845 0.9
      vertex 8.979292370599666 -2.081102220671845 2.5
      vertex 9.232401628451692 -1.941954228654635 0.9
    endloop
  endfacet
  facet normal -0.24868988716485477 0.9685831611286311 0
    outer loop
      vertex 8.710739087062379 -2.1874299874788528 0.9
      vertex 8.430977023547166 -2.2592606766759835 2.5
      vertex 8.710739087062379 -2.1874299874788528 2.5
    endloop
  endfacet
  facet normal -0.36812455268467836 0.9297764858882512 0
    outer loop
      vertex 8.979292370599666 -2.081102220671845 0.9
      vertex 8.710739087062379 -2.1874299874788528 2.5
      vertex 8.979292370599666 -2.081102220671845 2.5
    endloop
  endfacet
  facet normal -0.48175367410171266 0.876306680043865 0
    outer loop
      vertex 9.232401628451692 -1.941954228654635 0.9
      vertex 8.979292370599666 -2.081102220671845 2.5
      vertex 9.232401628451692 -1.941954228654635 2.5
    endloop
  endfacet
  facet normal -0.5877852522924746 0.8090169943749463 0
    outer loop
      vertex 9.232401628451692 -1.941954228654635 0.9
      vertex 9.232401628451692 -1.941954228654635 2.5
      vertex 9.466075176421986 -1.7721804583843146 0.9
    endloop
  endfacet
  facet normal -0.6845471059286891 0.7289686274214111 0
    outer loop
      vertex 9.466075176421986 -1.7721804583843146 0.9
      vertex 9.466075176421986 -1.7721804583843146 2.5
      vertex 9.676627843069246 -1.5744583436359834 0.9
    endloop
  endfacet
  facet normal -0.5877852522924746 0.8090169943749463 0
    outer loop
      vertex 9.466075176421986 -1.7721804583843146 0.9
      vertex 9.232401628451692 -1.941954228654635 2.5
      vertex 9.466075176421986 -1.7721804583843146 2.5
    endloop
  endfacet
  facet normal 0 0 1
    outer loop
      vertex 9.354525978215966 -1.6373406408985516 0.9
      vertex 9.466075176421986 -1.7721804583843146 0.9
      vertex 9.5490583332705 -1.454662600098463 0.9
    endloop
  endfacet
  facet normal 0 0 1
    outer loop
      vertex 9.466075176421986 -1.7721804583843146 0.9
      vertex 9.676627843069246 -1.5744583436359834 0.9
      vertex 9.5490583332705 -1.454662600098463 0.9
    endloop
  endfacet
  facet normal 0 0 1
    outer loop
      vertex 9.5490583332705 -1.454662600098463 0.9
      vertex 9.676627843069246 -1.5744583436359834 0.9
      vertex 9.719161113046763 -1.2490436611215054 0.9
    endloop
  endfacet
  facet normal 0 0 1
    outer loop
      vertex 9.676627843069246 -1.5744583436359834 0.9
      vertex 9.86073908706238 -1.351906080272688 0.9
      vertex 9.719161113046763 -1.2490436611215054 0.9
    endloop
  endfacet
  facet normal 0 0 1
    outer loop
      vertex 9.86073908706238 -1.351906080272688 0.9
      vertex 9.86215169509321 -1.0237265574661452 0.9
      vertex 9.719161113046763 -1.2490436611215054 0.9
    endloop
  endfacet
  facet normal -0.7705132427757878 0.6374239897486913 0
    outer loop
      vertex 9.676627843069246 -1.5744583436359834 0.9
      vertex 9.676627843069246 -1.5744583436359834 2.5
      vertex 9.86073908706238 -1.351906080272688 0.9
    endloop
  endfacet
  facet normal -0.6845471059286891 0.7289686274214111 0
    outer loop
      vertex 9.676627843069246 -1.5744583436359834 0.9
      vertex 9.466075176421986 -1.7721804583843146 2.5
      vertex 9.676627843069246 -1.5744583436359834 2.5
    endloop
  endfacet
  facet normal -0.7705132427757878 0.6374239897486913 0
    outer loop
      vertex 9.86073908706238 -1.351906080272688 0.9
      vertex 9.676627843069246 -1.5744583436359834 2.5
      vertex 9.86073908706238 -1.351906080272688 2.5
    endloop
  endfacet
  facet normal -0.8443279255020162 0.5358267949789949 0
    outer loop
      vertex 9.86073908706238 -1.351906080272688 0.9
      vertex 9.86073908706238 -1.351906080272688 2.5
      vertex 10.015505364100886 -1.1080334504339453 0.9
    endloop
  endfacet
  facet normal -0.8443279255020162 0.5358267949789949 0
    outer loop
      vertex 10.015505364100886 -1.1080334504339453 0.9
      vertex 9.86073908706238 -1.351906080272688 2.5
      vertex 10.015505364100886 -1.1080334504339453 2.5
    endloop
  endfacet
  facet normal 0 0 1
    outer loop
      vertex 9.86073908706238 -1.351906080272688 0.9
      vertex 9.975775032512534 -0.7822646744549415 0.9
      vertex 9.86215169509321 -1.0237265574661452 0.9
    endloop
  endfacet
  facet normal 0 0 1
    outer loop
      vertex 9.86073908706238 -1.351906080272688 0.9
      vertex 10.015505364100886 -1.1080334504339453 0.9
      vertex 9.975775032512534 -0.7822646744549415 0.9
    endloop
  endfacet
  facet normal 0 0 1
    outer loop
      vertex 10.015505364100886 -1.1080334504339453 0.9
      vertex 10.058239217398341 -0.5284660102253157 0.9
      vertex 9.975775032512534 -0.7822646744549415 0.9
    endloop
  endfacet
  facet normal 0 0 1
    outer loop
      vertex 10.015505364100886 -1.1080334504339453 0.9
      vertex 10.138485917542978 -0.8466864711747601 0.9
      vertex 10.058239217398341 -0.5284660102253157 0.9
    endloop
  endfacet
  facet normal -0.9048270524660187 0.4257792915650743 0
    outer loop
      vertex 10.015505364100886 -1.1080334504339453 0.9
      vertex 10.015505364100886 -1.1080334504339453 2.5
      vertex 10.138485917542978 -0.8466864711747601 0.9
    endloop
  endfacet
  facet normal -0.9048270524660187 0.4257792915650743 0
    outer loop
      vertex 10.138485917542978 -0.8466864711747601 0.9
      vertex 10.015505364100886 -1.1080334504339453 2.5
      vertex 10.138485917542978 -0.8466864711747601 2.5
    endloop
  endfacet
  facet normal -0.9510565162951538 0.3090169943749468 0
    outer loop
      vertex 10.138485917542978 -0.8466864711747601 0.9
      vertex 10.138485917542978 -0.8466864711747601 2.5
      vertex 10.227741270595851 -0.5719867404791652 0.9
    endloop
  endfacet
  facet normal -0.9510565162951538 0.3090169943749468 0
    outer loop
      vertex 10.227741270595851 -0.5719867404791652 0.9
      vertex 10.138485917542978 -0.8466864711747601 2.5
      vertex 10.227741270595851 -0.5719867404791652 2.5
    endloop
  endfacet
  facet normal 0 0 1
    outer loop
      vertex 10.138485917542978 -0.8466864711747601 0.9
      vertex 10.108243740293265 -0.26633312132414616 0.9
      vertex 10.058239217398341 -0.5284660102253157 0.9
    endloop
  endfacet
  facet normal 0 0 1
    outer loop
      vertex 10.138485917542978 -0.8466864711747601 0.9
      vertex 10.125 0 0.9
      vertex 10.108243740293265 -0.26633312132414616 0.9
    endloop
  endfacet
  facet normal 0 0 1
    outer loop
      vertex 10.138485917542978 -0.8466864711747601 0.9
      vertex 10.227741270595851 -0.5719867404791652 0.9
      vertex 10.227741270595851 0.571986740479166 0.9
    endloop
  endfacet
  facet normal 0 0 1
    outer loop
      vertex 10.227741270595851 -0.5719867404791652 0.9
      vertex 10.2818638130233 -0.28826643719789935 0.9
      vertex 10.2818638130233 0.2882664371978998 0.9
    endloop
  endfacet
  facet normal -0.9822872507286882 0.18738131458572774 0
    outer loop
      vertex 10.227741270595851 -0.5719867404791652 0.9
      vertex 10.227741270595851 -0.5719867404791652 2.5
      vertex 10.2818638130233 -0.28826643719789935 0.9
    endloop
  endfacet
  facet normal -0.9822872507286882 0.18738131458572774 0
    outer loop
      vertex 10.2818638130233 -0.28826643719789935 0.9
      vertex 10.227741270595851 -0.5719867404791652 2.5
      vertex 10.2818638130233 -0.28826643719789935 2.5
    endloop
  endfacet
  facet normal -0.9980267284282717 0.0627905195293133 0
    outer loop
      vertex 10.2818638130233 -0.28826643719789935 0.9
      vertex 10.2818638130233 -0.28826643719789935 2.5
      vertex 10.3 0 0.9
    endloop
  endfacet
  facet normal -0.9980267284282717 0.0627905195293133 0
    outer loop
      vertex 10.3 0 0.9
      vertex 10.2818638130233 -0.28826643719789935 2.5
      vertex 10.3 0 2.5
    endloop
  endfacet
  facet normal 0 0 1
    outer loop
      vertex 5.718136186976701 -0.28826643719789935 0.9
      vertex 5.718136186976701 0.28826643719789935 0.9
      vertex 5.7 0 0.9
    endloop
  endfacet
  facet normal 0 0 1
    outer loop
      vertex 5.718136186976701 -0.28826643719789935 0.9
      vertex 5.7722587294041485 0.5719867404791661 0.9
      vertex 5.718136186976701 0.28826643719789935 0.9
    endloop
  endfacet
  facet normal 0 0 1
    outer loop
      vertex 5.861514082457022 -0.846686471174759 0.9
      vertex 5.875 0 0.9
      vertex 5.861514082457022 0.846686471174759 0.9
    endloop
  endfacet
  facet normal 0 0 1
    outer loop
      vertex 5.7722587294041485 -0.5719867404791661 0.9
      vertex 5.861514082457022 0.846686471174759 0.9
      vertex 5.7722587294041485 0.5719867404791661 0.9
    endloop
  endfacet
  facet normal 0 0 1
    outer loop
      vertex 5.875 0 0.9
      vertex 5.891756259706734 0.26633312132414616 0.9
      vertex 5.861514082457022 0.846686471174759 0.9
    endloop
  endfacet
  facet normal 0 0 1
    outer loop
      vertex 5.891756259706734 0.26633312132414616 0.9
      vertex 5.9417607826016585 0.5284660102253166 0.9
      vertex 5.861514082457022 0.846686471174759 0.9
    endloop
  endfacet
  facet normal 0.9980267284282717 -0.0627905195293133 0
    outer loop
      vertex 5.7 0 0.9
      vertex 5.718136186976701 0.28826643719789935 0.9
      vertex 5.718136186976701 0.28826643719789935 2.5
    endloop
  endfacet
  facet normal 0.9980267284282717 -0.0627905195293133 0
    outer loop
      vertex 5.7 0 0.9
      vertex 5.718136186976701 0.28826643719789935 2.5
      vertex 5.7 0 2.5
    endloop
  endfacet
  facet normal 0.9822872507286888 -0.18738131458572424 0
    outer loop
      vertex 5.718136186976701 0.28826643719789935 0.9
      vertex 5.7722587294041485 0.5719867404791661 0.9
      vertex 5.7722587294041485 0.5719867404791661 2.5
    endloop
  endfacet
  facet normal 0.9822872507286888 -0.18738131458572424 0
    outer loop
      vertex 5.718136186976701 0.28826643719789935 0.9
      vertex 5.7722587294041485 0.5719867404791661 2.5
      vertex 5.718136186976701 0.28826643719789935 2.5
    endloop
  endfacet
  facet normal 0 0 1
    outer loop
      vertex 5.9417607826016585 0.5284660102253166 0.9
      vertex 5.9844946358991145 1.1080334504339453 0.9
      vertex 5.861514082457022 0.846686471174759 0.9
    endloop
  endfacet
  facet normal 0 0 1
    outer loop
      vertex 5.9417607826016585 0.5284660102253166 0.9
      vertex 6.0242249674874655 0.7822646744549404 0.9
      vertex 5.9844946358991145 1.1080334504339453 0.9
    endloop
  endfacet
  facet normal 0 0 1
    outer loop
      vertex 6.0242249674874655 0.7822646744549404 0.9
      vertex 6.139260912937621 1.351906080272688 0.9
      vertex 5.9844946358991145 1.1080334504339453 0.9
    endloop
  endfacet
  facet normal 0 0 1
    outer loop
      vertex 6.0242249674874655 0.7822646744549404 0.9
      vertex 6.13784830490679 1.0237265574661452 0.9
      vertex 6.139260912937621 1.351906080272688 0.9
    endloop
  endfacet
  facet normal 0.9510565162951532 -0.30901699437494884 0
    outer loop
      vertex 5.7722587294041485 0.5719867404791661 0.9
      vertex 5.861514082457022 0.846686471174759 0.9
      vertex 5.861514082457022 0.846686471174759 2.5
    endloop
  endfacet
  facet normal 0.9510565162951532 -0.30901699437494884 0
    outer loop
      vertex 5.7722587294041485 0.5719867404791661 0.9
      vertex 5.861514082457022 0.846686471174759 2.5
      vertex 5.7722587294041485 0.5719867404791661 2.5
    endloop
  endfacet
  facet normal 0.9048270524660195 -0.4257792915650728 0
    outer loop
      vertex 5.861514082457022 0.846686471174759 0.9
      vertex 5.9844946358991145 1.1080334504339453 0.9
      vertex 5.9844946358991145 1.1080334504339453 2.5
    endloop
  endfacet
  facet normal 0.9048270524660195 -0.4257792915650728 0
    outer loop
      vertex 5.861514082457022 0.846686471174759 0.9
      vertex 5.9844946358991145 1.1080334504339453 2.5
      vertex 5.861514082457022 0.846686471174759 2.5
    endloop
  endfacet
  facet normal 0 0 1
    outer loop
      vertex 6.13784830490679 1.0237265574661452 0.9
      vertex 6.280838886953237 1.2490436611215054 0.9
      vertex 6.139260912937621 1.351906080272688 0.9
    endloop
  endfacet
  facet normal 0 0 1
    outer loop
      vertex 6.280838886953237 1.2490436611215054 0.9
      vertex 6.323372156930754 1.5744583436359834 0.9
      vertex 6.139260912937621 1.351906080272688 0.9
    endloop
  endfacet
  facet normal 0.8443279255020162 -0.5358267949789949 0
    outer loop
      vertex 5.9844946358991145 1.1080334504339453 0.9
      vertex 6.139260912937621 1.351906080272688 0.9
      vertex 6.139260912937621 1.351906080272688 2.5
    endloop
  endfacet
  facet normal 0.8443279255020162 -0.5358267949789949 0
    outer loop
      vertex 5.9844946358991145 1.1080334504339453 0.9
      vertex 6.139260912937621 1.351906080272688 2.5
      vertex 5.9844946358991145 1.1080334504339453 2.5
    endloop
  endfacet
  facet normal 0.7705132427757878 -0.6374239897486913 0
    outer loop
      vertex 6.139260912937621 1.351906080272688 0.9
      vertex 6.323372156930754 1.5744583436359834 2.5
      vertex 6.139260912937621 1.351906080272688 2.5
    endloop
  endfacet
  facet normal 0 0 1
    outer loop
      vertex 6.280838886953237 1.2490436611215054 0.9
      vertex 6.4509416667295 1.454662600098463 0.9
      vertex 6.323372156930754 1.5744583436359834 0.9
    endloop
  endfacet
  facet normal 0 0 1
    outer loop
      vertex 6.323372156930754 1.5744583436359834 0.9
      vertex 6.4509416667295 1.454662600098463 0.9
      vertex 6.533924823578014 1.7721804583843155 0.9
    endloop
  endfacet
  facet normal 0 0 1
    outer loop
      vertex 6.4509416667295 1.454662600098463 0.9
      vertex 6.645474021784034 1.6373406408985525 0.9
      vertex 6.533924823578014 1.7721804583843155 0.9
    endloop
  endfacet
  facet normal 0.7705132427757878 -0.6374239897486913 0
    outer loop
      vertex 6.139260912937621 1.351906080272688 0.9
      vertex 6.323372156930754 1.5744583436359834 0.9
      vertex 6.323372156930754 1.5744583436359834 2.5
    endloop
  endfacet
  facet normal 0.6845471059286906 -0.7289686274214097 0
    outer loop
      vertex 6.323372156930754 1.5744583436359834 0.9
      vertex 6.533924823578014 1.7721804583843155 2.5
      vertex 6.323372156930754 1.5744583436359834 2.5
    endloop
  endfacet
  facet normal 0 0 1
    outer loop
      vertex 6.533924823578014 1.7721804583843155 0.9
      vertex 6.645474021784034 1.6373406408985525 0.9
      vertex 6.767598371548308 1.9419542286546345 0.9
    endloop
  endfacet
  facet normal 0 0 1
    outer loop
      vertex 6.645474021784034 1.6373406408985525 0.9
      vertex 6.861368060669632 1.794196841691782 0.9
      vertex 6.767598371548308 1.9419542286546345 0.9
    endloop
  endfacet
  facet normal 0 0 1
    outer loop
      vertex 6.767598371548308 1.9419542286546345 0.9
      vertex 6.861368060669632 1.794196841691782 0.9
      vertex 7.0207076294003326 2.081102220671845 0.9
    endloop
  endfacet
  facet normal 0 0 1
    outer loop
      vertex 6.861368060669632 1.794196841691782 0.9
      vertex 7.09521900542422 1.9227574864902914 0.9
      vertex 7.0207076294003326 2.081102220671845 0.9
    endloop
  endfacet
  facet normal 0 0 1
    outer loop
      vertex 7.09521900542422 1.9227574864902914 0.9
      vertex 7.289260912937621 2.1874299874788528 0.9
      vertex 7.0207076294003326 2.081102220671845 0.9
    endloop
  endfacet
  facet normal 0 0 1
    outer loop
      vertex 7.09521900542422 1.9227574864902914 0.9
      vertex 7.343338886953237 2.020995097127201 0.9
      vertex 7.289260912937621 2.1874299874788528 0.9
    endloop
  endfacet
  facet normal 0 0 1
    outer loop
      vertex 7.343338886953237 2.020995097127201 0.9
      vertex 7.569022976452834 2.259260676675984 0.9
      vertex 7.289260912937621 2.1874299874788528 0.9
    endloop
  endfacet
  facet normal 0 0 1
    outer loop
      vertex 7.343338886953237 2.020995097127201 0.9
      vertex 7.601814706505335 2.0873604077984633 0.9
      vertex 7.569022976452834 2.259260676675984 0.9
    endloop
  endfacet
  facet normal 0 0 1
    outer loop
      vertex 7.601814706505335 2.0873604077984633 0.9
      vertex 7.8665701460002095 2.120806797910077 0.9
      vertex 7.855581805082579 2.295461475385024 0.9
    endloop
  endfacet
  facet normal 0 0 1
    outer loop
      vertex 7.601814706505335 2.0873604077984633 0.9
      vertex 7.855581805082579 2.295461475385024 0.9
      vertex 7.569022976452834 2.259260676675984 0.9
    endloop
  endfacet
  facet normal 0.6845471059286906 -0.7289686274214097 0
    outer loop
      vertex 6.323372156930754 1.5744583436359834 0.9
      vertex 6.533924823578014 1.7721804583843155 0.9
      vertex 6.533924823578014 1.7721804583843155 2.5
    endloop
  endfacet
  facet normal 0.5877852522924715 -0.8090169943749485 0
    outer loop
      vertex 6.533924823578014 1.7721804583843155 0.9
      vertex 6.767598371548308 1.9419542286546345 0.9
      vertex 6.767598371548308 1.9419542286546345 2.5
    endloop
  endfacet
  facet normal 0.5877852522924715 -0.8090169943749485 0
    outer loop
      vertex 6.533924823578014 1.7721804583843155 0.9
      vertex 6.767598371548308 1.9419542286546345 2.5
      vertex 6.533924823578014 1.7721804583843155 2.5
    endloop
  endfacet
  facet normal 0.4817536741017165 -0.876306680043863 0
    outer loop
      vertex 6.767598371548308 1.9419542286546345 0.9
      vertex 7.0207076294003326 2.081102220671845 0.9
      vertex 7.0207076294003326 2.081102220671845 2.5
    endloop
  endfacet
  facet normal 0.4817536741017165 -0.876306680043863 0
    outer loop
      vertex 6.767598371548308 1.9419542286546345 0.9
      vertex 7.0207076294003326 2.081102220671845 2.5
      vertex 6.767598371548308 1.9419542286546345 2.5
    endloop
  endfacet
  facet normal 0.36812455268467625 -0.9297764858882521 0
    outer loop
      vertex 7.0207076294003326 2.081102220671845 0.9
      vertex 7.289260912937621 2.1874299874788528 0.9
      vertex 7.289260912937621 2.1874299874788528 2.5
    endloop
  endfacet
  facet normal 0.2486898871648562 -0.9685831611286307 0
    outer loop
      vertex 7.289260912937621 2.1874299874788528 0.9
      vertex 7.569022976452834 2.259260676675984 0.9
      vertex 7.569022976452834 2.259260676675984 2.5
    endloop
  endfacet
  facet normal 0.36812455268467625 -0.9297764858882521 0
    outer loop
      vertex 7.0207076294003326 2.081102220671845 0.9
      vertex 7.289260912937621 2.1874299874788528 2.5
      vertex 7.0207076294003326 2.081102220671845 2.5
    endloop
  endfacet
  facet normal 0.2486898871648562 -0.9685831611286307 0
    outer loop
      vertex 7.289260912937621 2.1874299874788528 0.9
      vertex 7.569022976452834 2.259260676675984 2.5
      vertex 7.289260912937621 2.1874299874788528 2.5
    endloop
  endfacet
  facet normal 0 0 1
    outer loop
      vertex 7.8665701460002095 2.120806797910077 0.9
      vertex 8.14441819491742 2.295461475385024 0.9
      vertex 7.855581805082579 2.295461475385024 0.9
    endloop
  endfacet
  facet normal 0 0 1
    outer loop
      vertex 7.8665701460002095 2.120806797910077 0.9
      vertex 8.133429853999791 2.120806797910077 0.9
      vertex 8.14441819491742 2.295461475385024 0.9
    endloop
  endfacet
  facet normal 0 0 1
    outer loop
      vertex 8.398185293494665 2.0873604077984633 0.9
      vertex 8.656661113046763 2.020995097127201 0.9
      vertex 8.710739087062379 2.1874299874788528 0.9
    endloop
  endfacet
  facet normal 0 0 1
    outer loop
      vertex 8.133429853999791 2.120806797910077 0.9
      vertex 8.398185293494665 2.0873604077984633 0.9
      vertex 8.430977023547166 2.259260676675984 0.9
    endloop
  endfacet
  facet normal 0 0 1
    outer loop
      vertex 8.133429853999791 2.120806797910077 0.9
      vertex 8.430977023547166 2.259260676675984 0.9
      vertex 8.14441819491742 2.295461475385024 0.9
    endloop
  endfacet
  facet normal 0 0 1
    outer loop
      vertex 8.398185293494665 2.0873604077984633 0.9
      vertex 8.710739087062379 2.1874299874788528 0.9
      vertex 8.430977023547166 2.259260676675984 0.9
    endloop
  endfacet
  facet normal 0 0 1
    outer loop
      vertex 9.138631939330368 1.794196841691782 0.9
      vertex 9.354525978215966 1.637340640898552 0.9
      vertex 9.466075176421986 1.7721804583843148 0.9
    endloop
  endfacet
  facet normal 0 0 1
    outer loop
      vertex 8.904780994575779 1.9227574864902914 0.9
      vertex 9.138631939330368 1.794196841691782 0.9
      vertex 9.232401628451692 1.9419542286546345 0.9
    endloop
  endfacet
  facet normal 0 0 1
    outer loop
      vertex 9.138631939330368 1.794196841691782 0.9
      vertex 9.466075176421986 1.7721804583843148 0.9
      vertex 9.232401628451692 1.9419542286546345 0.9
    endloop
  endfacet
  facet normal 0 0 1
    outer loop
      vertex 8.656661113046763 2.020995097127201 0.9
      vertex 8.979292370599667 2.081102220671845 0.9
      vertex 8.710739087062379 2.1874299874788528 0.9
    endloop
  endfacet
  facet normal 0 0 1
    outer loop
      vertex 8.904780994575779 1.9227574864902914 0.9
      vertex 8.979292370599667 2.081102220671845 0.9
      vertex 8.656661113046763 2.020995097127201 0.9
    endloop
  endfacet
  facet normal 0 0 1
    outer loop
      vertex 8.904780994575779 1.9227574864902914 0.9
      vertex 9.232401628451692 1.9419542286546345 0.9
      vertex 8.979292370599667 2.081102220671845 0.9
    endloop
  endfacet
  facet normal -0.2486898871648562 -0.9685831611286307 0
    outer loop
      vertex 8.430977023547166 2.259260676675984 0.9
      vertex 8.710739087062379 2.1874299874788528 2.5
      vertex 8.430977023547166 2.259260676675984 2.5
    endloop
  endfacet
  facet normal -0.5877852522924731 -0.8090169943749475 0
    outer loop
      vertex 9.232401628451692 1.9419542286546345 0.9
      vertex 9.466075176421986 1.7721804583843148 2.5
      vertex 9.232401628451692 1.9419542286546345 2.5
    endloop
  endfacet
  facet normal -0.2486898871648562 -0.9685831611286307 0
    outer loop
      vertex 8.430977023547166 2.259260676675984 0.9
      vertex 8.710739087062379 2.1874299874788528 0.9
      vertex 8.710739087062379 2.1874299874788528 2.5
    endloop
  endfacet
  facet normal -0.36812455268467625 -0.9297764858882521 0
    outer loop
      vertex 8.710739087062379 2.1874299874788528 0.9
      vertex 8.979292370599667 2.081102220671845 0.9
      vertex 8.979292370599667 2.081102220671845 2.5
    endloop
  endfacet
  facet normal -0.4817536741017165 -0.876306680043863 0
    outer loop
      vertex 9.232401628451692 1.9419542286546345 0.9
      vertex 9.232401628451692 1.9419542286546345 2.5
      vertex 8.979292370599667 2.081102220671845 0.9
    endloop
  endfacet
  facet normal -0.36812455268467625 -0.9297764858882521 0
    outer loop
      vertex 8.710739087062379 2.1874299874788528 0.9
      vertex 8.979292370599667 2.081102220671845 2.5
      vertex 8.710739087062379 2.1874299874788528 2.5
    endloop
  endfacet
  facet normal -0.4817536741017165 -0.876306680043863 0
    outer loop
      vertex 8.979292370599667 2.081102220671845 0.9
      vertex 9.232401628451692 1.9419542286546345 2.5
      vertex 8.979292370599667 2.081102220671845 2.5
    endloop
  endfacet
  facet normal 0 0 1
    outer loop
      vertex 10.138485917542978 -0.8466864711747601 0.9
      vertex 10.138485917542978 0.8466864711747593 0.9
      vertex 10.125 0 0.9
    endloop
  endfacet
  facet normal 0 0 1
    outer loop
      vertex 10.108243740293265 0.26633312132414655 0.9
      vertex 10.125 0 0.9
      vertex 10.138485917542978 0.8466864711747593 0.9
    endloop
  endfacet
  facet normal 0 0 1
    outer loop
      vertex 10.108243740293265 0.26633312132414655 0.9
      vertex 10.138485917542978 0.8466864711747593 0.9
      vertex 10.058239217398341 0.5284660102253165 0.9
    endloop
  endfacet
  facet normal 0 0 1
    outer loop
      vertex 10.2818638130233 -0.28826643719789935 0.9
      vertex 10.3 0 0.9
      vertex 10.2818638130233 0.2882664371978998 0.9
    endloop
  endfacet
  facet normal 0 0 1
    outer loop
      vertex 10.227741270595851 -0.5719867404791652 0.9
      vertex 10.2818638130233 0.2882664371978998 0.9
      vertex 10.227741270595851 0.571986740479166 0.9
    endloop
  endfacet
  facet normal 0 0 1
    outer loop
      vertex 10.138485917542978 -0.8466864711747601 0.9
      vertex 10.227741270595851 0.571986740479166 0.9
      vertex 10.138485917542978 0.8466864711747593 0.9
    endloop
  endfacet
  facet normal -0.9980267284282717 -0.06279051952931321 0
    outer loop
      vertex 10.3 0 0.9
      vertex 10.3 0 2.5
      vertex 10.2818638130233 0.2882664371978998 0.9
    endloop
  endfacet
  facet normal -0.9980267284282717 -0.06279051952931321 0
    outer loop
      vertex 10.2818638130233 0.2882664371978998 0.9
      vertex 10.3 0 2.5
      vertex 10.2818638130233 0.2882664371978998 2.5
    endloop
  endfacet
  facet normal -0.982287250728688 -0.18738131458572752 0
    outer loop
      vertex 10.227741270595851 0.571986740479166 0.9
      vertex 10.2818638130233 0.2882664371978998 0.9
      vertex 10.2818638130233 0.2882664371978998 2.5
    endloop
  endfacet
  facet normal -0.982287250728688 -0.18738131458572752 0
    outer loop
      vertex 10.227741270595851 0.571986740479166 0.9
      vertex 10.2818638130233 0.2882664371978998 2.5
      vertex 10.227741270595851 0.571986740479166 2.5
    endloop
  endfacet
  facet normal 0 0 1
    outer loop
      vertex 10.058239217398341 0.5284660102253165 0.9
      vertex 10.138485917542978 0.8466864711747593 0.9
      vertex 9.975775032512534 0.7822646744549407 0.9
    endloop
  endfacet
  facet normal 0 0 1
    outer loop
      vertex 9.86215169509321 1.0237265574661452 0.9
      vertex 9.975775032512534 0.7822646744549407 0.9
      vertex 10.015505364100886 1.108033450433945 0.9
    endloop
  endfacet
  facet normal 0 0 1
    outer loop
      vertex 9.975775032512534 0.7822646744549407 0.9
      vertex 10.138485917542978 0.8466864711747593 0.9
      vertex 10.015505364100886 1.108033450433945 0.9
    endloop
  endfacet
  facet normal -0.9048270524660191 -0.42577929156507344 0
    outer loop
      vertex 10.138485917542978 0.8466864711747593 0.9
      vertex 10.138485917542978 0.8466864711747593 2.5
      vertex 10.015505364100886 1.108033450433945 0.9
    endloop
  endfacet
  facet normal -0.9048270524660191 -0.42577929156507344 0
    outer loop
      vertex 10.015505364100886 1.108033450433945 0.9
      vertex 10.138485917542978 0.8466864711747593 2.5
      vertex 10.015505364100886 1.108033450433945 2.5
    endloop
  endfacet
  facet normal -0.9510565162951533 -0.3090169943749485 0
    outer loop
      vertex 10.227741270595851 0.571986740479166 0.9
      vertex 10.227741270595851 0.571986740479166 2.5
      vertex 10.138485917542978 0.8466864711747593 0.9
    endloop
  endfacet
  facet normal -0.9510565162951533 -0.3090169943749485 0
    outer loop
      vertex 10.138485917542978 0.8466864711747593 0.9
      vertex 10.227741270595851 0.571986740479166 2.5
      vertex 10.138485917542978 0.8466864711747593 2.5
    endloop
  endfacet
  facet normal 0 0 1
    outer loop
      vertex 9.719161113046763 1.2490436611215054 0.9
      vertex 9.86073908706238 1.351906080272688 0.9
      vertex 9.5490583332705 1.4546626000984635 0.9
    endloop
  endfacet
  facet normal 0 0 1
    outer loop
      vertex 9.719161113046763 1.2490436611215054 0.9
      vertex 9.86215169509321 1.0237265574661452 0.9
      vertex 10.015505364100886 1.108033450433945 0.9
    endloop
  endfacet
  facet normal 0 0 1
    outer loop
      vertex 9.719161113046763 1.2490436611215054 0.9
      vertex 10.015505364100886 1.108033450433945 0.9
      vertex 9.86073908706238 1.351906080272688 0.9
    endloop
  endfacet
  facet normal 0 0 1
    outer loop
      vertex 9.5490583332705 1.4546626000984635 0.9
      vertex 9.86073908706238 1.351906080272688 0.9
      vertex 9.676627843069246 1.574458343635984 0.9
    endloop
  endfacet
  facet normal 0 0 1
    outer loop
      vertex 9.5490583332705 1.4546626000984635 0.9
      vertex 9.676627843069246 1.574458343635984 0.9
      vertex 9.354525978215966 1.637340640898552 0.9
    endloop
  endfacet
  facet normal 0 0 1
    outer loop
      vertex 9.354525978215966 1.637340640898552 0.9
      vertex 9.676627843069246 1.574458343635984 0.9
      vertex 9.466075176421986 1.7721804583843148 0.9
    endloop
  endfacet
  facet normal -0.8443279255020164 -0.5358267949789945 0
    outer loop
      vertex 10.015505364100886 1.108033450433945 0.9
      vertex 10.015505364100886 1.108033450433945 2.5
      vertex 9.86073908706238 1.351906080272688 0.9
    endloop
  endfacet
  facet normal -0.8443279255020164 -0.5358267949789945 0
    outer loop
      vertex 9.86073908706238 1.351906080272688 0.9
      vertex 10.015505364100886 1.108033450433945 2.5
      vertex 9.86073908706238 1.351906080272688 2.5
    endloop
  endfacet
  facet normal -0.6845471059286882 -0.728968627421412 0
    outer loop
      vertex 9.466075176421986 1.7721804583843148 0.9
      vertex 9.676627843069246 1.574458343635984 0.9
      vertex 9.676627843069246 1.574458343635984 2.5
    endloop
  endfacet
  facet normal -0.7705132427757888 -0.6374239897486902 0
    outer loop
      vertex 9.676627843069246 1.574458343635984 0.9
      vertex 9.86073908706238 1.351906080272688 0.9
      vertex 9.86073908706238 1.351906080272688 2.5
    endloop
  endfacet
  facet normal -0.7705132427757888 -0.6374239897486902 0
    outer loop
      vertex 9.676627843069246 1.574458343635984 0.9
      vertex 9.86073908706238 1.351906080272688 2.5
      vertex 9.676627843069246 1.574458343635984 2.5
    endloop
  endfacet
  facet normal -0.5877852522924731 -0.8090169943749475 0
    outer loop
      vertex 9.232401628451692 1.9419542286546345 0.9
      vertex 9.466075176421986 1.7721804583843148 0.9
      vertex 9.466075176421986 1.7721804583843148 2.5
    endloop
  endfacet
  facet normal -0.6845471059286882 -0.728968627421412 0
    outer loop
      vertex 9.466075176421986 1.7721804583843148 0.9
      vertex 9.676627843069246 1.574458343635984 2.5
      vertex 9.466075176421986 1.7721804583843148 2.5
    endloop
  endfacet
  facet normal 0.1253332335643031 -0.992114701314478 -6.756641403771272e-17
    outer loop
      vertex 7.569022976452834 2.259260676675984 0.9
      vertex 7.855581805082579 2.295461475385024 0.9
      vertex 7.85558180508258 2.295461475385024 2.5
    endloop
  endfacet
  facet normal 0.1253332335643027 -0.992114701314478 0
    outer loop
      vertex 7.569022976452834 2.259260676675984 0.9
      vertex 7.85558180508258 2.295461475385024 2.5
      vertex 7.569022976452834 2.259260676675984 2.5
    endloop
  endfacet
  facet normal 0 -1 0
    outer loop
      vertex 7.855581805082579 2.295461475385024 0.9
      vertex 8.14441819491742 2.295461475385024 0.9
      vertex 8.14441819491742 2.295461475385024 2.5
    endloop
  endfacet
  facet normal -0.1253332335643031 -0.992114701314478 0
    outer loop
      vertex 8.14441819491742 2.295461475385024 0.9
      vertex 8.430977023547166 2.259260676675984 0.9
      vertex 8.430977023547166 2.259260676675984 2.5
    endloop
  endfacet
  facet normal 0 -1 0
    outer loop
      vertex 7.855581805082579 2.295461475385024 0.9
      vertex 8.14441819491742 2.295461475385024 2.5
      vertex 7.85558180508258 2.295461475385024 2.5
    endloop
  endfacet
  facet normal -0.1253332335643031 -0.992114701314478 0
    outer loop
      vertex 8.14441819491742 2.295461475385024 0.9
      vertex 8.430977023547166 2.259260676675984 2.5
      vertex 8.14441819491742 2.295461475385024 2.5
    endloop
  endfacet
  facet normal 0.6045770393302122 0.5001496238169846 -0.6199491570366426
    outer loop
      vertex 6.280838886953237 -1.2490436611215054 0.59
      vertex 6.110452570338083 -1.7744031441593213 0
      vertex 5.902960532497271 -1.523588356046448 0
    endloop
  endfacet
  facet normal 0.6624951384156391 0.4204321993677459 -0.6199491570366421
    outer loop
      vertex 6.13784830490679 -1.0237265574661452 0.59
      vertex 5.902960532497271 -1.523588356046448 0
      vertex 5.728540059769635 -1.2487456694111547 0
    endloop
  endfacet
  facet normal 0.6624951384156373 0.4204321993677476 -0.6199491570366429
    outer loop
      vertex 6.13784830490679 -1.0237265574661452 0.59
      vertex 6.280838886953237 -1.2490436611215054 0.59
      vertex 5.902960532497271 -1.523588356046448 0
    endloop
  endfacet
  facet normal 0.7099652934128377 0.33408430798045635 -0.619949157036642
    outer loop
      vertex 6.0242249674874655 -0.7822646744549404 0.59
      vertex 5.728540059769635 -1.2487456694111547 0
      vertex 5.589941867203828 -0.954209517604742 0
    endloop
  endfacet
  facet normal 0.7099652934128375 0.3340843079804563 -0.619949157036642
    outer loop
      vertex 6.0242249674874655 -0.7822646744549404 0.59
      vertex 6.13784830490679 -1.0237265574661452 0.59
      vertex 5.728540059769635 -1.2487456694111547 0
    endloop
  endfacet
  facet normal 0.7462388716202065 0.24246770748402402 -0.6199491570366417
    outer loop
      vertex 5.9417607826016585 -0.5284660102253166 0.59
      vertex 5.589941867203828 -0.954209517604742 0
      vertex 5.489351731091161 -0.6446249116885675 0
    endloop
  endfacet
  facet normal 0.746238871620206 0.24246770748402477 -0.6199491570366421
    outer loop
      vertex 6.0242249674874655 -0.7822646744549404 0.59
      vertex 5.589941867203828 -0.954209517604742 0
      vertex 5.9417607826016585 -0.5284660102253166 0.59
    endloop
  endfacet
  facet normal 0.7707438170406308 0.1470272463973802 -0.6199491570366417
    outer loop
      vertex 5.9417607826016585 -0.5284660102253166 0.59
      vertex 5.489351731091161 -0.6446249116885675 0
      vertex 5.891756259706734 -0.26633312132414616 0.59
    endloop
  endfacet
  facet normal 0.7707438170406297 0.14702724639738257 -0.6199491570366426
    outer loop
      vertex 5.891756259706734 -0.26633312132414616 0.59
      vertex 5.489351731091161 -0.6446249116885675 0
      vertex 5.428356017967763 -0.3248741858348065 0
    endloop
  endfacet
  facet normal 0.7830936720462848 0.04926807780522999 -0.6199491570366424
    outer loop
      vertex 5.891756259706734 -0.26633312132414616 0.59
      vertex 5.428356017967763 -0.3248741858348065 0
      vertex 5.875 0 0.59
    endloop
  endfacet
  facet normal 0.7830936720462852 0.04926807780522848 -0.6199491570366421
    outer loop
      vertex 5.875 0 0.59
      vertex 5.428356017967763 -0.3248741858348065 0
      vertex 5.407916666666667 0 0
    endloop
  endfacet
  facet normal 0.19513252640778259 0.7599910129911225 -0.6199491570366424
    outer loop
      vertex 7.343338886953237 -2.020995097127201 0.59
      vertex 7.5142920174842525 -2.546170411159655 0
      vertex 7.199002199163939 -2.465217744946729 0
    endloop
  endfacet
  facet normal 0.09834171701580965 0.7784548473636342 -0.6199491570366422
    outer loop
      vertex 7.601814706505335 -2.0873604077984633 0.59
      vertex 7.837241740836725 -2.586968448980116 0
      vertex 7.5142920174842525 -2.546170411159655 0
    endloop
  endfacet
  facet normal 0.0983417170158085 0.7784548473636341 -0.6199491570366426
    outer loop
      vertex 7.601814706505335 -2.0873604077984633 0.59
      vertex 7.866570146000209 -2.120806797910077 0.59
      vertex 7.837241740836725 -2.586968448980116 0
    endloop
  endfacet
  facet normal 0 0.7846419837668365 -0.6199491570366424
    outer loop
      vertex 7.866570146000209 -2.120806797910077 0.59
      vertex 8.162758259163276 -2.586968448980116 0
      vertex 7.837241740836725 -2.586968448980116 0
    endloop
  endfacet
  facet normal 0 0.7846419837668365 -0.6199491570366426
    outer loop
      vertex 7.866570146000209 -2.120806797910077 0.59
      vertex 8.133429853999791 -2.120806797910077 0.59
      vertex 8.162758259163276 -2.586968448980116 0
    endloop
  endfacet
  facet normal -0.0983417170158094 0.778454847363634 -0.6199491570366427
    outer loop
      vertex 8.133429853999791 -2.120806797910077 0.59
      vertex 8.485707982515748 -2.546170411159655 0
      vertex 8.162758259163276 -2.586968448980116 0
    endloop
  endfacet
  facet normal -0.195132526407783 0.7599910129911225 -0.6199491570366423
    outer loop
      vertex 8.398185293494665 -2.0873604077984633 0.59
      vertex 8.800997800836061 -2.465217744946729 0
      vertex 8.485707982515748 -2.546170411159655 0
    endloop
  endfacet
  facet normal -0.09834171701580853 0.7784548473636344 -0.6199491570366423
    outer loop
      vertex 8.133429853999791 -2.120806797910077 0.59
      vertex 8.398185293494665 -2.0873604077984633 0.59
      vertex 8.485707982515748 -2.546170411159655 0
    endloop
  endfacet
  facet normal -0.28884597929178424 0.7295416663471159 -0.6199491570366423
    outer loop
      vertex 8.656661113046763 -2.020995097127201 0.59
      vertex 9.103655405344298 -2.345387122246295 0
      vertex 8.800997800836061 -2.465217744946729 0
    endloop
  endfacet
  facet normal 0.37800415853413133 0.6875870118177481 -0.6199491570366423
    outer loop
      vertex 6.861368060669632 -1.794196841691782 0.59
      vertex 6.896344594655702 -2.345387122246295 0
      vertex 6.611092295181526 -2.188568343561682 0
    endloop
  endfacet
  facet normal 0.37800415853413105 0.687587011817748 -0.6199491570366424
    outer loop
      vertex 6.861368060669632 -1.794196841691782 0.59
      vertex 7.095219005424221 -1.9227574864902917 0.59
      vertex 6.896344594655702 -2.345387122246295 0
    endloop
  endfacet
  facet normal 0.46120098638765694 0.6347886993674423 -0.6199491570366421
    outer loop
      vertex 6.645474021784034 -1.6373406408985525 0.59
      vertex 6.611092295181526 -2.188568343561682 0
      vertex 6.347743899905584 -1.9972345347117442 0
    endloop
  endfacet
  facet normal 0.5371243991777341 0.5719793899237235 -0.6199491570366421
    outer loop
      vertex 6.4509416667295 -1.454662600098463 0.59
      vertex 6.347743899905584 -1.9972345347117442 0
      vertex 6.110452570338083 -1.7744031441593213 0
    endloop
  endfacet
  facet normal 0.5371243991777344 0.5719793899237234 -0.6199491570366421
    outer loop
      vertex 6.645474021784034 -1.6373406408985525 0.59
      vertex 6.347743899905584 -1.9972345347117442 0
      vertex 6.4509416667295 -1.454662600098463 0.59
    endloop
  endfacet
  facet normal 0.4612009863876563 0.6347886993674426 -0.6199491570366424
    outer loop
      vertex 6.645474021784034 -1.6373406408985525 0.59
      vertex 6.861368060669632 -1.794196841691782 0.59
      vertex 6.611092295181526 -2.188568343561682 0
    endloop
  endfacet
  facet normal 0.2888459792917843 0.729541666347116 -0.6199491570366423
    outer loop
      vertex 7.095219005424221 -1.9227574864902917 0.59
      vertex 7.199002199163939 -2.465217744946729 0
      vertex 6.896344594655702 -2.345387122246295 0
    endloop
  endfacet
  facet normal 0.28884597929178396 0.7295416663471159 -0.6199491570366424
    outer loop
      vertex 7.343338886953237 -2.020995097127201 0.59
      vertex 7.199002199163939 -2.465217744946729 0
      vertex 7.095219005424221 -1.9227574864902917 0.59
    endloop
  endfacet
  facet normal 0.19513252640778325 0.7599910129911225 -0.6199491570366422
    outer loop
      vertex 7.343338886953237 -2.020995097127201 0.59
      vertex 7.601814706505335 -2.0873604077984633 0.59
      vertex 7.5142920174842525 -2.546170411159655 0
    endloop
  endfacet
  facet normal 0.6045770393302141 0.5001496238169832 -0.6199491570366421
    outer loop
      vertex 6.4509416667295 -1.454662600098463 0.59
      vertex 6.110452570338083 -1.7744031441593213 0
      vertex 6.280838886953237 -1.2490436611215054 0.59
    endloop
  endfacet
  facet normal -0.1951325264077832 0.7599910129911223 -0.6199491570366424
    outer loop
      vertex 8.398185293494665 -2.0873604077984633 0.59
      vertex 8.656661113046763 -2.020995097127201 0.59
      vertex 8.800997800836061 -2.465217744946729 0
    endloop
  endfacet
  facet normal -0.288845979291784 0.729541666347116 -0.6199491570366422
    outer loop
      vertex 8.656661113046763 -2.020995097127201 0.59
      vertex 8.904780994575779 -1.9227574864902917 0.59
      vertex 9.103655405344298 -2.345387122246295 0
    endloop
  endfacet
  facet normal -0.3780041585341313 0.687587011817748 -0.6199491570366424
    outer loop
      vertex 8.904780994575779 -1.9227574864902917 0.59
      vertex 9.388907704818473 -2.1885683435616823 0
      vertex 9.103655405344298 -2.345387122246295 0
    endloop
  endfacet
  facet normal -0.37800415853413216 0.6875870118177472 -0.6199491570366428
    outer loop
      vertex 8.904780994575779 -1.9227574864902917 0.59
      vertex 9.138631939330367 -1.7941968416917824 0.59
      vertex 9.388907704818473 -2.1885683435616823 0
    endloop
  endfacet
  facet normal -0.4612009863876562 0.6347886993674423 -0.6199491570366428
    outer loop
      vertex 9.138631939330367 -1.7941968416917824 0.59
      vertex 9.354525978215966 -1.6373406408985516 0.59
      vertex 9.388907704818473 -2.1885683435616823 0
    endloop
  endfacet
  facet normal -0.46120098638765794 0.6347886993674415 -0.6199491570366422
    outer loop
      vertex 9.354525978215966 -1.6373406408985516 0.59
      vertex 9.652256100094416 -1.9972345347117433 0
      vertex 9.388907704818473 -2.1885683435616823 0
    endloop
  endfacet
  facet normal -0.5371243991777331 0.5719793899237247 -0.6199491570366421
    outer loop
      vertex 9.354525978215966 -1.6373406408985516 0.59
      vertex 9.889547429661917 -1.7744031441593213 0
      vertex 9.652256100094416 -1.9972345347117433 0
    endloop
  endfacet
  facet normal -0.5371243991777329 0.5719793899237249 -0.6199491570366421
    outer loop
      vertex 9.354525978215966 -1.6373406408985516 0.59
      vertex 9.5490583332705 -1.454662600098463 0.59
      vertex 9.889547429661917 -1.7744031441593213 0
    endloop
  endfacet
  facet normal -0.6045770393302126 0.5001496238169849 -0.619949157036642
    outer loop
      vertex 9.5490583332705 -1.454662600098463 0.59
      vertex 10.097039467502729 -1.523588356046448 0
      vertex 9.889547429661917 -1.7744031441593213 0
    endloop
  endfacet
  facet normal -0.6045770393302137 0.5001496238169828 -0.6199491570366428
    outer loop
      vertex 9.5490583332705 -1.454662600098463 0.59
      vertex 9.719161113046763 -1.2490436611215054 0.59
      vertex 10.097039467502729 -1.523588356046448 0
    endloop
  endfacet
  facet normal -0.6624951384156387 0.4204321993677455 -0.6199491570366428
    outer loop
      vertex 9.719161113046763 -1.2490436611215054 0.59
      vertex 10.271459940230365 -1.2487456694111547 0
      vertex 10.097039467502729 -1.523588356046448 0
    endloop
  endfacet
  facet normal -0.6624951384156379 0.42043219936774795 -0.6199491570366421
    outer loop
      vertex 9.719161113046763 -1.2490436611215054 0.59
      vertex 9.86215169509321 -1.0237265574661452 0.59
      vertex 10.271459940230365 -1.2487456694111547 0
    endloop
  endfacet
  facet normal -0.7099652934128374 0.3340843079804552 -0.6199491570366428
    outer loop
      vertex 9.86215169509321 -1.0237265574661452 0.59
      vertex 9.975775032512534 -0.7822646744549415 0.59
      vertex 10.410058132796172 -0.9542095176047434 0
    endloop
  endfacet
  facet normal -0.709965293412837 0.3340843079804574 -0.6199491570366421
    outer loop
      vertex 9.86215169509321 -1.0237265574661452 0.59
      vertex 10.410058132796172 -0.9542095176047434 0
      vertex 10.271459940230365 -1.2487456694111547 0
    endloop
  endfacet
  facet normal -0.7462388716202057 0.24246770748402413 -0.6199491570366428
    outer loop
      vertex 9.975775032512534 -0.7822646744549415 0.59
      vertex 10.51064826890884 -0.6446249116885665 0
      vertex 10.410058132796172 -0.9542095176047434 0
    endloop
  endfacet
  facet normal -0.7462388716202055 0.2424677074840253 -0.6199491570366423
    outer loop
      vertex 9.975775032512534 -0.7822646744549415 0.59
      vertex 10.058239217398341 -0.5284660102253157 0.59
      vertex 10.51064826890884 -0.6446249116885665 0
    endloop
  endfacet
  facet normal -0.7707438170406301 0.14702724639738096 -0.6199491570366426
    outer loop
      vertex 10.058239217398341 -0.5284660102253157 0.59
      vertex 10.571643982032237 -0.3248741858348065 0
      vertex 10.51064826890884 -0.6446249116885665 0
    endloop
  endfacet
  facet normal -0.77074381704063 0.14702724639737796 -0.6199491570366433
    outer loop
      vertex 10.058239217398341 -0.5284660102253157 0.59
      vertex 10.108243740293265 -0.26633312132414616 0.59
      vertex 10.571643982032237 -0.3248741858348065 0
    endloop
  endfacet
  facet normal -0.7830936720462843 0.04926807780522865 -0.6199491570366432
    outer loop
      vertex 10.108243740293265 -0.26633312132414616 0.59
      vertex 10.592083333333333 0 0
      vertex 10.571643982032237 -0.3248741858348065 0
    endloop
  endfacet
  facet normal -0.7830936720462851 0.04926807780523262 -0.6199491570366419
    outer loop
      vertex 10.108243740293265 -0.26633312132414616 0.59
      vertex 10.125 0 0.59
      vertex 10.592083333333333 0 0
    endloop
  endfacet
  facet normal 0.7830936720462852 -0.04926807780523001 -0.6199491570366421
    outer loop
      vertex 5.875 0 0.59
      vertex 5.407916666666667 0 0
      vertex 5.891756259706734 0.26633312132414616 0.59
    endloop
  endfacet
  facet normal 0.7830936720462848 -0.049268077805228454 -0.6199491570366424
    outer loop
      vertex 5.891756259706734 0.26633312132414616 0.59
      vertex 5.407916666666667 0 0
      vertex 5.428356017967763 0.3248741858348065 0
    endloop
  endfacet
  facet normal 0.7707438170406301 -0.1470272463973801 -0.6199491570366426
    outer loop
      vertex 5.891756259706734 0.26633312132414616 0.59
      vertex 5.428356017967763 0.3248741858348065 0
      vertex 5.9417607826016585 0.5284660102253166 0.59
    endloop
  endfacet
  facet normal 0.7707438170406303 -0.14702724639738257 -0.6199491570366418
    outer loop
      vertex 5.9417607826016585 0.5284660102253166 0.59
      vertex 5.428356017967763 0.3248741858348065 0
      vertex 5.489351731091161 0.6446249116885675 0
    endloop
  endfacet
  facet normal 0.7462388716202062 -0.24246770748402485 -0.6199491570366418
    outer loop
      vertex 5.9417607826016585 0.5284660102253166 0.59
      vertex 5.489351731091161 0.6446249116885675 0
      vertex 6.0242249674874655 0.7822646744549404 0.59
    endloop
  endfacet
  facet normal 0.7462388716202063 -0.24246770748402388 -0.6199491570366421
    outer loop
      vertex 6.0242249674874655 0.7822646744549404 0.59
      vertex 5.489351731091161 0.6446249116885675 0
      vertex 5.589941867203828 0.954209517604742 0
    endloop
  endfacet
  facet normal 0.7099652934128377 -0.33408430798045624 -0.619949157036642
    outer loop
      vertex 6.13784830490679 1.0237265574661452 0.59
      vertex 5.589941867203828 0.954209517604742 0
      vertex 5.728540059769635 1.2487456694111547 0
    endloop
  endfacet
  facet normal 0.7099652934128375 -0.3340843079804563 -0.619949157036642
    outer loop
      vertex 6.0242249674874655 0.7822646744549404 0.59
      vertex 5.589941867203828 0.954209517604742 0
      vertex 6.13784830490679 1.0237265574661452 0.59
    endloop
  endfacet
  facet normal 0.6624951384156379 -0.42043219936774795 -0.619949157036642
    outer loop
      vertex 6.13784830490679 1.0237265574661452 0.59
      vertex 5.728540059769635 1.2487456694111547 0
      vertex 6.280838886953237 1.2490436611215054 0.59
    endloop
  endfacet
  facet normal 0.6624951384156387 -0.4204321993677455 -0.6199491570366428
    outer loop
      vertex 6.280838886953237 1.2490436611215054 0.59
      vertex 5.728540059769635 1.2487456694111547 0
      vertex 5.902960532497271 1.523588356046448 0
    endloop
  endfacet
  facet normal 0.6045770393302137 -0.5001496238169828 -0.6199491570366428
    outer loop
      vertex 6.280838886953237 1.2490436611215054 0.59
      vertex 5.902960532497271 1.523588356046448 0
      vertex 6.4509416667295 1.454662600098463 0.59
    endloop
  endfacet
  facet normal 0.6045770393302126 -0.5001496238169849 -0.619949157036642
    outer loop
      vertex 6.4509416667295 1.454662600098463 0.59
      vertex 5.902960532497271 1.523588356046448 0
      vertex 6.110452570338083 1.7744031441593213 0
    endloop
  endfacet
  facet normal 0.5371243991777342 -0.5719793899237234 -0.6199491570366421
    outer loop
      vertex 6.4509416667295 1.454662600098463 0.59
      vertex 6.110452570338083 1.7744031441593213 0
      vertex 6.645474021784034 1.6373406408985525 0.59
    endloop
  endfacet
  facet normal 0.5371243991777342 -0.5719793899237237 -0.619949157036642
    outer loop
      vertex 6.645474021784034 1.6373406408985525 0.59
      vertex 6.110452570338083 1.7744031441593213 0
      vertex 6.347743899905584 1.9972345347117442 0
    endloop
  endfacet
  facet normal 0.46120098638765694 -0.6347886993674423 -0.6199491570366421
    outer loop
      vertex 6.645474021784034 1.6373406408985525 0.59
      vertex 6.347743899905584 1.9972345347117442 0
      vertex 6.611092295181526 2.188568343561682 0
    endloop
  endfacet
  facet normal 0.4612009863876563 -0.6347886993674426 -0.6199491570366424
    outer loop
      vertex 6.645474021784034 1.6373406408985525 0.59
      vertex 6.611092295181526 2.188568343561682 0
      vertex 6.861368060669632 1.794196841691782 0.59
    endloop
  endfacet
  facet normal 0.37800415853413166 -0.6875870118177477 -0.6199491570366423
    outer loop
      vertex 6.861368060669632 1.794196841691782 0.59
      vertex 6.611092295181526 2.188568343561682 0
      vertex 7.09521900542422 1.9227574864902914 0.59
    endloop
  endfacet
  facet normal 0.37800415853413205 -0.6875870118177473 -0.6199491570366426
    outer loop
      vertex 7.09521900542422 1.9227574864902914 0.59
      vertex 6.611092295181526 2.188568343561682 0
      vertex 6.896344594655701 2.345387122246295 0
    endloop
  endfacet
  facet normal 0.2888459792917836 -0.7295416663471161 -0.6199491570366424
    outer loop
      vertex 7.09521900542422 1.9227574864902914 0.59
      vertex 6.896344594655701 2.345387122246295 0
      vertex 7.343338886953237 2.020995097127201 0.59
    endloop
  endfacet
  facet normal 0.1951325264077832 -0.7599910129911223 -0.6199491570366424
    outer loop
      vertex 7.343338886953237 2.020995097127201 0.59
      vertex 7.199002199163939 2.465217744946729 0
      vertex 7.601814706505335 2.0873604077984633 0.59
    endloop
  endfacet
  facet normal -0.1951325264077832 -0.7599910129911223 -0.6199491570366423
    outer loop
      vertex 8.398185293494665 2.0873604077984633 0.59
      vertex 8.485707982515747 2.5461704111596553 0
      vertex 8.656661113046763 2.020995097127201 0.59
    endloop
  endfacet
  facet normal -0.46120098638765694 -0.6347886993674418 -0.6199491570366428
    outer loop
      vertex 9.138631939330368 1.794196841691782 0.59
      vertex 9.388907704818475 2.188568343561682 0
      vertex 9.354525978215966 1.637340640898552 0.59
    endloop
  endfacet
  facet normal -0.2888459792917841 -0.7295416663471159 -0.6199491570366424
    outer loop
      vertex 8.904780994575779 1.9227574864902914 0.59
      vertex 8.800997800836061 2.465217744946729 0
      vertex 9.103655405344298 2.345387122246295 0
    endloop
  endfacet
  facet normal -0.2888459792917845 -0.7295416663471158 -0.6199491570366423
    outer loop
      vertex 8.904780994575779 1.9227574864902914 0.59
      vertex 8.656661113046763 2.020995097127201 0.59
      vertex 8.800997800836061 2.465217744946729 0
    endloop
  endfacet
  facet normal -0.3780041585341305 -0.6875870118177482 -0.6199491570366427
    outer loop
      vertex 8.904780994575779 1.9227574864902914 0.59
      vertex 9.103655405344298 2.345387122246295 0
      vertex 9.138631939330368 1.794196841691782 0.59
    endloop
  endfacet
  facet normal -0.37800415853413033 -0.6875870118177483 -0.6199491570366427
    outer loop
      vertex 9.138631939330368 1.794196841691782 0.59
      vertex 9.103655405344298 2.345387122246295 0
      vertex 9.388907704818475 2.188568343561682 0
    endloop
  endfacet
  facet normal -0.7830936720462851 -0.049268077805228405 -0.6199491570366421
    outer loop
      vertex 10.125 0 0.59
      vertex 10.571643982032237 0.324874185834807 0
      vertex 10.592083333333333 0 0
    endloop
  endfacet
  facet normal -0.7830936720462839 -0.04926807780523247 -0.6199491570366433
    outer loop
      vertex 10.108243740293265 0.26633312132414655 0.59
      vertex 10.571643982032237 0.324874185834807 0
      vertex 10.125 0 0.59
    endloop
  endfacet
  facet normal -0.7707438170406288 -0.1470272463973847 -0.6199491570366432
    outer loop
      vertex 10.108243740293265 0.26633312132414655 0.59
      vertex 10.510648268908838 0.6446249116885674 0
      vertex 10.571643982032237 0.324874185834807 0
    endloop
  endfacet
  facet normal -0.7707438170406318 -0.1470272463973781 -0.6199491570366409
    outer loop
      vertex 10.108243740293265 0.26633312132414655 0.59
      vertex 10.058239217398341 0.5284660102253165 0.59
      vertex 10.510648268908838 0.6446249116885674 0
    endloop
  endfacet
  facet normal -0.7462388716202049 -0.24246770748402655 -0.6199491570366428
    outer loop
      vertex 10.058239217398341 0.5284660102253165 0.59
      vertex 9.975775032512534 0.7822646744549407 0.59
      vertex 10.410058132796172 0.9542095176047424 0
    endloop
  endfacet
  facet normal -0.7099652934128383 -0.33408430798045463 -0.619949157036642
    outer loop
      vertex 9.86215169509321 1.0237265574661452 0.59
      vertex 10.271459940230365 1.2487456694111547 0
      vertex 9.975775032512534 0.7822646744549407 0.59
    endloop
  endfacet
  facet normal -0.7462388716202077 -0.24246770748402188 -0.6199491570366411
    outer loop
      vertex 10.058239217398341 0.5284660102253165 0.59
      vertex 10.410058132796172 0.9542095176047424 0
      vertex 10.510648268908838 0.6446249116885674 0
    endloop
  endfacet
  facet normal -0.709965293412837 -0.33408430798045635 -0.6199491570366428
    outer loop
      vertex 9.975775032512534 0.7822646744549407 0.59
      vertex 10.271459940230365 1.2487456694111547 0
      vertex 10.410058132796172 0.9542095176047424 0
    endloop
  endfacet
  facet normal -0.6624951384156391 -0.4204321993677459 -0.6199491570366421
    outer loop
      vertex 9.86215169509321 1.0237265574661452 0.59
      vertex 10.097039467502729 1.523588356046448 0
      vertex 10.271459940230365 1.2487456694111547 0
    endloop
  endfacet
  facet normal -0.6624951384156373 -0.4204321993677476 -0.6199491570366429
    outer loop
      vertex 9.719161113046763 1.2490436611215054 0.59
      vertex 10.097039467502729 1.523588356046448 0
      vertex 9.86215169509321 1.0237265574661452 0.59
    endloop
  endfacet
  facet normal -0.6045770393302146 -0.5001496238169825 -0.6199491570366421
    outer loop
      vertex 9.719161113046763 1.2490436611215054 0.59
      vertex 9.5490583332705 1.4546626000984635 0.59
      vertex 9.889547429661917 1.774403144159322 0
    endloop
  endfacet
  facet normal -0.604577039330213 -0.5001496238169838 -0.6199491570366427
    outer loop
      vertex 9.719161113046763 1.2490436611215054 0.59
      vertex 9.889547429661917 1.774403144159322 0
      vertex 10.097039467502729 1.523588356046448 0
    endloop
  endfacet
  facet normal -0.5371243991777328 -0.5719793899237248 -0.6199491570366421
    outer loop
      vertex 9.5490583332705 1.4546626000984635 0.59
      vertex 9.652256100094416 1.9972345347117437 0
      vertex 9.889547429661917 1.774403144159322 0
    endloop
  endfacet
  facet normal -0.5371243991777329 -0.5719793899237248 -0.6199491570366421
    outer loop
      vertex 9.5490583332705 1.4546626000984635 0.59
      vertex 9.354525978215966 1.637340640898552 0.59
      vertex 9.652256100094416 1.9972345347117437 0
    endloop
  endfacet
  facet normal -0.46120098638765844 -0.6347886993674411 -0.6199491570366422
    outer loop
      vertex 9.354525978215966 1.637340640898552 0.59
      vertex 9.388907704818475 2.188568343561682 0
      vertex 9.652256100094416 1.9972345347117437 0
    endloop
  endfacet
  facet normal 0.2888459792917835 -0.7295416663471161 -0.6199491570366424
    outer loop
      vertex 7.343338886953237 2.020995097127201 0.59
      vertex 6.896344594655701 2.345387122246295 0
      vertex 7.199002199163939 2.465217744946729 0
    endloop
  endfacet
  facet normal 0.19513252640778303 -0.7599910129911224 -0.6199491570366423
    outer loop
      vertex 7.601814706505335 2.0873604077984633 0.59
      vertex 7.199002199163939 2.465217744946729 0
      vertex 7.514292017484253 2.5461704111596553 0
    endloop
  endfacet
  facet normal 0.0983417170158082 -0.7784548473636344 -0.6199491570366424
    outer loop
      vertex 7.601814706505335 2.0873604077984633 0.59
      vertex 7.514292017484253 2.5461704111596553 0
      vertex 7.8665701460002095 2.120806797910077 0.59
    endloop
  endfacet
  facet normal 0.09834171701580852 -0.7784548473636342 -0.6199491570366424
    outer loop
      vertex 7.8665701460002095 2.120806797910077 0.59
      vertex 7.514292017484253 2.5461704111596553 0
      vertex 7.837241740836726 2.586968448980116 0
    endloop
  endfacet
  facet normal 0 -0.7846419837668365 -0.6199491570366426
    outer loop
      vertex 7.8665701460002095 2.120806797910077 0.59
      vertex 7.837241740836726 2.586968448980116 0
      vertex 8.133429853999791 2.120806797910077 0.59
    endloop
  endfacet
  facet normal -1.1339573942567748e-15 -0.7846419837668366 -0.6199491570366421
    outer loop
      vertex 8.133429853999791 2.120806797910077 0.59
      vertex 7.837241740836726 2.586968448980116 0
      vertex 8.162758259163274 2.5869684489801155 0
    endloop
  endfacet
  facet normal -0.09834171701580856 -0.7784548473636346 -0.619949157036642
    outer loop
      vertex 8.133429853999791 2.120806797910077 0.59
      vertex 8.162758259163274 2.5869684489801155 0
      vertex 8.398185293494665 2.0873604077984633 0.59
    endloop
  endfacet
  facet normal -0.09834171701580742 -0.7784548473636345 -0.6199491570366423
    outer loop
      vertex 8.398185293494665 2.0873604077984633 0.59
      vertex 8.162758259163274 2.5869684489801155 0
      vertex 8.485707982515747 2.5461704111596553 0
    endloop
  endfacet
  facet normal -0.19513252640778314 -0.7599910129911224 -0.6199491570366423
    outer loop
      vertex 8.656661113046763 2.020995097127201 0.59
      vertex 8.485707982515747 2.5461704111596553 0
      vertex 8.800997800836061 2.465217744946729 0
    endloop
  endfacet
endsolid OpenSCAD_Model
