solid OpenSCAD_Model
  facet normal -0.7705132427757889 -0.6374239897486901 0
    outer loop
      vertex -4.045084971874737 -2.938926261462366 2
      vertex -3.6448431371070584 -3.4227355296434423 0.49
      vertex -3.6448431371070584 -3.4227355296434423 2
    endloop
  endfacet
  facet normal -0.8443279255020154 -0.535826794978996 0
    outer loop
      vertex -4.381533400219317 -2.408768370508577 2
      vertex -4.381533400219317 -2.408768370508577 0.49
      vertex -4.045084971874737 -2.938926261462366 0.49
    endloop
  endfacet
  facet normal -0.8443279255020154 -0.535826794978996 0
    outer loop
      vertex -4.045084971874737 -2.938926261462366 2
      vertex -4.381533400219317 -2.408768370508577 2
      vertex -4.045084971874737 -2.938926261462366 0.49
    endloop
  endfacet
  facet normal -0.7705132427757889 -0.6374239897486901 0
    outer loop
      vertex -4.045084971874737 -2.938926261462366 2
      vertex -4.045084971874737 -2.938926261462366 0.49
      vertex -3.6448431371070584 -3.4227355296434423 0.49
    endloop
  endfacet
  facet normal -0.5877852522924728 -0.8090169943749477 0
    outer loop
      vertex -3.1871199487434483 -3.852566213878947 2
      vertex -2.679133974894983 -4.221639627510076 0.49
      vertex -2.679133974894983 -4.221639627510076 2
    endloop
  endfacet
  facet normal -0.5877852522924728 -0.8090169943749477 0
    outer loop
      vertex -3.1871199487434483 -3.852566213878947 2
      vertex -3.1871199487434483 -3.852566213878947 0.49
      vertex -2.679133974894983 -4.221639627510076 0.49
    endloop
  endfacet
  facet normal -0.6845471059286894 -0.7289686274214108 0
    outer loop
      vertex -3.6448431371070584 -3.4227355296434423 2
      vertex -3.6448431371070584 -3.4227355296434423 0.49
      vertex -3.1871199487434483 -3.852566213878947 0.49
    endloop
  endfacet
  facet normal -0.6845471059286894 -0.7289686274214108 0
    outer loop
      vertex -3.1871199487434483 -3.852566213878947 2
      vertex -3.6448431371070584 -3.4227355296434423 2
      vertex -3.1871199487434483 -3.852566213878947 0.49
    endloop
  endfacet
  facet normal -0.9048270524660194 -0.425779291565073 0
    outer loop
      vertex -4.381533400219317 -2.408768370508577 2
      vertex -4.648882429441257 -1.8406227634233894 2
      vertex -4.381533400219317 -2.408768370508577 0.49
    endloop
  endfacet
  facet normal -0.9048270524660194 -0.425779291565073 0
    outer loop
      vertex -4.648882429441257 -1.8406227634233894 2
      vertex -4.648882429441257 -1.8406227634233894 0.49
      vertex -4.381533400219317 -2.408768370508577 0.49
    endloop
  endfacet
  facet normal -0.9510565162951536 -0.3090169943749472 0
    outer loop
      vertex -4.648882429441257 -1.8406227634233894 2
      vertex -4.842915805643155 -1.2434494358242743 2
      vertex -4.648882429441257 -1.8406227634233894 0.49
    endloop
  endfacet
  facet normal -0.9510565162951536 -0.3090169943749472 0
    outer loop
      vertex -4.842915805643155 -1.2434494358242743 2
      vertex -4.842915805643155 -1.2434494358242743 0.49
      vertex -4.648882429441257 -1.8406227634233894 0.49
    endloop
  endfacet
  facet normal -0.9822872507286885 -0.1873813145857251 0
    outer loop
      vertex -4.842915805643155 -1.2434494358242743 2
      vertex -4.9605735065723895 -0.6266661678215203 2
      vertex -4.842915805643155 -1.2434494358242743 0.49
    endloop
  endfacet
  facet normal -0.9822872507286885 -0.1873813145857251 0
    outer loop
      vertex -4.9605735065723895 -0.6266661678215203 2
      vertex -4.9605735065723895 -0.6266661678215203 0.49
      vertex -4.842915805643155 -1.2434494358242743 0.49
    endloop
  endfacet
  facet normal 0 0 1
    outer loop
      vertex -4.381533400219317 -2.408768370508577 2
      vertex -4.648882429441257 1.8406227634233894 2
      vertex -4.648882429441257 -1.8406227634233894 2
    endloop
  endfacet
  facet normal -0.9980267284282716 -0.06279051952931294 0
    outer loop
      vertex -4.9605735065723895 -0.6266661678215203 2
      vertex -5 0 2
      vertex -4.9605735065723895 -0.6266661678215203 0.49
    endloop
  endfacet
  facet normal -0.9980267284282716 -0.06279051952931294 0
    outer loop
      vertex -5 0 2
      vertex -5 0 0.49
      vertex -4.9605735065723895 -0.6266661678215203 0.49
    endloop
  endfacet
  facet normal 0 0 1
    outer loop
      vertex -4.842915805643155 -1.2434494358242743 2
      vertex -4.9605735065723895 0.6266661678215203 2
      vertex -4.9605735065723895 -0.6266661678215203 2
    endloop
  endfacet
  facet normal 0 0 1
    outer loop
      vertex -4.648882429441257 -1.8406227634233894 2
      vertex -4.842915805643155 1.2434494358242743 2
      vertex -4.842915805643155 -1.2434494358242743 2
    endloop
  endfacet
  facet normal 0 0 1
    outer loop
      vertex -4.045084971874737 -2.938926261462366 2
      vertex -4.381533400219317 2.408768370508577 2
      vertex -4.381533400219317 -2.408768370508577 2
    endloop
  endfacet
  facet normal 0 0 1
    outer loop
      vertex -4.045084971874737 -2.938926261462366 2
      vertex -3.6448431371070584 -3.4227355296434423 2
      vertex -4.045084971874737 2.938926261462366 2
    endloop
  endfacet
  facet normal 0 0 1
    outer loop
      vertex -3.1871199487434483 -3.852566213878947 2
      vertex -3.6448431371070584 3.4227355296434423 2
      vertex -3.6448431371070584 -3.4227355296434423 2
    endloop
  endfacet
  facet normal 0 0 1
    outer loop
      vertex -3.1871199487434483 -3.852566213878947 2
      vertex -2.679133974894983 -4.221639627510076 2
      vertex -3.1871199487434483 3.852566213878947 2
    endloop
  endfacet
  facet normal 0 0 1
    outer loop
      vertex -2.679133974894983 -4.221639627510076 2
      vertex -2.4214579028215777 -0.6217247179121371 2
      vertex -2.4802867532861947 -0.31333308391076015 2
    endloop
  endfacet
  facet normal 0 0 1
    outer loop
      vertex -2.679133974894983 -4.221639627510076 2
      vertex -2.4802867532861947 -0.31333308391076015 2
      vertex -2.5 0 2
    endloop
  endfacet
  facet normal -0.4817536741017151 -0.8763066800438637 0
    outer loop
      vertex -2.679133974894983 -4.221639627510076 2
      vertex -2.128896457825362 -4.524135262330098 0.49
      vertex -2.128896457825362 -4.524135262330098 2
    endloop
  endfacet
  facet normal -0.3681245526846768 -0.9297764858882518 0
    outer loop
      vertex -2.128896457825362 -4.524135262330098 2
      vertex -2.128896457825362 -4.524135262330098 0.49
      vertex -1.545084971874737 -4.755282581475767 0.49
    endloop
  endfacet
  facet normal -0.4817536741017151 -0.8763066800438637 0
    outer loop
      vertex -2.679133974894983 -4.221639627510076 2
      vertex -2.679133974894983 -4.221639627510076 0.49
      vertex -2.128896457825362 -4.524135262330098 0.49
    endloop
  endfacet
  facet normal -0.3681245526846768 -0.9297764858882518 0
    outer loop
      vertex -2.128896457825362 -4.524135262330098 2
      vertex -1.545084971874737 -4.755282581475767 0.49
      vertex -1.545084971874737 -4.755282581475767 2
    endloop
  endfacet
  facet normal -0.24868988716485582 -0.968583161128631 0
    outer loop
      vertex -1.545084971874737 -4.755282581475767 2
      vertex -1.545084971874737 -4.755282581475767 0.49
      vertex -0.9369065729286241 -4.911436253643443 0.49
    endloop
  endfacet
  facet normal 0 0 1
    outer loop
      vertex -1.545084971874737 -4.755282581475767 2
      vertex -0.9369065729286241 -4.911436253643443 2
      vertex -1.3395669874474916 -2.110819813755038 2
    endloop
  endfacet
  facet normal 0 0 1
    outer loop
      vertex -2.679133974894983 -4.221639627510076 2
      vertex -2.128896457825362 -4.524135262330098 2
      vertex -2.4214579028215777 -0.6217247179121371 2
    endloop
  endfacet
  facet normal 0 0 1
    outer loop
      vertex -2.128896457825362 -4.524135262330098 2
      vertex -1.8224215685535292 -1.7113677648217211 2
      vertex -2.0225424859373686 -1.469463130731183 2
    endloop
  endfacet
  facet normal 0 0 1
    outer loop
      vertex -2.128896457825362 -4.524135262330098 2
      vertex -1.545084971874737 -4.755282581475767 2
      vertex -1.8224215685535292 -1.7113677648217211 2
    endloop
  endfacet
  facet normal 0 0 1
    outer loop
      vertex -1.545084971874737 -4.755282581475767 2
      vertex -1.5935599743717241 -1.9262831069394735 2
      vertex -1.8224215685535292 -1.7113677648217211 2
    endloop
  endfacet
  facet normal 0 0 1
    outer loop
      vertex -1.545084971874737 -4.755282581475767 2
      vertex -1.3395669874474916 -2.110819813755038 2
      vertex -1.5935599743717241 -1.9262831069394735 2
    endloop
  endfacet
  facet normal -0.24868988716485582 -0.968583161128631 0
    outer loop
      vertex -1.545084971874737 -4.755282581475767 2
      vertex -0.9369065729286241 -4.911436253643443 0.49
      vertex -0.9369065729286241 -4.911436253643443 2
    endloop
  endfacet
  facet normal -0.12533323356430498 -0.9921147013144779 0
    outer loop
      vertex -0.9369065729286241 -4.911436253643443 2
      vertex -0.9369065729286241 -4.911436253643443 0.49
      vertex -0.3139525976465688 -4.990133642141358 0.49
    endloop
  endfacet
  facet normal 0 0 1
    outer loop
      vertex -0.9369065729286241 -4.911436253643443 2
      vertex -0.3139525976465688 -4.990133642141358 2
      vertex -0.7725424859373685 -2.3776412907378837 2
    endloop
  endfacet
  facet normal -0.12533323356430498 -0.9921147013144779 0
    outer loop
      vertex -0.9369065729286241 -4.911436253643443 2
      vertex -0.3139525976465688 -4.990133642141358 0.49
      vertex -0.3139525976465688 -4.990133642141358 2
    endloop
  endfacet
  facet normal 0 -1 0
    outer loop
      vertex -0.3139525976465688 -4.990133642141358 2
      vertex -0.3139525976465688 -4.990133642141358 0.49
      vertex 0.3139525976465688 -4.990133642141358 0.49
    endloop
  endfacet
  facet normal 0 0 1
    outer loop
      vertex -0.9369065729286241 -4.911436253643443 2
      vertex -0.7725424859373685 -2.3776412907378837 2
      vertex -1.064448228912681 -2.262067631165049 2
    endloop
  endfacet
  facet normal 0 0 1
    outer loop
      vertex -0.9369065729286241 -4.911436253643443 2
      vertex -1.064448228912681 -2.262067631165049 2
      vertex -1.3395669874474916 -2.110819813755038 2
    endloop
  endfacet
  facet normal 0 0 1
    outer loop
      vertex -0.3139525976465688 -4.990133642141358 2
      vertex -0.46845328646431206 -2.4557181268217216 2
      vertex -0.7725424859373685 -2.3776412907378837 2
    endloop
  endfacet
  facet normal 0 0 1
    outer loop
      vertex -0.3139525976465688 -4.990133642141358 2
      vertex -0.1569762988232844 -2.495066821070679 2
      vertex -0.46845328646431206 -2.4557181268217216 2
    endloop
  endfacet
  facet normal 0 0 1
    outer loop
      vertex -0.3139525976465688 -4.990133642141358 2
      vertex 0.1569762988232844 -2.495066821070679 2
      vertex -0.1569762988232844 -2.495066821070679 2
    endloop
  endfacet
  facet normal 0 0 1
    outer loop
      vertex -2.128896457825362 -4.524135262330098 2
      vertex -2.1907667001096587 -1.2043841852542885 2
      vertex -2.3244412147206286 -0.9203113817116947 2
    endloop
  endfacet
  facet normal 0 0 1
    outer loop
      vertex -2.128896457825362 -4.524135262330098 2
      vertex -2.3244412147206286 -0.9203113817116947 2
      vertex -2.4214579028215777 -0.6217247179121371 2
    endloop
  endfacet
  facet normal 0 0 1
    outer loop
      vertex -2.128896457825362 -4.524135262330098 2
      vertex -2.0225424859373686 -1.469463130731183 2
      vertex -2.1907667001096587 -1.2043841852542885 2
    endloop
  endfacet
  facet normal -0.9980267284282716 0.06279051952931294 0
    outer loop
      vertex -5 0 2
      vertex -4.9605735065723895 0.6266661678215203 2
      vertex -5 0 0.49
    endloop
  endfacet
  facet normal -0.9980267284282716 0.06279051952931294 0
    outer loop
      vertex -4.9605735065723895 0.6266661678215203 2
      vertex -4.9605735065723895 0.6266661678215203 0.49
      vertex -5 0 0.49
    endloop
  endfacet
  facet normal 0 0 1
    outer loop
      vertex -4.9605735065723895 -0.6266661678215203 2
      vertex -4.9605735065723895 0.6266661678215203 2
      vertex -5 0 2
    endloop
  endfacet
  facet normal 0 0 1
    outer loop
      vertex -4.842915805643155 -1.2434494358242743 2
      vertex -4.842915805643155 1.2434494358242743 2
      vertex -4.9605735065723895 0.6266661678215203 2
    endloop
  endfacet
  facet normal 0 0 1
    outer loop
      vertex -4.648882429441257 -1.8406227634233894 2
      vertex -4.648882429441257 1.8406227634233894 2
      vertex -4.842915805643155 1.2434494358242743 2
    endloop
  endfacet
  facet normal 0 0 1
    outer loop
      vertex -4.381533400219317 -2.408768370508577 2
      vertex -4.381533400219317 2.408768370508577 2
      vertex -4.648882429441257 1.8406227634233894 2
    endloop
  endfacet
  facet normal -0.9822872507286885 0.1873813145857251 0
    outer loop
      vertex -4.9605735065723895 0.6266661678215203 2
      vertex -4.842915805643155 1.2434494358242743 2
      vertex -4.9605735065723895 0.6266661678215203 0.49
    endloop
  endfacet
  facet normal -0.9822872507286885 0.1873813145857251 0
    outer loop
      vertex -4.842915805643155 1.2434494358242743 2
      vertex -4.842915805643155 1.2434494358242743 0.49
      vertex -4.9605735065723895 0.6266661678215203 0.49
    endloop
  endfacet
  facet normal 0 0 1
    outer loop
      vertex -4.045084971874737 -2.938926261462366 2
      vertex -4.045084971874737 2.938926261462366 2
      vertex -4.381533400219317 2.408768370508577 2
    endloop
  endfacet
  facet normal 0 0 1
    outer loop
      vertex -3.6448431371070584 -3.4227355296434423 2
      vertex -3.6448431371070584 3.4227355296434423 2
      vertex -4.045084971874737 2.938926261462366 2
    endloop
  endfacet
  facet normal -0.9510565162951536 0.3090169943749472 0
    outer loop
      vertex -4.842915805643155 1.2434494358242743 2
      vertex -4.648882429441257 1.8406227634233894 2
      vertex -4.842915805643155 1.2434494358242743 0.49
    endloop
  endfacet
  facet normal -0.9510565162951536 0.3090169943749472 0
    outer loop
      vertex -4.648882429441257 1.8406227634233894 2
      vertex -4.648882429441257 1.8406227634233894 0.49
      vertex -4.842915805643155 1.2434494358242743 0.49
    endloop
  endfacet
  facet normal -0.9048270524660194 0.425779291565073 0
    outer loop
      vertex -4.648882429441257 1.8406227634233894 2
      vertex -4.381533400219317 2.408768370508577 2
      vertex -4.648882429441257 1.8406227634233894 0.49
    endloop
  endfacet
  facet normal -0.9048270524660194 0.425779291565073 0
    outer loop
      vertex -4.381533400219317 2.408768370508577 2
      vertex -4.381533400219317 2.408768370508577 0.49
      vertex -4.648882429441257 1.8406227634233894 0.49
    endloop
  endfacet
  facet normal 0 0 1
    outer loop
      vertex -3.1871199487434483 -3.852566213878947 2
      vertex -3.1871199487434483 3.852566213878947 2
      vertex -3.6448431371070584 3.4227355296434423 2
    endloop
  endfacet
  facet normal 0 0 1
    outer loop
      vertex -2.679133974894983 -4.221639627510076 2
      vertex -2.5 0 2
      vertex -2.679133974894983 4.221639627510076 2
    endloop
  endfacet
  facet normal 0 0 1
    outer loop
      vertex -2.679133974894983 -4.221639627510076 2
      vertex -2.679133974894983 4.221639627510076 2
      vertex -3.1871199487434483 3.852566213878947 2
    endloop
  endfacet
  facet normal 0 0 1
    outer loop
      vertex -2.679133974894983 4.221639627510076 2
      vertex -2.5 0 2
      vertex -2.4802867532861947 0.31333308391076015 2
    endloop
  endfacet
  facet normal 0 0 1
    outer loop
      vertex -2.679133974894983 4.221639627510076 2
      vertex -2.4802867532861947 0.31333308391076015 2
      vertex -2.4214579028215777 0.6217247179121371 2
    endloop
  endfacet
  facet normal -0.8443279255020154 0.535826794978996 0
    outer loop
      vertex -4.045084971874737 2.938926261462366 2
      vertex -4.045084971874737 2.938926261462366 0.49
      vertex -4.381533400219317 2.408768370508577 0.49
    endloop
  endfacet
  facet normal -0.8443279255020154 0.535826794978996 0
    outer loop
      vertex -4.381533400219317 2.408768370508577 2
      vertex -4.045084971874737 2.938926261462366 2
      vertex -4.381533400219317 2.408768370508577 0.49
    endloop
  endfacet
  facet normal -0.7705132427757889 0.6374239897486901 0
    outer loop
      vertex -4.045084971874737 2.938926261462366 2
      vertex -3.6448431371070584 3.4227355296434423 2
      vertex -4.045084971874737 2.938926261462366 0.49
    endloop
  endfacet
  facet normal -0.7705132427757889 0.6374239897486901 0
    outer loop
      vertex -3.6448431371070584 3.4227355296434423 2
      vertex -3.6448431371070584 3.4227355296434423 0.49
      vertex -4.045084971874737 2.938926261462366 0.49
    endloop
  endfacet
  facet normal -0.6845471059286894 0.7289686274214108 0
    outer loop
      vertex -3.6448431371070584 3.4227355296434423 2
      vertex -3.1871199487434483 3.852566213878947 2
      vertex -3.6448431371070584 3.4227355296434423 0.49
    endloop
  endfacet
  facet normal -0.6845471059286894 0.7289686274214108 0
    outer loop
      vertex -3.1871199487434483 3.852566213878947 2
      vertex -3.1871199487434483 3.852566213878947 0.49
      vertex -3.6448431371070584 3.4227355296434423 0.49
    endloop
  endfacet
  facet normal -0.5877852522924728 0.8090169943749477 0
    outer loop
      vertex -3.1871199487434483 3.852566213878947 2
      vertex -2.679133974894983 4.221639627510076 2
      vertex -3.1871199487434483 3.852566213878947 0.49
    endloop
  endfacet
  facet normal -0.5877852522924728 0.8090169943749477 0
    outer loop
      vertex -2.679133974894983 4.221639627510076 2
      vertex -2.679133974894983 4.221639627510076 0.49
      vertex -3.1871199487434483 3.852566213878947 0.49
    endloop
  endfacet
  facet normal 0 0 1
    outer loop
      vertex -2.679133974894983 4.221639627510076 2
      vertex -2.4214579028215777 0.6217247179121371 2
      vertex -2.3244412147206286 0.9203113817116947 2
    endloop
  endfacet
  facet normal 0 0 1
    outer loop
      vertex -2.679133974894983 4.221639627510076 2
      vertex -2.3244412147206286 0.9203113817116947 2
      vertex -2.1907667001096587 1.2043841852542885 2
    endloop
  endfacet
  facet normal 0 0 1
    outer loop
      vertex -2.679133974894983 4.221639627510076 2
      vertex -2.1907667001096587 1.2043841852542885 2
      vertex -2.0225424859373686 1.469463130731183 2
    endloop
  endfacet
  facet normal 0 0 1
    outer loop
      vertex -2.0225424859373686 1.469463130731183 2
      vertex -1.8224215685535292 1.7113677648217211 2
      vertex -2.1288964578253635 4.524135262330097 2
    endloop
  endfacet
  facet normal 0 0 1
    outer loop
      vertex -2.679133974894983 4.221639627510076 2
      vertex -2.0225424859373686 1.469463130731183 2
      vertex -2.1288964578253635 4.524135262330097 2
    endloop
  endfacet
  facet normal 0 0 1
    outer loop
      vertex -1.8224215685535292 1.7113677648217211 2
      vertex -1.5935599743717241 1.9262831069394735 2
      vertex -2.1288964578253635 4.524135262330097 2
    endloop
  endfacet
  facet normal 0 0 1
    outer loop
      vertex -1.5935599743717241 1.9262831069394735 2
      vertex -1.3395669874474916 2.110819813755038 2
      vertex -2.1288964578253635 4.524135262330097 2
    endloop
  endfacet
  facet normal 0 0 1
    outer loop
      vertex -1.3395669874474916 2.110819813755038 2
      vertex -1.0644482289126818 2.2620676311650487 2
      vertex -1.545084971874737 4.755282581475767 2
    endloop
  endfacet
  facet normal -0.48175367410171493 0.8763066800438638 0
    outer loop
      vertex -2.679133974894983 4.221639627510076 2
      vertex -2.1288964578253635 4.524135262330097 2
      vertex -2.679133974894983 4.221639627510076 0.49
    endloop
  endfacet
  facet normal -0.48175367410171493 0.8763066800438638 0
    outer loop
      vertex -2.1288964578253635 4.524135262330097 2
      vertex -2.1288964578253635 4.524135262330097 0.49
      vertex -2.679133974894983 4.221639627510076 0.49
    endloop
  endfacet
  facet normal -0.3681245526846773 0.9297764858882517 0
    outer loop
      vertex -2.1288964578253635 4.524135262330097 2
      vertex -1.545084971874737 4.755282581475767 2
      vertex -2.1288964578253635 4.524135262330097 0.49
    endloop
  endfacet
  facet normal 0 0 1
    outer loop
      vertex -1.3395669874474916 2.110819813755038 2
      vertex -1.545084971874737 4.755282581475767 2
      vertex -2.1288964578253635 4.524135262330097 2
    endloop
  endfacet
  facet normal -0.3681245526846773 0.9297764858882517 0
    outer loop
      vertex -1.545084971874737 4.755282581475767 2
      vertex -1.545084971874737 4.755282581475767 0.49
      vertex -2.1288964578253635 4.524135262330097 0.49
    endloop
  endfacet
  facet normal -0.24868988716485532 0.9685831611286311 0
    outer loop
      vertex -1.545084971874737 4.755282581475767 2
      vertex -0.9369065729286229 4.911436253643443 2
      vertex -1.545084971874737 4.755282581475767 0.49
    endloop
  endfacet
  facet normal 0 0 1
    outer loop
      vertex -1.0644482289126818 2.2620676311650487 2
      vertex -0.7725424859373685 2.3776412907378837 2
      vertex -1.545084971874737 4.755282581475767 2
    endloop
  endfacet
  facet normal 0 0 1
    outer loop
      vertex -0.7725424859373685 2.3776412907378837 2
      vertex -0.46845328646431145 2.4557181268217216 2
      vertex -0.9369065729286229 4.911436253643443 2
    endloop
  endfacet
  facet normal 0 0 1
    outer loop
      vertex -0.46845328646431145 2.4557181268217216 2
      vertex -0.15697629882328257 2.495066821070679 2
      vertex -0.9369065729286229 4.911436253643443 2
    endloop
  endfacet
  facet normal 0 0 1
    outer loop
      vertex -0.7725424859373685 2.3776412907378837 2
      vertex -0.9369065729286229 4.911436253643443 2
      vertex -1.545084971874737 4.755282581475767 2
    endloop
  endfacet
  facet normal -0.24868988716485532 0.9685831611286311 0
    outer loop
      vertex -0.9369065729286229 4.911436253643443 2
      vertex -0.9369065729286229 4.911436253643443 0.49
      vertex -1.545084971874737 4.755282581475767 0.49
    endloop
  endfacet
  facet normal -0.12533323356430473 0.9921147013144779 0
    outer loop
      vertex -0.9369065729286229 4.911436253643443 2
      vertex -0.31395259764656636 4.990133642141358 2
      vertex -0.9369065729286229 4.911436253643443 0.49
    endloop
  endfacet
  facet normal 0 0 1
    outer loop
      vertex -0.15697629882328257 2.495066821070679 2
      vertex -0.31395259764656636 4.990133642141358 2
      vertex -0.9369065729286229 4.911436253643443 2
    endloop
  endfacet
  facet normal 0 0 1
    outer loop
      vertex -0.15697629882328257 2.495066821070679 2
      vertex 0.31395259764656636 4.990133642141358 2
      vertex -0.31395259764656636 4.990133642141358 2
    endloop
  endfacet
  facet normal -0.12533323356430473 0.9921147013144779 0
    outer loop
      vertex -0.31395259764656636 4.990133642141358 2
      vertex -0.31395259764656636 4.990133642141358 0.49
      vertex -0.9369065729286229 4.911436253643443 0.49
    endloop
  endfacet
  facet normal 0 1 0
    outer loop
      vertex -0.31395259764656636 4.990133642141358 2
      vertex 0.31395259764656636 4.990133642141358 2
      vertex -0.31395259764656636 4.990133642141358 0.49
    endloop
  endfacet
  facet normal 0 -1 0
    outer loop
      vertex -0.3139525976465688 -4.990133642141358 2
      vertex 0.3139525976465688 -4.990133642141358 0.49
      vertex 0.3139525976465688 -4.990133642141358 2
    endloop
  endfacet
  facet normal 0.12533323356430498 -0.9921147013144779 0
    outer loop
      vertex 0.3139525976465688 -4.990133642141358 2
      vertex 0.3139525976465688 -4.990133642141358 0.49
      vertex 0.9369065729286241 -4.911436253643443 0.49
    endloop
  endfacet
  facet normal 0 0 1
    outer loop
      vertex -0.3139525976465688 -4.990133642141358 2
      vertex 0.3139525976465688 -4.990133642141358 2
      vertex 0.1569762988232844 -2.495066821070679 2
    endloop
  endfacet
  facet normal 0 0 1
    outer loop
      vertex 0.3139525976465688 -4.990133642141358 2
      vertex 0.9369065729286241 -4.911436253643443 2
      vertex 0.1569762988232844 -2.495066821070679 2
    endloop
  endfacet
  facet normal 0.12533323356430498 -0.9921147013144779 0
    outer loop
      vertex 0.3139525976465688 -4.990133642141358 2
      vertex 0.9369065729286241 -4.911436253643443 0.49
      vertex 0.9369065729286241 -4.911436253643443 2
    endloop
  endfacet
  facet normal 0.24868988716485582 -0.968583161128631 0
    outer loop
      vertex 0.9369065729286241 -4.911436253643443 2
      vertex 0.9369065729286241 -4.911436253643443 0.49
      vertex 1.545084971874737 -4.755282581475767 0.49
    endloop
  endfacet
  facet normal 0 0 1
    outer loop
      vertex 0.9369065729286241 -4.911436253643443 2
      vertex 1.545084971874737 -4.755282581475767 2
      vertex 0.7725424859373685 -2.3776412907378837 2
    endloop
  endfacet
  facet normal 0 0 1
    outer loop
      vertex 0.9369065729286241 -4.911436253643443 2
      vertex 0.46845328646431206 -2.4557181268217216 2
      vertex 0.1569762988232844 -2.495066821070679 2
    endloop
  endfacet
  facet normal 0 0 1
    outer loop
      vertex 0.9369065729286241 -4.911436253643443 2
      vertex 0.7725424859373685 -2.3776412907378837 2
      vertex 0.46845328646431206 -2.4557181268217216 2
    endloop
  endfacet
  facet normal 0 0 1
    outer loop
      vertex 1.545084971874737 -4.755282581475767 2
      vertex 1.064448228912681 -2.262067631165049 2
      vertex 0.7725424859373685 -2.3776412907378837 2
    endloop
  endfacet
  facet normal 0.24868988716485582 -0.968583161128631 0
    outer loop
      vertex 0.9369065729286241 -4.911436253643443 2
      vertex 1.545084971874737 -4.755282581475767 0.49
      vertex 1.545084971874737 -4.755282581475767 2
    endloop
  endfacet
  facet normal 0.3681245526846768 -0.9297764858882518 0
    outer loop
      vertex 1.545084971874737 -4.755282581475767 2
      vertex 1.545084971874737 -4.755282581475767 0.49
      vertex 2.128896457825362 -4.524135262330098 0.49
    endloop
  endfacet
  facet normal 0 0 1
    outer loop
      vertex 1.545084971874737 -4.755282581475767 2
      vertex 2.128896457825362 -4.524135262330098 2
      vertex 1.3395669874474905 -2.1108198137550382 2
    endloop
  endfacet
  facet normal 0.3681245526846768 -0.9297764858882518 0
    outer loop
      vertex 1.545084971874737 -4.755282581475767 2
      vertex 2.128896457825362 -4.524135262330098 0.49
      vertex 2.128896457825362 -4.524135262330098 2
    endloop
  endfacet
  facet normal 0.4817536741017155 -0.8763066800438635 0
    outer loop
      vertex 2.128896457825362 -4.524135262330098 2
      vertex 2.128896457825362 -4.524135262330098 0.49
      vertex 2.679133974894981 -4.2216396275100765 0.49
    endloop
  endfacet
  facet normal 0.4817536741017155 -0.8763066800438635 0
    outer loop
      vertex 2.128896457825362 -4.524135262330098 2
      vertex 2.679133974894981 -4.2216396275100765 0.49
      vertex 2.679133974894981 -4.2216396275100765 2
    endloop
  endfacet
  facet normal 0 0 1
    outer loop
      vertex 1.545084971874737 -4.755282581475767 2
      vertex 1.3395669874474905 -2.1108198137550382 2
      vertex 1.064448228912681 -2.262067631165049 2
    endloop
  endfacet
  facet normal 0 0 1
    outer loop
      vertex 2.128896457825362 -4.524135262330098 2
      vertex 1.593559974371725 -1.9262831069394726 2
      vertex 1.3395669874474905 -2.1108198137550382 2
    endloop
  endfacet
  facet normal 0 0 1
    outer loop
      vertex 2.128896457825362 -4.524135262330098 2
      vertex 1.8224215685535292 -1.7113677648217211 2
      vertex 1.593559974371725 -1.9262831069394726 2
    endloop
  endfacet
  facet normal 0 0 1
    outer loop
      vertex 2.128896457825362 -4.524135262330098 2
      vertex 2.679133974894981 -4.2216396275100765 2
      vertex 2.0225424859373686 -1.469463130731183 2
    endloop
  endfacet
  facet normal 0 0 1
    outer loop
      vertex 2.128896457825362 -4.524135262330098 2
      vertex 2.0225424859373686 -1.469463130731183 2
      vertex 1.8224215685535292 -1.7113677648217211 2
    endloop
  endfacet
  facet normal 0 0 1
    outer loop
      vertex 2.0225424859373686 -1.469463130731183 2
      vertex 2.679133974894981 -4.2216396275100765 2
      vertex 2.1907667001096587 -1.2043841852542885 2
    endloop
  endfacet
  facet normal 0 0 1
    outer loop
      vertex 2.1907667001096587 -1.2043841852542885 2
      vertex 2.679133974894981 -4.2216396275100765 2
      vertex 2.324441214720628 -0.9203113817116959 2
    endloop
  endfacet
  facet normal 0 0 1
    outer loop
      vertex 2.324441214720628 -0.9203113817116959 2
      vertex 2.679133974894981 -4.2216396275100765 2
      vertex 2.421457902821578 -0.6217247179121361 2
    endloop
  endfacet
  facet normal 0.5877852522924725 -0.8090169943749479 0
    outer loop
      vertex 2.679133974894981 -4.2216396275100765 2
      vertex 2.679133974894981 -4.2216396275100765 0.49
      vertex 3.18711994874345 -3.852566213878945 0.49
    endloop
  endfacet
  facet normal 0.5877852522924725 -0.8090169943749479 0
    outer loop
      vertex 2.679133974894981 -4.2216396275100765 2
      vertex 3.18711994874345 -3.852566213878945 0.49
      vertex 3.18711994874345 -3.852566213878945 2
    endloop
  endfacet
  facet normal 0.6845471059286893 -0.728968627421411 0
    outer loop
      vertex 3.18711994874345 -3.852566213878945 2
      vertex 3.18711994874345 -3.852566213878945 0.49
      vertex 3.6448431371070584 -3.4227355296434423 0.49
    endloop
  endfacet
  facet normal 0.6845471059286893 -0.728968627421411 0
    outer loop
      vertex 3.18711994874345 -3.852566213878945 2
      vertex 3.6448431371070584 -3.4227355296434423 0.49
      vertex 3.6448431371070584 -3.4227355296434423 2
    endloop
  endfacet
  facet normal 0.7705132427757889 -0.6374239897486901 0
    outer loop
      vertex 3.6448431371070584 -3.4227355296434423 2
      vertex 3.6448431371070584 -3.4227355296434423 0.49
      vertex 4.045084971874737 -2.938926261462366 0.49
    endloop
  endfacet
  facet normal 0.7705132427757889 -0.6374239897486901 0
    outer loop
      vertex 3.6448431371070584 -3.4227355296434423 2
      vertex 4.045084971874737 -2.938926261462366 0.49
      vertex 4.045084971874737 -2.938926261462366 2
    endloop
  endfacet
  facet normal 0.8443279255020154 -0.535826794978996 0
    outer loop
      vertex 4.045084971874737 -2.938926261462366 2
      vertex 4.045084971874737 -2.938926261462366 0.49
      vertex 4.381533400219317 -2.408768370508577 0.49
    endloop
  endfacet
  facet normal 0.8443279255020154 -0.535826794978996 0
    outer loop
      vertex 4.045084971874737 -2.938926261462366 2
      vertex 4.381533400219317 -2.408768370508577 0.49
      vertex 4.381533400219317 -2.408768370508577 2
    endloop
  endfacet
  facet normal 0 0 1
    outer loop
      vertex 2.421457902821578 -0.6217247179121361 2
      vertex 2.679133974894981 -4.2216396275100765 2
      vertex 2.4802867532861947 -0.31333308391076015 2
    endloop
  endfacet
  facet normal 0 0 1
    outer loop
      vertex 2.4802867532861947 -0.31333308391076015 2
      vertex 2.679133974894981 -4.2216396275100765 2
      vertex 2.5 0 2
    endloop
  endfacet
  facet normal 0 0 1
    outer loop
      vertex 2.679133974894981 -4.2216396275100765 2
      vertex 3.18711994874345 -3.852566213878945 2
      vertex 2.679133974894983 4.221639627510076 2
    endloop
  endfacet
  facet normal 0 0 1
    outer loop
      vertex 3.18711994874345 -3.852566213878945 2
      vertex 3.6448431371070584 -3.4227355296434423 2
      vertex 3.1871199487434487 3.8525662138789456 2
    endloop
  endfacet
  facet normal 0.9048270524660192 -0.4257792915650733 0
    outer loop
      vertex 4.381533400219317 -2.408768370508577 2
      vertex 4.381533400219317 -2.408768370508577 0.49
      vertex 4.648882429441256 -1.8406227634233918 0.49
    endloop
  endfacet
  facet normal 0.9048270524660192 -0.4257792915650733 0
    outer loop
      vertex 4.381533400219317 -2.408768370508577 2
      vertex 4.648882429441256 -1.8406227634233918 0.49
      vertex 4.648882429441256 -1.8406227634233918 2
    endloop
  endfacet
  facet normal 0.9510565162951535 -0.30901699437494773 0
    outer loop
      vertex 4.648882429441256 -1.8406227634233918 2
      vertex 4.648882429441256 -1.8406227634233918 0.49
      vertex 4.842915805643156 -1.2434494358242723 0.49
    endloop
  endfacet
  facet normal 0.9510565162951535 -0.30901699437494773 0
    outer loop
      vertex 4.648882429441256 -1.8406227634233918 2
      vertex 4.842915805643156 -1.2434494358242723 0.49
      vertex 4.842915805643156 -1.2434494358242723 2
    endloop
  endfacet
  facet normal 0 0 1
    outer loop
      vertex 3.6448431371070584 -3.4227355296434423 2
      vertex 4.045084971874737 -2.938926261462366 2
      vertex 3.644843137107058 3.4227355296434436 2
    endloop
  endfacet
  facet normal 0 0 1
    outer loop
      vertex 4.045084971874737 -2.938926261462366 2
      vertex 4.381533400219317 -2.408768370508577 2
      vertex 4.045084971874737 2.938926261462366 2
    endloop
  endfacet
  facet normal 0.9822872507286887 -0.18738131458572432 0
    outer loop
      vertex 4.842915805643156 -1.2434494358242723 2
      vertex 4.842915805643156 -1.2434494358242723 0.49
      vertex 4.9605735065723895 -0.6266661678215203 0.49
    endloop
  endfacet
  facet normal 0.9822872507286887 -0.18738131458572432 0
    outer loop
      vertex 4.842915805643156 -1.2434494358242723 2
      vertex 4.9605735065723895 -0.6266661678215203 0.49
      vertex 4.9605735065723895 -0.6266661678215203 2
    endloop
  endfacet
  facet normal 0.9980267284282716 -0.06279051952931294 0
    outer loop
      vertex 4.9605735065723895 -0.6266661678215203 2
      vertex 4.9605735065723895 -0.6266661678215203 0.49
      vertex 5 0 0.49
    endloop
  endfacet
  facet normal 0.9980267284282716 -0.06279051952931294 0
    outer loop
      vertex 4.9605735065723895 -0.6266661678215203 2
      vertex 5 0 0.49
      vertex 5 0 2
    endloop
  endfacet
  facet normal 0 0 1
    outer loop
      vertex 4.381533400219317 -2.408768370508577 2
      vertex 4.648882429441256 -1.8406227634233918 2
      vertex 4.381533400219318 2.4087683705085765 2
    endloop
  endfacet
  facet normal 0 0 1
    outer loop
      vertex 4.648882429441256 -1.8406227634233918 2
      vertex 4.842915805643156 -1.2434494358242723 2
      vertex 4.648882429441256 1.8406227634233898 2
    endloop
  endfacet
  facet normal 0 0 1
    outer loop
      vertex 4.842915805643156 -1.2434494358242723 2
      vertex 4.9605735065723895 -0.6266661678215203 2
      vertex 4.842915805643155 1.243449435824274 2
    endloop
  endfacet
  facet normal 0 0 1
    outer loop
      vertex 2.190766700109659 1.2043841852542883 2
      vertex 2.1288964578253635 4.524135262330097 2
      vertex 2.0225424859373686 1.469463130731183 2
    endloop
  endfacet
  facet normal 0 0 1
    outer loop
      vertex 2.4214579028215777 0.621724717912137 2
      vertex 2.1288964578253635 4.524135262330097 2
      vertex 2.324441214720628 0.9203113817116949 2
    endloop
  endfacet
  facet normal 0 0 1
    outer loop
      vertex 2.324441214720628 0.9203113817116949 2
      vertex 2.1288964578253635 4.524135262330097 2
      vertex 2.190766700109659 1.2043841852542883 2
    endloop
  endfacet
  facet normal 0 0 1
    outer loop
      vertex -0.15697629882328257 2.495066821070679 2
      vertex 0.15697629882328318 2.495066821070679 2
      vertex 0.31395259764656636 4.990133642141358 2
    endloop
  endfacet
  facet normal 0 0 1
    outer loop
      vertex 0.46845328646431145 2.4557181268217216 2
      vertex 0.31395259764656636 4.990133642141358 2
      vertex 0.15697629882328318 2.495066821070679 2
    endloop
  endfacet
  facet normal 0 0 1
    outer loop
      vertex 0.46845328646431145 2.4557181268217216 2
      vertex 0.7725424859373685 2.3776412907378837 2
      vertex 0.31395259764656636 4.990133642141358 2
    endloop
  endfacet
  facet normal 0 0 1
    outer loop
      vertex 1.0644482289126818 2.2620676311650487 2
      vertex 1.3395669874474916 2.110819813755038 2
      vertex 0.9369065729286229 4.911436253643443 2
    endloop
  endfacet
  facet normal 0 0 1
    outer loop
      vertex 0.7725424859373685 2.3776412907378837 2
      vertex 1.0644482289126818 2.2620676311650487 2
      vertex 0.9369065729286229 4.911436253643443 2
    endloop
  endfacet
  facet normal 0 1 0
    outer loop
      vertex 0.31395259764656636 4.990133642141358 2
      vertex 0.31395259764656636 4.990133642141358 0.49
      vertex -0.31395259764656636 4.990133642141358 0.49
    endloop
  endfacet
  facet normal 0.12533323356430473 0.9921147013144779 0
    outer loop
      vertex 0.31395259764656636 4.990133642141358 2
      vertex 0.9369065729286229 4.911436253643443 2
      vertex 0.31395259764656636 4.990133642141358 0.49
    endloop
  endfacet
  facet normal 0 0 1
    outer loop
      vertex 0.7725424859373685 2.3776412907378837 2
      vertex 0.9369065729286229 4.911436253643443 2
      vertex 0.31395259764656636 4.990133642141358 2
    endloop
  endfacet
  facet normal 0.12533323356430473 0.9921147013144779 0
    outer loop
      vertex 0.9369065729286229 4.911436253643443 2
      vertex 0.9369065729286229 4.911436253643443 0.49
      vertex 0.31395259764656636 4.990133642141358 0.49
    endloop
  endfacet
  facet normal 0.24868988716485532 0.9685831611286311 0
    outer loop
      vertex 0.9369065729286229 4.911436253643443 2
      vertex 1.545084971874737 4.755282581475767 2
      vertex 0.9369065729286229 4.911436253643443 0.49
    endloop
  endfacet
  facet normal 0 0 1
    outer loop
      vertex 1.3395669874474916 2.110819813755038 2
      vertex 1.5935599743717244 1.9262831069394728 2
      vertex 1.545084971874737 4.755282581475767 2
    endloop
  endfacet
  facet normal 0 0 1
    outer loop
      vertex 1.822421568553529 1.7113677648217218 2
      vertex 1.545084971874737 4.755282581475767 2
      vertex 1.5935599743717244 1.9262831069394728 2
    endloop
  endfacet
  facet normal 0 0 1
    outer loop
      vertex 1.822421568553529 1.7113677648217218 2
      vertex 2.1288964578253635 4.524135262330097 2
      vertex 1.545084971874737 4.755282581475767 2
    endloop
  endfacet
  facet normal 0 0 1
    outer loop
      vertex 1.822421568553529 1.7113677648217218 2
      vertex 2.0225424859373686 1.469463130731183 2
      vertex 2.1288964578253635 4.524135262330097 2
    endloop
  endfacet
  facet normal 0 0 1
    outer loop
      vertex 2.4214579028215777 0.621724717912137 2
      vertex 2.679133974894983 4.221639627510076 2
      vertex 2.1288964578253635 4.524135262330097 2
    endloop
  endfacet
  facet normal 0 0 1
    outer loop
      vertex 1.3395669874474916 2.110819813755038 2
      vertex 1.545084971874737 4.755282581475767 2
      vertex 0.9369065729286229 4.911436253643443 2
    endloop
  endfacet
  facet normal 0.24868988716485532 0.9685831611286311 0
    outer loop
      vertex 1.545084971874737 4.755282581475767 2
      vertex 1.545084971874737 4.755282581475767 0.49
      vertex 0.9369065729286229 4.911436253643443 0.49
    endloop
  endfacet
  facet normal 0.3681245526846773 0.9297764858882517 0
    outer loop
      vertex 1.545084971874737 4.755282581475767 2
      vertex 2.1288964578253635 4.524135262330097 2
      vertex 1.545084971874737 4.755282581475767 0.49
    endloop
  endfacet
  facet normal 0.48175367410171493 0.8763066800438638 0
    outer loop
      vertex 2.679133974894983 4.221639627510076 2
      vertex 2.679133974894983 4.221639627510076 0.49
      vertex 2.1288964578253635 4.524135262330097 0.49
    endloop
  endfacet
  facet normal 0.3681245526846773 0.9297764858882517 0
    outer loop
      vertex 2.1288964578253635 4.524135262330097 2
      vertex 2.1288964578253635 4.524135262330097 0.49
      vertex 1.545084971874737 4.755282581475767 0.49
    endloop
  endfacet
  facet normal 0.48175367410171493 0.8763066800438638 0
    outer loop
      vertex 2.1288964578253635 4.524135262330097 2
      vertex 2.679133974894983 4.221639627510076 2
      vertex 2.1288964578253635 4.524135262330097 0.49
    endloop
  endfacet
  facet normal 0 0 1
    outer loop
      vertex 2.679133974894981 -4.2216396275100765 2
      vertex 2.679133974894983 4.221639627510076 2
      vertex 2.5 0 2
    endloop
  endfacet
  facet normal 0 0 1
    outer loop
      vertex 2.4802867532861947 0.31333308391076065 2
      vertex 2.5 0 2
      vertex 2.679133974894983 4.221639627510076 2
    endloop
  endfacet
  facet normal 0 0 1
    outer loop
      vertex 2.4802867532861947 0.31333308391076065 2
      vertex 2.679133974894983 4.221639627510076 2
      vertex 2.4214579028215777 0.621724717912137 2
    endloop
  endfacet
  facet normal 0 0 1
    outer loop
      vertex 3.18711994874345 -3.852566213878945 2
      vertex 3.1871199487434487 3.8525662138789456 2
      vertex 2.679133974894983 4.221639627510076 2
    endloop
  endfacet
  facet normal 0 0 1
    outer loop
      vertex 3.6448431371070584 -3.4227355296434423 2
      vertex 3.644843137107058 3.4227355296434436 2
      vertex 3.1871199487434487 3.8525662138789456 2
    endloop
  endfacet
  facet normal 0 0 1
    outer loop
      vertex 4.045084971874737 -2.938926261462366 2
      vertex 4.045084971874737 2.938926261462366 2
      vertex 3.644843137107058 3.4227355296434436 2
    endloop
  endfacet
  facet normal 0 0 1
    outer loop
      vertex 4.381533400219317 -2.408768370508577 2
      vertex 4.381533400219318 2.4087683705085765 2
      vertex 4.045084971874737 2.938926261462366 2
    endloop
  endfacet
  facet normal 0.9980267284282716 0.06279051952931283 0
    outer loop
      vertex 5 0 2
      vertex 5 0 0.49
      vertex 4.9605735065723895 0.6266661678215213 0.49
    endloop
  endfacet
  facet normal 0.9980267284282716 0.06279051952931283 0
    outer loop
      vertex 5 0 2
      vertex 4.9605735065723895 0.6266661678215213 0.49
      vertex 4.9605735065723895 0.6266661678215213 2
    endloop
  endfacet
  facet normal 0 0 1
    outer loop
      vertex 4.9605735065723895 -0.6266661678215203 2
      vertex 5 0 2
      vertex 4.9605735065723895 0.6266661678215213 2
    endloop
  endfacet
  facet normal 0 0 1
    outer loop
      vertex 4.842915805643156 -1.2434494358242723 2
      vertex 4.842915805643155 1.243449435824274 2
      vertex 4.648882429441256 1.8406227634233898 2
    endloop
  endfacet
  facet normal 0 0 1
    outer loop
      vertex 4.9605735065723895 -0.6266661678215203 2
      vertex 4.9605735065723895 0.6266661678215213 2
      vertex 4.842915805643155 1.243449435824274 2
    endloop
  endfacet
  facet normal 0.9822872507286885 0.18738131458572546 0
    outer loop
      vertex 4.9605735065723895 0.6266661678215213 2
      vertex 4.9605735065723895 0.6266661678215213 0.49
      vertex 4.842915805643155 1.243449435824274 0.49
    endloop
  endfacet
  facet normal 0.9822872507286885 0.18738131458572546 0
    outer loop
      vertex 4.9605735065723895 0.6266661678215213 2
      vertex 4.842915805643155 1.243449435824274 0.49
      vertex 4.842915805643155 1.243449435824274 2
    endloop
  endfacet
  facet normal 0 0 1
    outer loop
      vertex 4.648882429441256 -1.8406227634233918 2
      vertex 4.648882429441256 1.8406227634233898 2
      vertex 4.381533400219318 2.4087683705085765 2
    endloop
  endfacet
  facet normal 0.9510565162951533 0.30901699437494823 0
    outer loop
      vertex 4.842915805643155 1.243449435824274 2
      vertex 4.842915805643155 1.243449435824274 0.49
      vertex 4.648882429441256 1.8406227634233898 0.49
    endloop
  endfacet
  facet normal 0.9510565162951533 0.30901699437494823 0
    outer loop
      vertex 4.842915805643155 1.243449435824274 2
      vertex 4.648882429441256 1.8406227634233898 0.49
      vertex 4.648882429441256 1.8406227634233898 2
    endloop
  endfacet
  facet normal 0.9048270524660202 0.42577929156507116 0
    outer loop
      vertex 4.648882429441256 1.8406227634233898 2
      vertex 4.648882429441256 1.8406227634233898 0.49
      vertex 4.381533400219318 2.4087683705085765 0.49
    endloop
  endfacet
  facet normal 0.9048270524660202 0.42577929156507116 0
    outer loop
      vertex 4.648882429441256 1.8406227634233898 2
      vertex 4.381533400219318 2.4087683705085765 0.49
      vertex 4.381533400219318 2.4087683705085765 2
    endloop
  endfacet
  facet normal 0.6845471059286877 0.7289686274214123 0
    outer loop
      vertex 3.644843137107058 3.4227355296434436 2
      vertex 3.1871199487434487 3.8525662138789456 0.49
      vertex 3.1871199487434487 3.8525662138789456 2
    endloop
  endfacet
  facet normal 0.6845471059286877 0.7289686274214123 0
    outer loop
      vertex 3.644843137107058 3.4227355296434436 2
      vertex 3.644843137107058 3.4227355296434436 0.49
      vertex 3.1871199487434487 3.8525662138789456 0.49
    endloop
  endfacet
  facet normal 0.5877852522924738 0.8090169943749469 0
    outer loop
      vertex 3.1871199487434487 3.8525662138789456 2
      vertex 3.1871199487434487 3.8525662138789456 0.49
      vertex 2.679133974894983 4.221639627510076 0.49
    endloop
  endfacet
  facet normal 0.5877852522924738 0.8090169943749469 0
    outer loop
      vertex 2.679133974894983 4.221639627510076 2
      vertex 3.1871199487434487 3.8525662138789456 2
      vertex 2.679133974894983 4.221639627510076 0.49
    endloop
  endfacet
  facet normal 0.7705132427757895 0.6374239897486895 0
    outer loop
      vertex 4.045084971874737 2.938926261462366 2
      vertex 4.045084971874737 2.938926261462366 0.49
      vertex 3.644843137107058 3.4227355296434436 0.49
    endloop
  endfacet
  facet normal 0.844327925502015 0.5358267949789968 0
    outer loop
      vertex 4.381533400219318 2.4087683705085765 2
      vertex 4.381533400219318 2.4087683705085765 0.49
      vertex 4.045084971874737 2.938926261462366 0.49
    endloop
  endfacet
  facet normal 0.844327925502015 0.5358267949789968 0
    outer loop
      vertex 4.381533400219318 2.4087683705085765 2
      vertex 4.045084971874737 2.938926261462366 0.49
      vertex 4.045084971874737 2.938926261462366 2
    endloop
  endfacet
  facet normal 0.7705132427757895 0.6374239897486895 0
    outer loop
      vertex 3.644843137107058 3.4227355296434436 2
      vertex 4.045084971874737 2.938926261462366 2
      vertex 3.644843137107058 3.4227355296434436 0.49
    endloop
  endfacet
  facet normal -0.24868988716485582 -0.968583161128631 -1.1511314984202914e-17
    outer loop
      vertex -0.7725424859373685 -2.3776412907378837 2
      vertex -0.46845328646431206 -2.4557181268217216 2
      vertex -0.6 -2.4219426714359624 14
    endloop
  endfacet
  facet normal -0.12533323356430498 -0.9921147013144778 0
    outer loop
      vertex -0.46845328646431206 -2.4557181268217216 2
      vertex -0.1569762988232844 -2.495066821070679 2
      vertex -0.46845328646431206 -2.4557181268217216 14
    endloop
  endfacet
  facet normal 0 -1 0
    outer loop
      vertex -0.1569762988232844 -2.495066821070679 2
      vertex 0.1569762988232844 -2.495066821070679 2
      vertex -0.1569762988232844 -2.495066821070679 14
    endloop
  endfacet
  facet normal -0.8443279255020154 -0.535826794978996 0
    outer loop
      vertex -2.0225424859373686 -1.469463130731183 2
      vertex -2.1907667001096587 -1.2043841852542885 20
      vertex -2.1907667001096587 -1.2043841852542885 2
    endloop
  endfacet
  facet normal -0.7705132427757888 -0.6374239897486901 0
    outer loop
      vertex -2.0225424859373686 -1.469463130731183 2
      vertex -1.8224215685535292 -1.7113677648217211 2
      vertex -2.0225424859373686 -1.469463130731183 20
    endloop
  endfacet
  facet normal -0.5877852522924728 -0.8090169943749476 0
    outer loop
      vertex -1.5935599743717241 -1.9262831069394735 2
      vertex -1.3395669874474916 -2.110819813755038 2
      vertex -1.3395669874474916 -2.110819813755038 20
    endloop
  endfacet
  facet normal -0.6845471059286893 -0.7289686274214109 0
    outer loop
      vertex -1.5935599743717241 -1.9262831069394735 2
      vertex -1.5935599743717241 -1.9262831069394735 20
      vertex -1.8224215685535292 -1.7113677648217211 2
    endloop
  endfacet
  facet normal -0.9048270524660194 -0.425779291565073 0
    outer loop
      vertex -2.1907667001096587 -1.2043841852542885 2
      vertex -2.3244412147206286 -0.9203113817116947 20
      vertex -2.3244412147206286 -0.9203113817116947 2
    endloop
  endfacet
  facet normal -0.9510565162951538 -0.30901699437494723 0
    outer loop
      vertex -2.3244412147206286 -0.9203113817116947 2
      vertex -2.4214579028215777 -0.6217247179121371 20
      vertex -2.4214579028215777 -0.6217247179121371 2
    endloop
  endfacet
  facet normal -0.9822872507286886 -0.1873813145857251 0
    outer loop
      vertex -2.4214579028215777 -0.6217247179121371 2
      vertex -2.4802867532861947 -0.31333308391076015 20
      vertex -2.4802867532861947 -0.31333308391076015 2
    endloop
  endfacet
  facet normal -0.9980267284282716 -0.06279051952931293 0
    outer loop
      vertex -2.4802867532861947 -0.31333308391076015 2
      vertex -2.5 0 20
      vertex -2.5 0 2
    endloop
  endfacet
  facet normal -0.4817536741017151 -0.8763066800438637 0
    outer loop
      vertex -1.3395669874474916 -2.110819813755038 2
      vertex -1.064448228912681 -2.262067631165049 2
      vertex -1.064448228912681 -2.262067631165049 20
    endloop
  endfacet
  facet normal -0.36812455268467675 -0.9297764858882519 0
    outer loop
      vertex -1.064448228912681 -2.262067631165049 2
      vertex -0.7725424859373685 -2.3776412907378837 2
      vertex -0.7725424859373685 -2.3776412907378837 20
    endloop
  endfacet
  facet normal -0.24868988716485657 -0.9685831611286307 0
    outer loop
      vertex -0.7725424859373685 -2.3776412907378837 2
      vertex -0.6 -2.4219426714359624 14
      vertex -0.6 -2.4219426714359624 20
    endloop
  endfacet
  facet normal -0.24868988716485482 -0.9685831611286312 0
    outer loop
      vertex -0.46845328646431206 -2.4557181268217216 2
      vertex -0.46845328646431206 -2.4557181268217216 14
      vertex -0.6 -2.4219426714359624 14
    endloop
  endfacet
  facet normal -0.12533323356430498 -0.9921147013144778 0
    outer loop
      vertex -0.1569762988232844 -2.495066821070679 2
      vertex -0.1569762988232844 -2.495066821070679 14
      vertex -0.46845328646431206 -2.4557181268217216 14
    endloop
  endfacet
  facet normal -0.7705132427757888 -0.6374239897486901 0
    outer loop
      vertex -1.8224215685535292 -1.7113677648217211 2
      vertex -1.8224215685535292 -1.7113677648217211 20
      vertex -2.0225424859373686 -1.469463130731183 20
    endloop
  endfacet
  facet normal -0.8443279255020154 -0.535826794978996 0
    outer loop
      vertex -2.0225424859373686 -1.469463130731183 2
      vertex -2.0225424859373686 -1.469463130731183 20
      vertex -2.1907667001096587 -1.2043841852542885 20
    endloop
  endfacet
  facet normal -0.5877852522924728 -0.8090169943749476 0
    outer loop
      vertex -1.5935599743717241 -1.9262831069394735 2
      vertex -1.3395669874474916 -2.110819813755038 20
      vertex -1.5935599743717241 -1.9262831069394735 20
    endloop
  endfacet
  facet normal -0.6845471059286893 -0.7289686274214109 0
    outer loop
      vertex -1.8224215685535292 -1.7113677648217211 2
      vertex -1.5935599743717241 -1.9262831069394735 20
      vertex -1.8224215685535292 -1.7113677648217211 20
    endloop
  endfacet
  facet normal -0.9048270524660194 -0.425779291565073 0
    outer loop
      vertex -2.1907667001096587 -1.2043841852542885 2
      vertex -2.1907667001096587 -1.2043841852542885 20
      vertex -2.3244412147206286 -0.9203113817116947 20
    endloop
  endfacet
  facet normal -0.9510565162951538 -0.30901699437494723 0
    outer loop
      vertex -2.3244412147206286 -0.9203113817116947 2
      vertex -2.3244412147206286 -0.9203113817116947 20
      vertex -2.4214579028215777 -0.6217247179121371 20
    endloop
  endfacet
  facet normal -0.9822872507286886 -0.1873813145857251 0
    outer loop
      vertex -2.4214579028215777 -0.6217247179121371 2
      vertex -2.4214579028215777 -0.6217247179121371 20
      vertex -2.4802867532861947 -0.31333308391076015 20
    endloop
  endfacet
  facet normal -0.9980267284282716 -0.06279051952931293 0
    outer loop
      vertex -2.4802867532861947 -0.31333308391076015 2
      vertex -2.4802867532861947 -0.31333308391076015 20
      vertex -2.5 0 20
    endloop
  endfacet
  facet normal -0.36812455268467675 -0.9297764858882519 0
    outer loop
      vertex -1.064448228912681 -2.262067631165049 2
      vertex -0.7725424859373685 -2.3776412907378837 20
      vertex -1.064448228912681 -2.262067631165049 20
    endloop
  endfacet
  facet normal -0.4817536741017151 -0.8763066800438637 0
    outer loop
      vertex -1.3395669874474916 -2.110819813755038 2
      vertex -1.064448228912681 -2.262067631165049 20
      vertex -1.3395669874474916 -2.110819813755038 20
    endloop
  endfacet
  facet normal -0.24868988716485657 -0.9685831611286307 0
    outer loop
      vertex -0.7725424859373685 -2.3776412907378837 2
      vertex -0.6 -2.4219426714359624 20
      vertex -0.7725424859373685 -2.3776412907378837 20
    endloop
  endfacet
  facet normal -0.12533323356430448 0.9921147013144779 -4.144073394313032e-18
    outer loop
      vertex -0.46845328646431145 2.4557181268217216 2
      vertex -0.15697629882328298 2.495066821070679 14
      vertex -0.15697629882328257 2.495066821070679 2
    endloop
  endfacet
  facet normal -0.9980267284282716 0.06279051952931293 0
    outer loop
      vertex -2.5 0 2
      vertex -2.4802867532861947 0.31333308391076015 20
      vertex -2.4802867532861947 0.31333308391076015 2
    endloop
  endfacet
  facet normal -0.9822872507286886 0.1873813145857251 0
    outer loop
      vertex -2.4802867532861947 0.31333308391076015 2
      vertex -2.4214579028215777 0.6217247179121371 20
      vertex -2.4214579028215777 0.6217247179121371 2
    endloop
  endfacet
  facet normal -0.9510565162951538 0.30901699437494723 0
    outer loop
      vertex -2.4214579028215777 0.6217247179121371 2
      vertex -2.3244412147206286 0.9203113817116947 20
      vertex -2.3244412147206286 0.9203113817116947 2
    endloop
  endfacet
  facet normal -0.9048270524660194 0.425779291565073 0
    outer loop
      vertex -2.3244412147206286 0.9203113817116947 2
      vertex -2.1907667001096587 1.2043841852542885 20
      vertex -2.1907667001096587 1.2043841852542885 2
    endloop
  endfacet
  facet normal -0.8443279255020154 0.535826794978996 0
    outer loop
      vertex -2.1907667001096587 1.2043841852542885 2
      vertex -2.0225424859373686 1.469463130731183 20
      vertex -2.0225424859373686 1.469463130731183 2
    endloop
  endfacet
  facet normal -0.7705132427757888 0.6374239897486901 0
    outer loop
      vertex -2.0225424859373686 1.469463130731183 2
      vertex -1.8224215685535292 1.7113677648217211 20
      vertex -1.8224215685535292 1.7113677648217211 2
    endloop
  endfacet
  facet normal -0.6845471059286893 0.7289686274214109 0
    outer loop
      vertex -1.8224215685535292 1.7113677648217211 2
      vertex -1.8224215685535292 1.7113677648217211 20
      vertex -1.5935599743717241 1.9262831069394735 2
    endloop
  endfacet
  facet normal -0.5877852522924728 0.8090169943749476 0
    outer loop
      vertex -1.5935599743717241 1.9262831069394735 2
      vertex -1.5935599743717241 1.9262831069394735 20
      vertex -1.3395669874474916 2.110819813755038 2
    endloop
  endfacet
  facet normal -0.4817536741017149 0.8763066800438638 0
    outer loop
      vertex -1.3395669874474916 2.110819813755038 2
      vertex -1.3395669874474916 2.110819813755038 20
      vertex -1.0644482289126818 2.2620676311650487 2
    endloop
  endfacet
  facet normal -0.3681245526846773 0.9297764858882517 0
    outer loop
      vertex -1.0644482289126818 2.2620676311650487 2
      vertex -1.0644482289126818 2.2620676311650487 20
      vertex -0.7725424859373685 2.3776412907378837 2
    endloop
  endfacet
  facet normal -0.24868988716485532 0.968583161128631 0
    outer loop
      vertex -0.7725424859373685 2.3776412907378837 2
      vertex -0.7725424859373685 2.3776412907378837 20
      vertex -0.46845328646431145 2.4557181268217216 2
    endloop
  endfacet
  facet normal -0.24868988716485677 0.9685831611286305 0
    outer loop
      vertex -0.46845328646431145 2.4557181268217216 2
      vertex -0.6 2.421942671435962 14
      vertex -0.46845328646431145 2.4557181268217216 14
    endloop
  endfacet
  facet normal -0.12533323356430465 0.9921147013144778 0
    outer loop
      vertex -0.46845328646431145 2.4557181268217216 2
      vertex -0.46845328646431145 2.4557181268217216 14
      vertex -0.15697629882328298 2.495066821070679 14
    endloop
  endfacet
  facet normal -0.24868988716485257 0.9685831611286317 4.852236359676972e-17
    outer loop
      vertex -0.46845328646431145 2.4557181268217216 2
      vertex -0.7725424859373685 2.3776412907378837 20
      vertex -0.6 2.421942671435962 14
    endloop
  endfacet
  facet normal 0 1 0
    outer loop
      vertex -0.15697629882328257 2.495066821070679 2
      vertex -0.15697629882328298 2.495066821070679 14
      vertex 0.15697629882328315 2.495066821070679 14
    endloop
  endfacet
  facet normal -0.9980267284282716 0.06279051952931293 0
    outer loop
      vertex -2.5 0 2
      vertex -2.5 0 20
      vertex -2.4802867532861947 0.31333308391076015 20
    endloop
  endfacet
  facet normal -0.9822872507286886 0.1873813145857251 0
    outer loop
      vertex -2.4802867532861947 0.31333308391076015 2
      vertex -2.4802867532861947 0.31333308391076015 20
      vertex -2.4214579028215777 0.6217247179121371 20
    endloop
  endfacet
  facet normal -0.9510565162951538 0.30901699437494723 0
    outer loop
      vertex -2.4214579028215777 0.6217247179121371 2
      vertex -2.4214579028215777 0.6217247179121371 20
      vertex -2.3244412147206286 0.9203113817116947 20
    endloop
  endfacet
  facet normal -0.9048270524660194 0.425779291565073 0
    outer loop
      vertex -2.3244412147206286 0.9203113817116947 2
      vertex -2.3244412147206286 0.9203113817116947 20
      vertex -2.1907667001096587 1.2043841852542885 20
    endloop
  endfacet
  facet normal -0.8443279255020154 0.535826794978996 0
    outer loop
      vertex -2.1907667001096587 1.2043841852542885 2
      vertex -2.1907667001096587 1.2043841852542885 20
      vertex -2.0225424859373686 1.469463130731183 20
    endloop
  endfacet
  facet normal -0.7705132427757888 0.6374239897486901 0
    outer loop
      vertex -2.0225424859373686 1.469463130731183 2
      vertex -2.0225424859373686 1.469463130731183 20
      vertex -1.8224215685535292 1.7113677648217211 20
    endloop
  endfacet
  facet normal -0.6845471059286893 0.7289686274214109 0
    outer loop
      vertex -1.5935599743717241 1.9262831069394735 2
      vertex -1.8224215685535292 1.7113677648217211 20
      vertex -1.5935599743717241 1.9262831069394735 20
    endloop
  endfacet
  facet normal -0.5877852522924728 0.8090169943749476 0
    outer loop
      vertex -1.3395669874474916 2.110819813755038 2
      vertex -1.5935599743717241 1.9262831069394735 20
      vertex -1.3395669874474916 2.110819813755038 20
    endloop
  endfacet
  facet normal -0.4817536741017149 0.8763066800438638 0
    outer loop
      vertex -1.0644482289126818 2.2620676311650487 2
      vertex -1.3395669874474916 2.110819813755038 20
      vertex -1.0644482289126818 2.2620676311650487 20
    endloop
  endfacet
  facet normal -0.3681245526846773 0.9297764858882517 0
    outer loop
      vertex -0.7725424859373685 2.3776412907378837 2
      vertex -1.0644482289126818 2.2620676311650487 20
      vertex -0.7725424859373685 2.3776412907378837 20
    endloop
  endfacet
  facet normal -0.2486898871648542 0.9685831611286313 0
    outer loop
      vertex -0.7725424859373685 2.3776412907378837 20
      vertex -0.6 2.421942671435962 20
      vertex -0.6 2.421942671435962 14
    endloop
  endfacet
  facet normal 0.12533323356430498 -0.9921147013144778 0
    outer loop
      vertex 0.1569762988232844 -2.495066821070679 2
      vertex 0.46845328646431206 -2.4557181268217216 2
      vertex 0.1569762988232844 -2.495066821070679 14
    endloop
  endfacet
  facet normal 0.2486898871648558 -0.968583161128631 0
    outer loop
      vertex 0.46845328646431206 -2.4557181268217216 2
      vertex 0.7725424859373685 -2.3776412907378837 2
      vertex 0.7725424859373685 -2.3776412907378837 20
    endloop
  endfacet
  facet normal 0.36812455268467675 -0.9297764858882519 0
    outer loop
      vertex 0.7725424859373685 -2.3776412907378837 2
      vertex 1.064448228912681 -2.262067631165049 2
      vertex 1.064448228912681 -2.262067631165049 20
    endloop
  endfacet
  facet normal 0.4817536741017155 -0.8763066800438634 0
    outer loop
      vertex 1.064448228912681 -2.262067631165049 2
      vertex 1.3395669874474905 -2.1108198137550382 2
      vertex 1.3395669874474905 -2.1108198137550382 20
    endloop
  endfacet
  facet normal 0 -1 0
    outer loop
      vertex 0.1569762988232844 -2.495066821070679 2
      vertex 0.1569762988232844 -2.495066821070679 14
      vertex -0.1569762988232844 -2.495066821070679 14
    endloop
  endfacet
  facet normal 0.12533323356430498 -0.9921147013144778 0
    outer loop
      vertex 0.46845328646431206 -2.4557181268217216 2
      vertex 0.46845328646431206 -2.4557181268217216 14
      vertex 0.1569762988232844 -2.495066821070679 14
    endloop
  endfacet
  facet normal 0.24868988716485482 -0.9685831611286312 0
    outer loop
      vertex 0.46845328646431206 -2.4557181268217216 2
      vertex 0.6 -2.4219426714359624 14
      vertex 0.46845328646431206 -2.4557181268217216 14
    endloop
  endfacet
  facet normal 0.24868988716485765 -0.9685831611286303 -3.2785380808628063e-17
    outer loop
      vertex 0.46845328646431206 -2.4557181268217216 2
      vertex 0.7725424859373685 -2.3776412907378837 20
      vertex 0.6 -2.4219426714359624 14
    endloop
  endfacet
  facet normal 0.5877852522924726 -0.8090169943749479 0
    outer loop
      vertex 1.3395669874474905 -2.1108198137550382 2
      vertex 1.593559974371725 -1.9262831069394726 2
      vertex 1.593559974371725 -1.9262831069394726 20
    endloop
  endfacet
  facet normal 0.6845471059286893 -0.728968627421411 0
    outer loop
      vertex 1.593559974371725 -1.9262831069394726 2
      vertex 1.8224215685535292 -1.7113677648217211 2
      vertex 1.8224215685535292 -1.7113677648217211 20
    endloop
  endfacet
  facet normal 0.7705132427757888 -0.6374239897486901 0
    outer loop
      vertex 1.8224215685535292 -1.7113677648217211 2
      vertex 2.0225424859373686 -1.469463130731183 2
      vertex 1.8224215685535292 -1.7113677648217211 20
    endloop
  endfacet
  facet normal 0.8443279255020154 -0.535826794978996 0
    outer loop
      vertex 2.0225424859373686 -1.469463130731183 2
      vertex 2.1907667001096587 -1.2043841852542885 2
      vertex 2.0225424859373686 -1.469463130731183 20
    endloop
  endfacet
  facet normal 0.9048270524660192 -0.4257792915650734 0
    outer loop
      vertex 2.1907667001096587 -1.2043841852542885 2
      vertex 2.324441214720628 -0.9203113817116959 2
      vertex 2.1907667001096587 -1.2043841852542885 20
    endloop
  endfacet
  facet normal 0.9510565162951535 -0.30901699437494773 0
    outer loop
      vertex 2.324441214720628 -0.9203113817116959 2
      vertex 2.421457902821578 -0.6217247179121361 2
      vertex 2.324441214720628 -0.9203113817116959 20
    endloop
  endfacet
  facet normal 0.9822872507286887 -0.18738131458572432 0
    outer loop
      vertex 2.421457902821578 -0.6217247179121361 2
      vertex 2.4802867532861947 -0.31333308391076015 2
      vertex 2.421457902821578 -0.6217247179121361 20
    endloop
  endfacet
  facet normal 0.9980267284282716 -0.06279051952931293 0
    outer loop
      vertex 2.4802867532861947 -0.31333308391076015 2
      vertex 2.5 0 2
      vertex 2.4802867532861947 -0.31333308391076015 20
    endloop
  endfacet
  facet normal 0.36812455268467675 -0.9297764858882519 0
    outer loop
      vertex 0.7725424859373685 -2.3776412907378837 2
      vertex 1.064448228912681 -2.262067631165049 20
      vertex 0.7725424859373685 -2.3776412907378837 20
    endloop
  endfacet
  facet normal 0.4817536741017155 -0.8763066800438634 0
    outer loop
      vertex 1.064448228912681 -2.262067631165049 2
      vertex 1.3395669874474905 -2.1108198137550382 20
      vertex 1.064448228912681 -2.262067631165049 20
    endloop
  endfacet
  facet normal 0.24868988716485657 -0.9685831611286307 0
    outer loop
      vertex 0.7725424859373685 -2.3776412907378837 20
      vertex 0.6 -2.4219426714359624 20
      vertex 0.6 -2.4219426714359624 14
    endloop
  endfacet
  facet normal 0.5877852522924726 -0.8090169943749479 0
    outer loop
      vertex 1.3395669874474905 -2.1108198137550382 2
      vertex 1.593559974371725 -1.9262831069394726 20
      vertex 1.3395669874474905 -2.1108198137550382 20
    endloop
  endfacet
  facet normal 0.6845471059286893 -0.728968627421411 0
    outer loop
      vertex 1.593559974371725 -1.9262831069394726 2
      vertex 1.8224215685535292 -1.7113677648217211 20
      vertex 1.593559974371725 -1.9262831069394726 20
    endloop
  endfacet
  facet normal 0.7705132427757888 -0.6374239897486901 0
    outer loop
      vertex 2.0225424859373686 -1.469463130731183 2
      vertex 2.0225424859373686 -1.469463130731183 20
      vertex 1.8224215685535292 -1.7113677648217211 20
    endloop
  endfacet
  facet normal 0.8443279255020154 -0.535826794978996 0
    outer loop
      vertex 2.1907667001096587 -1.2043841852542885 2
      vertex 2.1907667001096587 -1.2043841852542885 20
      vertex 2.0225424859373686 -1.469463130731183 20
    endloop
  endfacet
  facet normal 0.9048270524660192 -0.4257792915650734 0
    outer loop
      vertex 2.324441214720628 -0.9203113817116959 2
      vertex 2.324441214720628 -0.9203113817116959 20
      vertex 2.1907667001096587 -1.2043841852542885 20
    endloop
  endfacet
  facet normal 0.9510565162951535 -0.30901699437494773 0
    outer loop
      vertex 2.421457902821578 -0.6217247179121361 2
      vertex 2.421457902821578 -0.6217247179121361 20
      vertex 2.324441214720628 -0.9203113817116959 20
    endloop
  endfacet
  facet normal 0.9822872507286887 -0.18738131458572432 0
    outer loop
      vertex 2.4802867532861947 -0.31333308391076015 2
      vertex 2.4802867532861947 -0.31333308391076015 20
      vertex 2.421457902821578 -0.6217247179121361 20
    endloop
  endfacet
  facet normal 0.9980267284282716 -0.06279051952931293 0
    outer loop
      vertex 2.4802867532861947 -0.31333308391076015 20
      vertex 2.5 0 2
      vertex 2.5 0 20
    endloop
  endfacet
  facet normal 0.12533323356430473 0.9921147013144778 0
    outer loop
      vertex 0.46845328646431145 2.4557181268217216 2
      vertex 0.15697629882328318 2.495066821070679 2
      vertex 0.46845328646431145 2.4557181268217216 14
    endloop
  endfacet
  facet normal 0.24868988716485532 0.968583161128631 1.7036746176620278e-17
    outer loop
      vertex 0.46845328646431145 2.4557181268217216 2
      vertex 0.6 2.421942671435962 14
      vertex 0.7725424859373685 2.3776412907378837 2
    endloop
  endfacet
  facet normal 0.3681245526846773 0.9297764858882517 0
    outer loop
      vertex 0.7725424859373685 2.3776412907378837 2
      vertex 0.7725424859373685 2.3776412907378837 20
      vertex 1.0644482289126818 2.2620676311650487 2
    endloop
  endfacet
  facet normal 0.4817536741017149 0.8763066800438638 0
    outer loop
      vertex 1.0644482289126818 2.2620676311650487 2
      vertex 1.0644482289126818 2.2620676311650487 20
      vertex 1.3395669874474916 2.110819813755038 2
    endloop
  endfacet
  facet normal 0.1253332335643047 0.9921147013144777 2.8989133677877824e-19
    outer loop
      vertex 0.15697629882328318 2.495066821070679 2
      vertex 0.15697629882328315 2.495066821070679 14
      vertex 0.46845328646431145 2.4557181268217216 14
    endloop
  endfacet
  facet normal 0.24868988716485677 0.9685831611286305 0
    outer loop
      vertex 0.46845328646431145 2.4557181268217216 2
      vertex 0.46845328646431145 2.4557181268217216 14
      vertex 0.6 2.421942671435962 14
    endloop
  endfacet
  facet normal 0.2486898871648542 0.9685831611286313 0
    outer loop
      vertex 0.7725424859373685 2.3776412907378837 2
      vertex 0.6 2.421942671435962 14
      vertex 0.6 2.421942671435962 20
    endloop
  endfacet
  facet normal 0.9980267284282716 0.06279051952931283 0
    outer loop
      vertex 2.4802867532861947 0.31333308391076065 2
      vertex 2.5 0 20
      vertex 2.5 0 2
    endloop
  endfacet
  facet normal 0.9822872507286885 0.1873813145857255 0
    outer loop
      vertex 2.4802867532861947 0.31333308391076065 2
      vertex 2.4214579028215777 0.621724717912137 2
      vertex 2.4802867532861947 0.31333308391076065 20
    endloop
  endfacet
  facet normal 0.9510565162951533 0.30901699437494823 0
    outer loop
      vertex 2.4214579028215777 0.621724717912137 2
      vertex 2.324441214720628 0.9203113817116949 2
      vertex 2.4214579028215777 0.621724717912137 20
    endloop
  endfacet
  facet normal 0.9048270524660202 0.4257792915650712 0
    outer loop
      vertex 2.324441214720628 0.9203113817116949 2
      vertex 2.190766700109659 1.2043841852542883 2
      vertex 2.324441214720628 0.9203113817116949 20
    endloop
  endfacet
  facet normal 0.6845471059286878 0.7289686274214122 0
    outer loop
      vertex 1.822421568553529 1.7113677648217218 2
      vertex 1.5935599743717244 1.9262831069394728 2
      vertex 1.5935599743717244 1.9262831069394728 20
    endloop
  endfacet
  facet normal 0.5877852522924738 0.8090169943749469 0
    outer loop
      vertex 1.3395669874474916 2.110819813755038 2
      vertex 1.3395669874474916 2.110819813755038 20
      vertex 1.5935599743717244 1.9262831069394728 2
    endloop
  endfacet
  facet normal 0.7705132427757894 0.6374239897486894 0
    outer loop
      vertex 1.822421568553529 1.7113677648217218 2
      vertex 2.0225424859373686 1.469463130731183 20
      vertex 2.0225424859373686 1.469463130731183 2
    endloop
  endfacet
  facet normal 0.844327925502015 0.5358267949789967 0
    outer loop
      vertex 2.190766700109659 1.2043841852542883 2
      vertex 2.0225424859373686 1.469463130731183 2
      vertex 2.190766700109659 1.2043841852542883 20
    endloop
  endfacet
  facet normal 0 1 0
    outer loop
      vertex -0.15697629882328257 2.495066821070679 2
      vertex 0.15697629882328315 2.495066821070679 14
      vertex 0.15697629882328318 2.495066821070679 2
    endloop
  endfacet
  facet normal 0.2486898871648542 0.9685831611286313 0
    outer loop
      vertex 0.7725424859373685 2.3776412907378837 2
      vertex 0.6 2.421942671435962 20
      vertex 0.7725424859373685 2.3776412907378837 20
    endloop
  endfacet
  facet normal 0.4817536741017149 0.8763066800438638 0
    outer loop
      vertex 1.3395669874474916 2.110819813755038 2
      vertex 1.0644482289126818 2.2620676311650487 20
      vertex 1.3395669874474916 2.110819813755038 20
    endloop
  endfacet
  facet normal 0.3681245526846773 0.9297764858882517 0
    outer loop
      vertex 1.0644482289126818 2.2620676311650487 2
      vertex 0.7725424859373685 2.3776412907378837 20
      vertex 1.0644482289126818 2.2620676311650487 20
    endloop
  endfacet
  facet normal 0.9980267284282716 0.06279051952931283 0
    outer loop
      vertex 2.4802867532861947 0.31333308391076065 2
      vertex 2.4802867532861947 0.31333308391076065 20
      vertex 2.5 0 20
    endloop
  endfacet
  facet normal 0.9822872507286885 0.1873813145857255 0
    outer loop
      vertex 2.4214579028215777 0.621724717912137 2
      vertex 2.4214579028215777 0.621724717912137 20
      vertex 2.4802867532861947 0.31333308391076065 20
    endloop
  endfacet
  facet normal 0.9510565162951533 0.30901699437494823 0
    outer loop
      vertex 2.324441214720628 0.9203113817116949 2
      vertex 2.324441214720628 0.9203113817116949 20
      vertex 2.4214579028215777 0.621724717912137 20
    endloop
  endfacet
  facet normal 0.9048270524660202 0.4257792915650712 0
    outer loop
      vertex 2.190766700109659 1.2043841852542883 2
      vertex 2.190766700109659 1.2043841852542883 20
      vertex 2.324441214720628 0.9203113817116949 20
    endloop
  endfacet
  facet normal 0.6845471059286878 0.7289686274214122 0
    outer loop
      vertex 1.822421568553529 1.7113677648217218 2
      vertex 1.5935599743717244 1.9262831069394728 20
      vertex 1.822421568553529 1.7113677648217218 20
    endloop
  endfacet
  facet normal 0.5877852522924738 0.8090169943749469 0
    outer loop
      vertex 1.5935599743717244 1.9262831069394728 2
      vertex 1.3395669874474916 2.110819813755038 20
      vertex 1.5935599743717244 1.9262831069394728 20
    endloop
  endfacet
  facet normal 0.844327925502015 0.5358267949789967 0
    outer loop
      vertex 2.0225424859373686 1.469463130731183 2
      vertex 2.0225424859373686 1.469463130731183 20
      vertex 2.190766700109659 1.2043841852542883 20
    endloop
  endfacet
  facet normal 0.7705132427757894 0.6374239897486894 0
    outer loop
      vertex 1.822421568553529 1.7113677648217218 2
      vertex 1.822421568553529 1.7113677648217218 20
      vertex 2.0225424859373686 1.469463130731183 20
    endloop
  endfacet
  facet normal 0 0 -1
    outer loop
      vertex -2.510396511898279 -0.9939362922486303 20
      vertex -2.615174535047304 -0.6714626953451082 20
      vertex -2.510396511898279 0.9939362922486303 20
    endloop
  endfacet
  facet normal 0 0 -1
    outer loop
      vertex -2.615174535047304 -0.6714626953451082 20
      vertex -2.6787096935490906 -0.338399730623621 20
      vertex -2.615174535047304 0.6714626953451082 20
    endloop
  endfacet
  facet normal -0.9903498788460647 -0.062307533092291756 0.12379373485575816
    outer loop
      vertex -2.6787096935490906 -0.338399730623621 20
      vertex -2.1826523428918514 -0.275733113841469 24
      vertex -2.7 0 20
    endloop
  endfacet
  facet normal 0 0 -1
    outer loop
      vertex -0.834345884812358 -2.5678525939969146 20
      vertex -0.7725424859373685 -2.3776412907378837 20
      vertex -0.6 -2.62802239044849 20
    endloop
  endfacet
  facet normal -0.24677695757890314 -0.9611327922917636 0.12379373485575808
    outer loop
      vertex -0.834345884812358 -2.5678525939969146 20
      vertex -0.6 -2.62802239044849 20
      vertex -0.6 -2.3704227416828303 22
    endloop
  endfacet
  facet normal 0 0 -1
    outer loop
      vertex -2.3660280361184314 -1.3007349200746317 20
      vertex -2.0225424859373686 -1.469463130731183 20
      vertex -2.1843458848123585 -1.5870201811896776 20
    endloop
  endfacet
  facet normal 0 0 -1
    outer loop
      vertex -2.3660280361184314 -1.3007349200746317 20
      vertex -2.1907667001096587 -1.2043841852542885 20
      vertex -2.0225424859373686 -1.469463130731183 20
    endloop
  endfacet
  facet normal 0 0 -1
    outer loop
      vertex -2.1843458848123585 -1.5870201811896776 20
      vertex -1.8224215685535292 -1.7113677648217211 20
      vertex -1.9682152940378117 -1.8482771860074592 20
    endloop
  endfacet
  facet normal 0 0 -1
    outer loop
      vertex -2.1843458848123585 -1.5870201811896776 20
      vertex -2.0225424859373686 -1.469463130731183 20
      vertex -1.8224215685535292 -1.7113677648217211 20
    endloop
  endfacet
  facet normal 0 0 -1
    outer loop
      vertex -1.9682152940378117 -1.8482771860074592 20
      vertex -1.5935599743717241 -1.9262831069394735 20
      vertex -1.7210447723214621 -2.0803857554946315 20
    endloop
  endfacet
  facet normal 0 0 -1
    outer loop
      vertex -1.446732346443291 -2.279685398855441 20
      vertex -1.3395669874474916 -2.110819813755038 20
      vertex -1.064448228912681 -2.262067631165049 20
    endloop
  endfacet
  facet normal 0 0 -1
    outer loop
      vertex -1.7210447723214621 -2.0803857554946315 20
      vertex -1.3395669874474916 -2.110819813755038 20
      vertex -1.446732346443291 -2.279685398855441 20
    endloop
  endfacet
  facet normal 0 0 -1
    outer loop
      vertex -1.7210447723214621 -2.0803857554946315 20
      vertex -1.5935599743717241 -1.9262831069394735 20
      vertex -1.3395669874474916 -2.110819813755038 20
    endloop
  endfacet
  facet normal 0 0 -1
    outer loop
      vertex -1.9682152940378117 -1.8482771860074592 20
      vertex -1.8224215685535292 -1.7113677648217211 20
      vertex -1.5935599743717241 -1.9262831069394735 20
    endloop
  endfacet
  facet normal -0.7645864333052617 -0.6325209065445987 0.12379373485575812
    outer loop
      vertex -2.1843458848123585 -1.5870201811896776 20
      vertex -1.9682152940378117 -1.8482771860074592 20
      vertex -1.6037309803271058 -1.5060036330431148 24
    endloop
  endfacet
  facet normal -0.8378333314220122 -0.5317052002461091 0.12379373485575813
    outer loop
      vertex -2.3660280361184314 -1.3007349200746317 20
      vertex -2.1843458848123585 -1.5870201811896776 20
      vertex -1.7798373876248845 -1.293127555043441 24
    endloop
  endfacet
  facet normal -0.47804801133096053 -0.8695661044871609 0.1237937348557581
    outer loop
      vertex -1.446732346443291 -2.279685398855441 20
      vertex -1.1496040872256956 -2.443033041658253 20
      vertex -1.1788189489537928 -1.8575214361044332 24
    endloop
  endfacet
  facet normal -0.5832639916488876 -0.8027940129673792 0.12379373485575812
    outer loop
      vertex -1.7210447723214621 -2.0803857554946315 20
      vertex -1.446732346443291 -2.279685398855441 20
      vertex -1.4023327774471173 -1.6951291341067367 24
    endloop
  endfacet
  facet normal -0.5832639916488878 -0.8027940129673793 0.12379373485575812
    outer loop
      vertex -1.446732346443291 -2.279685398855441 20
      vertex -1.1788189489537928 -1.8575214361044332 24
      vertex -1.4023327774471173 -1.6951291341067367 24
    endloop
  endfacet
  facet normal -0.6792815503934925 -0.7233613802972035 0.12379373485575812
    outer loop
      vertex -1.9682152940378117 -1.8482771860074592 20
      vertex -1.7210447723214621 -2.0803857554946315 20
      vertex -1.6037309803271058 -1.5060036330431148 24
    endloop
  endfacet
  facet normal -0.6792815503934925 -0.7233613802972034 0.1237937348557581
    outer loop
      vertex -1.7210447723214621 -2.0803857554946315 20
      vertex -1.4023327774471173 -1.6951291341067367 24
      vertex -1.6037309803271058 -1.5060036330431148 24
    endloop
  endfacet
  facet normal -0.7645864333052618 -0.6325209065445982 0.12379373485575815
    outer loop
      vertex -2.1843458848123585 -1.5870201811896776 20
      vertex -1.6037309803271058 -1.5060036330431148 24
      vertex -1.7798373876248845 -1.293127555043441 24
    endloop
  endfacet
  facet normal 0 0 -1
    outer loop
      vertex -2.510396511898279 -0.9939362922486303 20
      vertex -2.3244412147206286 -0.9203113817116947 20
      vertex -2.3660280361184314 -1.3007349200746317 20
    endloop
  endfacet
  facet normal 0 0 -1
    outer loop
      vertex -2.3660280361184314 -1.3007349200746317 20
      vertex -2.3244412147206286 -0.9203113817116947 20
      vertex -2.1907667001096587 -1.2043841852542885 20
    endloop
  endfacet
  facet normal 0 0 -1
    outer loop
      vertex -2.510396511898279 -0.9939362922486303 20
      vertex -2.4214579028215777 -0.6217247179121371 20
      vertex -2.3244412147206286 -0.9203113817116947 20
    endloop
  endfacet
  facet normal 0 0 -1
    outer loop
      vertex -2.510396511898279 -0.9939362922486303 20
      vertex -2.4802867532861947 -0.31333308391076015 20
      vertex -2.4214579028215777 -0.6217247179121371 20
    endloop
  endfacet
  facet normal 0 0 -1
    outer loop
      vertex -2.510396511898279 -0.9939362922486303 20
      vertex -2.5 0 20
      vertex -2.4802867532861947 -0.31333308391076015 20
    endloop
  endfacet
  facet normal -0.8978670974048635 -0.4225041853144508 0.12379373485575806
    outer loop
      vertex -2.510396511898279 -0.9939362922486303 20
      vertex -2.3660280361184314 -1.3007349200746317 20
      vertex -1.9278746960964999 -1.0598580830237738 24
    endloop
  endfacet
  facet normal -0.9437409629018357 -0.30664002698861453 0.12379373485575804
    outer loop
      vertex -2.510396511898279 -0.9939362922486303 20
      vertex -2.0455082689541535 -0.8098740159062914 24
      vertex -2.615174535047304 -0.6714626953451082 20
    endloop
  endfacet
  facet normal -0.943740962901836 -0.30664002698861365 0.12379373485575812
    outer loop
      vertex -2.615174535047304 -0.6714626953451082 20
      vertex -2.0455082689541535 -0.8098740159062914 24
      vertex -2.1308829544829884 -0.5471177517626807 24
    endloop
  endfacet
  facet normal -0.8978670974048633 -0.42250418531445105 0.12379373485575802
    outer loop
      vertex -2.510396511898279 -0.9939362922486303 20
      vertex -1.9278746960964999 -1.0598580830237738 24
      vertex -2.0455082689541535 -0.8098740159062914 24
    endloop
  endfacet
  facet normal -0.8378333314220117 -0.5317052002461101 0.12379373485575808
    outer loop
      vertex -2.3660280361184314 -1.3007349200746317 20
      vertex -1.7798373876248845 -1.293127555043441 24
      vertex -1.9278746960964999 -1.0598580830237738 24
    endloop
  endfacet
  facet normal -0.9747314696503206 -0.18593997225929723 0.1237937348557581
    outer loop
      vertex -2.615174535047304 -0.6714626953451082 20
      vertex -2.1308829544829884 -0.5471177517626807 24
      vertex -2.6787096935490906 -0.338399730623621 20
    endloop
  endfacet
  facet normal -0.974731469650321 -0.18593997225929654 0.12379373485575818
    outer loop
      vertex -2.6787096935490906 -0.338399730623621 20
      vertex -2.1308829544829884 -0.5471177517626807 24
      vertex -2.1826523428918514 -0.275733113841469 24
    endloop
  endfacet
  facet normal -0.9903498788460647 -0.062307533092292644 0.12379373485575808
    outer loop
      vertex -2.1826523428918514 -0.275733113841469 24
      vertex -2.2 0 24
      vertex -2.7 0 20
    endloop
  endfacet
  facet normal 0 0 1
    outer loop
      vertex -1.9278746960964999 -1.0598580830237738 24
      vertex -2.0455082689541535 0.8098740159062914 24
      vertex -2.0455082689541535 -0.8098740159062914 24
    endloop
  endfacet
  facet normal 0 0 1
    outer loop
      vertex -1.7798373876248845 -1.293127555043441 24
      vertex -1.9278746960964999 1.0598580830237738 24
      vertex -1.9278746960964999 -1.0598580830237738 24
    endloop
  endfacet
  facet normal 0 0 1
    outer loop
      vertex -2.1308829544829884 -0.5471177517626807 24
      vertex -2.1826523428918514 0.275733113841469 24
      vertex -2.1826523428918514 -0.275733113841469 24
    endloop
  endfacet
  facet normal 0 0 1
    outer loop
      vertex -2.0455082689541535 -0.8098740159062914 24
      vertex -2.1308829544829884 0.5471177517626807 24
      vertex -2.1308829544829884 -0.5471177517626807 24
    endloop
  endfacet
  facet normal 0 0 1
    outer loop
      vertex -1.7798373876248845 -1.293127555043441 24
      vertex -1.6037309803271058 -1.5060036330431148 24
      vertex -1.7798373876248845 1.293127555043441 24
    endloop
  endfacet
  facet normal 0 0 1
    outer loop
      vertex -1.6037309803271058 -1.5060036330431148 24
      vertex -1.4023327774471173 -1.6951291341067367 24
      vertex -1.6037309803271058 1.5060036330431148 24
    endloop
  endfacet
  facet normal 0 0 1
    outer loop
      vertex -1.4023327774471173 -1.6951291341067367 24
      vertex -1.1788189489537928 -1.8575214361044332 24
      vertex -1.4023327774471173 1.6951291341067367 24
    endloop
  endfacet
  facet normal 0 0 -1
    outer loop
      vertex -1.446732346443291 -2.279685398855441 20
      vertex -1.064448228912681 -2.262067631165049 20
      vertex -1.1496040872256956 -2.443033041658253 20
    endloop
  endfacet
  facet normal 0 0 -1
    outer loop
      vertex -1.1496040872256956 -2.443033041658253 20
      vertex -1.064448228912681 -2.262067631165049 20
      vertex -0.7725424859373685 -2.3776412907378837 20
    endloop
  endfacet
  facet normal 0 0 -1
    outer loop
      vertex -0.834345884812358 -2.5678525939969146 20
      vertex -1.1496040872256956 -2.443033041658253 20
      vertex -0.7725424859373685 -2.3776412907378837 20
    endloop
  endfacet
  facet normal 0 0 -1
    outer loop
      vertex -0.7725424859373685 -2.3776412907378837 20
      vertex -0.6 -2.4219426714359624 20
      vertex -0.6 -2.62802239044849 20
    endloop
  endfacet
  facet normal -0.36529292830230436 -0.9226246190855681 0.12379373485575808
    outer loop
      vertex -0.834345884812358 -2.5678525939969146 20
      vertex -0.9367144414431594 -1.9906195154252433 24
      vertex -1.1496040872256956 -2.443033041658253 20
    endloop
  endfacet
  facet normal -0.24677695757890344 -0.9611327922917635 0.12379373485575809
    outer loop
      vertex -0.834345884812358 -2.5678525939969146 20
      vertex -0.6 -2.3704227416828303 22
      vertex -0.6798373876248843 -2.0923243358493377 24
    endloop
  endfacet
  facet normal -0.47804801133096075 -0.8695661044871608 0.12379373485575808
    outer loop
      vertex -1.1496040872256956 -2.443033041658253 20
      vertex -0.9367144414431594 -1.9906195154252433 24
      vertex -1.1788189489537928 -1.8575214361044332 24
    endloop
  endfacet
  facet normal -0.36529292830230414 -0.9226246190855684 0.12379373485575812
    outer loop
      vertex -0.834345884812358 -2.5678525939969146 20
      vertex -0.6798373876248843 -2.0923243358493377 24
      vertex -0.9367144414431594 -1.9906195154252433 24
    endloop
  endfacet
  facet normal -0.24677695757890403 -0.9611327922917633 0.12379373485575805
    outer loop
      vertex -0.6798373876248843 -2.0923243358493377 24
      vertex -0.6 -2.3704227416828303 22
      vertex -0.45908422073502586 -2.406603764285287 22
    endloop
  endfacet
  facet normal -0.12436916681707491 -0.9844833272106179 0.1237937348557581
    outer loop
      vertex -0.41223889208859466 -2.161031951603115 24
      vertex -0.45908422073502586 -2.406603764285287 22
      vertex -0.15383677284681874 -2.4451654846492654 22
    endloop
  endfacet
  facet normal -0.24677695757890364 -0.9611327922917635 0.12379373485575812
    outer loop
      vertex -0.6798373876248843 -2.0923243358493377 24
      vertex -0.45908422073502586 -2.406603764285287 22
      vertex -0.41223889208859466 -2.161031951603115 24
    endloop
  endfacet
  facet normal 0 -0.9923079719575281 0.12379373485575812
    outer loop
      vertex -0.13813914296449029 -2.1956588025421975 24
      vertex -0.15383677284681874 -2.4451654846492654 22
      vertex 0.15383677284681874 -2.4451654846492654 22
    endloop
  endfacet
  facet normal -0.12436916681707492 -0.9844833272106179 0.12379373485575812
    outer loop
      vertex -0.41223889208859466 -2.161031951603115 24
      vertex -0.15383677284681874 -2.4451654846492654 22
      vertex -0.13813914296449029 -2.1956588025421975 24
    endloop
  endfacet
  facet normal 0 0 1
    outer loop
      vertex -0.9367144414431594 -1.9906195154252433 24
      vertex -1.1788189489537928 1.8575214361044332 24
      vertex -1.1788189489537928 -1.8575214361044332 24
    endloop
  endfacet
  facet normal 0 0 1
    outer loop
      vertex -0.9367144414431594 -1.9906195154252433 24
      vertex -0.6798373876248843 -2.0923243358493377 24
      vertex -0.9367144414431601 1.990619515425243 24
    endloop
  endfacet
  facet normal 0 0 1
    outer loop
      vertex -0.6798373876248843 -2.0923243358493377 24
      vertex -0.41223889208859466 -2.161031951603115 24
      vertex -0.6798373876248843 2.0923243358493377 24
    endloop
  endfacet
  facet normal 0 0 1
    outer loop
      vertex -0.41223889208859466 -2.161031951603115 24
      vertex -0.13813914296449029 -2.1956588025421975 24
      vertex -0.4122388920885941 2.1610319516031153 24
    endloop
  endfacet
  facet normal 0 0 1
    outer loop
      vertex -0.13813914296449029 -2.1956588025421975 24
      vertex 0.13813914296449029 -2.1956588025421975 24
      vertex -0.13813914296448923 2.1956588025421975 24
    endloop
  endfacet
  facet normal 0 0 -1
    outer loop
      vertex -2.6787096935490906 -0.338399730623621 20
      vertex -2.7 0 20
      vertex -2.6787096935490906 0.338399730623621 20
    endloop
  endfacet
  facet normal 0 0 -1
    outer loop
      vertex -2.6787096935490906 -0.338399730623621 20
      vertex -2.6787096935490906 0.338399730623621 20
      vertex -2.615174535047304 0.6714626953451082 20
    endloop
  endfacet
  facet normal 0 0 -1
    outer loop
      vertex -2.510396511898279 -0.9939362922486303 20
      vertex -2.510396511898279 0.9939362922486303 20
      vertex -2.5 0 20
    endloop
  endfacet
  facet normal 0 0 -1
    outer loop
      vertex -2.615174535047304 -0.6714626953451082 20
      vertex -2.615174535047304 0.6714626953451082 20
      vertex -2.510396511898279 0.9939362922486303 20
    endloop
  endfacet
  facet normal -0.9903498788460647 0.062307533092291756 0.12379373485575816
    outer loop
      vertex -2.7 0 20
      vertex -2.1826523428918514 0.275733113841469 24
      vertex -2.6787096935490906 0.338399730623621 20
    endloop
  endfacet
  facet normal 0 0 -1
    outer loop
      vertex -2.510396511898279 0.9939362922486303 20
      vertex -2.4802867532861947 0.31333308391076015 20
      vertex -2.5 0 20
    endloop
  endfacet
  facet normal 0 0 -1
    outer loop
      vertex -2.510396511898279 0.9939362922486303 20
      vertex -2.4214579028215777 0.6217247179121371 20
      vertex -2.4802867532861947 0.31333308391076015 20
    endloop
  endfacet
  facet normal 0 0 -1
    outer loop
      vertex -2.510396511898279 0.9939362922486303 20
      vertex -2.3660280361184314 1.3007349200746317 20
      vertex -2.4214579028215777 0.6217247179121371 20
    endloop
  endfacet
  facet normal 0 0 -1
    outer loop
      vertex -2.4214579028215777 0.6217247179121371 20
      vertex -2.3660280361184314 1.3007349200746317 20
      vertex -2.3244412147206286 0.9203113817116947 20
    endloop
  endfacet
  facet normal 0 0 -1
    outer loop
      vertex -2.3244412147206286 0.9203113817116947 20
      vertex -2.1843458848123585 1.5870201811896776 20
      vertex -2.1907667001096587 1.2043841852542885 20
    endloop
  endfacet
  facet normal -0.9747314696503206 0.18593997225929723 0.1237937348557581
    outer loop
      vertex -2.6787096935490906 0.338399730623621 20
      vertex -2.1308829544829884 0.5471177517626807 24
      vertex -2.615174535047304 0.6714626953451082 20
    endloop
  endfacet
  facet normal -0.9903498788460647 0.062307533092292644 0.12379373485575809
    outer loop
      vertex -2.7 0 20
      vertex -2.2 0 24
      vertex -2.1826523428918514 0.275733113841469 24
    endloop
  endfacet
  facet normal 0 0 1
    outer loop
      vertex -2.1826523428918514 -0.275733113841469 24
      vertex -2.1826523428918514 0.275733113841469 24
      vertex -2.2 0 24
    endloop
  endfacet
  facet normal -0.974731469650321 0.18593997225929654 0.12379373485575818
    outer loop
      vertex -2.6787096935490906 0.338399730623621 20
      vertex -2.1826523428918514 0.275733113841469 24
      vertex -2.1308829544829884 0.5471177517626807 24
    endloop
  endfacet
  facet normal 0 0 1
    outer loop
      vertex -2.1308829544829884 -0.5471177517626807 24
      vertex -2.1308829544829884 0.5471177517626807 24
      vertex -2.1826523428918514 0.275733113841469 24
    endloop
  endfacet
  facet normal 0 0 1
    outer loop
      vertex -2.0455082689541535 -0.8098740159062914 24
      vertex -2.0455082689541535 0.8098740159062914 24
      vertex -2.1308829544829884 0.5471177517626807 24
    endloop
  endfacet
  facet normal 0 0 1
    outer loop
      vertex -1.9278746960964999 -1.0598580830237738 24
      vertex -1.9278746960964999 1.0598580830237738 24
      vertex -2.0455082689541535 0.8098740159062914 24
    endloop
  endfacet
  facet normal -0.9437409629018357 0.30664002698861453 0.12379373485575804
    outer loop
      vertex -2.615174535047304 0.6714626953451082 20
      vertex -2.0455082689541535 0.8098740159062914 24
      vertex -2.510396511898279 0.9939362922486303 20
    endloop
  endfacet
  facet normal -0.8978670974048635 0.4225041853144508 0.12379373485575806
    outer loop
      vertex -2.510396511898279 0.9939362922486303 20
      vertex -1.9278746960964999 1.0598580830237738 24
      vertex -2.3660280361184314 1.3007349200746317 20
    endloop
  endfacet
  facet normal -0.943740962901836 0.30664002698861365 0.12379373485575812
    outer loop
      vertex -2.615174535047304 0.6714626953451082 20
      vertex -2.1308829544829884 0.5471177517626807 24
      vertex -2.0455082689541535 0.8098740159062914 24
    endloop
  endfacet
  facet normal -0.8978670974048633 0.42250418531445105 0.12379373485575802
    outer loop
      vertex -2.510396511898279 0.9939362922486303 20
      vertex -2.0455082689541535 0.8098740159062914 24
      vertex -1.9278746960964999 1.0598580830237738 24
    endloop
  endfacet
  facet normal -0.8378333314220117 0.5317052002461101 0.12379373485575808
    outer loop
      vertex -1.9278746960964999 1.0598580830237738 24
      vertex -1.7798373876248845 1.293127555043441 24
      vertex -2.3660280361184314 1.3007349200746317 20
    endloop
  endfacet
  facet normal 0 0 1
    outer loop
      vertex -1.7798373876248845 -1.293127555043441 24
      vertex -1.7798373876248845 1.293127555043441 24
      vertex -1.9278746960964999 1.0598580830237738 24
    endloop
  endfacet
  facet normal 0 0 1
    outer loop
      vertex -1.6037309803271058 -1.5060036330431148 24
      vertex -1.6037309803271058 1.5060036330431148 24
      vertex -1.7798373876248845 1.293127555043441 24
    endloop
  endfacet
  facet normal 0 0 1
    outer loop
      vertex -1.4023327774471173 -1.6951291341067367 24
      vertex -1.4023327774471173 1.6951291341067367 24
      vertex -1.6037309803271058 1.5060036330431148 24
    endloop
  endfacet
  facet normal 0 0 1
    outer loop
      vertex -1.1788189489537928 -1.8575214361044332 24
      vertex -1.1788189489537928 1.8575214361044332 24
      vertex -1.4023327774471173 1.6951291341067367 24
    endloop
  endfacet
  facet normal 0 0 -1
    outer loop
      vertex -2.3244412147206286 0.9203113817116947 20
      vertex -2.3660280361184314 1.3007349200746317 20
      vertex -2.1843458848123585 1.5870201811896776 20
    endloop
  endfacet
  facet normal 0 0 -1
    outer loop
      vertex -2.1907667001096587 1.2043841852542885 20
      vertex -2.1843458848123585 1.5870201811896776 20
      vertex -2.0225424859373686 1.469463130731183 20
    endloop
  endfacet
  facet normal 0 0 -1
    outer loop
      vertex -2.0225424859373686 1.469463130731183 20
      vertex -2.1843458848123585 1.5870201811896776 20
      vertex -1.9682152940378117 1.8482771860074592 20
    endloop
  endfacet
  facet normal 0 0 -1
    outer loop
      vertex -2.0225424859373686 1.469463130731183 20
      vertex -1.9682152940378117 1.8482771860074592 20
      vertex -1.8224215685535292 1.7113677648217211 20
    endloop
  endfacet
  facet normal 0 0 -1
    outer loop
      vertex -1.9682152940378117 1.8482771860074592 20
      vertex -1.7210447723214621 2.0803857554946315 20
      vertex -1.8224215685535292 1.7113677648217211 20
    endloop
  endfacet
  facet normal 0 0 -1
    outer loop
      vertex -1.8224215685535292 1.7113677648217211 20
      vertex -1.7210447723214621 2.0803857554946315 20
      vertex -1.5935599743717241 1.9262831069394735 20
    endloop
  endfacet
  facet normal 0 0 -1
    outer loop
      vertex -1.7210447723214621 2.0803857554946315 20
      vertex -1.446732346443291 2.279685398855441 20
      vertex -1.5935599743717241 1.9262831069394735 20
    endloop
  endfacet
  facet normal 0 0 -1
    outer loop
      vertex -1.5935599743717241 1.9262831069394735 20
      vertex -1.446732346443291 2.279685398855441 20
      vertex -1.3395669874474916 2.110819813755038 20
    endloop
  endfacet
  facet normal 0 0 -1
    outer loop
      vertex -1.3395669874474916 2.110819813755038 20
      vertex -1.446732346443291 2.279685398855441 20
      vertex -1.1496040872256965 2.4430330416582526 20
    endloop
  endfacet
  facet normal -0.8378333314220122 0.5317052002461091 0.12379373485575813
    outer loop
      vertex -2.3660280361184314 1.3007349200746317 20
      vertex -1.7798373876248845 1.293127555043441 24
      vertex -2.1843458848123585 1.5870201811896776 20
    endloop
  endfacet
  facet normal -0.7645864333052617 0.6325209065445987 0.12379373485575812
    outer loop
      vertex -2.1843458848123585 1.5870201811896776 20
      vertex -1.6037309803271058 1.5060036330431148 24
      vertex -1.9682152940378117 1.8482771860074592 20
    endloop
  endfacet
  facet normal -0.6792815503934925 0.7233613802972035 0.12379373485575812
    outer loop
      vertex -1.9682152940378117 1.8482771860074592 20
      vertex -1.6037309803271058 1.5060036330431148 24
      vertex -1.7210447723214621 2.0803857554946315 20
    endloop
  endfacet
  facet normal -0.7645864333052618 0.6325209065445982 0.12379373485575815
    outer loop
      vertex -2.1843458848123585 1.5870201811896776 20
      vertex -1.7798373876248845 1.293127555043441 24
      vertex -1.6037309803271058 1.5060036330431148 24
    endloop
  endfacet
  facet normal -0.6792815503934925 0.7233613802972034 0.1237937348557581
    outer loop
      vertex -1.7210447723214621 2.0803857554946315 20
      vertex -1.6037309803271058 1.5060036330431148 24
      vertex -1.4023327774471173 1.6951291341067367 24
    endloop
  endfacet
  facet normal -0.5832639916488876 0.8027940129673792 0.12379373485575812
    outer loop
      vertex -1.7210447723214621 2.0803857554946315 20
      vertex -1.4023327774471173 1.6951291341067367 24
      vertex -1.446732346443291 2.279685398855441 20
    endloop
  endfacet
  facet normal -0.47804801133096064 0.8695661044871609 0.12379373485575812
    outer loop
      vertex -1.446732346443291 2.279685398855441 20
      vertex -1.1788189489537928 1.8575214361044332 24
      vertex -1.1496040872256965 2.4430330416582526 20
    endloop
  endfacet
  facet normal -0.5832639916488878 0.8027940129673793 0.12379373485575812
    outer loop
      vertex -1.446732346443291 2.279685398855441 20
      vertex -1.4023327774471173 1.6951291341067367 24
      vertex -1.1788189489537928 1.8575214361044332 24
    endloop
  endfacet
  facet normal 0 0 1
    outer loop
      vertex -0.9367144414431594 -1.9906195154252433 24
      vertex -0.9367144414431601 1.990619515425243 24
      vertex -1.1788189489537928 1.8575214361044332 24
    endloop
  endfacet
  facet normal 0 0 1
    outer loop
      vertex -0.6798373876248843 -2.0923243358493377 24
      vertex -0.6798373876248843 2.0923243358493377 24
      vertex -0.9367144414431601 1.990619515425243 24
    endloop
  endfacet
  facet normal 0 0 1
    outer loop
      vertex -0.41223889208859466 -2.161031951603115 24
      vertex -0.4122388920885941 2.1610319516031153 24
      vertex -0.6798373876248843 2.0923243358493377 24
    endloop
  endfacet
  facet normal 0 0 1
    outer loop
      vertex -0.13813914296449029 -2.1956588025421975 24
      vertex -0.13813914296448923 2.1956588025421975 24
      vertex -0.4122388920885941 2.1610319516031153 24
    endloop
  endfacet
  facet normal 0 0 -1
    outer loop
      vertex -1.3395669874474916 2.110819813755038 20
      vertex -1.1496040872256965 2.4430330416582526 20
      vertex -1.0644482289126818 2.2620676311650487 20
    endloop
  endfacet
  facet normal 0 0 -1
    outer loop
      vertex -1.1496040872256965 2.4430330416582526 20
      vertex -0.834345884812358 2.5678525939969146 20
      vertex -1.0644482289126818 2.2620676311650487 20
    endloop
  endfacet
  facet normal 0 0 -1
    outer loop
      vertex -1.0644482289126818 2.2620676311650487 20
      vertex -0.834345884812358 2.5678525939969146 20
      vertex -0.7725424859373685 2.3776412907378837 20
    endloop
  endfacet
  facet normal 0 0 -1
    outer loop
      vertex -0.7725424859373685 2.3776412907378837 20
      vertex -0.834345884812358 2.5678525939969146 20
      vertex -0.6 2.421942671435962 20
    endloop
  endfacet
  facet normal -0.36529292830230464 0.922624619085568 0.12379373485575804
    outer loop
      vertex -1.1496040872256965 2.4430330416582526 20
      vertex -0.9367144414431601 1.990619515425243 24
      vertex -0.834345884812358 2.5678525939969146 20
    endloop
  endfacet
  facet normal -0.246776957578906 0.9611327922917628 0.12379373485575812
    outer loop
      vertex -0.6798373876248843 2.0923243358493377 24
      vertex -0.6 2.3704227416828307 22
      vertex -0.834345884812358 2.5678525939969146 20
    endloop
  endfacet
  facet normal -0.4780480113309611 0.8695661044871604 0.12379373485575805
    outer loop
      vertex -1.1496040872256965 2.4430330416582526 20
      vertex -1.1788189489537928 1.8575214361044332 24
      vertex -0.9367144414431601 1.990619515425243 24
    endloop
  endfacet
  facet normal -0.36529292830230403 0.9226246190855684 0.12379373485575812
    outer loop
      vertex -0.9367144414431601 1.990619515425243 24
      vertex -0.6798373876248843 2.0923243358493377 24
      vertex -0.834345884812358 2.5678525939969146 20
    endloop
  endfacet
  facet normal -0.24677695757890303 0.9611327922917637 0.12379373485575809
    outer loop
      vertex -0.4122388920885941 2.1610319516031153 24
      vertex -0.45908422073502525 2.4066037642852875 22
      vertex -0.6 2.3704227416828307 22
    endloop
  endfacet
  facet normal -0.24677695757890467 0.9611327922917632 0.12379373485575822
    outer loop
      vertex -0.6798373876248843 2.0923243358493377 24
      vertex -0.4122388920885941 2.1610319516031153 24
      vertex -0.6 2.3704227416828307 22
    endloop
  endfacet
  facet normal -0.12436916681707316 0.9844833272106182 0.12379373485575809
    outer loop
      vertex -0.4122388920885941 2.1610319516031153 24
      vertex -0.13813914296448923 2.1956588025421975 24
      vertex -0.45908422073502525 2.4066037642852875 22
    endloop
  endfacet
  facet normal -0.12436916681707327 0.9844833272106184 0.12379373485575813
    outer loop
      vertex -0.13813914296448923 2.1956588025421975 24
      vertex -0.15383677284681754 2.4451654846492654 22
      vertex -0.45908422073502525 2.4066037642852875 22
    endloop
  endfacet
  facet normal 0 0.992307971957528 0.12379373485575812
    outer loop
      vertex -0.13813914296448923 2.1956588025421975 24
      vertex 0.13813914296448923 2.1956588025421975 24
      vertex -0.15383677284681754 2.4451654846492654 22
    endloop
  endfacet
  facet normal 0 0 -1
    outer loop
      vertex -0.834345884812358 2.5678525939969146 20
      vertex -0.6 2.6280223904484905 20
      vertex -0.6 2.421942671435962 20
    endloop
  endfacet
  facet normal -0.24677695757890483 0.9611327922917632 0.12379373485575802
    outer loop
      vertex -0.834345884812358 2.5678525939969146 20
      vertex -0.6 2.3704227416828307 22
      vertex -0.6 2.6280223904484905 20
    endloop
  endfacet
  facet normal 0 0 -1
    outer loop
      vertex 0.834345884812358 -2.5678525939969146 20
      vertex 0.6 -2.62802239044849 20
      vertex 0.6 -2.4219426714359624 20
    endloop
  endfacet
  facet normal 0.24677695757890314 -0.9611327922917636 0.12379373485575808
    outer loop
      vertex 0.834345884812358 -2.5678525939969146 20
      vertex 0.6 -2.3704227416828303 22
      vertex 0.6 -2.62802239044849 20
    endloop
  endfacet
  facet normal 0 0 -1
    outer loop
      vertex 0.834345884812358 -2.5678525939969146 20
      vertex 0.6 -2.4219426714359624 20
      vertex 0.7725424859373685 -2.3776412907378837 20
    endloop
  endfacet
  facet normal 0 0 -1
    outer loop
      vertex 0.834345884812358 -2.5678525939969146 20
      vertex 0.7725424859373685 -2.3776412907378837 20
      vertex 1.064448228912681 -2.262067631165049 20
    endloop
  endfacet
  facet normal 0 0 -1
    outer loop
      vertex 0.834345884812358 -2.5678525939969146 20
      vertex 1.064448228912681 -2.262067631165049 20
      vertex 1.1496040872256956 -2.443033041658253 20
    endloop
  endfacet
  facet normal 0 0 -1
    outer loop
      vertex 1.064448228912681 -2.262067631165049 20
      vertex 1.3395669874474905 -2.1108198137550382 20
      vertex 1.1496040872256956 -2.443033041658253 20
    endloop
  endfacet
  facet normal 0.12436916681707491 -0.9844833272106179 0.12379373485575813
    outer loop
      vertex 0.13813914296449029 -2.1956588025421975 24
      vertex 0.15383677284681874 -2.4451654846492654 22
      vertex 0.45908422073502586 -2.406603764285287 22
    endloop
  endfacet
  facet normal 0 -0.992307971957528 0.1237937348557581
    outer loop
      vertex -0.13813914296449029 -2.1956588025421975 24
      vertex 0.15383677284681874 -2.4451654846492654 22
      vertex 0.13813914296449029 -2.1956588025421975 24
    endloop
  endfacet
  facet normal 0.24677695757890403 -0.9611327922917633 0.12379373485575812
    outer loop
      vertex 0.41223889208859466 -2.161031951603115 24
      vertex 0.45908422073502586 -2.406603764285287 22
      vertex 0.6 -2.3704227416828303 22
    endloop
  endfacet
  facet normal 0.12436916681707492 -0.9844833272106179 0.12379373485575812
    outer loop
      vertex 0.13813914296449029 -2.1956588025421975 24
      vertex 0.45908422073502586 -2.406603764285287 22
      vertex 0.41223889208859466 -2.161031951603115 24
    endloop
  endfacet
  facet normal 0.24677695757890364 -0.9611327922917635 0.12379373485575808
    outer loop
      vertex 0.41223889208859466 -2.161031951603115 24
      vertex 0.6 -2.3704227416828303 22
      vertex 0.6798373876248843 -2.0923243358493377 24
    endloop
  endfacet
  facet normal 0.24677695757890344 -0.9611327922917635 0.12379373485575809
    outer loop
      vertex 0.834345884812358 -2.5678525939969146 20
      vertex 0.6798373876248843 -2.0923243358493377 24
      vertex 0.6 -2.3704227416828303 22
    endloop
  endfacet
  facet normal 0.36529292830230436 -0.9226246190855681 0.12379373485575808
    outer loop
      vertex 0.834345884812358 -2.5678525939969146 20
      vertex 1.1496040872256956 -2.443033041658253 20
      vertex 0.9367144414431594 -1.9906195154252433 24
    endloop
  endfacet
  facet normal 0.36529292830230414 -0.9226246190855684 0.12379373485575812
    outer loop
      vertex 0.834345884812358 -2.5678525939969146 20
      vertex 0.9367144414431594 -1.9906195154252433 24
      vertex 0.6798373876248843 -2.0923243358493377 24
    endloop
  endfacet
  facet normal 0.47804801133096064 -0.8695661044871609 0.12379373485575809
    outer loop
      vertex 1.1496040872256956 -2.443033041658253 20
      vertex 1.1788189489537917 -1.8575214361044339 24
      vertex 0.9367144414431594 -1.9906195154252433 24
    endloop
  endfacet
  facet normal 0 0 1
    outer loop
      vertex 0.13813914296449029 -2.1956588025421975 24
      vertex 0.41223889208859466 -2.161031951603115 24
      vertex 0.13813914296448923 2.1956588025421975 24
    endloop
  endfacet
  facet normal 0 0 1
    outer loop
      vertex 0.41223889208859466 -2.161031951603115 24
      vertex 0.6798373876248843 -2.0923243358493377 24
      vertex 0.4122388920885941 2.1610319516031153 24
    endloop
  endfacet
  facet normal 0 0 1
    outer loop
      vertex 0.6798373876248843 -2.0923243358493377 24
      vertex 0.9367144414431594 -1.9906195154252433 24
      vertex 0.6798373876248843 2.0923243358493377 24
    endloop
  endfacet
  facet normal 0 0 1
    outer loop
      vertex 0.9367144414431594 -1.9906195154252433 24
      vertex 1.1788189489537917 -1.8575214361044339 24
      vertex 0.9367144414431601 1.990619515425243 24
    endloop
  endfacet
  facet normal 0 0 -1
    outer loop
      vertex 1.1496040872256956 -2.443033041658253 20
      vertex 1.3395669874474905 -2.1108198137550382 20
      vertex 1.44673234644329 -2.2796853988554413 20
    endloop
  endfacet
  facet normal 0 0 -1
    outer loop
      vertex 1.44673234644329 -2.2796853988554413 20
      vertex 1.3395669874474905 -2.1108198137550382 20
      vertex 1.593559974371725 -1.9262831069394726 20
    endloop
  endfacet
  facet normal 0 0 -1
    outer loop
      vertex 1.44673234644329 -2.2796853988554413 20
      vertex 1.593559974371725 -1.9262831069394726 20
      vertex 1.721044772321463 -2.0803857554946306 20
    endloop
  endfacet
  facet normal 0 0 -1
    outer loop
      vertex 1.593559974371725 -1.9262831069394726 20
      vertex 1.8224215685535292 -1.7113677648217211 20
      vertex 1.721044772321463 -2.0803857554946306 20
    endloop
  endfacet
  facet normal 0 0 -1
    outer loop
      vertex 1.721044772321463 -2.0803857554946306 20
      vertex 1.8224215685535292 -1.7113677648217211 20
      vertex 1.9682152940378117 -1.8482771860074592 20
    endloop
  endfacet
  facet normal 0 0 -1
    outer loop
      vertex 1.8224215685535292 -1.7113677648217211 20
      vertex 2.0225424859373686 -1.469463130731183 20
      vertex 1.9682152940378117 -1.8482771860074592 20
    endloop
  endfacet
  facet normal 0 0 -1
    outer loop
      vertex 1.9682152940378117 -1.8482771860074592 20
      vertex 2.0225424859373686 -1.469463130731183 20
      vertex 2.1843458848123585 -1.5870201811896776 20
    endloop
  endfacet
  facet normal 0 0 -1
    outer loop
      vertex 2.1843458848123585 -1.5870201811896776 20
      vertex 2.0225424859373686 -1.469463130731183 20
      vertex 2.1907667001096587 -1.2043841852542885 20
    endloop
  endfacet
  facet normal 0 0 -1
    outer loop
      vertex 2.1843458848123585 -1.5870201811896776 20
      vertex 2.324441214720628 -0.9203113817116959 20
      vertex 2.3660280361184314 -1.3007349200746317 20
    endloop
  endfacet
  facet normal 0.478048011330961 -0.8695661044871608 0.12379373485575808
    outer loop
      vertex 1.1496040872256956 -2.443033041658253 20
      vertex 1.44673234644329 -2.2796853988554413 20
      vertex 1.1788189489537917 -1.8575214361044339 24
    endloop
  endfacet
  facet normal 0.5832639916488874 -0.8027940129673793 0.12379373485575806
    outer loop
      vertex 1.44673234644329 -2.2796853988554413 20
      vertex 1.721044772321463 -2.0803857554946306 20
      vertex 1.4023327774471182 -1.695129134106736 24
    endloop
  endfacet
  facet normal 0.5832639916488874 -0.8027940129673794 0.12379373485575808
    outer loop
      vertex 1.1788189489537917 -1.8575214361044339 24
      vertex 1.44673234644329 -2.2796853988554413 20
      vertex 1.4023327774471182 -1.695129134106736 24
    endloop
  endfacet
  facet normal 0.6792815503934924 -0.7233613802972036 0.12379373485575812
    outer loop
      vertex 1.721044772321463 -2.0803857554946306 20
      vertex 1.9682152940378117 -1.8482771860074592 20
      vertex 1.6037309803271058 -1.5060036330431148 24
    endloop
  endfacet
  facet normal 0.6792815503934928 -0.7233613802972031 0.12379373485575808
    outer loop
      vertex 1.721044772321463 -2.0803857554946306 20
      vertex 1.6037309803271058 -1.5060036330431148 24
      vertex 1.4023327774471182 -1.695129134106736 24
    endloop
  endfacet
  facet normal 0.7645864333052618 -0.6325209065445982 0.12379373485575815
    outer loop
      vertex 2.1843458848123585 -1.5870201811896776 20
      vertex 1.7798373876248845 -1.293127555043441 24
      vertex 1.6037309803271058 -1.5060036330431148 24
    endloop
  endfacet
  facet normal 0.7645864333052617 -0.6325209065445987 0.12379373485575813
    outer loop
      vertex 1.9682152940378117 -1.8482771860074592 20
      vertex 2.1843458848123585 -1.5870201811896776 20
      vertex 1.6037309803271058 -1.5060036330431148 24
    endloop
  endfacet
  facet normal 0.8378333314220122 -0.5317052002461091 0.12379373485575816
    outer loop
      vertex 2.1843458848123585 -1.5870201811896776 20
      vertex 2.3660280361184314 -1.3007349200746317 20
      vertex 1.7798373876248845 -1.293127555043441 24
    endloop
  endfacet
  facet normal 0 0 -1
    outer loop
      vertex 2.1843458848123585 -1.5870201811896776 20
      vertex 2.1907667001096587 -1.2043841852542885 20
      vertex 2.324441214720628 -0.9203113817116959 20
    endloop
  endfacet
  facet normal 0 0 -1
    outer loop
      vertex 2.3660280361184314 -1.3007349200746317 20
      vertex 2.324441214720628 -0.9203113817116959 20
      vertex 2.421457902821578 -0.6217247179121361 20
    endloop
  endfacet
  facet normal 0 0 -1
    outer loop
      vertex 2.3660280361184314 -1.3007349200746317 20
      vertex 2.421457902821578 -0.6217247179121361 20
      vertex 2.5103965118982785 -0.9939362922486317 20
    endloop
  endfacet
  facet normal 0 0 -1
    outer loop
      vertex 2.421457902821578 -0.6217247179121361 20
      vertex 2.4802867532861947 -0.31333308391076015 20
      vertex 2.5103965118982785 -0.9939362922486317 20
    endloop
  endfacet
  facet normal 0 0 -1
    outer loop
      vertex 2.4802867532861947 -0.31333308391076015 20
      vertex 2.5 0 20
      vertex 2.5103965118982785 -0.9939362922486317 20
    endloop
  endfacet
  facet normal 0 0 1
    outer loop
      vertex 1.1788189489537917 -1.8575214361044339 24
      vertex 1.4023327774471182 -1.695129134106736 24
      vertex 1.1788189489537928 1.8575214361044332 24
    endloop
  endfacet
  facet normal 0 0 1
    outer loop
      vertex 1.4023327774471182 -1.695129134106736 24
      vertex 1.6037309803271058 -1.5060036330431148 24
      vertex 1.4023327774471175 1.6951291341067363 24
    endloop
  endfacet
  facet normal 0 0 1
    outer loop
      vertex 1.6037309803271058 -1.5060036330431148 24
      vertex 1.7798373876248845 -1.293127555043441 24
      vertex 1.6037309803271056 1.5060036330431152 24
    endloop
  endfacet
  facet normal 0 0 1
    outer loop
      vertex 1.7798373876248845 -1.293127555043441 24
      vertex 1.9278746960964999 -1.0598580830237738 24
      vertex 1.7798373876248845 1.293127555043441 24
    endloop
  endfacet
  facet normal 0.8978670974048633 -0.4225041853144512 0.12379373485575808
    outer loop
      vertex 2.3660280361184314 -1.3007349200746317 20
      vertex 2.5103965118982785 -0.9939362922486317 20
      vertex 1.9278746960964999 -1.0598580830237738 24
    endloop
  endfacet
  facet normal 0.9437409629018357 -0.3066400269886148 0.12379373485575806
    outer loop
      vertex 2.045508268954153 -0.8098740159062925 24
      vertex 2.5103965118982785 -0.9939362922486317 20
      vertex 2.6151745350473043 -0.671462695345107 20
    endloop
  endfacet
  facet normal 0.8378333314220117 -0.5317052002461101 0.12379373485575808
    outer loop
      vertex 2.3660280361184314 -1.3007349200746317 20
      vertex 1.9278746960964999 -1.0598580830237738 24
      vertex 1.7798373876248845 -1.293127555043441 24
    endloop
  endfacet
  facet normal 0.8978670974048631 -0.42250418531445133 0.12379373485575806
    outer loop
      vertex 1.9278746960964999 -1.0598580830237738 24
      vertex 2.5103965118982785 -0.9939362922486317 20
      vertex 2.045508268954153 -0.8098740159062925 24
    endloop
  endfacet
  facet normal 0.9437409629018356 -0.30664002698861437 0.12379373485575808
    outer loop
      vertex 2.045508268954153 -0.8098740159062925 24
      vertex 2.6151745350473043 -0.671462695345107 20
      vertex 2.130882954482989 -0.5471177517626798 24
    endloop
  endfacet
  facet normal 0.9747314696503209 -0.18593997225929662 0.12379373485575809
    outer loop
      vertex 2.130882954482989 -0.5471177517626798 24
      vertex 2.6151745350473043 -0.671462695345107 20
      vertex 2.6787096935490906 -0.338399730623621 20
    endloop
  endfacet
  facet normal 0 0 1
    outer loop
      vertex 1.9278746960964999 -1.0598580830237738 24
      vertex 2.045508268954153 -0.8098740159062925 24
      vertex 1.9278746960965 1.0598580830237738 24
    endloop
  endfacet
  facet normal 0 0 1
    outer loop
      vertex 2.045508268954153 -0.8098740159062925 24
      vertex 2.130882954482989 -0.5471177517626798 24
      vertex 2.045508268954153 0.8098740159062916 24
    endloop
  endfacet
  facet normal 0 0 1
    outer loop
      vertex 2.130882954482989 -0.5471177517626798 24
      vertex 2.1826523428918514 -0.275733113841469 24
      vertex 2.1308829544829884 0.5471177517626806 24
    endloop
  endfacet
  facet normal 0.9747314696503211 -0.18593997225929557 0.12379373485575818
    outer loop
      vertex 2.130882954482989 -0.5471177517626798 24
      vertex 2.6787096935490906 -0.338399730623621 20
      vertex 2.1826523428918514 -0.275733113841469 24
    endloop
  endfacet
  facet normal 0.9903498788460647 -0.062307533092292644 0.12379373485575808
    outer loop
      vertex 2.1826523428918514 -0.275733113841469 24
      vertex 2.7 0 20
      vertex 2.2 0 24
    endloop
  endfacet
  facet normal 0 0 -1
    outer loop
      vertex 2.5103965118982785 -0.9939362922486317 20
      vertex 2.615174535047304 0.6714626953451079 20
      vertex 2.6151745350473043 -0.671462695345107 20
    endloop
  endfacet
  facet normal 0 0 -1
    outer loop
      vertex 2.6151745350473043 -0.671462695345107 20
      vertex 2.6787096935490906 0.3383997306236215 20
      vertex 2.6787096935490906 -0.338399730623621 20
    endloop
  endfacet
  facet normal 0.9903498788460647 -0.062307533092291756 0.12379373485575816
    outer loop
      vertex 2.1826523428918514 -0.275733113841469 24
      vertex 2.6787096935490906 -0.338399730623621 20
      vertex 2.7 0 20
    endloop
  endfacet
  facet normal 0 0 1
    outer loop
      vertex -0.13813914296448923 2.1956588025421975 24
      vertex 0.13813914296449029 -2.1956588025421975 24
      vertex 0.13813914296448923 2.1956588025421975 24
    endloop
  endfacet
  facet normal 0 0 1
    outer loop
      vertex 0.41223889208859466 -2.161031951603115 24
      vertex 0.4122388920885941 2.1610319516031153 24
      vertex 0.13813914296448923 2.1956588025421975 24
    endloop
  endfacet
  facet normal 0 0 1
    outer loop
      vertex 0.6798373876248843 -2.0923243358493377 24
      vertex 0.6798373876248843 2.0923243358493377 24
      vertex 0.4122388920885941 2.1610319516031153 24
    endloop
  endfacet
  facet normal 0 0 1
    outer loop
      vertex 0.9367144414431594 -1.9906195154252433 24
      vertex 0.9367144414431601 1.990619515425243 24
      vertex 0.6798373876248843 2.0923243358493377 24
    endloop
  endfacet
  facet normal 0 0 1
    outer loop
      vertex 1.1788189489537917 -1.8575214361044339 24
      vertex 1.1788189489537928 1.8575214361044332 24
      vertex 0.9367144414431601 1.990619515425243 24
    endloop
  endfacet
  facet normal 0 0 -1
    outer loop
      vertex 0.7725424859373685 2.3776412907378837 20
      vertex 0.6 2.421942671435962 20
      vertex 0.6 2.6280223904484905 20
    endloop
  endfacet
  facet normal 0 0 -1
    outer loop
      vertex 0.7725424859373685 2.3776412907378837 20
      vertex 0.834345884812358 2.5678525939969146 20
      vertex 1.1496040872256965 2.4430330416582526 20
    endloop
  endfacet
  facet normal 0 0 -1
    outer loop
      vertex 0.7725424859373685 2.3776412907378837 20
      vertex 1.1496040872256965 2.4430330416582526 20
      vertex 1.0644482289126818 2.2620676311650487 20
    endloop
  endfacet
  facet normal 0 0 -1
    outer loop
      vertex 1.0644482289126818 2.2620676311650487 20
      vertex 1.1496040872256965 2.4430330416582526 20
      vertex 1.446732346443291 2.279685398855441 20
    endloop
  endfacet
  facet normal 0 0.992307971957528 0.1237937348557581
    outer loop
      vertex 0.13813914296448923 2.1956588025421975 24
      vertex 0.15383677284681754 2.4451654846492654 22
      vertex -0.15383677284681754 2.4451654846492654 22
    endloop
  endfacet
  facet normal 0.12436916681707316 0.9844833272106182 0.12379373485575812
    outer loop
      vertex 0.13813914296448923 2.1956588025421975 24
      vertex 0.4122388920885941 2.1610319516031153 24
      vertex 0.15383677284681754 2.4451654846492654 22
    endloop
  endfacet
  facet normal 0.12436916681707327 0.9844833272106184 0.1237937348557581
    outer loop
      vertex 0.4122388920885941 2.1610319516031153 24
      vertex 0.45908422073502525 2.4066037642852875 22
      vertex 0.15383677284681754 2.4451654846492654 22
    endloop
  endfacet
  facet normal 0.24677695757890303 0.9611327922917637 0.12379373485575836
    outer loop
      vertex 0.6798373876248843 2.0923243358493377 24
      vertex 0.6 2.3704227416828307 22
      vertex 0.45908422073502525 2.4066037642852875 22
    endloop
  endfacet
  facet normal 0.24677695757890467 0.9611327922917632 0.1237937348557581
    outer loop
      vertex 0.4122388920885941 2.1610319516031153 24
      vertex 0.6798373876248843 2.0923243358493377 24
      vertex 0.45908422073502525 2.4066037642852875 22
    endloop
  endfacet
  facet normal 0.246776957578906 0.9611327922917628 0.12379373485575812
    outer loop
      vertex 0.6798373876248843 2.0923243358493377 24
      vertex 0.834345884812358 2.5678525939969146 20
      vertex 0.6 2.3704227416828307 22
    endloop
  endfacet
  facet normal 0.36529292830230464 0.922624619085568 0.12379373485575804
    outer loop
      vertex 1.1496040872256965 2.4430330416582526 20
      vertex 0.834345884812358 2.5678525939969146 20
      vertex 0.9367144414431601 1.990619515425243 24
    endloop
  endfacet
  facet normal 0.36529292830230403 0.9226246190855684 0.12379373485575812
    outer loop
      vertex 0.6798373876248843 2.0923243358493377 24
      vertex 0.9367144414431601 1.990619515425243 24
      vertex 0.834345884812358 2.5678525939969146 20
    endloop
  endfacet
  facet normal 0.4780480113309611 0.8695661044871604 0.12379373485575805
    outer loop
      vertex 1.1496040872256965 2.4430330416582526 20
      vertex 0.9367144414431601 1.990619515425243 24
      vertex 1.1788189489537928 1.8575214361044332 24
    endloop
  endfacet
  facet normal 0 0 -1
    outer loop
      vertex 2.4802867532861947 0.31333308391076065 20
      vertex 2.510396511898279 0.9939362922486306 20
      vertex 2.5 0 20
    endloop
  endfacet
  facet normal 0 0 -1
    outer loop
      vertex 2.4802867532861947 0.31333308391076065 20
      vertex 2.4214579028215777 0.621724717912137 20
      vertex 2.510396511898279 0.9939362922486306 20
    endloop
  endfacet
  facet normal 0 0 -1
    outer loop
      vertex 2.4214579028215777 0.621724717912137 20
      vertex 2.324441214720628 0.9203113817116949 20
      vertex 2.510396511898279 0.9939362922486306 20
    endloop
  endfacet
  facet normal 0 0 -1
    outer loop
      vertex 2.324441214720628 0.9203113817116949 20
      vertex 2.190766700109659 1.2043841852542883 20
      vertex 2.366028036118432 1.3007349200746314 20
    endloop
  endfacet
  facet normal 0 0 -1
    outer loop
      vertex 2.324441214720628 0.9203113817116949 20
      vertex 2.366028036118432 1.3007349200746314 20
      vertex 2.510396511898279 0.9939362922486306 20
    endloop
  endfacet
  facet normal 0 0 1
    outer loop
      vertex 1.4023327774471182 -1.695129134106736 24
      vertex 1.4023327774471175 1.6951291341067363 24
      vertex 1.1788189489537928 1.8575214361044332 24
    endloop
  endfacet
  facet normal 0 0 1
    outer loop
      vertex 1.6037309803271058 -1.5060036330431148 24
      vertex 1.6037309803271056 1.5060036330431152 24
      vertex 1.4023327774471175 1.6951291341067363 24
    endloop
  endfacet
  facet normal 0 0 1
    outer loop
      vertex 1.7798373876248845 -1.293127555043441 24
      vertex 1.7798373876248845 1.293127555043441 24
      vertex 1.6037309803271056 1.5060036330431152 24
    endloop
  endfacet
  facet normal 0.9747314696503206 0.18593997225929765 0.12379373485575809
    outer loop
      vertex 2.1308829544829884 0.5471177517626806 24
      vertex 2.6787096935490906 0.3383997306236215 20
      vertex 2.615174535047304 0.6714626953451079 20
    endloop
  endfacet
  facet normal 0 0 1
    outer loop
      vertex 2.130882954482989 -0.5471177517626798 24
      vertex 2.1308829544829884 0.5471177517626806 24
      vertex 2.045508268954153 0.8098740159062916 24
    endloop
  endfacet
  facet normal 0 0 1
    outer loop
      vertex 2.1826523428918514 -0.275733113841469 24
      vertex 2.1826523428918514 0.27573311384146937 24
      vertex 2.1308829544829884 0.5471177517626806 24
    endloop
  endfacet
  facet normal 0 0 1
    outer loop
      vertex 1.9278746960964999 -1.0598580830237738 24
      vertex 1.9278746960965 1.0598580830237738 24
      vertex 1.7798373876248845 1.293127555043441 24
    endloop
  endfacet
  facet normal 0 0 1
    outer loop
      vertex 2.045508268954153 -0.8098740159062925 24
      vertex 2.045508268954153 0.8098740159062916 24
      vertex 1.9278746960965 1.0598580830237738 24
    endloop
  endfacet
  facet normal 0.9903498788460647 0.062307533092292554 0.12379373485575809
    outer loop
      vertex 2.1826523428918514 0.27573311384146937 24
      vertex 2.2 0 24
      vertex 2.7 0 20
    endloop
  endfacet
  facet normal 0 0 1
    outer loop
      vertex 2.1826523428918514 -0.275733113841469 24
      vertex 2.2 0 24
      vertex 2.1826523428918514 0.27573311384146937 24
    endloop
  endfacet
  facet normal 0.9747314696503206 0.18593997225929682 0.12379373485575815
    outer loop
      vertex 2.1826523428918514 0.27573311384146937 24
      vertex 2.6787096935490906 0.3383997306236215 20
      vertex 2.1308829544829884 0.5471177517626806 24
    endloop
  endfacet
  facet normal 0.9437409629018358 0.30664002698861414 0.12379373485575812
    outer loop
      vertex 2.045508268954153 0.8098740159062916 24
      vertex 2.615174535047304 0.6714626953451079 20
      vertex 2.510396511898279 0.9939362922486306 20
    endloop
  endfacet
  facet normal 0.8978670974048636 0.42250418531445016 0.12379373485575805
    outer loop
      vertex 1.9278746960965 1.0598580830237738 24
      vertex 2.510396511898279 0.9939362922486306 20
      vertex 2.366028036118432 1.3007349200746314 20
    endloop
  endfacet
  facet normal 0.8378333314220111 0.5317052002461106 0.12379373485575808
    outer loop
      vertex 1.9278746960965 1.0598580830237738 24
      vertex 2.366028036118432 1.3007349200746314 20
      vertex 1.7798373876248845 1.293127555043441 24
    endloop
  endfacet
  facet normal 0.897867097404864 0.42250418531444944 0.12379373485575815
    outer loop
      vertex 2.045508268954153 0.8098740159062916 24
      vertex 2.510396511898279 0.9939362922486306 20
      vertex 1.9278746960965 1.0598580830237738 24
    endloop
  endfacet
  facet normal 0.9437409629018356 0.30664002698861476 0.12379373485575808
    outer loop
      vertex 2.1308829544829884 0.5471177517626806 24
      vertex 2.615174535047304 0.6714626953451079 20
      vertex 2.045508268954153 0.8098740159062916 24
    endloop
  endfacet
  facet normal 0 0 -1
    outer loop
      vertex 1.822421568553529 1.7113677648217218 20
      vertex 1.5935599743717244 1.9262831069394728 20
      vertex 1.9682152940378113 1.8482771860074596 20
    endloop
  endfacet
  facet normal 0 0 -1
    outer loop
      vertex 1.3395669874474916 2.110819813755038 20
      vertex 1.7210447723214624 2.080385755494631 20
      vertex 1.5935599743717244 1.9262831069394728 20
    endloop
  endfacet
  facet normal 0 0 -1
    outer loop
      vertex 1.3395669874474916 2.110819813755038 20
      vertex 1.446732346443291 2.279685398855441 20
      vertex 1.7210447723214624 2.080385755494631 20
    endloop
  endfacet
  facet normal 0 0 -1
    outer loop
      vertex 1.0644482289126818 2.2620676311650487 20
      vertex 1.446732346443291 2.279685398855441 20
      vertex 1.3395669874474916 2.110819813755038 20
    endloop
  endfacet
  facet normal 0 0 -1
    outer loop
      vertex 1.5935599743717244 1.9262831069394728 20
      vertex 1.7210447723214624 2.080385755494631 20
      vertex 1.9682152940378113 1.8482771860074596 20
    endloop
  endfacet
  facet normal 0 0 -1
    outer loop
      vertex 1.822421568553529 1.7113677648217218 20
      vertex 2.1843458848123585 1.5870201811896776 20
      vertex 2.0225424859373686 1.469463130731183 20
    endloop
  endfacet
  facet normal 0 0 -1
    outer loop
      vertex 1.822421568553529 1.7113677648217218 20
      vertex 1.9682152940378113 1.8482771860074596 20
      vertex 2.1843458848123585 1.5870201811896776 20
    endloop
  endfacet
  facet normal 0 0 -1
    outer loop
      vertex 2.190766700109659 1.2043841852542883 20
      vertex 2.0225424859373686 1.469463130731183 20
      vertex 2.366028036118432 1.3007349200746314 20
    endloop
  endfacet
  facet normal 0 0 -1
    outer loop
      vertex 2.0225424859373686 1.469463130731183 20
      vertex 2.1843458848123585 1.5870201811896776 20
      vertex 2.366028036118432 1.3007349200746314 20
    endloop
  endfacet
  facet normal 0.6792815503934919 0.7233613802972038 0.12379373485575808
    outer loop
      vertex 1.7210447723214624 2.080385755494631 20
      vertex 1.6037309803271056 1.5060036330431152 24
      vertex 1.9682152940378113 1.8482771860074596 20
    endloop
  endfacet
  facet normal 0.7645864333052622 0.6325209065445981 0.12379373485575818
    outer loop
      vertex 2.1843458848123585 1.5870201811896776 20
      vertex 1.6037309803271056 1.5060036330431152 24
      vertex 1.7798373876248845 1.293127555043441 24
    endloop
  endfacet
  facet normal 0.6792815503934916 0.7233613802972042 0.12379373485575812
    outer loop
      vertex 1.7210447723214624 2.080385755494631 20
      vertex 1.4023327774471175 1.6951291341067363 24
      vertex 1.6037309803271056 1.5060036330431152 24
    endloop
  endfacet
  facet normal 0.5832639916488881 0.8027940129673787 0.12379373485575809
    outer loop
      vertex 1.446732346443291 2.279685398855441 20
      vertex 1.4023327774471175 1.6951291341067363 24
      vertex 1.7210447723214624 2.080385755494631 20
    endloop
  endfacet
  facet normal 0.47804801133096064 0.8695661044871609 0.12379373485575812
    outer loop
      vertex 1.1496040872256965 2.4430330416582526 20
      vertex 1.1788189489537928 1.8575214361044332 24
      vertex 1.446732346443291 2.279685398855441 20
    endloop
  endfacet
  facet normal 0.5832639916488883 0.8027940129673786 0.12379373485575809
    outer loop
      vertex 1.1788189489537928 1.8575214361044332 24
      vertex 1.4023327774471175 1.6951291341067363 24
      vertex 1.446732346443291 2.279685398855441 20
    endloop
  endfacet
  facet normal 0.8378333314220118 0.5317052002461098 0.12379373485575813
    outer loop
      vertex 2.1843458848123585 1.5870201811896776 20
      vertex 1.7798373876248845 1.293127555043441 24
      vertex 2.366028036118432 1.3007349200746314 20
    endloop
  endfacet
  facet normal 0.7645864333052615 0.6325209065445989 0.12379373485575809
    outer loop
      vertex 1.9682152940378113 1.8482771860074596 20
      vertex 1.6037309803271056 1.5060036330431152 24
      vertex 2.1843458848123585 1.5870201811896776 20
    endloop
  endfacet
  facet normal 0 0 -1
    outer loop
      vertex 0.7725424859373685 2.3776412907378837 20
      vertex 0.6 2.6280223904484905 20
      vertex 0.834345884812358 2.5678525939969146 20
    endloop
  endfacet
  facet normal 0.24677695757890483 0.9611327922917632 0.12379373485575802
    outer loop
      vertex 0.834345884812358 2.5678525939969146 20
      vertex 0.6 2.6280223904484905 20
      vertex 0.6 2.3704227416828307 22
    endloop
  endfacet
  facet normal 0 0 -1
    outer loop
      vertex 2.5103965118982785 -0.9939362922486317 20
      vertex 2.5 0 20
      vertex 2.510396511898279 0.9939362922486306 20
    endloop
  endfacet
  facet normal 0 0 -1
    outer loop
      vertex 2.6151745350473043 -0.671462695345107 20
      vertex 2.615174535047304 0.6714626953451079 20
      vertex 2.6787096935490906 0.3383997306236215 20
    endloop
  endfacet
  facet normal 0 0 -1
    outer loop
      vertex 2.5103965118982785 -0.9939362922486317 20
      vertex 2.510396511898279 0.9939362922486306 20
      vertex 2.615174535047304 0.6714626953451079 20
    endloop
  endfacet
  facet normal 0 0 -1
    outer loop
      vertex 2.6787096935490906 -0.338399730623621 20
      vertex 2.6787096935490906 0.3383997306236215 20
      vertex 2.7 0 20
    endloop
  endfacet
  facet normal 0.9903498788460647 0.062307533092291666 0.12379373485575816
    outer loop
      vertex 2.1826523428918514 0.27573311384146937 24
      vertex 2.7 0 20
      vertex 2.6787096935490906 0.3383997306236215 20
    endloop
  endfacet
  facet normal 0 0 1
    outer loop
      vertex -0.46845328646431206 -2.4557181268217216 14
      vertex -0.46845328646431145 2.4557181268217216 14
      vertex -0.6 -2.4219426714359624 14
    endloop
  endfacet
  facet normal 0 0 1
    outer loop
      vertex -0.1569762988232844 -2.495066821070679 14
      vertex 0.46845328646431145 2.4557181268217216 14
      vertex -0.46845328646431206 -2.4557181268217216 14
    endloop
  endfacet
  facet normal 1 0 0
    outer loop
      vertex -0.6 -2.4219426714359624 14
      vertex -0.6 2.421942671435962 14
      vertex -0.6 -2.4219426714359624 20
    endloop
  endfacet
  facet normal 1 0 0
    outer loop
      vertex -0.6 -2.62802239044849 20
      vertex -0.6 -2.4219426714359624 20
      vertex -0.6 -2.3704227416828303 22
    endloop
  endfacet
  facet normal 1 0 0
    outer loop
      vertex -0.6 -2.4219426714359624 20
      vertex -0.6 2.3704227416828307 22
      vertex -0.6 -2.3704227416828303 22
    endloop
  endfacet
  facet normal 0 0 -1
    outer loop
      vertex -0.45908422073502586 -2.406603764285287 22
      vertex -0.6 -2.3704227416828303 22
      vertex -0.6 2.3704227416828307 22
    endloop
  endfacet
  facet normal 0 0 -1
    outer loop
      vertex -0.15383677284681874 -2.4451654846492654 22
      vertex -0.45908422073502586 -2.406603764285287 22
      vertex -0.45908422073502525 2.4066037642852875 22
    endloop
  endfacet
  facet normal 0 0 -1
    outer loop
      vertex -0.15383677284681874 -2.4451654846492654 22
      vertex -0.45908422073502525 2.4066037642852875 22
      vertex 0.15383677284681874 -2.4451654846492654 22
    endloop
  endfacet
  facet normal 0 0 1
    outer loop
      vertex -0.6 -2.4219426714359624 14
      vertex -0.46845328646431145 2.4557181268217216 14
      vertex -0.6 2.421942671435962 14
    endloop
  endfacet
  facet normal 0 0 1
    outer loop
      vertex -0.46845328646431206 -2.4557181268217216 14
      vertex -0.15697629882328298 2.495066821070679 14
      vertex -0.46845328646431145 2.4557181268217216 14
    endloop
  endfacet
  facet normal 0 0 1
    outer loop
      vertex -0.46845328646431206 -2.4557181268217216 14
      vertex 0.15697629882328315 2.495066821070679 14
      vertex -0.15697629882328298 2.495066821070679 14
    endloop
  endfacet
  facet normal 1 0 0
    outer loop
      vertex -0.6 2.421942671435962 20
      vertex -0.6 -2.4219426714359624 20
      vertex -0.6 2.421942671435962 14
    endloop
  endfacet
  facet normal 1 0 0
    outer loop
      vertex -0.6 2.421942671435962 20
      vertex -0.6 2.3704227416828307 22
      vertex -0.6 -2.4219426714359624 20
    endloop
  endfacet
  facet normal 0 0 -1
    outer loop
      vertex -0.45908422073502586 -2.406603764285287 22
      vertex -0.6 2.3704227416828307 22
      vertex -0.45908422073502525 2.4066037642852875 22
    endloop
  endfacet
  facet normal 0 0 -1
    outer loop
      vertex -0.15383677284681754 2.4451654846492654 22
      vertex 0.45908422073502586 -2.406603764285287 22
      vertex -0.45908422073502525 2.4066037642852875 22
    endloop
  endfacet
  facet normal 1 0 0
    outer loop
      vertex -0.6 2.421942671435962 20
      vertex -0.6 2.6280223904484905 20
      vertex -0.6 2.3704227416828307 22
    endloop
  endfacet
  facet normal 0 0 1
    outer loop
      vertex -0.1569762988232844 -2.495066821070679 14
      vertex 0.1569762988232844 -2.495066821070679 14
      vertex 0.46845328646431145 2.4557181268217216 14
    endloop
  endfacet
  facet normal 0 0 1
    outer loop
      vertex 0.46845328646431206 -2.4557181268217216 14
      vertex 0.46845328646431145 2.4557181268217216 14
      vertex 0.1569762988232844 -2.495066821070679 14
    endloop
  endfacet
  facet normal 0 0 1
    outer loop
      vertex 0.46845328646431206 -2.4557181268217216 14
      vertex 0.6 -2.4219426714359624 14
      vertex 0.6 2.421942671435962 14
    endloop
  endfacet
  facet normal -1 0 0
    outer loop
      vertex 0.6 -2.4219426714359624 20
      vertex 0.6 2.421942671435962 20
      vertex 0.6 -2.4219426714359624 14
    endloop
  endfacet
  facet normal -1 0 0
    outer loop
      vertex 0.6 -2.4219426714359624 20
      vertex 0.6 -2.62802239044849 20
      vertex 0.6 -2.3704227416828303 22
    endloop
  endfacet
  facet normal -1 0 0
    outer loop
      vertex 0.6 -2.4219426714359624 20
      vertex 0.6 -2.3704227416828303 22
      vertex 0.6 2.421942671435962 20
    endloop
  endfacet
  facet normal 0 0 -1
    outer loop
      vertex -0.45908422073502525 2.4066037642852875 22
      vertex 0.45908422073502586 -2.406603764285287 22
      vertex 0.15383677284681874 -2.4451654846492654 22
    endloop
  endfacet
  facet normal 0 0 -1
    outer loop
      vertex 0.45908422073502586 -2.406603764285287 22
      vertex 0.45908422073502525 2.4066037642852875 22
      vertex 0.6 -2.3704227416828303 22
    endloop
  endfacet
  facet normal 0 0 1
    outer loop
      vertex -0.46845328646431206 -2.4557181268217216 14
      vertex 0.46845328646431145 2.4557181268217216 14
      vertex 0.15697629882328315 2.495066821070679 14
    endloop
  endfacet
  facet normal 0 0 1
    outer loop
      vertex 0.46845328646431206 -2.4557181268217216 14
      vertex 0.6 2.421942671435962 14
      vertex 0.46845328646431145 2.4557181268217216 14
    endloop
  endfacet
  facet normal -1 0 0
    outer loop
      vertex 0.6 -2.4219426714359624 14
      vertex 0.6 2.421942671435962 20
      vertex 0.6 2.421942671435962 14
    endloop
  endfacet
  facet normal 0 0 -1
    outer loop
      vertex -0.15383677284681754 2.4451654846492654 22
      vertex 0.15383677284681754 2.4451654846492654 22
      vertex 0.45908422073502586 -2.406603764285287 22
    endloop
  endfacet
  facet normal -1 0 0
    outer loop
      vertex 0.6 2.421942671435962 20
      vertex 0.6 -2.3704227416828303 22
      vertex 0.6 2.3704227416828307 22
    endloop
  endfacet
  facet normal 0 0 -1
    outer loop
      vertex 0.45908422073502586 -2.406603764285287 22
      vertex 0.15383677284681754 2.4451654846492654 22
      vertex 0.45908422073502525 2.4066037642852875 22
    endloop
  endfacet
  facet normal 0 0 -1
    outer loop
      vertex 0.6 -2.3704227416828303 22
      vertex 0.45908422073502525 2.4066037642852875 22
      vertex 0.6 2.3704227416828307 22
    endloop
  endfacet
  facet normal -1 0 0
    outer loop
      vertex 0.6 2.421942671435962 20
      vertex 0.6 2.3704227416828307 22
      vertex 0.6 2.6280223904484905 20
    endloop
  endfacet
  facet normal 0 0 -1
    outer loop
      vertex -4.381533400219317 -2.408768370508577 0.49
      vertex -4.648882429441257 -1.8406227634233894 0.49
      vertex -4.648882429441257 1.8406227634233894 0.49
    endloop
  endfacet
  facet normal 0 0 -1
    outer loop
      vertex -4.842915805643155 -1.2434494358242743 0.49
      vertex -4.9605735065723895 -0.6266661678215203 0.49
      vertex -4.9605735065723895 0.6266661678215203 0.49
    endloop
  endfacet
  facet normal 0 0 -1
    outer loop
      vertex -4.648882429441257 -1.8406227634233894 0.49
      vertex -4.842915805643155 -1.2434494358242743 0.49
      vertex -4.842915805643155 1.2434494358242743 0.49
    endloop
  endfacet
  facet normal 0 0 -1
    outer loop
      vertex -4.045084971874737 -2.938926261462366 0.49
      vertex -4.381533400219317 -2.408768370508577 0.49
      vertex -4.381533400219317 2.408768370508577 0.49
    endloop
  endfacet
  facet normal 0 0 -1
    outer loop
      vertex -3.6448431371070584 -3.4227355296434423 0.49
      vertex -4.045084971874737 -2.938926261462366 0.49
      vertex -4.045084971874737 2.938926261462366 0.49
    endloop
  endfacet
  facet normal 0 0 -1
    outer loop
      vertex -3.1871199487434483 -3.852566213878947 0.49
      vertex -3.6448431371070584 -3.4227355296434423 0.49
      vertex -3.6448431371070584 3.4227355296434423 0.49
    endloop
  endfacet
  facet normal 0 0 -1
    outer loop
      vertex -2.679133974894983 -4.221639627510076 0.49
      vertex -3.1871199487434483 -3.852566213878947 0.49
      vertex -3.1871199487434483 3.852566213878947 0.49
    endloop
  endfacet
  facet normal 0 0 -1
    outer loop
      vertex -2.128896457825362 -4.524135262330098 0.49
      vertex -2.679133974894983 -4.221639627510076 0.49
      vertex -2.679133974894983 4.221639627510076 0.49
    endloop
  endfacet
  facet normal 0 0 -1
    outer loop
      vertex -1.545084971874737 -4.755282581475767 0.49
      vertex -2.128896457825362 -4.524135262330098 0.49
      vertex -2.1288964578253635 4.524135262330097 0.49
    endloop
  endfacet
  facet normal 0 0 -1
    outer loop
      vertex -0.9369065729286241 -4.911436253643443 0.49
      vertex -1.545084971874737 -4.755282581475767 0.49
      vertex -1.545084971874737 4.755282581475767 0.49
    endloop
  endfacet
  facet normal 0 0 -1
    outer loop
      vertex -0.3139525976465688 -4.990133642141358 0.49
      vertex -0.9369065729286241 -4.911436253643443 0.49
      vertex -0.9369065729286229 4.911436253643443 0.49
    endloop
  endfacet
  facet normal 0 0 -1
    outer loop
      vertex 0.3139525976465688 -4.990133642141358 0.49
      vertex -0.3139525976465688 -4.990133642141358 0.49
      vertex -0.31395259764656636 4.990133642141358 0.49
    endloop
  endfacet
  facet normal 0 0 -1
    outer loop
      vertex -5 0 0.49
      vertex -4.9605735065723895 0.6266661678215203 0.49
      vertex -4.9605735065723895 -0.6266661678215203 0.49
    endloop
  endfacet
  facet normal 0 0 -1
    outer loop
      vertex -4.9605735065723895 0.6266661678215203 0.49
      vertex -4.842915805643155 1.2434494358242743 0.49
      vertex -4.842915805643155 -1.2434494358242743 0.49
    endloop
  endfacet
  facet normal 0 0 -1
    outer loop
      vertex -4.842915805643155 1.2434494358242743 0.49
      vertex -4.648882429441257 1.8406227634233894 0.49
      vertex -4.648882429441257 -1.8406227634233894 0.49
    endloop
  endfacet
  facet normal 0 0 -1
    outer loop
      vertex -4.648882429441257 1.8406227634233894 0.49
      vertex -4.381533400219317 2.408768370508577 0.49
      vertex -4.381533400219317 -2.408768370508577 0.49
    endloop
  endfacet
  facet normal 0 0 -1
    outer loop
      vertex -4.381533400219317 2.408768370508577 0.49
      vertex -4.045084971874737 2.938926261462366 0.49
      vertex -4.045084971874737 -2.938926261462366 0.49
    endloop
  endfacet
  facet normal 0 0 -1
    outer loop
      vertex -4.045084971874737 2.938926261462366 0.49
      vertex -3.6448431371070584 3.4227355296434423 0.49
      vertex -3.6448431371070584 -3.4227355296434423 0.49
    endloop
  endfacet
  facet normal 0 0 -1
    outer loop
      vertex -3.6448431371070584 3.4227355296434423 0.49
      vertex -3.1871199487434483 3.852566213878947 0.49
      vertex -3.1871199487434483 -3.852566213878947 0.49
    endloop
  endfacet
  facet normal 0 0 -1
    outer loop
      vertex -3.1871199487434483 3.852566213878947 0.49
      vertex -2.679133974894983 4.221639627510076 0.49
      vertex -2.679133974894983 -4.221639627510076 0.49
    endloop
  endfacet
  facet normal 0 0 -1
    outer loop
      vertex -2.679133974894983 4.221639627510076 0.49
      vertex -2.1288964578253635 4.524135262330097 0.49
      vertex -2.128896457825362 -4.524135262330098 0.49
    endloop
  endfacet
  facet normal 0 0 -1
    outer loop
      vertex -2.1288964578253635 4.524135262330097 0.49
      vertex -1.545084971874737 4.755282581475767 0.49
      vertex -1.545084971874737 -4.755282581475767 0.49
    endloop
  endfacet
  facet normal 0 0 -1
    outer loop
      vertex -1.545084971874737 4.755282581475767 0.49
      vertex -0.9369065729286229 4.911436253643443 0.49
      vertex -0.9369065729286241 -4.911436253643443 0.49
    endloop
  endfacet
  facet normal 0 0 -1
    outer loop
      vertex -0.9369065729286229 4.911436253643443 0.49
      vertex -0.31395259764656636 4.990133642141358 0.49
      vertex -0.3139525976465688 -4.990133642141358 0.49
    endloop
  endfacet
  facet normal 0 0 -1
    outer loop
      vertex 0.9369065729286241 -4.911436253643443 0.49
      vertex 0.3139525976465688 -4.990133642141358 0.49
      vertex 0.31395259764656636 4.990133642141358 0.49
    endloop
  endfacet
  facet normal 0 0 -1
    outer loop
      vertex 1.545084971874737 -4.755282581475767 0.49
      vertex 0.9369065729286241 -4.911436253643443 0.49
      vertex 0.9369065729286229 4.911436253643443 0.49
    endloop
  endfacet
  facet normal 0 0 -1
    outer loop
      vertex 2.128896457825362 -4.524135262330098 0.49
      vertex 1.545084971874737 -4.755282581475767 0.49
      vertex 1.545084971874737 4.755282581475767 0.49
    endloop
  endfacet
  facet normal 0 0 -1
    outer loop
      vertex 2.679133974894981 -4.2216396275100765 0.49
      vertex 2.128896457825362 -4.524135262330098 0.49
      vertex 2.1288964578253635 4.524135262330097 0.49
    endloop
  endfacet
  facet normal 0 0 -1
    outer loop
      vertex 3.18711994874345 -3.852566213878945 0.49
      vertex 2.679133974894981 -4.2216396275100765 0.49
      vertex 2.679133974894983 4.221639627510076 0.49
    endloop
  endfacet
  facet normal 0 0 -1
    outer loop
      vertex 3.6448431371070584 -3.4227355296434423 0.49
      vertex 3.18711994874345 -3.852566213878945 0.49
      vertex 3.1871199487434487 3.8525662138789456 0.49
    endloop
  endfacet
  facet normal 0 0 -1
    outer loop
      vertex 4.045084971874737 -2.938926261462366 0.49
      vertex 3.6448431371070584 -3.4227355296434423 0.49
      vertex 3.644843137107058 3.4227355296434436 0.49
    endloop
  endfacet
  facet normal 0 0 -1
    outer loop
      vertex 4.381533400219317 -2.408768370508577 0.49
      vertex 4.045084971874737 -2.938926261462366 0.49
      vertex 4.045084971874737 2.938926261462366 0.49
    endloop
  endfacet
  facet normal 0 0 -1
    outer loop
      vertex 4.648882429441256 -1.8406227634233918 0.49
      vertex 4.381533400219317 -2.408768370508577 0.49
      vertex 4.381533400219318 2.4087683705085765 0.49
    endloop
  endfacet
  facet normal 0 0 -1
    outer loop
      vertex 4.842915805643156 -1.2434494358242723 0.49
      vertex 4.648882429441256 -1.8406227634233918 0.49
      vertex 4.648882429441256 1.8406227634233898 0.49
    endloop
  endfacet
  facet normal 0 0 -1
    outer loop
      vertex 4.9605735065723895 -0.6266661678215203 0.49
      vertex 4.842915805643156 -1.2434494358242723 0.49
      vertex 4.842915805643155 1.243449435824274 0.49
    endloop
  endfacet
  facet normal 0 0 -1
    outer loop
      vertex -0.31395259764656636 4.990133642141358 0.49
      vertex 0.31395259764656636 4.990133642141358 0.49
      vertex 0.3139525976465688 -4.990133642141358 0.49
    endloop
  endfacet
  facet normal 0 0 -1
    outer loop
      vertex 0.31395259764656636 4.990133642141358 0.49
      vertex 0.9369065729286229 4.911436253643443 0.49
      vertex 0.9369065729286241 -4.911436253643443 0.49
    endloop
  endfacet
  facet normal 0 0 -1
    outer loop
      vertex 0.9369065729286229 4.911436253643443 0.49
      vertex 1.545084971874737 4.755282581475767 0.49
      vertex 1.545084971874737 -4.755282581475767 0.49
    endloop
  endfacet
  facet normal 0 0 -1
    outer loop
      vertex 1.545084971874737 4.755282581475767 0.49
      vertex 2.1288964578253635 4.524135262330097 0.49
      vertex 2.128896457825362 -4.524135262330098 0.49
    endloop
  endfacet
  facet normal 0 0 -1
    outer loop
      vertex 2.1288964578253635 4.524135262330097 0.49
      vertex 2.679133974894983 4.221639627510076 0.49
      vertex 2.679133974894981 -4.2216396275100765 0.49
    endloop
  endfacet
  facet normal 0 0 -1
    outer loop
      vertex 2.679133974894983 4.221639627510076 0.49
      vertex 3.1871199487434487 3.8525662138789456 0.49
      vertex 3.18711994874345 -3.852566213878945 0.49
    endloop
  endfacet
  facet normal 0 0 -1
    outer loop
      vertex 3.1871199487434487 3.8525662138789456 0.49
      vertex 3.644843137107058 3.4227355296434436 0.49
      vertex 3.6448431371070584 -3.4227355296434423 0.49
    endloop
  endfacet
  facet normal 0 0 -1
    outer loop
      vertex 3.644843137107058 3.4227355296434436 0.49
      vertex 4.045084971874737 2.938926261462366 0.49
      vertex 4.045084971874737 -2.938926261462366 0.49
    endloop
  endfacet
  facet normal 0 0 -1
    outer loop
      vertex 4.045084971874737 2.938926261462366 0.49
      vertex 4.381533400219318 2.4087683705085765 0.49
      vertex 4.381533400219317 -2.408768370508577 0.49
    endloop
  endfacet
  facet normal 0 0 -1
    outer loop
      vertex 5 0 0.49
      vertex 4.9605735065723895 -0.6266661678215203 0.49
      vertex 4.9605735065723895 0.6266661678215213 0.49
    endloop
  endfacet
  facet normal 0 0 -1
    outer loop
      vertex 4.648882429441256 1.8406227634233898 0.49
      vertex 4.842915805643155 1.243449435824274 0.49
      vertex 4.842915805643156 -1.2434494358242723 0.49
    endloop
  endfacet
  facet normal 0 0 -1
    outer loop
      vertex 4.842915805643155 1.243449435824274 0.49
      vertex 4.9605735065723895 0.6266661678215213 0.49
      vertex 4.9605735065723895 -0.6266661678215203 0.49
    endloop
  endfacet
  facet normal 0 0 -1
    outer loop
      vertex 4.381533400219318 2.4087683705085765 0.49
      vertex 4.648882429441256 1.8406227634233898 0.49
      vertex 4.648882429441256 -1.8406227634233918 0.49
    endloop
  endfacet
endsolid OpenSCAD_Model
