solid OpenSCAD_Model
  facet normal 0 -1 0
    outer loop
      vertex -11.761579250161233 -0.6 1
      vertex -11.100000000000001 -0.6 1
      vertex -11.761579250161233 -0.6 90.5
    endloop
  endfacet
  facet normal 1 0 0
    outer loop
      vertex -11.100000000000001 -0.6 1
      vertex -11.100000000000001 0.6 1
      vertex -11.100000000000001 -0.6 91
    endloop
  endfacet
  facet normal 0 -1 0
    outer loop
      vertex -11.100000000000001 -0.6 1
      vertex -11.761579250161233 -0.6 90.99999999999999
      vertex -11.761579250161233 -0.6 90.5
    endloop
  endfacet
  facet normal 0 -1 0
    outer loop
      vertex -11.100000000000001 -0.6 1
      vertex -11.100000000000001 -0.6 91
      vertex -11.761579250161233 -0.6 90.99999999999999
    endloop
  endfacet
  facet normal -2.1480200160054462e-14 -7.214078897556207e-14 1
    outer loop
      vertex -11.100000000000001 -0.6 91
      vertex -11.726021485662223 -0.4135996707622034 91
      vertex -11.761579250161233 -0.6 90.99999999999999
    endloop
  endfacet
  facet normal 0 0 1
    outer loop
      vertex -11.100000000000001 -0.6 91
      vertex -11.7 0 91
      vertex -11.726021485662223 -0.4135996707622034 91
    endloop
  endfacet
  facet normal 0 0 1
    outer loop
      vertex -11.100000000000001 -0.6 91
      vertex -11.726021485662223 0.41359967076220405 91
      vertex -11.7 0 91
    endloop
  endfacet
  facet normal 0 1 0
    outer loop
      vertex -11.761579250161233 0.6 1
      vertex -11.100000000000001 0.6 91
      vertex -11.100000000000001 0.6 1
    endloop
  endfacet
  facet normal 1 0 0
    outer loop
      vertex -11.100000000000001 -0.6 91
      vertex -11.100000000000001 0.6 1
      vertex -11.100000000000001 0.6 91
    endloop
  endfacet
  facet normal 0 1 0
    outer loop
      vertex -11.761579250161233 0.6 1
      vertex -11.761579250161233 0.6 91
      vertex -11.100000000000001 0.6 91
    endloop
  endfacet
  facet normal 0 0 1
    outer loop
      vertex -11.100000000000001 -0.6 91
      vertex -11.100000000000001 0.6 91
      vertex -11.726021485662223 0.41359967076220405 91
    endloop
  endfacet
  facet normal 0 0 1
    outer loop
      vertex -11.761579250161233 0.6 91
      vertex -11.726021485662223 0.41359967076220405 91
      vertex -11.100000000000001 0.6 91
    endloop
  endfacet
  facet normal 0 -1 0
    outer loop
      vertex 18.238420749838767 -0.6 1
      vertex 18.9 -0.6 1
      vertex 18.238420749838767 -0.6 90.5
    endloop
  endfacet
  facet normal 1 0 0
    outer loop
      vertex 18.9 -0.6 1
      vertex 18.9 0.6 1
      vertex 18.9 -0.6 91
    endloop
  endfacet
  facet normal 0 -1 0
    outer loop
      vertex 18.9 -0.6 1
      vertex 18.238420749838767 -0.6 90.99999999999999
      vertex 18.238420749838767 -0.6 90.5
    endloop
  endfacet
  facet normal 0 -1 0
    outer loop
      vertex 18.9 -0.6 1
      vertex 18.9 -0.6 91
      vertex 18.238420749838767 -0.6 90.99999999999999
    endloop
  endfacet
  facet normal -2.1480200160054462e-14 -7.214078897556207e-14 1
    outer loop
      vertex 18.9 -0.6 91
      vertex 18.273978514337777 -0.4135996707622034 91
      vertex 18.238420749838767 -0.6 90.99999999999999
    endloop
  endfacet
  facet normal 0 0 1
    outer loop
      vertex 18.9 -0.6 91
      vertex 18.3 0 91
      vertex 18.273978514337777 -0.4135996707622034 91
    endloop
  endfacet
  facet normal 0 0 1
    outer loop
      vertex 18.9 -0.6 91
      vertex 18.273978514337777 0.41359967076220405 91
      vertex 18.3 0 91
    endloop
  endfacet
  facet normal 0 1 0
    outer loop
      vertex 18.238420749838767 0.6 1
      vertex 18.9 0.6 91
      vertex 18.9 0.6 1
    endloop
  endfacet
  facet normal 1 0 0
    outer loop
      vertex 18.9 -0.6 91
      vertex 18.9 0.6 1
      vertex 18.9 0.6 91
    endloop
  endfacet
  facet normal 0 1 0
    outer loop
      vertex 18.238420749838767 0.6 1
      vertex 18.238420749838767 0.6 91
      vertex 18.9 0.6 91
    endloop
  endfacet
  facet normal 0 0 1
    outer loop
      vertex 18.9 -0.6 91
      vertex 18.9 0.6 91
      vertex 18.273978514337777 0.41359967076220405 91
    endloop
  endfacet
  facet normal 0 0 1
    outer loop
      vertex 18.238420749838767 0.6 91
      vertex 18.273978514337777 0.41359967076220405 91
      vertex 18.9 0.6 91
    endloop
  endfacet
  facet normal -1 0 0
    outer loop
      vertex -15.6 3.2438671248503046 1
      vertex -15.6 3.2438671248503046 3.9631713527421497
      vertex -15.6 3.8999999999999995 3.9631713527421497
    endloop
  endfacet
  facet normal -1 0 0
    outer loop
      vertex -15.6 3.2438671248503046 1
      vertex -15.6 3.8999999999999995 3.9631713527421497
      vertex -15.6 3.8999999999999995 1
    endloop
  endfacet
  facet normal 1 0 0
    outer loop
      vertex -14.4 3.2438671248503046 1
      vertex -14.4 3.8999999999999995 1
      vertex -14.4 3.2438671248503046 3.9631713527421497
    endloop
  endfacet
  facet normal 1 0 0
    outer loop
      vertex -14.4 3.8999999999999995 1
      vertex -14.4 3.8999999999999995 3.9631713527421497
      vertex -14.4 3.2438671248503046 3.9631713527421497
    endloop
  endfacet
  facet normal 0 1 0
    outer loop
      vertex -15.6 3.8999999999999995 1
      vertex -15.6 3.8999999999999995 3.9631713527421497
      vertex -15.510935149878087 3.8999999999999995 3.9142075370407765
    endloop
  endfacet
  facet normal 0 1 0
    outer loop
      vertex -15.6 3.8999999999999995 1
      vertex -15.510935149878087 3.8999999999999995 3.9142075370407765
      vertex -15.370820393249938 3.8999999999999995 3.858732180445816
    endloop
  endfacet
  facet normal 0 1 0
    outer loop
      vertex -15.6 3.8999999999999995 1
      vertex -15.370820393249938 3.8999999999999995 3.858732180445816
      vertex -15.22485757750287 3.8999999999999995 3.821255299125574
    endloop
  endfacet
  facet normal 0 1 0
    outer loop
      vertex -15.6 3.8999999999999995 1
      vertex -15.22485757750287 3.8999999999999995 3.821255299125574
      vertex -15.075348623435177 3.8999999999999995 3.802367925886074
    endloop
  endfacet
  facet normal 0 1 0
    outer loop
      vertex -15.6 3.8999999999999995 1
      vertex -15.075348623435177 3.8999999999999995 3.802367925886074
      vertex -14.924651376564823 3.8999999999999995 3.802367925886074
    endloop
  endfacet
  facet normal 0 1 0
    outer loop
      vertex -15.6 3.8999999999999995 1
      vertex -14.924651376564823 3.8999999999999995 3.802367925886074
      vertex -14.77514242249713 3.8999999999999995 3.821255299125574
    endloop
  endfacet
  facet normal 0 1 0
    outer loop
      vertex -15.6 3.8999999999999995 1
      vertex -14.77514242249713 3.8999999999999995 3.821255299125574
      vertex -14.4 3.8999999999999995 1
    endloop
  endfacet
  facet normal 0 1 0
    outer loop
      vertex -14.4 3.8999999999999995 1
      vertex -14.77514242249713 3.8999999999999995 3.821255299125574
      vertex -14.629179606750062 3.8999999999999995 3.858732180445816
    endloop
  endfacet
  facet normal 0 1 0
    outer loop
      vertex -14.4 3.8999999999999995 1
      vertex -14.629179606750062 3.8999999999999995 3.858732180445816
      vertex -14.489064850121913 3.8999999999999995 3.9142075370407765
    endloop
  endfacet
  facet normal 0 1 0
    outer loop
      vertex -14.4 3.8999999999999995 1
      vertex -14.489064850121913 3.8999999999999995 3.9142075370407765
      vertex -14.4 3.8999999999999995 3.9631713527421497
    endloop
  endfacet
  facet normal -1 0 0
    outer loop
      vertex -15.6 3.8999999999999995 91
      vertex -15.6 3.8999999999999995 6.036828647257851
      vertex -15.6 3.2438671248503046 6.036828647257851
    endloop
  endfacet
  facet normal 1 0 0
    outer loop
      vertex -14.4 3.2438671248503046 6.03682864725785
      vertex -14.4 3.8999999999999995 6.03682864725785
      vertex -14.4 3.2438671248503046 90.5
    endloop
  endfacet
  facet normal 0 1 0
    outer loop
      vertex -15.6 3.8999999999999995 91
      vertex -15.510935149878087 3.8999999999999995 6.0857924629592235
      vertex -15.6 3.8999999999999995 6.036828647257851
    endloop
  endfacet
  facet normal 0 1 0
    outer loop
      vertex -15.6 3.8999999999999995 91
      vertex -15.370820393249938 3.8999999999999995 6.141267819554184
      vertex -15.510935149878087 3.8999999999999995 6.0857924629592235
    endloop
  endfacet
  facet normal 0 1 0
    outer loop
      vertex -15.6 3.8999999999999995 91
      vertex -15.224857577502869 3.8999999999999995 6.178744700874427
      vertex -15.370820393249938 3.8999999999999995 6.141267819554184
    endloop
  endfacet
  facet normal 0 1 0
    outer loop
      vertex -15.6 3.8999999999999995 91
      vertex -15.075348623435175 3.8999999999999995 6.197632074113926
      vertex -15.224857577502869 3.8999999999999995 6.178744700874427
    endloop
  endfacet
  facet normal 0 1 0
    outer loop
      vertex -15.6 3.8999999999999995 91
      vertex -14.924651376564825 3.8999999999999995 6.197632074113926
      vertex -15.075348623435175 3.8999999999999995 6.197632074113926
    endloop
  endfacet
  facet normal 0 1 0
    outer loop
      vertex -15.6 3.8999999999999995 91
      vertex -14.775142422497131 3.8999999999999995 6.178744700874427
      vertex -14.924651376564825 3.8999999999999995 6.197632074113926
    endloop
  endfacet
  facet normal 0 1 0
    outer loop
      vertex -15.6 3.8999999999999995 91
      vertex -14.629179606750062 3.8999999999999995 6.141267819554184
      vertex -14.775142422497131 3.8999999999999995 6.178744700874427
    endloop
  endfacet
  facet normal 0 1 0
    outer loop
      vertex -15.6 3.8999999999999995 91
      vertex -14.489064850121913 3.8999999999999995 6.0857924629592235
      vertex -14.629179606750062 3.8999999999999995 6.141267819554184
    endloop
  endfacet
  facet normal 0 1 0
    outer loop
      vertex -14.4 3.8999999999999995 91
      vertex -14.4 3.8999999999999995 6.03682864725785
      vertex -14.489064850121913 3.8999999999999995 6.0857924629592235
    endloop
  endfacet
  facet normal -1 0 0
    outer loop
      vertex -15.6 3.2438671248503046 6.036828647257851
      vertex -15.6 3.2438671248503046 90.5
      vertex -15.6 3.8999999999999995 91
    endloop
  endfacet
  facet normal 1 0 0
    outer loop
      vertex -14.4 3.8999999999999995 6.03682864725785
      vertex -14.4 3.2438671248503046 91
      vertex -14.4 3.2438671248503046 90.5
    endloop
  endfacet
  facet normal 1 0 0
    outer loop
      vertex -14.4 3.8999999999999995 91
      vertex -14.4 3.2438671248503046 91
      vertex -14.4 3.8999999999999995 6.03682864725785
    endloop
  endfacet
  facet normal 0 1 0
    outer loop
      vertex -15.6 3.8999999999999995 91
      vertex -14.4 3.8999999999999995 91
      vertex -14.489064850121913 3.8999999999999995 6.0857924629592235
    endloop
  endfacet
  facet normal -1 0 0
    outer loop
      vertex -15.6 3.8999999999999995 91
      vertex -15.6 3.2438671248503046 90.5
      vertex -15.6 3.2438671248503046 91
    endloop
  endfacet
  facet normal 0 0 1
    outer loop
      vertex -15.6 3.8999999999999995 91
      vertex -15.6 3.2438671248503046 91
      vertex -15.207208714446734 3.293488203813296 91
    endloop
  endfacet
  facet normal 0 0 1
    outer loop
      vertex -15.6 3.8999999999999995 91
      vertex -15.207208714446734 3.293488203813296 91
      vertex -14.792791285553266 3.293488203813296 91
    endloop
  endfacet
  facet normal 0 0 1
    outer loop
      vertex -14.4 3.8999999999999995 91
      vertex -14.792791285553266 3.293488203813296 91
      vertex -14.4 3.2438671248503046 91
    endloop
  endfacet
  facet normal 0 0 1
    outer loop
      vertex -15.6 3.8999999999999995 91
      vertex -14.792791285553266 3.293488203813296 91
      vertex -14.4 3.8999999999999995 91
    endloop
  endfacet
  facet normal -1 0 0
    outer loop
      vertex 14.4 3.2438671248503046 1
      vertex 14.4 3.2438671248503046 3.9631713527421497
      vertex 14.4 3.8999999999999995 3.9631713527421497
    endloop
  endfacet
  facet normal -1 0 0
    outer loop
      vertex 14.4 3.2438671248503046 1
      vertex 14.4 3.8999999999999995 3.9631713527421497
      vertex 14.4 3.8999999999999995 1
    endloop
  endfacet
  facet normal 1 0 0
    outer loop
      vertex 15.6 3.2438671248503046 1
      vertex 15.6 3.8999999999999995 1
      vertex 15.6 3.2438671248503046 3.9631713527421497
    endloop
  endfacet
  facet normal 1 0 0
    outer loop
      vertex 15.6 3.8999999999999995 1
      vertex 15.6 3.8999999999999995 3.9631713527421497
      vertex 15.6 3.2438671248503046 3.9631713527421497
    endloop
  endfacet
  facet normal 0 1 0
    outer loop
      vertex 14.4 3.8999999999999995 1
      vertex 14.4 3.8999999999999995 3.9631713527421497
      vertex 14.489064850121913 3.8999999999999995 3.9142075370407765
    endloop
  endfacet
  facet normal 0 1 0
    outer loop
      vertex 14.4 3.8999999999999995 1
      vertex 14.489064850121913 3.8999999999999995 3.9142075370407765
      vertex 14.629179606750062 3.8999999999999995 3.858732180445816
    endloop
  endfacet
  facet normal 0 1 0
    outer loop
      vertex 14.4 3.8999999999999995 1
      vertex 14.629179606750062 3.8999999999999995 3.858732180445816
      vertex 14.77514242249713 3.8999999999999995 3.821255299125574
    endloop
  endfacet
  facet normal 0 1 0
    outer loop
      vertex 14.4 3.8999999999999995 1
      vertex 14.77514242249713 3.8999999999999995 3.821255299125574
      vertex 14.924651376564823 3.8999999999999995 3.802367925886074
    endloop
  endfacet
  facet normal 0 1 0
    outer loop
      vertex 14.4 3.8999999999999995 1
      vertex 15.22485757750287 3.8999999999999995 3.821255299125574
      vertex 15.6 3.8999999999999995 1
    endloop
  endfacet
  facet normal 0 1 0
    outer loop
      vertex 14.4 3.8999999999999995 1
      vertex 14.924651376564823 3.8999999999999995 3.802367925886074
      vertex 15.075348623435177 3.8999999999999995 3.802367925886074
    endloop
  endfacet
  facet normal 0 1 0
    outer loop
      vertex 14.4 3.8999999999999995 1
      vertex 15.075348623435177 3.8999999999999995 3.802367925886074
      vertex 15.22485757750287 3.8999999999999995 3.821255299125574
    endloop
  endfacet
  facet normal 0 1 0
    outer loop
      vertex 15.6 3.8999999999999995 1
      vertex 15.22485757750287 3.8999999999999995 3.821255299125574
      vertex 15.370820393249938 3.8999999999999995 3.858732180445816
    endloop
  endfacet
  facet normal 0 1 0
    outer loop
      vertex 15.6 3.8999999999999995 1
      vertex 15.370820393249938 3.8999999999999995 3.858732180445816
      vertex 15.510935149878087 3.8999999999999995 3.9142075370407765
    endloop
  endfacet
  facet normal 0 1 0
    outer loop
      vertex 15.6 3.8999999999999995 1
      vertex 15.510935149878087 3.8999999999999995 3.9142075370407765
      vertex 15.6 3.8999999999999995 3.9631713527421497
    endloop
  endfacet
  facet normal -1 0 0
    outer loop
      vertex 14.4 3.8999999999999995 91
      vertex 14.4 3.8999999999999995 6.036828647257851
      vertex 14.4 3.2438671248503046 6.036828647257851
    endloop
  endfacet
  facet normal 1 0 0
    outer loop
      vertex 15.6 3.2438671248503046 6.03682864725785
      vertex 15.6 3.8999999999999995 6.03682864725785
      vertex 15.6 3.2438671248503046 90.5
    endloop
  endfacet
  facet normal 0 1 0
    outer loop
      vertex 14.4 3.8999999999999995 91
      vertex 14.489064850121913 3.8999999999999995 6.0857924629592235
      vertex 14.4 3.8999999999999995 6.036828647257851
    endloop
  endfacet
  facet normal 0 1 0
    outer loop
      vertex 15.6 3.8999999999999995 91
      vertex 15.6 3.8999999999999995 6.03682864725785
      vertex 15.510935149878087 3.8999999999999995 6.0857924629592235
    endloop
  endfacet
  facet normal 0 1 0
    outer loop
      vertex 14.4 3.8999999999999995 91
      vertex 14.629179606750062 3.8999999999999995 6.141267819554184
      vertex 14.489064850121913 3.8999999999999995 6.0857924629592235
    endloop
  endfacet
  facet normal 0 1 0
    outer loop
      vertex 14.4 3.8999999999999995 91
      vertex 14.775142422497131 3.8999999999999995 6.178744700874427
      vertex 14.629179606750062 3.8999999999999995 6.141267819554184
    endloop
  endfacet
  facet normal 0 1 0
    outer loop
      vertex 14.4 3.8999999999999995 91
      vertex 14.924651376564825 3.8999999999999995 6.197632074113926
      vertex 14.775142422497131 3.8999999999999995 6.178744700874427
    endloop
  endfacet
  facet normal 0 1 0
    outer loop
      vertex 14.4 3.8999999999999995 91
      vertex 15.075348623435175 3.8999999999999995 6.197632074113926
      vertex 14.924651376564825 3.8999999999999995 6.197632074113926
    endloop
  endfacet
  facet normal 0 1 0
    outer loop
      vertex 14.4 3.8999999999999995 91
      vertex 15.224857577502869 3.8999999999999995 6.178744700874427
      vertex 15.075348623435175 3.8999999999999995 6.197632074113926
    endloop
  endfacet
  facet normal 0 1 0
    outer loop
      vertex 14.4 3.8999999999999995 91
      vertex 15.370820393249938 3.8999999999999995 6.141267819554184
      vertex 15.224857577502869 3.8999999999999995 6.178744700874427
    endloop
  endfacet
  facet normal 0 1 0
    outer loop
      vertex 14.4 3.8999999999999995 91
      vertex 15.510935149878087 3.8999999999999995 6.0857924629592235
      vertex 15.370820393249938 3.8999999999999995 6.141267819554184
    endloop
  endfacet
  facet normal -1 0 0
    outer loop
      vertex 14.4 3.2438671248503046 6.036828647257851
      vertex 14.4 3.2438671248503046 90.5
      vertex 14.4 3.8999999999999995 91
    endloop
  endfacet
  facet normal 1 0 0
    outer loop
      vertex 15.6 3.8999999999999995 6.03682864725785
      vertex 15.6 3.2438671248503046 91
      vertex 15.6 3.2438671248503046 90.5
    endloop
  endfacet
  facet normal 1 0 0
    outer loop
      vertex 15.6 3.8999999999999995 91
      vertex 15.6 3.2438671248503046 91
      vertex 15.6 3.8999999999999995 6.03682864725785
    endloop
  endfacet
  facet normal 0 1 0
    outer loop
      vertex 14.4 3.8999999999999995 91
      vertex 15.6 3.8999999999999995 91
      vertex 15.510935149878087 3.8999999999999995 6.0857924629592235
    endloop
  endfacet
  facet normal -1 0 0
    outer loop
      vertex 14.4 3.8999999999999995 91
      vertex 14.4 3.2438671248503046 90.5
      vertex 14.4 3.2438671248503046 91
    endloop
  endfacet
  facet normal 0 0 1
    outer loop
      vertex 14.4 3.8999999999999995 91
      vertex 14.4 3.2438671248503046 91
      vertex 14.792791285553266 3.293488203813296 91
    endloop
  endfacet
  facet normal 0 0 1
    outer loop
      vertex 14.4 3.8999999999999995 91
      vertex 14.792791285553266 3.293488203813296 91
      vertex 15.207208714446734 3.293488203813296 91
    endloop
  endfacet
  facet normal 0 0 1
    outer loop
      vertex 14.4 3.8999999999999995 91
      vertex 15.207208714446734 3.293488203813296 91
      vertex 15.6 3.8999999999999995 91
    endloop
  endfacet
  facet normal 0 0 1
    outer loop
      vertex 15.6 3.8999999999999995 91
      vertex 15.207208714446734 3.293488203813296 91
      vertex 15.6 3.2438671248503046 91
    endloop
  endfacet
  facet normal 0 -1 0
    outer loop
      vertex -18.9 -0.6 1
      vertex -18.238420749838767 -0.6 1
      vertex -18.9 -0.6 91
    endloop
  endfacet
  facet normal 0 -1 0
    outer loop
      vertex -18.238420749838767 -0.6 1
      vertex -18.238420749838767 -0.6 90.5
      vertex -18.9 -0.6 91
    endloop
  endfacet
  facet normal -1 0 0
    outer loop
      vertex -18.9 -0.6 1
      vertex -18.9 -0.6 91
      vertex -18.9 0.6 91
    endloop
  endfacet
  facet normal 0 -1 0
    outer loop
      vertex -18.9 -0.6 91
      vertex -18.238420749838767 -0.6 90.5
      vertex -18.238420749838767 -0.6 91
    endloop
  endfacet
  facet normal 0 0 1
    outer loop
      vertex -18.9 -0.6 91
      vertex -18.238420749838767 -0.6 91
      vertex -18.273978514337777 -0.4135996707622034 91
    endloop
  endfacet
  facet normal 0 0 1
    outer loop
      vertex -18.9 -0.6 91
      vertex -18.273978514337777 -0.4135996707622034 91
      vertex -18.9 0.6 91
    endloop
  endfacet
  facet normal -1 0 0
    outer loop
      vertex -18.9 -0.6 1
      vertex -18.9 0.6 91
      vertex -18.9 0.6 1
    endloop
  endfacet
  facet normal 0 1 0
    outer loop
      vertex -18.9 0.6 1
      vertex -18.238420749838767 0.6 90.5
      vertex -18.238420749838767 0.6 1
    endloop
  endfacet
  facet normal 0 1 0
    outer loop
      vertex -18.9 0.6 1
      vertex -18.238420749838767 0.6 90.99999999999997
      vertex -18.238420749838767 0.6 90.5
    endloop
  endfacet
  facet normal 0 1 0
    outer loop
      vertex -18.9 0.6 1
      vertex -18.9 0.6 91
      vertex -18.238420749838767 0.6 90.99999999999997
    endloop
  endfacet
  facet normal 0 0 1
    outer loop
      vertex -18.9 0.6 91
      vertex -18.273978514337777 -0.4135996707622034 91
      vertex -18.3 0 91
    endloop
  endfacet
  facet normal 0 0 1
    outer loop
      vertex -18.9 0.6 91
      vertex -18.3 0 91
      vertex -18.273978514337777 0.4135996707622034 91
    endloop
  endfacet
  facet normal 4.2960400320108924e-14 1.4428157795112415e-13 1
    outer loop
      vertex -18.9 0.6 91
      vertex -18.273978514337777 0.4135996707622034 91
      vertex -18.238420749838767 0.6 90.99999999999997
    endloop
  endfacet
  facet normal 0 -1 0
    outer loop
      vertex 11.100000000000001 -0.6 1
      vertex 11.761579250161233 -0.6 1
      vertex 11.100000000000001 -0.6 91
    endloop
  endfacet
  facet normal 0 -1 0
    outer loop
      vertex 11.761579250161233 -0.6 1
      vertex 11.761579250161233 -0.6 90.5
      vertex 11.100000000000001 -0.6 91
    endloop
  endfacet
  facet normal -1 0 0
    outer loop
      vertex 11.100000000000001 -0.6 1
      vertex 11.100000000000001 -0.6 91
      vertex 11.100000000000001 0.6 91
    endloop
  endfacet
  facet normal 0 -1 0
    outer loop
      vertex 11.100000000000001 -0.6 91
      vertex 11.761579250161233 -0.6 90.5
      vertex 11.761579250161233 -0.6 91
    endloop
  endfacet
  facet normal 0 0 1
    outer loop
      vertex 11.100000000000001 -0.6 91
      vertex 11.761579250161233 -0.6 91
      vertex 11.726021485662223 -0.4135996707622034 91
    endloop
  endfacet
  facet normal 0 0 1
    outer loop
      vertex 11.100000000000001 -0.6 91
      vertex 11.726021485662223 -0.4135996707622034 91
      vertex 11.100000000000001 0.6 91
    endloop
  endfacet
  facet normal -1 0 0
    outer loop
      vertex 11.100000000000001 -0.6 1
      vertex 11.100000000000001 0.6 91
      vertex 11.100000000000001 0.6 1
    endloop
  endfacet
  facet normal 0 1 0
    outer loop
      vertex 11.100000000000001 0.6 1
      vertex 11.761579250161233 0.6 90.5
      vertex 11.761579250161233 0.6 1
    endloop
  endfacet
  facet normal 0 1 0
    outer loop
      vertex 11.100000000000001 0.6 1
      vertex 11.761579250161233 0.6 90.99999999999997
      vertex 11.761579250161233 0.6 90.5
    endloop
  endfacet
  facet normal 0 1 0
    outer loop
      vertex 11.100000000000001 0.6 1
      vertex 11.100000000000001 0.6 91
      vertex 11.761579250161233 0.6 90.99999999999997
    endloop
  endfacet
  facet normal 0 0 1
    outer loop
      vertex 11.100000000000001 0.6 91
      vertex 11.726021485662223 -0.4135996707622034 91
      vertex 11.7 0 91
    endloop
  endfacet
  facet normal 0 0 1
    outer loop
      vertex 11.100000000000001 0.6 91
      vertex 11.7 0 91
      vertex 11.726021485662223 0.4135996707622034 91
    endloop
  endfacet
  facet normal 4.2960400320108924e-14 1.4428157795112415e-13 1
    outer loop
      vertex 11.100000000000001 0.6 91
      vertex 11.726021485662223 0.4135996707622034 91
      vertex 11.761579250161233 0.6 90.99999999999997
    endloop
  endfacet
  facet normal 0 -1 0
    outer loop
      vertex -15.6 -3.8999999999999995 1
      vertex -15.510935149878087 -3.8999999999999995 3.9142075370407765
      vertex -15.6 -3.8999999999999995 3.9631713527421497
    endloop
  endfacet
  facet normal 0 -1 0
    outer loop
      vertex -15.6 -3.8999999999999995 1
      vertex -15.370820393249938 -3.8999999999999995 3.858732180445816
      vertex -15.510935149878087 -3.8999999999999995 3.9142075370407765
    endloop
  endfacet
  facet normal 0 -1 0
    outer loop
      vertex -15.6 -3.8999999999999995 1
      vertex -15.22485757750287 -3.8999999999999995 3.821255299125574
      vertex -15.370820393249938 -3.8999999999999995 3.858732180445816
    endloop
  endfacet
  facet normal 0 -1 0
    outer loop
      vertex -15.6 -3.8999999999999995 1
      vertex -14.4 -3.8999999999999995 1
      vertex -15.22485757750287 -3.8999999999999995 3.821255299125574
    endloop
  endfacet
  facet normal 0 -1 0
    outer loop
      vertex -14.4 -3.8999999999999995 1
      vertex -15.075348623435177 -3.8999999999999995 3.802367925886074
      vertex -15.22485757750287 -3.8999999999999995 3.821255299125574
    endloop
  endfacet
  facet normal 0 -1 0
    outer loop
      vertex -14.4 -3.8999999999999995 1
      vertex -14.924651376564823 -3.8999999999999995 3.802367925886074
      vertex -15.075348623435177 -3.8999999999999995 3.802367925886074
    endloop
  endfacet
  facet normal 0 -1 0
    outer loop
      vertex -14.4 -3.8999999999999995 1
      vertex -14.77514242249713 -3.8999999999999995 3.821255299125574
      vertex -14.924651376564823 -3.8999999999999995 3.802367925886074
    endloop
  endfacet
  facet normal 0 -1 0
    outer loop
      vertex -14.4 -3.8999999999999995 1
      vertex -14.629179606750062 -3.8999999999999995 3.858732180445816
      vertex -14.77514242249713 -3.8999999999999995 3.821255299125574
    endloop
  endfacet
  facet normal 0 -1 0
    outer loop
      vertex -14.4 -3.8999999999999995 1
      vertex -14.489064850121913 -3.8999999999999995 3.9142075370407765
      vertex -14.629179606750062 -3.8999999999999995 3.858732180445816
    endloop
  endfacet
  facet normal 0 -1 0
    outer loop
      vertex -14.4 -3.8999999999999995 1
      vertex -14.4 -3.8999999999999995 3.96317135274215
      vertex -14.489064850121913 -3.8999999999999995 3.9142075370407765
    endloop
  endfacet
  facet normal -1 0 0
    outer loop
      vertex -15.6 -3.8999999999999995 1
      vertex -15.6 -3.8999999999999995 3.9631713527421497
      vertex -15.6 -3.243867124850304 3.9631713527421497
    endloop
  endfacet
  facet normal -1 0 0
    outer loop
      vertex -15.6 -3.8999999999999995 1
      vertex -15.6 -3.243867124850304 3.9631713527421497
      vertex -15.6 -3.243867124850304 1
    endloop
  endfacet
  facet normal 1 0 0
    outer loop
      vertex -14.4 -3.8999999999999995 1
      vertex -14.4 -3.243867124850304 1
      vertex -14.4 -3.8999999999999995 3.96317135274215
    endloop
  endfacet
  facet normal 1 0 0
    outer loop
      vertex -14.4 -3.243867124850304 1
      vertex -14.4 -3.243867124850304 3.96317135274215
      vertex -14.4 -3.8999999999999995 3.96317135274215
    endloop
  endfacet
  facet normal 0 -1 0
    outer loop
      vertex -15.6 -3.8999999999999995 91
      vertex -15.6 -3.8999999999999995 6.03682864725785
      vertex -15.510935149878087 -3.8999999999999995 6.0857924629592235
    endloop
  endfacet
  facet normal 0 -1 0
    outer loop
      vertex -14.4 -3.8999999999999995 91
      vertex -15.510935149878087 -3.8999999999999995 6.0857924629592235
      vertex -15.370820393249938 -3.8999999999999995 6.141267819554184
    endloop
  endfacet
  facet normal 0 -1 0
    outer loop
      vertex -14.4 -3.8999999999999995 91
      vertex -15.370820393249938 -3.8999999999999995 6.141267819554184
      vertex -15.224857577502869 -3.8999999999999995 6.178744700874427
    endloop
  endfacet
  facet normal 0 -1 0
    outer loop
      vertex -14.4 -3.8999999999999995 91
      vertex -15.224857577502869 -3.8999999999999995 6.178744700874427
      vertex -15.075348623435175 -3.8999999999999995 6.197632074113926
    endloop
  endfacet
  facet normal 0 -1 0
    outer loop
      vertex -14.4 -3.8999999999999995 91
      vertex -15.075348623435175 -3.8999999999999995 6.197632074113926
      vertex -14.924651376564825 -3.8999999999999995 6.197632074113926
    endloop
  endfacet
  facet normal 0 -1 0
    outer loop
      vertex -14.4 -3.8999999999999995 91
      vertex -14.924651376564825 -3.8999999999999995 6.197632074113926
      vertex -14.775142422497131 -3.8999999999999995 6.178744700874427
    endloop
  endfacet
  facet normal 0 -1 0
    outer loop
      vertex -14.4 -3.8999999999999995 91
      vertex -14.775142422497131 -3.8999999999999995 6.178744700874427
      vertex -14.629179606750062 -3.8999999999999995 6.141267819554184
    endloop
  endfacet
  facet normal 0 -1 0
    outer loop
      vertex -14.4 -3.8999999999999995 91
      vertex -14.629179606750062 -3.8999999999999995 6.141267819554184
      vertex -14.489064850121913 -3.8999999999999995 6.0857924629592235
    endloop
  endfacet
  facet normal 0 -1 0
    outer loop
      vertex -14.4 -3.8999999999999995 91
      vertex -14.489064850121913 -3.8999999999999995 6.0857924629592235
      vertex -14.4 -3.8999999999999995 6.036828647257851
    endloop
  endfacet
  facet normal -1 0 0
    outer loop
      vertex -15.6 -3.243867124850304 6.03682864725785
      vertex -15.6 -3.8999999999999995 6.03682864725785
      vertex -15.6 -3.243867124850304 90.5
    endloop
  endfacet
  facet normal 1 0 0
    outer loop
      vertex -14.4 -3.8999999999999995 91
      vertex -14.4 -3.8999999999999995 6.036828647257851
      vertex -14.4 -3.243867124850304 6.036828647257851
    endloop
  endfacet
  facet normal 0 -1 0
    outer loop
      vertex -15.6 -3.8999999999999995 91
      vertex -15.510935149878087 -3.8999999999999995 6.0857924629592235
      vertex -14.4 -3.8999999999999995 91
    endloop
  endfacet
  facet normal -1 0 0
    outer loop
      vertex -15.6 -3.8999999999999995 91
      vertex -15.6 -3.243867124850304 91
      vertex -15.6 -3.8999999999999995 6.03682864725785
    endloop
  endfacet
  facet normal -1 0 0
    outer loop
      vertex -15.6 -3.8999999999999995 6.03682864725785
      vertex -15.6 -3.243867124850304 91
      vertex -15.6 -3.243867124850304 90.5
    endloop
  endfacet
  facet normal 1 0 0
    outer loop
      vertex -14.4 -3.243867124850304 6.036828647257851
      vertex -14.4 -3.243867124850304 90.5
      vertex -14.4 -3.8999999999999995 91
    endloop
  endfacet
  facet normal 0 0 1
    outer loop
      vertex -15.6 -3.8999999999999995 91
      vertex -15.207208714446736 -3.293488203813296 91
      vertex -15.6 -3.243867124850304 91
    endloop
  endfacet
  facet normal 0 0 1
    outer loop
      vertex -15.6 -3.8999999999999995 91
      vertex -14.4 -3.8999999999999995 91
      vertex -15.207208714446736 -3.293488203813296 91
    endloop
  endfacet
  facet normal 0 0 1
    outer loop
      vertex -14.4 -3.8999999999999995 91
      vertex -14.792791285553264 -3.293488203813296 91
      vertex -15.207208714446736 -3.293488203813296 91
    endloop
  endfacet
  facet normal 0 0 1
    outer loop
      vertex -14.4 -3.8999999999999995 91
      vertex -14.4 -3.243867124850304 91
      vertex -14.792791285553264 -3.293488203813296 91
    endloop
  endfacet
  facet normal 1 0 0
    outer loop
      vertex -14.4 -3.8999999999999995 91
      vertex -14.4 -3.243867124850304 90.5
      vertex -14.4 -3.243867124850304 91
    endloop
  endfacet
  facet normal 0 -1 0
    outer loop
      vertex 14.4 -3.8999999999999995 1
      vertex 14.489064850121913 -3.8999999999999995 3.9142075370407765
      vertex 14.4 -3.8999999999999995 3.9631713527421497
    endloop
  endfacet
  facet normal 0 -1 0
    outer loop
      vertex 14.4 -3.8999999999999995 1
      vertex 14.629179606750062 -3.8999999999999995 3.858732180445816
      vertex 14.489064850121913 -3.8999999999999995 3.9142075370407765
    endloop
  endfacet
  facet normal 0 -1 0
    outer loop
      vertex 14.4 -3.8999999999999995 1
      vertex 14.77514242249713 -3.8999999999999995 3.821255299125574
      vertex 14.629179606750062 -3.8999999999999995 3.858732180445816
    endloop
  endfacet
  facet normal 0 -1 0
    outer loop
      vertex 14.4 -3.8999999999999995 1
      vertex 15.6 -3.8999999999999995 1
      vertex 14.77514242249713 -3.8999999999999995 3.821255299125574
    endloop
  endfacet
  facet normal 0 -1 0
    outer loop
      vertex 15.6 -3.8999999999999995 1
      vertex 14.924651376564823 -3.8999999999999995 3.802367925886074
      vertex 14.77514242249713 -3.8999999999999995 3.821255299125574
    endloop
  endfacet
  facet normal 0 -1 0
    outer loop
      vertex 15.6 -3.8999999999999995 1
      vertex 15.075348623435177 -3.8999999999999995 3.802367925886074
      vertex 14.924651376564823 -3.8999999999999995 3.802367925886074
    endloop
  endfacet
  facet normal 0 -1 0
    outer loop
      vertex 15.6 -3.8999999999999995 1
      vertex 15.22485757750287 -3.8999999999999995 3.821255299125574
      vertex 15.075348623435177 -3.8999999999999995 3.802367925886074
    endloop
  endfacet
  facet normal 0 -1 0
    outer loop
      vertex 15.6 -3.8999999999999995 1
      vertex 15.370820393249938 -3.8999999999999995 3.858732180445816
      vertex 15.22485757750287 -3.8999999999999995 3.821255299125574
    endloop
  endfacet
  facet normal 0 -1 0
    outer loop
      vertex 15.6 -3.8999999999999995 1
      vertex 15.510935149878087 -3.8999999999999995 3.9142075370407765
      vertex 15.370820393249938 -3.8999999999999995 3.858732180445816
    endloop
  endfacet
  facet normal 0 -1 0
    outer loop
      vertex 15.6 -3.8999999999999995 1
      vertex 15.6 -3.8999999999999995 3.96317135274215
      vertex 15.510935149878087 -3.8999999999999995 3.9142075370407765
    endloop
  endfacet
  facet normal -1 0 0
    outer loop
      vertex 14.4 -3.8999999999999995 1
      vertex 14.4 -3.8999999999999995 3.9631713527421497
      vertex 14.4 -3.243867124850304 3.9631713527421497
    endloop
  endfacet
  facet normal -1 0 0
    outer loop
      vertex 14.4 -3.8999999999999995 1
      vertex 14.4 -3.243867124850304 3.9631713527421497
      vertex 14.4 -3.243867124850304 1
    endloop
  endfacet
  facet normal 1 0 0
    outer loop
      vertex 15.6 -3.8999999999999995 1
      vertex 15.6 -3.243867124850304 1
      vertex 15.6 -3.8999999999999995 3.96317135274215
    endloop
  endfacet
  facet normal 1 0 0
    outer loop
      vertex 15.6 -3.243867124850304 1
      vertex 15.6 -3.243867124850304 3.96317135274215
      vertex 15.6 -3.8999999999999995 3.96317135274215
    endloop
  endfacet
  facet normal 0 -1 0
    outer loop
      vertex 14.4 -3.8999999999999995 91
      vertex 14.4 -3.8999999999999995 6.03682864725785
      vertex 14.489064850121913 -3.8999999999999995 6.0857924629592235
    endloop
  endfacet
  facet normal 0 -1 0
    outer loop
      vertex 15.6 -3.8999999999999995 91
      vertex 15.510935149878087 -3.8999999999999995 6.0857924629592235
      vertex 15.6 -3.8999999999999995 6.036828647257851
    endloop
  endfacet
  facet normal 0 -1 0
    outer loop
      vertex 15.6 -3.8999999999999995 91
      vertex 14.489064850121913 -3.8999999999999995 6.0857924629592235
      vertex 14.629179606750062 -3.8999999999999995 6.141267819554184
    endloop
  endfacet
  facet normal 0 -1 0
    outer loop
      vertex 15.6 -3.8999999999999995 91
      vertex 14.629179606750062 -3.8999999999999995 6.141267819554184
      vertex 14.775142422497131 -3.8999999999999995 6.178744700874427
    endloop
  endfacet
  facet normal 0 -1 0
    outer loop
      vertex 15.6 -3.8999999999999995 91
      vertex 14.775142422497131 -3.8999999999999995 6.178744700874427
      vertex 14.924651376564825 -3.8999999999999995 6.197632074113926
    endloop
  endfacet
  facet normal 0 -1 0
    outer loop
      vertex 15.6 -3.8999999999999995 91
      vertex 14.924651376564825 -3.8999999999999995 6.197632074113926
      vertex 15.075348623435175 -3.8999999999999995 6.197632074113926
    endloop
  endfacet
  facet normal 0 -1 0
    outer loop
      vertex 15.6 -3.8999999999999995 91
      vertex 15.075348623435175 -3.8999999999999995 6.197632074113926
      vertex 15.224857577502869 -3.8999999999999995 6.178744700874427
    endloop
  endfacet
  facet normal 0 -1 0
    outer loop
      vertex 15.6 -3.8999999999999995 91
      vertex 15.224857577502869 -3.8999999999999995 6.178744700874427
      vertex 15.370820393249938 -3.8999999999999995 6.141267819554184
    endloop
  endfacet
  facet normal 0 -1 0
    outer loop
      vertex 15.6 -3.8999999999999995 91
      vertex 15.370820393249938 -3.8999999999999995 6.141267819554184
      vertex 15.510935149878087 -3.8999999999999995 6.0857924629592235
    endloop
  endfacet
  facet normal -1 0 0
    outer loop
      vertex 14.4 -3.243867124850304 6.03682864725785
      vertex 14.4 -3.8999999999999995 6.03682864725785
      vertex 14.4 -3.243867124850304 90.5
    endloop
  endfacet
  facet normal 1 0 0
    outer loop
      vertex 15.6 -3.8999999999999995 91
      vertex 15.6 -3.8999999999999995 6.036828647257851
      vertex 15.6 -3.243867124850304 6.036828647257851
    endloop
  endfacet
  facet normal 0 -1 0
    outer loop
      vertex 14.4 -3.8999999999999995 91
      vertex 14.489064850121913 -3.8999999999999995 6.0857924629592235
      vertex 15.6 -3.8999999999999995 91
    endloop
  endfacet
  facet normal -1 0 0
    outer loop
      vertex 14.4 -3.8999999999999995 91
      vertex 14.4 -3.243867124850304 91
      vertex 14.4 -3.8999999999999995 6.03682864725785
    endloop
  endfacet
  facet normal -1 0 0
    outer loop
      vertex 14.4 -3.8999999999999995 6.03682864725785
      vertex 14.4 -3.243867124850304 91
      vertex 14.4 -3.243867124850304 90.5
    endloop
  endfacet
  facet normal 1 0 0
    outer loop
      vertex 15.6 -3.243867124850304 6.036828647257851
      vertex 15.6 -3.243867124850304 90.5
      vertex 15.6 -3.8999999999999995 91
    endloop
  endfacet
  facet normal 0 0 1
    outer loop
      vertex 14.4 -3.8999999999999995 91
      vertex 15.6 -3.8999999999999995 91
      vertex 14.792791285553264 -3.293488203813296 91
    endloop
  endfacet
  facet normal 0 0 1
    outer loop
      vertex 14.4 -3.8999999999999995 91
      vertex 14.792791285553264 -3.293488203813296 91
      vertex 14.4 -3.243867124850304 91
    endloop
  endfacet
  facet normal 0 0 1
    outer loop
      vertex 15.6 -3.8999999999999995 91
      vertex 15.207208714446736 -3.293488203813296 91
      vertex 14.792791285553264 -3.293488203813296 91
    endloop
  endfacet
  facet normal 0 0 1
    outer loop
      vertex 15.6 -3.8999999999999995 91
      vertex 15.6 -3.243867124850304 91
      vertex 15.207208714446736 -3.293488203813296 91
    endloop
  endfacet
  facet normal 1 0 0
    outer loop
      vertex 15.6 -3.8999999999999995 91
      vertex 15.6 -3.243867124850304 90.5
      vertex 15.6 -3.243867124850304 91
    endloop
  endfacet
  facet normal -0.2486898871648556 -0.968583161128631 0
    outer loop
      vertex -16.019756081437325 -3.1384865037740064 1
      vertex -15.618358338132891 -3.2415479274046723 1
      vertex -15.618358338132891 -3.2415479274046723 3.973263934537235
    endloop
  endfacet
  facet normal -0.2486898871648597 -0.9685831611286299 5.979536827666185e-16
    outer loop
      vertex -16.019756081437325 -3.1384865037740064 1
      vertex -15.618358338132891 -3.2415479274046723 3.973263934537235
      vertex -15.642992153974795 -3.235223038507136 3.9868064893975816
    endloop
  endfacet
  facet normal -0.2486898871648533 -0.9685831611286314 -2.7051692905245693e-16
    outer loop
      vertex -16.019756081437325 -3.1384865037740064 1
      vertex -15.642992153974795 -3.235223038507136 3.9868064893975816
      vertex -15.764908787698428 -3.2039201673639712 4.075384108669053
    endloop
  endfacet
  facet normal -0.3681245526846759 -0.9297764858882522 0
    outer loop
      vertex -16.019756081437325 -3.1384865037740064 1
      vertex -16.019756081437325 -3.1384865037740064 4.371768003186404
      vertex -16.40507166216474 -2.9859292731378644 1
    endloop
  endfacet
  facet normal -0.24868988716485294 -0.9685831611286315 -3.045457236815283e-16
    outer loop
      vertex -16.019756081437325 -3.1384865037740064 1
      vertex -15.764908787698428 -3.2039201673639712 4.075384108669053
      vertex -15.874762352905694 -3.175714565787935 4.178543472885574
    endloop
  endfacet
  facet normal -0.3681245526846882 -0.9297764858882475 9.415978988528011e-16
    outer loop
      vertex -16.40507166216474 -2.9859292731378644 1
      vertex -16.162299793354357 -3.08204945574806 4.7015721354021744
      vertex -16.19053764157737 -3.0708693007283894 4.849600119722835
    endloop
  endfacet
  facet normal -0.36812455268465916 -0.9297764858882588 -9.392073042999441e-16
    outer loop
      vertex -16.40507166216474 -2.9859292731378644 1
      vertex -16.19053764157737 -3.0708693007283894 4.849600119722835
      vertex -16.2 -3.0671228879995884 5
    endloop
  endfacet
  facet normal -0.36812455268467703 -0.9297764858882518 2.1685010862170276e-16
    outer loop
      vertex -16.40507166216474 -2.9859292731378644 1
      vertex -16.051568016052634 -3.1258912678457635 4.421895591077941
      vertex -16.1157317830659 -3.1004870353352403 4.558250536778386
    endloop
  endfacet
  facet normal -0.3681245526846707 -0.9297764858882542 -3.73701335440872e-16
    outer loop
      vertex -16.40507166216474 -2.9859292731378644 1
      vertex -16.1157317830659 -3.1004870353352403 4.558250536778386
      vertex -16.162299793354357 -3.08204945574806 4.7015721354021744
    endloop
  endfacet
  facet normal -0.3681245526846838 -0.9297764858882491 1.0193952777410994e-15
    outer loop
      vertex -16.40507166216474 -2.9859292731378644 1
      vertex -16.019756081437325 -3.1384865037740064 4.371768003186404
      vertex -16.051568016052634 -3.1258912678457635 4.421895591077941
    endloop
  endfacet
  facet normal -0.2486898871648589 -0.9685831611286301 0
    outer loop
      vertex -16.019756081437325 -3.1384865037740064 1
      vertex -15.970820393249937 -3.1510510529650904 4.294657697249033
      vertex -16.019756081437325 -3.1384865037740064 4.371768003186404
    endloop
  endfacet
  facet normal -0.24868988716485918 -0.96858316112863 4.5635513770919734e-18
    outer loop
      vertex -16.019756081437325 -3.1384865037740064 1
      vertex -15.874762352905694 -3.175714565787935 4.178543472885574
      vertex -15.970820393249937 -3.1510510529650904 4.294657697249033
    endloop
  endfacet
  facet normal -0.125333233564311 -0.9921147013144769 0
    outer loop
      vertex -15.618358338132891 -3.2415479274046723 1
      vertex -15.6 -3.243867124850304 1
      vertex -15.6 -3.243867124850304 3.9631713527421497
    endloop
  endfacet
  facet normal -0.125333233564311 -0.9921147013144769 0
    outer loop
      vertex -15.618358338132891 -3.2415479274046723 1
      vertex -15.6 -3.243867124850304 3.9631713527421497
      vertex -15.618358338132891 -3.2415479274046723 3.973263934537235
    endloop
  endfacet
  facet normal 0.12533323356431103 -0.992114701314477 0
    outer loop
      vertex -14.4 -3.243867124850304 1
      vertex -14.381641661867109 -3.2415479274046723 1
      vertex -14.4 -3.243867124850304 3.96317135274215
    endloop
  endfacet
  facet normal 0.24868988716485554 -0.9685831611286309 0
    outer loop
      vertex -14.381641661867109 -3.2415479274046723 1
      vertex -13.980243918562675 -3.1384865037740064 1
      vertex -14.381641661867109 -3.2415479274046723 3.9732639345372354
    endloop
  endfacet
  facet normal 0.125333233564311 -0.9921147013144769 0
    outer loop
      vertex -14.381641661867109 -3.2415479274046723 1
      vertex -14.381641661867109 -3.2415479274046723 3.9732639345372354
      vertex -14.4 -3.243867124850304 3.96317135274215
    endloop
  endfacet
  facet normal 0.24868988716485907 -0.9685831611286301 5.979536827666186e-16
    outer loop
      vertex -13.980243918562675 -3.1384865037740064 1
      vertex -14.357007846025205 -3.235223038507136 3.9868064893975816
      vertex -14.381641661867109 -3.2415479274046723 3.9732639345372354
    endloop
  endfacet
  facet normal 0.2486898871648533 -0.9685831611286314 -2.7051692905245693e-16
    outer loop
      vertex -13.980243918562675 -3.1384865037740064 1
      vertex -14.235091212301572 -3.2039201673639712 4.075384108669053
      vertex -14.357007846025205 -3.235223038507136 3.9868064893975816
    endloop
  endfacet
  facet normal 0.24868988716485294 -0.9685831611286315 -3.045457236815283e-16
    outer loop
      vertex -13.980243918562675 -3.1384865037740064 1
      vertex -14.125237647094306 -3.175714565787935 4.178543472885574
      vertex -14.235091212301572 -3.2039201673639712 4.075384108669053
    endloop
  endfacet
  facet normal 0.36812455268467736 -0.9297764858882516 0
    outer loop
      vertex -13.980243918562675 -3.1384865037740064 1
      vertex -13.594928337835261 -2.9859292731378644 1
      vertex -13.980243918562675 -3.1384865037740064 4.371768003186404
    endloop
  endfacet
  facet normal 0.24868988716485918 -0.96858316112863 4.5635513770919734e-18
    outer loop
      vertex -13.980243918562675 -3.1384865037740064 1
      vertex -14.029179606750063 -3.1510510529650904 4.294657697249033
      vertex -14.125237647094306 -3.175714565787935 4.178543472885574
    endloop
  endfacet
  facet normal 0.2486898871648589 -0.9685831611286301 0
    outer loop
      vertex -13.980243918562675 -3.1384865037740064 1
      vertex -13.980243918562675 -3.1384865037740064 4.371768003186404
      vertex -14.029179606750063 -3.1510510529650904 4.294657697249033
    endloop
  endfacet
  facet normal 0.3681245526846687 -0.929776485888255 -1.1213348055151632e-15
    outer loop
      vertex -13.594928337835261 -2.9859292731378644 1
      vertex -13.948431983947364 -3.1258912678457635 4.421895591077941
      vertex -13.980243918562675 -3.1384865037740064 4.371768003186404
    endloop
  endfacet
  facet normal 0.36812455268467753 -0.9297764858882515 -9.637782605409025e-17
    outer loop
      vertex -13.594928337835261 -2.9859292731378644 1
      vertex -13.884268216934098 -3.1004870353352403 4.558250536778386
      vertex -13.948431983947364 -3.1258912678457635 4.421895591077941
    endloop
  endfacet
  facet normal 0.3681245526846813 -0.9297764858882501 2.491342236272552e-16
    outer loop
      vertex -13.594928337835261 -2.9859292731378644 1
      vertex -13.837700206645643 -3.08204945574806 4.7015721354021744
      vertex -13.884268216934098 -3.1004870353352403 4.558250536778386
    endloop
  endfacet
  facet normal 0.36812455268467387 -0.9297764858882531 -2.985554313435595e-16
    outer loop
      vertex -13.594928337835261 -2.9859292731378644 1
      vertex -13.809462358422627 -3.0708693007283894 4.849600119722835
      vertex -13.837700206645643 -3.08204945574806 4.7015721354021744
    endloop
  endfacet
  facet normal 0.3681245526846931 -0.9297764858882454 8.922469390850292e-16
    outer loop
      vertex -13.594928337835261 -2.9859292731378644 1
      vertex -13.8 -3.0671228879995884 5
      vertex -13.809462358422627 -3.0708693007283894 4.849600119722835
    endloop
  endfacet
  facet normal -0.24868988716485976 -0.9685831611286297 -2.1341701766462724e-17
    outer loop
      vertex -15.618358338132891 -3.2415479274046723 6.026736065462765
      vertex -16.019756081437325 -3.1384865037740064 90.5
      vertex -15.642992153974795 -3.235223038507136 6.013193510602418
    endloop
  endfacet
  facet normal -0.24868988716485316 -0.9685831611286316 1.0406159039407014e-17
    outer loop
      vertex -16.019756081437325 -3.1384865037740064 90.5
      vertex -15.764908787698428 -3.2039201673639712 5.924615891330947
      vertex -15.642992153974795 -3.235223038507136 6.013193510602418
    endloop
  endfacet
  facet normal -0.36812455268467453 -0.9297764858882527 0
    outer loop
      vertex -16.40507166216474 -2.9859292731378644 1
      vertex -16.2 -3.0671228879995884 5
      vertex -16.40507166216474 -2.9859292731378644 90.5
    endloop
  endfacet
  facet normal -0.3681245526846462 -0.929776485888264 7.681649066684306e-17
    outer loop
      vertex -16.40507166216474 -2.9859292731378644 90.5
      vertex -16.2 -3.0671228879995884 5
      vertex -16.19053764157737 -3.0708693007283894 5.150399880277165
    endloop
  endfacet
  facet normal -0.36812455268469196 -0.9297764858882459 -5.4163208069607177e-17
    outer loop
      vertex -16.40507166216474 -2.9859292731378644 90.5
      vertex -16.19053764157737 -3.0708693007283894 5.150399880277165
      vertex -16.162299793354357 -3.08204945574806 5.2984278645978256
    endloop
  endfacet
  facet normal -0.3681245526846772 -0.9297764858882517 -1.056274591268101e-17
    outer loop
      vertex -16.40507166216474 -2.9859292731378644 90.5
      vertex -16.1157317830659 -3.1004870353352403 5.441749463221614
      vertex -16.051568016052634 -3.1258912678457635 5.578104408922059
    endloop
  endfacet
  facet normal -0.3681245526846695 -0.9297764858882547 1.934295490338975e-17
    outer loop
      vertex -16.40507166216474 -2.9859292731378644 90.5
      vertex -16.162299793354357 -3.08204945574806 5.2984278645978256
      vertex -16.1157317830659 -3.1004870353352403 5.441749463221614
    endloop
  endfacet
  facet normal -0.36812455268468486 -0.9297764858882486 -4.7154896280661913e-17
    outer loop
      vertex -16.019756081437325 -3.1384865037740064 5.628231996813596
      vertex -16.40507166216474 -2.9859292731378644 90.5
      vertex -16.051568016052634 -3.1258912678457635 5.578104408922059
    endloop
  endfacet
  facet normal -0.24868988716485896 -0.9685831611286302 0
    outer loop
      vertex -16.019756081437325 -3.1384865037740064 5.628231996813596
      vertex -15.970820393249937 -3.1510510529650904 5.705342302750967
      vertex -16.019756081437325 -3.1384865037740064 90.5
    endloop
  endfacet
  facet normal -0.2486898871648592 -0.96858316112863 -1.803724272972793e-19
    outer loop
      vertex -16.019756081437325 -3.1384865037740064 90.5
      vertex -15.970820393249937 -3.1510510529650904 5.705342302750967
      vertex -15.874762352905694 -3.175714565787935 5.821456527114426
    endloop
  endfacet
  facet normal -0.24868988716485269 -0.9685831611286315 1.190216073687851e-17
    outer loop
      vertex -16.019756081437325 -3.1384865037740064 90.5
      vertex -15.874762352905694 -3.175714565787935 5.821456527114426
      vertex -15.764908787698428 -3.2039201673639712 5.924615891330947
    endloop
  endfacet
  facet normal -0.12533323356431103 -0.9921147013144769 0
    outer loop
      vertex -15.618358338132891 -3.2415479274046723 6.026736065462765
      vertex -15.6 -3.243867124850304 6.03682864725785
      vertex -15.618358338132891 -3.2415479274046723 90.5
    endloop
  endfacet
  facet normal 0.12533323356431103 -0.9921147013144769 0
    outer loop
      vertex -14.4 -3.243867124850304 6.036828647257851
      vertex -14.381641661867109 -3.2415479274046723 6.0267360654627655
      vertex -14.4 -3.243867124850304 90.5
    endloop
  endfacet
  facet normal 0.2486898871648598 -0.9685831611286297 0
    outer loop
      vertex -14.381641661867109 -3.2415479274046723 6.0267360654627655
      vertex -14.357007846025205 -3.235223038507136 6.013193510602418
      vertex -14.381641661867109 -3.2415479274046723 90.5
    endloop
  endfacet
  facet normal 0.24868988716485316 -0.9685831611286316 1.0406159039407014e-17
    outer loop
      vertex -14.235091212301572 -3.2039201673639712 5.924615891330947
      vertex -13.980243918562675 -3.1384865037740064 90.5
      vertex -14.357007846025205 -3.235223038507136 6.013193510602418
    endloop
  endfacet
  facet normal 0.24868988716485269 -0.9685831611286315 1.1811992852508219e-17
    outer loop
      vertex -14.125237647094306 -3.175714565787935 5.821456527114426
      vertex -13.980243918562675 -3.1384865037740064 90.5
      vertex -14.235091212301572 -3.2039201673639712 5.924615891330947
    endloop
  endfacet
  facet normal 0.24868988716485896 -0.9685831611286302 0
    outer loop
      vertex -13.980243918562675 -3.1384865037740064 5.628231996813596
      vertex -13.980243918562675 -3.1384865037740064 90.5
      vertex -14.029179606750063 -3.1510510529650904 5.705342302750967
    endloop
  endfacet
  facet normal 0.24868988716485915 -0.96858316112863 -1.8037242729727925e-19
    outer loop
      vertex -14.029179606750063 -3.1510510529650904 5.705342302750967
      vertex -13.980243918562675 -3.1384865037740064 90.5
      vertex -14.125237647094306 -3.175714565787935 5.821456527114426
    endloop
  endfacet
  facet normal 0.3681245526846672 -0.9297764858882558 0
    outer loop
      vertex -13.980243918562675 -3.1384865037740064 5.628231996813596
      vertex -13.948431983947364 -3.1258912678457635 5.578104408922059
      vertex -13.980243918562675 -3.1384865037740064 90.5
    endloop
  endfacet
  facet normal 0.36812455268467736 -0.9297764858882517 4.547848934626547e-18
    outer loop
      vertex -13.884268216934098 -3.1004870353352403 5.441749463221614
      vertex -13.594928337835261 -2.9859292731378644 90.5
      vertex -13.948431983947364 -3.1258912678457635 5.578104408922059
    endloop
  endfacet
  facet normal 0.3681245526846773 -0.9297764858882517 0
    outer loop
      vertex -13.594928337835261 -2.9859292731378644 1
      vertex -13.594928337835261 -2.9859292731378644 90.5
      vertex -13.8 -3.0671228879995884 5
    endloop
  endfacet
  facet normal 0.3681245526847048 -0.9297764858882407 -7.621636183352046e-17
    outer loop
      vertex -13.8 -3.0671228879995884 5
      vertex -13.594928337835261 -2.9859292731378644 90.5
      vertex -13.809462358422627 -3.0708693007283894 5.150399880277165
    endloop
  endfacet
  facet normal 0.3681245526846818 -0.9297764858882499 -1.2693814155349942e-17
    outer loop
      vertex -13.837700206645643 -3.08204945574806 5.2984278645978256
      vertex -13.594928337835261 -2.9859292731378644 90.5
      vertex -13.884268216934098 -3.1004870353352403 5.441749463221614
    endloop
  endfacet
  facet normal 0.3681245526846724 -0.9297764858882536 1.783422704730872e-17
    outer loop
      vertex -13.809462358422627 -3.0708693007283894 5.150399880277165
      vertex -13.594928337835261 -2.9859292731378644 90.5
      vertex -13.837700206645643 -3.08204945574806 5.2984278645978256
    endloop
  endfacet
  facet normal 0 0 -1
    outer loop
      vertex -14.623256882824117 -3.2720710280912906 0
      vertex -14.381641661867109 -2.14779640610801 0
      vertex -14.4510059804671 -3.2503106786597473 0
    endloop
  endfacet
  facet normal 0 0 -1
    outer loop
      vertex -14.623256882824117 -3.2720710280912906 0
      vertex -14.62325688282412 -1.7579862795530796 0
      vertex -14.381641661867109 -2.14779640610801 0
    endloop
  endfacet
  facet normal 0 0 -1
    outer loop
      vertex -13.875712112485651 -3.097099433937901 0
      vertex -13.875712112485651 -1.4770010244725496 0
      vertex -13.695268650969362 -3.025656813519189 0
    endloop
  endfacet
  facet normal 0 0 -1
    outer loop
      vertex -14.381641661867109 -2.14779640610801 0
      vertex -14.62325688282412 -1.7579862795530796 0
      vertex -14.449408164027847 -1.7133495152603566 0
    endloop
  endfacet
  facet normal 0 0 -1
    outer loop
      vertex -13.695268650969362 -3.025656813519189 0
      vertex -13.875712112485651 -1.4770010244725496 0
      vertex -13.594928337835261 -1.4307932067617244 0
    endloop
  endfacet
  facet normal 0 0 -1
    outer loop
      vertex -13.145898033750315 -2.72389137326816 0
      vertex -12.896500833829323 -1.7422841196922738 0
      vertex -12.949270444803796 -2.5810330677193565 0
    endloop
  endfacet
  facet normal 0 0 -1
    outer loop
      vertex -13.145898033750315 -2.72389137326816 0
      vertex -13.145898033750315 -1.4213612769185229 0
      vertex -12.896500833829323 -1.7422841196922738 0
    endloop
  endfacet
  facet normal -0.6845471059286898 -0.7289686274214104 0
    outer loop
      vertex -17.405596470490657 -2.259005449564672 1
      vertex -17.103499166170675 -2.542693701160105 1
      vertex -17.405596470490657 -2.259005449564672 90.5
    endloop
  endfacet
  facet normal -0.4817536741017164 -0.8763066800438629 0
    outer loop
      vertex -16.76822842343069 -2.7862821541566496 1
      vertex -16.40507166216474 -2.9859292731378644 1
      vertex -16.76822842343069 -2.7862821541566496 90.5
    endloop
  endfacet
  facet normal -0.5877852522924731 -0.8090169943749476 0
    outer loop
      vertex -17.103499166170675 -2.542693701160105 1
      vertex -16.76822842343069 -2.7862821541566496 1
      vertex -17.103499166170675 -2.542693701160105 90.5
    endloop
  endfacet
  facet normal -0.7705132427757863 -0.6374239897486932 0
    outer loop
      vertex -17.405596470490657 -2.259005449564672 1
      vertex -17.669756081437328 -1.9396913325651612 90.5
      vertex -17.669756081437328 -1.9396913325651612 1
    endloop
  endfacet
  facet normal -0.8443279255020159 -0.5358267949789953 0
    outer loop
      vertex -17.669756081437328 -1.9396913325651612 1
      vertex -17.89181204414475 -1.5897871245356607 90.5
      vertex -17.89181204414475 -1.5897871245356607 1
    endloop
  endfacet
  facet normal -0.904827052466019 -0.4257792915650735 0
    outer loop
      vertex -18.06826240343123 -1.214811023859437 1
      vertex -17.89181204414475 -1.5897871245356607 1
      vertex -18.06826240343123 -1.214811023859437 90.5
    endloop
  endfacet
  facet normal -0.951056516295153 -0.3090169943749495 0
    outer loop
      vertex -18.06826240343123 -1.214811023859437 1
      vertex -18.196324431724484 -0.8206766276440209 90.5
      vertex -18.196324431724484 -0.8206766276440209 1
    endloop
  endfacet
  facet normal -0.9822872507286907 -0.18738131458571428 0
    outer loop
      vertex -18.196324431724484 -0.8206766276440209 1
      vertex -18.238420749838767 -0.6 90.5
      vertex -18.238420749838767 -0.6 1
    endloop
  endfacet
  facet normal 0.48175367410171477 -0.8763066800438637 0
    outer loop
      vertex -13.594928337835261 -2.9859292731378644 1
      vertex -13.231771576569313 -2.7862821541566505 1
      vertex -13.594928337835261 -2.9859292731378644 90.5
    endloop
  endfacet
  facet normal 0.5877852522924725 -0.8090169943749479 0
    outer loop
      vertex -13.231771576569313 -2.7862821541566505 1
      vertex -12.896500833829323 -2.5426937011601036 1
      vertex -13.231771576569313 -2.7862821541566505 90.5
    endloop
  endfacet
  facet normal 0.6845471059286881 -0.728968627421412 0
    outer loop
      vertex -12.896500833829323 -2.5426937011601036 1
      vertex -12.594403529509341 -2.259005449564672 1
      vertex -12.896500833829323 -2.5426937011601036 90.5
    endloop
  endfacet
  facet normal 0.7705132427757906 -0.6374239897486883 0
    outer loop
      vertex -12.594403529509341 -2.259005449564672 1
      vertex -12.330243918562674 -1.9396913325651612 1
      vertex -12.594403529509341 -2.259005449564672 90.5
    endloop
  endfacet
  facet normal 0.844327925502014 -0.5358267949789984 0
    outer loop
      vertex -12.330243918562674 -1.9396913325651612 1
      vertex -12.10818795585525 -1.5897871245356607 1
      vertex -12.330243918562674 -1.9396913325651612 90.5
    endloop
  endfacet
  facet normal 0.90482705246602 -0.42577929156507155 0
    outer loop
      vertex -12.10818795585525 -1.5897871245356607 1
      vertex -11.931737596568771 -1.2148110238594385 1
      vertex -12.10818795585525 -1.5897871245356607 90.5
    endloop
  endfacet
  facet normal 0.9510565162951536 -0.30901699437494745 0
    outer loop
      vertex -11.931737596568771 -1.2148110238594385 1
      vertex -11.803675568275517 -0.8206766276440196 1
      vertex -11.931737596568771 -1.2148110238594385 90.5
    endloop
  endfacet
  facet normal 0.982287250728689 -0.187381314585723 0
    outer loop
      vertex -11.803675568275517 -0.8206766276440196 1
      vertex -11.761579250161233 -0.6 1
      vertex -11.803675568275517 -0.8206766276440196 90.5
    endloop
  endfacet
  facet normal -0.24868988716485557 -0.9685831611286309 0
    outer loop
      vertex -15.618358338132891 -3.2415479274046723 6.026736065462765
      vertex -15.618358338132891 -3.2415479274046723 90.5
      vertex -16.019756081437325 -3.1384865037740064 90.5
    endloop
  endfacet
  facet normal -0.3681245526846759 -0.9297764858882522 0
    outer loop
      vertex -16.019756081437325 -3.1384865037740064 5.628231996813596
      vertex -16.019756081437325 -3.1384865037740064 90.5
      vertex -16.40507166216474 -2.9859292731378644 90.5
    endloop
  endfacet
  facet normal -0.12533323356431103 -0.9921147013144769 0
    outer loop
      vertex -15.6 -3.243867124850304 6.03682864725785
      vertex -15.6 -3.243867124850304 90.5
      vertex -15.618358338132891 -3.2415479274046723 90.5
    endloop
  endfacet
  facet normal 0.12533323356431103 -0.9921147013144769 0
    outer loop
      vertex -14.381641661867109 -3.2415479274046723 6.0267360654627655
      vertex -14.381641661867109 -3.2415479274046723 90.5
      vertex -14.4 -3.243867124850304 90.5
    endloop
  endfacet
  facet normal 0.24868988716485554 -0.968583161128631 -1.3129531311426875e-18
    outer loop
      vertex -14.357007846025205 -3.235223038507136 6.013193510602418
      vertex -13.980243918562675 -3.1384865037740064 90.5
      vertex -14.381641661867109 -3.2415479274046723 90.5
    endloop
  endfacet
  facet normal 0.36812455268467736 -0.9297764858882516 4.4115946302091954e-18
    outer loop
      vertex -13.948431983947364 -3.1258912678457635 5.578104408922059
      vertex -13.594928337835261 -2.9859292731378644 90.5
      vertex -13.980243918562675 -3.1384865037740064 90.5
    endloop
  endfacet
  facet normal -0.6845471059286898 -0.7289686274214104 0
    outer loop
      vertex -17.103499166170675 -2.542693701160105 1
      vertex -17.103499166170675 -2.542693701160105 90.5
      vertex -17.405596470490657 -2.259005449564672 90.5
    endloop
  endfacet
  facet normal -0.4817536741017164 -0.8763066800438629 0
    outer loop
      vertex -16.40507166216474 -2.9859292731378644 1
      vertex -16.40507166216474 -2.9859292731378644 90.5
      vertex -16.76822842343069 -2.7862821541566496 90.5
    endloop
  endfacet
  facet normal -0.5877852522924731 -0.8090169943749476 0
    outer loop
      vertex -16.76822842343069 -2.7862821541566496 1
      vertex -16.76822842343069 -2.7862821541566496 90.5
      vertex -17.103499166170675 -2.542693701160105 90.5
    endloop
  endfacet
  facet normal -0.7705132427757863 -0.6374239897486932 0
    outer loop
      vertex -17.405596470490657 -2.259005449564672 1
      vertex -17.405596470490657 -2.259005449564672 90.5
      vertex -17.669756081437328 -1.9396913325651612 90.5
    endloop
  endfacet
  facet normal -0.8443279255020159 -0.5358267949789953 0
    outer loop
      vertex -17.669756081437328 -1.9396913325651612 1
      vertex -17.669756081437328 -1.9396913325651612 90.5
      vertex -17.89181204414475 -1.5897871245356607 90.5
    endloop
  endfacet
  facet normal -0.904827052466019 -0.4257792915650735 0
    outer loop
      vertex -17.89181204414475 -1.5897871245356607 1
      vertex -17.89181204414475 -1.5897871245356607 90.5
      vertex -18.06826240343123 -1.214811023859437 90.5
    endloop
  endfacet
  facet normal -0.951056516295153 -0.3090169943749495 0
    outer loop
      vertex -18.06826240343123 -1.214811023859437 1
      vertex -18.06826240343123 -1.214811023859437 90.5
      vertex -18.196324431724484 -0.8206766276440209 90.5
    endloop
  endfacet
  facet normal -0.9822872507286907 -0.18738131458571428 0
    outer loop
      vertex -18.196324431724484 -0.8206766276440209 1
      vertex -18.196324431724484 -0.8206766276440209 90.5
      vertex -18.238420749838767 -0.6 90.5
    endloop
  endfacet
  facet normal 0.48175367410171477 -0.8763066800438637 0
    outer loop
      vertex -13.231771576569313 -2.7862821541566505 1
      vertex -13.231771576569313 -2.7862821541566505 90.5
      vertex -13.594928337835261 -2.9859292731378644 90.5
    endloop
  endfacet
  facet normal 0.5877852522924725 -0.8090169943749479 0
    outer loop
      vertex -12.896500833829323 -2.5426937011601036 1
      vertex -12.896500833829323 -2.5426937011601036 90.5
      vertex -13.231771576569313 -2.7862821541566505 90.5
    endloop
  endfacet
  facet normal 0.6845471059286881 -0.728968627421412 0
    outer loop
      vertex -12.594403529509341 -2.259005449564672 1
      vertex -12.594403529509341 -2.259005449564672 90.5
      vertex -12.896500833829323 -2.5426937011601036 90.5
    endloop
  endfacet
  facet normal 0.7705132427757906 -0.6374239897486883 0
    outer loop
      vertex -12.330243918562674 -1.9396913325651612 1
      vertex -12.330243918562674 -1.9396913325651612 90.5
      vertex -12.594403529509341 -2.259005449564672 90.5
    endloop
  endfacet
  facet normal 0.844327925502014 -0.5358267949789984 0
    outer loop
      vertex -12.10818795585525 -1.5897871245356607 1
      vertex -12.10818795585525 -1.5897871245356607 90.5
      vertex -12.330243918562674 -1.9396913325651612 90.5
    endloop
  endfacet
  facet normal 0.90482705246602 -0.42577929156507155 0
    outer loop
      vertex -11.931737596568771 -1.2148110238594385 1
      vertex -11.931737596568771 -1.2148110238594385 90.5
      vertex -12.10818795585525 -1.5897871245356607 90.5
    endloop
  endfacet
  facet normal 0.9510565162951536 -0.30901699437494745 0
    outer loop
      vertex -11.803675568275517 -0.8206766276440196 1
      vertex -11.803675568275517 -0.8206766276440196 90.5
      vertex -11.931737596568771 -1.2148110238594385 90.5
    endloop
  endfacet
  facet normal 0.982287250728689 -0.187381314585723 0
    outer loop
      vertex -11.761579250161233 -0.6 1
      vertex -11.761579250161233 -0.6 90.5
      vertex -11.803675568275517 -0.8206766276440196 90.5
    endloop
  endfacet
  facet normal 0 0 -1
    outer loop
      vertex -16.40507166216474 1.4307932067617035 0
      vertex -16.304731349030636 3.0256568135191895 0
      vertex -16.12428788751435 1.477001024472552 0
    endloop
  endfacet
  facet normal -0.9822872507286907 0.18738131458571428 0
    outer loop
      vertex -18.238420749838767 0.6 1
      vertex -18.196324431724484 0.8206766276440209 90.5
      vertex -18.196324431724484 0.8206766276440209 1
    endloop
  endfacet
  facet normal -0.951056516295153 0.3090169943749495 0
    outer loop
      vertex -18.196324431724484 0.8206766276440209 1
      vertex -18.06826240343123 1.214811023859437 90.5
      vertex -18.06826240343123 1.214811023859437 1
    endloop
  endfacet
  facet normal -0.904827052466019 0.4257792915650735 0
    outer loop
      vertex -18.06826240343123 1.214811023859437 1
      vertex -17.89181204414475 1.5897871245356607 90.5
      vertex -17.89181204414475 1.5897871245356607 1
    endloop
  endfacet
  facet normal -0.8443279255020159 0.5358267949789953 0
    outer loop
      vertex -17.89181204414475 1.5897871245356607 1
      vertex -17.669756081437328 1.9396913325651612 90.5
      vertex -17.669756081437328 1.9396913325651612 1
    endloop
  endfacet
  facet normal -0.7705132427757863 0.6374239897486932 0
    outer loop
      vertex -17.669756081437328 1.9396913325651612 1
      vertex -17.405596470490657 2.259005449564672 90.5
      vertex -17.405596470490657 2.259005449564672 1
    endloop
  endfacet
  facet normal -0.6845471059286898 0.7289686274214104 0
    outer loop
      vertex -17.405596470490657 2.259005449564672 1
      vertex -17.103499166170675 2.542693701160105 90.5
      vertex -17.103499166170675 2.542693701160105 1
    endloop
  endfacet
  facet normal -0.5877852522924731 0.8090169943749476 0
    outer loop
      vertex -17.103499166170675 2.542693701160105 1
      vertex -16.76822842343069 2.7862821541566496 90.5
      vertex -16.76822842343069 2.7862821541566496 1
    endloop
  endfacet
  facet normal -0.4817536741017156 0.8763066800438634 0
    outer loop
      vertex -16.76822842343069 2.7862821541566496 1
      vertex -16.40507166216474 2.985929273137864 90.5
      vertex -16.40507166216474 2.985929273137864 1
    endloop
  endfacet
  facet normal 0.9822872507286892 0.187381314585722 0
    outer loop
      vertex -11.761579250161233 0.6 1
      vertex -11.803675568275517 0.8206766276440208 1
      vertex -11.803675568275517 0.8206766276440208 90.5
    endloop
  endfacet
  facet normal 0.951056516295153 0.3090169943749493 0
    outer loop
      vertex -11.803675568275517 0.8206766276440208 1
      vertex -11.931737596568771 1.2148110238594372 1
      vertex -11.803675568275517 0.8206766276440208 90.5
    endloop
  endfacet
  facet normal 0.9048270524660205 0.4257792915650705 0
    outer loop
      vertex -12.10818795585525 1.5897871245356605 1
      vertex -11.931737596568771 1.2148110238594372 90.5
      vertex -11.931737596568771 1.2148110238594372 1
    endloop
  endfacet
  facet normal 0.4817536741017156 0.8763066800438634 0
    outer loop
      vertex -13.59492833783526 2.985929273137864 1
      vertex -13.231771576569312 2.7862821541566496 90.5
      vertex -13.231771576569312 2.7862821541566496 1
    endloop
  endfacet
  facet normal 0.8443279255020141 0.5358267949789982 0
    outer loop
      vertex -12.10818795585525 1.5897871245356605 1
      vertex -12.330243918562674 1.9396913325651612 1
      vertex -12.10818795585525 1.5897871245356605 90.5
    endloop
  endfacet
  facet normal 0.7705132427757893 0.6374239897486896 0
    outer loop
      vertex -12.330243918562674 1.9396913325651612 1
      vertex -12.594403529509343 2.2590054495646728 1
      vertex -12.330243918562674 1.9396913325651612 90.5
    endloop
  endfacet
  facet normal 0.6845471059286896 0.7289686274214106 0
    outer loop
      vertex -12.896500833829323 2.542693701160104 1
      vertex -12.594403529509343 2.2590054495646728 90.5
      vertex -12.594403529509343 2.2590054495646728 1
    endloop
  endfacet
  facet normal 0.5877852522924724 0.809016994374948 0
    outer loop
      vertex -13.231771576569312 2.7862821541566496 1
      vertex -12.896500833829323 2.542693701160104 90.5
      vertex -12.896500833829323 2.542693701160104 1
    endloop
  endfacet
  facet normal -0.3681245526846769 0.9297764858882519 0
    outer loop
      vertex -16.40507166216474 2.985929273137864 1
      vertex -16.019756081437325 3.1384865037740064 4.371768003186404
      vertex -16.019756081437325 3.1384865037740064 1
    endloop
  endfacet
  facet normal -0.24868988716485294 0.9685831611286315 -3.045457236815283e-16
    outer loop
      vertex -16.019756081437325 3.1384865037740064 1
      vertex -15.874762352905694 3.175714565787935 4.178543472885574
      vertex -15.764908787698428 3.2039201673639712 4.075384108669053
    endloop
  endfacet
  facet normal -0.24868988716485654 0.9685831611286306 0
    outer loop
      vertex -16.019756081437325 3.1384865037740064 1
      vertex -15.618358338132891 3.241547927404673 3.9732639345372345
      vertex -15.618358338132891 3.241547927404673 1
    endloop
  endfacet
  facet normal -0.24868988716485635 0.9685831611286306 8.453654032889271e-18
    outer loop
      vertex -16.019756081437325 3.1384865037740064 1
      vertex -15.764908787698428 3.2039201673639712 4.075384108669053
      vertex -15.642992153974795 3.2352230385071366 3.9868064893975816
    endloop
  endfacet
  facet normal -0.24868988716485974 0.96858316112863 4.2710977340472637e-16
    outer loop
      vertex -16.019756081437325 3.1384865037740064 1
      vertex -15.642992153974795 3.2352230385071366 3.9868064893975816
      vertex -15.618358338132891 3.241547927404673 3.9732639345372345
    endloop
  endfacet
  facet normal -0.3681245526846882 0.9297764858882475 8.497346892086254e-16
    outer loop
      vertex -16.40507166216474 2.985929273137864 1
      vertex -16.19053764157737 3.0708693007283894 4.849600119722835
      vertex -16.162299793354357 3.08204945574806 4.7015721354021744
    endloop
  endfacet
  facet normal -0.3681245526846598 0.9297764858882587 -9.861676695149411e-16
    outer loop
      vertex -16.40507166216474 2.985929273137864 1
      vertex -16.2 3.0671228879995884 5
      vertex -16.19053764157737 3.0708693007283894 4.849600119722835
    endloop
  endfacet
  facet normal -0.368124552684671 0.9297764858882542 -4.515557803243871e-16
    outer loop
      vertex -16.40507166216474 2.985929273137864 1
      vertex -16.162299793354357 3.08204945574806 4.7015721354021744
      vertex -16.1157317830659 3.1004870353352403 4.558250536778386
    endloop
  endfacet
  facet normal -0.36812455268467714 0.9297764858882516 1.2047228256761262e-16
    outer loop
      vertex -16.40507166216474 2.985929273137864 1
      vertex -16.1157317830659 3.1004870353352403 4.558250536778386
      vertex -16.051568016052634 3.1258912678457635 4.421895591077941
    endloop
  endfacet
  facet normal -0.3681245526846834 0.9297764858882491 8.664859860799344e-16
    outer loop
      vertex -16.40507166216474 2.985929273137864 1
      vertex -16.051568016052634 3.1258912678457635 4.421895591077941
      vertex -16.019756081437325 3.1384865037740064 4.371768003186404
    endloop
  endfacet
  facet normal -0.2486898871648589 0.9685831611286301 0
    outer loop
      vertex -16.019756081437325 3.1384865037740064 1
      vertex -16.019756081437325 3.1384865037740064 4.371768003186404
      vertex -15.970820393249937 3.1510510529650904 4.294657697249033
    endloop
  endfacet
  facet normal -0.24868988716485918 0.96858316112863 4.5635513770919734e-18
    outer loop
      vertex -16.019756081437325 3.1384865037740064 1
      vertex -15.970820393249937 3.1510510529650904 4.294657697249033
      vertex -15.874762352905694 3.175714565787935 4.178543472885574
    endloop
  endfacet
  facet normal -0.125333233564311 0.9921147013144769 0
    outer loop
      vertex -15.618358338132891 3.241547927404673 1
      vertex -15.6 3.2438671248503046 3.9631713527421497
      vertex -15.6 3.2438671248503046 1
    endloop
  endfacet
  facet normal -0.12533323356431103 0.992114701314477 0
    outer loop
      vertex -15.618358338132891 3.241547927404673 1
      vertex -15.618358338132891 3.241547927404673 3.9732639345372345
      vertex -15.6 3.2438671248503046 3.9631713527421497
    endloop
  endfacet
  facet normal 0.24868988716485294 0.9685831611286315 -3.045457236815283e-16
    outer loop
      vertex -13.980243918562675 3.1384865037740064 1
      vertex -14.235091212301572 3.2039201673639712 4.075384108669053
      vertex -14.125237647094306 3.175714565787935 4.178543472885574
    endloop
  endfacet
  facet normal 0.3681245526846769 0.9297764858882519 0
    outer loop
      vertex -13.59492833783526 2.985929273137864 1
      vertex -13.980243918562675 3.1384865037740064 1
      vertex -13.980243918562675 3.1384865037740064 4.371768003186404
    endloop
  endfacet
  facet normal 0.125333233564311 0.9921147013144769 0
    outer loop
      vertex -14.4 3.2438671248503046 1
      vertex -14.4 3.2438671248503046 3.9631713527421497
      vertex -14.381641661867109 3.241547927404673 1
    endloop
  endfacet
  facet normal 0.2486898871648566 0.9685831611286306 0
    outer loop
      vertex -14.381641661867109 3.241547927404673 1
      vertex -14.381641661867109 3.241547927404673 3.973263934537235
      vertex -13.980243918562675 3.1384865037740064 1
    endloop
  endfacet
  facet normal 0.125333233564311 0.9921147013144769 0
    outer loop
      vertex -14.381641661867109 3.241547927404673 1
      vertex -14.4 3.2438671248503046 3.9631713527421497
      vertex -14.381641661867109 3.241547927404673 3.973263934537235
    endloop
  endfacet
  facet normal 0.2486898871648597 0.9685831611286299 4.271097734047275e-16
    outer loop
      vertex -13.980243918562675 3.1384865037740064 1
      vertex -14.381641661867109 3.241547927404673 3.973263934537235
      vertex -14.357007846025205 3.2352230385071366 3.9868064893975816
    endloop
  endfacet
  facet normal 0.24868988716485635 0.9685831611286306 8.453654032889271e-18
    outer loop
      vertex -13.980243918562675 3.1384865037740064 1
      vertex -14.357007846025205 3.2352230385071366 3.9868064893975816
      vertex -14.235091212301572 3.2039201673639712 4.075384108669053
    endloop
  endfacet
  facet normal 0.36812455268466837 0.9297764858882552 -1.1213348055151636e-15
    outer loop
      vertex -13.59492833783526 2.985929273137864 1
      vertex -13.980243918562675 3.1384865037740064 4.371768003186404
      vertex -13.948431983947364 3.1258912678457635 4.421895591077941
    endloop
  endfacet
  facet normal 0.3681245526846773 0.9297764858882516 -4.818891302704507e-17
    outer loop
      vertex -13.59492833783526 2.985929273137864 1
      vertex -13.948431983947364 3.1258912678457635 4.421895591077941
      vertex -13.884268216934098 3.1004870353352403 4.558250536778386
    endloop
  endfacet
  facet normal 0.24868988716485918 0.96858316112863 4.5635513770919734e-18
    outer loop
      vertex -13.980243918562675 3.1384865037740064 1
      vertex -14.125237647094306 3.175714565787935 4.178543472885574
      vertex -14.029179606750063 3.1510510529650904 4.294657697249033
    endloop
  endfacet
  facet normal 0.2486898871648589 0.9685831611286301 0
    outer loop
      vertex -13.980243918562675 3.1384865037740064 1
      vertex -14.029179606750063 3.1510510529650904 4.294657697249033
      vertex -13.980243918562675 3.1384865037740064 4.371768003186404
    endloop
  endfacet
  facet normal 0.3681245526846808 0.9297764858882502 3.1141777953406837e-16
    outer loop
      vertex -13.59492833783526 2.985929273137864 1
      vertex -13.884268216934098 3.1004870353352403 4.558250536778386
      vertex -13.837700206645643 3.08204945574806 4.7015721354021744
    endloop
  endfacet
  facet normal 0.3681245526846733 0.9297764858882532 -2.75589628932516e-16
    outer loop
      vertex -13.59492833783526 2.985929273137864 1
      vertex -13.837700206645643 3.08204945574806 4.7015721354021744
      vertex -13.809462358422627 3.0708693007283894 4.849600119722835
    endloop
  endfacet
  facet normal 0.36812455268469274 0.9297764858882456 9.392073043000278e-16
    outer loop
      vertex -13.59492833783526 2.985929273137864 1
      vertex -13.809462358422627 3.0708693007283894 4.849600119722835
      vertex -13.8 3.0671228879995884 5
    endloop
  endfacet
  facet normal -0.3681245526846763 0.929776485888252 0
    outer loop
      vertex -16.40507166216474 2.985929273137864 1
      vertex -16.40507166216474 2.985929273137864 90.5
      vertex -16.2 3.0671228879995884 5
    endloop
  endfacet
  facet normal -0.3681245526846462 0.929776485888264 8.06573152001852e-17
    outer loop
      vertex -16.40507166216474 2.985929273137864 90.5
      vertex -16.19053764157737 3.0708693007283894 5.150399880277165
      vertex -16.2 3.0671228879995884 5
    endloop
  endfacet
  facet normal -0.3681245526846925 0.9297764858882456 -4.887899264818207e-17
    outer loop
      vertex -16.40507166216474 2.985929273137864 90.5
      vertex -16.162299793354357 3.08204945574806 5.2984278645978256
      vertex -16.19053764157737 3.0708693007283894 5.150399880277165
    endloop
  endfacet
  facet normal -0.3681245526846695 0.9297764858882547 2.337273717492928e-17
    outer loop
      vertex -16.40507166216474 2.985929273137864 90.5
      vertex -16.1157317830659 3.1004870353352403 5.441749463221614
      vertex -16.162299793354357 3.08204945574806 5.2984278645978256
    endloop
  endfacet
  facet normal -0.3681245526846772 0.9297764858882517 -5.868192173711672e-18
    outer loop
      vertex -16.40507166216474 2.985929273137864 90.5
      vertex -16.051568016052634 3.1258912678457635 5.578104408922059
      vertex -16.1157317830659 3.1004870353352403 5.441749463221614
    endloop
  endfacet
  facet normal -0.36812455268468497 0.9297764858882487 0
    outer loop
      vertex -16.019756081437325 3.1384865037740064 5.628231996813596
      vertex -16.051568016052634 3.1258912678457635 5.578104408922059
      vertex -16.019756081437325 3.1384865037740064 90.5
    endloop
  endfacet
  facet normal -0.24868988716485896 0.9685831611286302 0
    outer loop
      vertex -16.019756081437325 3.1384865037740064 90.5
      vertex -15.970820393249937 3.1510510529650904 5.705342302750967
      vertex -16.019756081437325 3.1384865037740064 5.628231996813596
    endloop
  endfacet
  facet normal -0.2486898871648592 0.96858316112863 -1.803724272972793e-19
    outer loop
      vertex -16.019756081437325 3.1384865037740064 90.5
      vertex -15.874762352905694 3.175714565787935 5.821456527114426
      vertex -15.970820393249937 3.1510510529650904 5.705342302750967
    endloop
  endfacet
  facet normal -0.24868988716485269 0.9685831611286315 1.190216073687851e-17
    outer loop
      vertex -16.019756081437325 3.1384865037740064 90.5
      vertex -15.764908787698428 3.2039201673639712 5.924615891330947
      vertex -15.874762352905694 3.175714565787935 5.821456527114426
    endloop
  endfacet
  facet normal -0.2486898871648564 0.9685831611286306 -3.2519246998146886e-19
    outer loop
      vertex -16.019756081437325 3.1384865037740064 90.5
      vertex -15.642992153974795 3.2352230385071366 6.013193510602418
      vertex -15.764908787698428 3.2039201673639712 5.924615891330947
    endloop
  endfacet
  facet normal -0.2486898871648598 0.9685831611286297 0
    outer loop
      vertex -15.618358338132891 3.241547927404673 6.0267360654627655
      vertex -15.642992153974795 3.2352230385071366 6.013193510602418
      vertex -15.618358338132891 3.241547927404673 90.5
    endloop
  endfacet
  facet normal -0.12533323356431103 0.9921147013144769 0
    outer loop
      vertex -15.6 3.2438671248503046 6.036828647257851
      vertex -15.618358338132891 3.241547927404673 6.0267360654627655
      vertex -15.6 3.2438671248503046 90.5
    endloop
  endfacet
  facet normal 0.24868988716485269 0.9685831611286315 1.190216073687851e-17
    outer loop
      vertex -13.980243918562675 3.1384865037740064 90.5
      vertex -14.125237647094306 3.175714565787935 5.821456527114426
      vertex -14.235091212301572 3.2039201673639712 5.924615891330947
    endloop
  endfacet
  facet normal 0.36812455268466726 0.9297764858882557 5.0417184702592095e-17
    outer loop
      vertex -13.980243918562675 3.1384865037740064 5.628231996813596
      vertex -13.59492833783526 2.985929273137864 90.5
      vertex -13.948431983947364 3.1258912678457635 5.578104408922059
    endloop
  endfacet
  facet normal 0.3681245526846772 0.9297764858882517 2.3472768694846687e-18
    outer loop
      vertex -13.59492833783526 2.985929273137864 90.5
      vertex -13.884268216934098 3.1004870353352403 5.441749463221614
      vertex -13.948431983947364 3.1258912678457635 5.578104408922059
    endloop
  endfacet
  facet normal 0.24868988716485896 0.9685831611286302 0
    outer loop
      vertex -13.980243918562675 3.1384865037740064 5.628231996813596
      vertex -14.029179606750063 3.1510510529650904 5.705342302750967
      vertex -13.980243918562675 3.1384865037740064 90.5
    endloop
  endfacet
  facet normal 0.2486898871648592 0.96858316112863 -1.803724272972793e-19
    outer loop
      vertex -13.980243918562675 3.1384865037740064 90.5
      vertex -14.029179606750063 3.1510510529650904 5.705342302750967
      vertex -14.125237647094306 3.175714565787935 5.821456527114426
    endloop
  endfacet
  facet normal 0.12533323356431103 0.9921147013144769 0
    outer loop
      vertex -14.381641661867109 3.241547927404673 6.0267360654627655
      vertex -14.4 3.2438671248503046 6.03682864725785
      vertex -14.381641661867109 3.241547927404673 90.5
    endloop
  endfacet
  facet normal 0.2486898871648598 0.9685831611286297 -1.63082815385234e-17
    outer loop
      vertex -14.381641661867109 3.241547927404673 6.0267360654627655
      vertex -13.980243918562675 3.1384865037740064 90.5
      vertex -14.357007846025205 3.2352230385071366 6.013193510602418
    endloop
  endfacet
  facet normal 0.2486898871648564 0.9685831611286306 -3.2519246998146886e-19
    outer loop
      vertex -13.980243918562675 3.1384865037740064 90.5
      vertex -14.235091212301572 3.2039201673639712 5.924615891330947
      vertex -14.357007846025205 3.2352230385071366 6.013193510602418
    endloop
  endfacet
  facet normal 0.3681245526846763 0.929776485888252 0
    outer loop
      vertex -13.59492833783526 2.985929273137864 1
      vertex -13.8 3.0671228879995884 5
      vertex -13.59492833783526 2.985929273137864 90.5
    endloop
  endfacet
  facet normal 0.3681245526847041 0.929776485888241 -7.681649066685512e-17
    outer loop
      vertex -13.59492833783526 2.985929273137864 90.5
      vertex -13.8 3.0671228879995884 5
      vertex -13.809462358422627 3.0708693007283894 5.150399880277165
    endloop
  endfacet
  facet normal 0.36812455268467265 0.9297764858882536 1.585264626427441e-17
    outer loop
      vertex -13.59492833783526 2.985929273137864 90.5
      vertex -13.809462358422627 3.0708693007283894 5.150399880277165
      vertex -13.837700206645643 3.08204945574806 5.2984278645978256
    endloop
  endfacet
  facet normal 0.36812455268468164 0.9297764858882499 -1.6119129086158657e-17
    outer loop
      vertex -13.59492833783526 2.985929273137864 90.5
      vertex -13.837700206645643 3.08204945574806 5.2984278645978256
      vertex -13.884268216934098 3.1004870353352403 5.441749463221614
    endloop
  endfacet
  facet normal -0.9822872507286907 0.18738131458571428 0
    outer loop
      vertex -18.238420749838767 0.6 1
      vertex -18.238420749838767 0.6 90.5
      vertex -18.196324431724484 0.8206766276440209 90.5
    endloop
  endfacet
  facet normal -0.951056516295153 0.3090169943749495 0
    outer loop
      vertex -18.196324431724484 0.8206766276440209 1
      vertex -18.196324431724484 0.8206766276440209 90.5
      vertex -18.06826240343123 1.214811023859437 90.5
    endloop
  endfacet
  facet normal -0.904827052466019 0.4257792915650735 0
    outer loop
      vertex -18.06826240343123 1.214811023859437 1
      vertex -18.06826240343123 1.214811023859437 90.5
      vertex -17.89181204414475 1.5897871245356607 90.5
    endloop
  endfacet
  facet normal -0.8443279255020159 0.5358267949789953 0
    outer loop
      vertex -17.89181204414475 1.5897871245356607 1
      vertex -17.89181204414475 1.5897871245356607 90.5
      vertex -17.669756081437328 1.9396913325651612 90.5
    endloop
  endfacet
  facet normal -0.7705132427757863 0.6374239897486932 0
    outer loop
      vertex -17.669756081437328 1.9396913325651612 1
      vertex -17.669756081437328 1.9396913325651612 90.5
      vertex -17.405596470490657 2.259005449564672 90.5
    endloop
  endfacet
  facet normal -0.6845471059286898 0.7289686274214104 0
    outer loop
      vertex -17.405596470490657 2.259005449564672 1
      vertex -17.405596470490657 2.259005449564672 90.5
      vertex -17.103499166170675 2.542693701160105 90.5
    endloop
  endfacet
  facet normal -0.5877852522924731 0.8090169943749476 0
    outer loop
      vertex -17.103499166170675 2.542693701160105 1
      vertex -17.103499166170675 2.542693701160105 90.5
      vertex -16.76822842343069 2.7862821541566496 90.5
    endloop
  endfacet
  facet normal -0.4817536741017156 0.8763066800438634 0
    outer loop
      vertex -16.76822842343069 2.7862821541566496 1
      vertex -16.76822842343069 2.7862821541566496 90.5
      vertex -16.40507166216474 2.985929273137864 90.5
    endloop
  endfacet
  facet normal 0.951056516295153 0.3090169943749493 0
    outer loop
      vertex -11.931737596568771 1.2148110238594372 1
      vertex -11.931737596568771 1.2148110238594372 90.5
      vertex -11.803675568275517 0.8206766276440208 90.5
    endloop
  endfacet
  facet normal 0.9048270524660205 0.4257792915650705 0
    outer loop
      vertex -12.10818795585525 1.5897871245356605 1
      vertex -12.10818795585525 1.5897871245356605 90.5
      vertex -11.931737596568771 1.2148110238594372 90.5
    endloop
  endfacet
  facet normal 0.9822872507286893 0.187381314585722 0
    outer loop
      vertex -11.761579250161233 0.6 1
      vertex -11.803675568275517 0.8206766276440208 100
      vertex -11.761579250161233 0.6 91
    endloop
  endfacet
  facet normal 0.9822872507286893 0.18738131458572177 0
    outer loop
      vertex -11.761579250161233 0.6 1
      vertex -11.803675568275517 0.8206766276440208 90.5
      vertex -11.803675568275517 0.8206766276440208 100
    endloop
  endfacet
  facet normal 0.4817536741017156 0.8763066800438634 0
    outer loop
      vertex -13.59492833783526 2.985929273137864 1
      vertex -13.59492833783526 2.985929273137864 90.5
      vertex -13.231771576569312 2.7862821541566496 90.5
    endloop
  endfacet
  facet normal 0.8443279255020141 0.5358267949789982 0
    outer loop
      vertex -12.330243918562674 1.9396913325651612 1
      vertex -12.330243918562674 1.9396913325651612 90.5
      vertex -12.10818795585525 1.5897871245356605 90.5
    endloop
  endfacet
  facet normal 0.7705132427757893 0.6374239897486896 0
    outer loop
      vertex -12.594403529509343 2.2590054495646728 1
      vertex -12.594403529509343 2.2590054495646728 90.5
      vertex -12.330243918562674 1.9396913325651612 90.5
    endloop
  endfacet
  facet normal 0.6845471059286896 0.7289686274214106 0
    outer loop
      vertex -12.896500833829323 2.542693701160104 1
      vertex -12.896500833829323 2.542693701160104 90.5
      vertex -12.594403529509343 2.2590054495646728 90.5
    endloop
  endfacet
  facet normal 0.5877852522924724 0.809016994374948 0
    outer loop
      vertex -13.231771576569312 2.7862821541566496 1
      vertex -13.231771576569312 2.7862821541566496 90.5
      vertex -12.896500833829323 2.542693701160104 90.5
    endloop
  endfacet
  facet normal 0.9822872507286874 0.18738131458573087 0
    outer loop
      vertex -11.761579250161233 0.6 91
      vertex -11.726021485662223 0.41359967076220405 100
      vertex -11.726021485662223 0.41359967076220405 91
    endloop
  endfacet
  facet normal 0.9822872507286884 0.18738131458572604 -1.0371811076675737e-16
    outer loop
      vertex -11.761579250161233 0.6 91
      vertex -11.803675568275517 0.8206766276440208 100
      vertex -11.726021485662223 0.41359967076220405 100
    endloop
  endfacet
  facet normal -0.36812455268467686 0.9297764858882519 -3.3518260877566925e-18
    outer loop
      vertex -16.40507166216474 2.985929273137864 90.5
      vertex -16.019756081437325 3.1384865037740064 90.5
      vertex -16.051568016052634 3.1258912678457635 5.578104408922059
    endloop
  endfacet
  facet normal -0.2486898871648566 0.9685831611286307 -9.90908023503915e-19
    outer loop
      vertex -16.019756081437325 3.1384865037740064 90.5
      vertex -15.618358338132891 3.241547927404673 90.5
      vertex -15.642992153974795 3.2352230385071366 6.013193510602418
    endloop
  endfacet
  facet normal -0.12533323356431103 0.9921147013144769 0
    outer loop
      vertex -15.618358338132891 3.241547927404673 90.5
      vertex -15.6 3.2438671248503046 90.5
      vertex -15.618358338132891 3.241547927404673 6.0267360654627655
    endloop
  endfacet
  facet normal 0.36812455268467686 0.9297764858882518 0
    outer loop
      vertex -13.980243918562675 3.1384865037740064 5.628231996813596
      vertex -13.980243918562675 3.1384865037740064 90.5
      vertex -13.59492833783526 2.985929273137864 90.5
    endloop
  endfacet
  facet normal 0.12533323356431103 0.9921147013144769 0
    outer loop
      vertex -14.4 3.2438671248503046 6.03682864725785
      vertex -14.4 3.2438671248503046 90.5
      vertex -14.381641661867109 3.241547927404673 90.5
    endloop
  endfacet
  facet normal 0.2486898871648566 0.9685831611286306 0
    outer loop
      vertex -14.381641661867109 3.241547927404673 6.0267360654627655
      vertex -14.381641661867109 3.241547927404673 90.5
      vertex -13.980243918562675 3.1384865037740064 90.5
    endloop
  endfacet
  facet normal -0.12533323356431778 0.9921147013144761 3.0465182865818933e-17
    outer loop
      vertex -15.592272908267773 3.244843283546033 91.17705032710207
      vertex -15.598794825892822 3.2440193737461835 91.12178280151765
      vertex -15.570834847194373 3.2475515404765254 93.94713767430534
    endloop
  endfacet
  facet normal -0.12533323356430312 0.992114701314478 -8.504736287529175e-17
    outer loop
      vertex -15.592272908267773 3.244843283546033 91.17705032710207
      vertex -15.570834847194373 3.2475515404765254 93.94713767430534
      vertex -15.510935149878087 3.2551186320076018 93.91420753704078
    endloop
  endfacet
  facet normal -0.2486898871648556 -0.968583161128631 0
    outer loop
      vertex 13.980243918562675 -3.1384865037740064 1
      vertex 14.381641661867109 -3.2415479274046723 1
      vertex 14.381641661867109 -3.2415479274046723 3.973263934537235
    endloop
  endfacet
  facet normal -0.125333233564311 -0.9921147013144769 0
    outer loop
      vertex 14.381641661867109 -3.2415479274046723 1
      vertex 14.4 -3.243867124850304 1
      vertex 14.4 -3.243867124850304 3.9631713527421497
    endloop
  endfacet
  facet normal -0.2486898871648533 -0.9685831611286314 -2.7051692905245693e-16
    outer loop
      vertex 13.980243918562675 -3.1384865037740064 1
      vertex 14.357007846025205 -3.235223038507136 3.9868064893975816
      vertex 14.235091212301572 -3.2039201673639712 4.075384108669053
    endloop
  endfacet
  facet normal -0.2486898871648597 -0.9685831611286299 5.979536827666185e-16
    outer loop
      vertex 13.980243918562675 -3.1384865037740064 1
      vertex 14.381641661867109 -3.2415479274046723 3.973263934537235
      vertex 14.357007846025205 -3.235223038507136 3.9868064893975816
    endloop
  endfacet
  facet normal -0.125333233564311 -0.9921147013144769 0
    outer loop
      vertex 14.381641661867109 -3.2415479274046723 1
      vertex 14.4 -3.243867124850304 3.9631713527421497
      vertex 14.381641661867109 -3.2415479274046723 3.973263934537235
    endloop
  endfacet
  facet normal -0.36812455268467736 -0.9297764858882516 0
    outer loop
      vertex 13.980243918562675 -3.1384865037740064 1
      vertex 13.980243918562675 -3.1384865037740064 4.371768003186404
      vertex 13.594928337835261 -2.9859292731378644 1
    endloop
  endfacet
  facet normal -0.24868988716485294 -0.9685831611286315 -3.045457236815283e-16
    outer loop
      vertex 13.980243918562675 -3.1384865037740064 1
      vertex 14.235091212301572 -3.2039201673639712 4.075384108669053
      vertex 14.125237647094306 -3.175714565787935 4.178543472885574
    endloop
  endfacet
  facet normal -0.3681245526846813 -0.9297764858882501 2.491342236272552e-16
    outer loop
      vertex 13.594928337835261 -2.9859292731378644 1
      vertex 13.884268216934098 -3.1004870353352403 4.558250536778386
      vertex 13.837700206645643 -3.08204945574806 4.7015721354021744
    endloop
  endfacet
  facet normal -0.3681245526846931 -0.9297764858882454 8.922469390850292e-16
    outer loop
      vertex 13.594928337835261 -2.9859292731378644 1
      vertex 13.809462358422627 -3.0708693007283894 4.849600119722835
      vertex 13.8 -3.0671228879995884 5
    endloop
  endfacet
  facet normal -0.36812455268467387 -0.9297764858882531 -2.985554313435595e-16
    outer loop
      vertex 13.594928337835261 -2.9859292731378644 1
      vertex 13.837700206645643 -3.08204945574806 4.7015721354021744
      vertex 13.809462358422627 -3.0708693007283894 4.849600119722835
    endloop
  endfacet
  facet normal -0.2486898871648589 -0.9685831611286301 0
    outer loop
      vertex 13.980243918562675 -3.1384865037740064 1
      vertex 14.029179606750063 -3.1510510529650904 4.294657697249033
      vertex 13.980243918562675 -3.1384865037740064 4.371768003186404
    endloop
  endfacet
  facet normal -0.24868988716485918 -0.96858316112863 4.5635513770919734e-18
    outer loop
      vertex 13.980243918562675 -3.1384865037740064 1
      vertex 14.125237647094306 -3.175714565787935 4.178543472885574
      vertex 14.029179606750063 -3.1510510529650904 4.294657697249033
    endloop
  endfacet
  facet normal -0.3681245526846687 -0.929776485888255 -1.1213348055151632e-15
    outer loop
      vertex 13.594928337835261 -2.9859292731378644 1
      vertex 13.980243918562675 -3.1384865037740064 4.371768003186404
      vertex 13.948431983947364 -3.1258912678457635 4.421895591077941
    endloop
  endfacet
  facet normal -0.36812455268467753 -0.9297764858882515 -9.637782605409025e-17
    outer loop
      vertex 13.594928337835261 -2.9859292731378644 1
      vertex 13.948431983947364 -3.1258912678457635 4.421895591077941
      vertex 13.884268216934098 -3.1004870353352403 4.558250536778386
    endloop
  endfacet
  facet normal 0.12533323356431103 -0.992114701314477 0
    outer loop
      vertex 15.6 -3.243867124850304 1
      vertex 15.618358338132891 -3.2415479274046723 1
      vertex 15.6 -3.243867124850304 3.96317135274215
    endloop
  endfacet
  facet normal 0.125333233564311 -0.9921147013144769 0
    outer loop
      vertex 15.618358338132891 -3.2415479274046723 1
      vertex 15.618358338132891 -3.2415479274046723 3.9732639345372354
      vertex 15.6 -3.243867124850304 3.96317135274215
    endloop
  endfacet
  facet normal 0.24868988716485554 -0.9685831611286309 0
    outer loop
      vertex 15.618358338132891 -3.2415479274046723 1
      vertex 16.019756081437325 -3.1384865037740064 1
      vertex 15.618358338132891 -3.2415479274046723 3.9732639345372354
    endloop
  endfacet
  facet normal 0.24868988716485907 -0.9685831611286301 5.979536827666186e-16
    outer loop
      vertex 16.019756081437325 -3.1384865037740064 1
      vertex 15.642992153974795 -3.235223038507136 3.9868064893975816
      vertex 15.618358338132891 -3.2415479274046723 3.9732639345372354
    endloop
  endfacet
  facet normal 0.2486898871648533 -0.9685831611286314 -2.7051692905245693e-16
    outer loop
      vertex 16.019756081437325 -3.1384865037740064 1
      vertex 15.764908787698428 -3.2039201673639712 4.075384108669053
      vertex 15.642992153974795 -3.235223038507136 3.9868064893975816
    endloop
  endfacet
  facet normal 0.24868988716485294 -0.9685831611286315 -3.045457236815283e-16
    outer loop
      vertex 16.019756081437325 -3.1384865037740064 1
      vertex 15.874762352905694 -3.175714565787935 4.178543472885574
      vertex 15.764908787698428 -3.2039201673639712 4.075384108669053
    endloop
  endfacet
  facet normal 0.3681245526846759 -0.9297764858882522 0
    outer loop
      vertex 16.019756081437325 -3.1384865037740064 1
      vertex 16.40507166216474 -2.9859292731378644 1
      vertex 16.019756081437325 -3.1384865037740064 4.371768003186404
    endloop
  endfacet
  facet normal 0.24868988716485918 -0.96858316112863 4.5635513770919734e-18
    outer loop
      vertex 16.019756081437325 -3.1384865037740064 1
      vertex 15.970820393249937 -3.1510510529650904 4.294657697249033
      vertex 15.874762352905694 -3.175714565787935 4.178543472885574
    endloop
  endfacet
  facet normal 0.2486898871648589 -0.9685831611286301 0
    outer loop
      vertex 16.019756081437325 -3.1384865037740064 1
      vertex 16.019756081437325 -3.1384865037740064 4.371768003186404
      vertex 15.970820393249937 -3.1510510529650904 4.294657697249033
    endloop
  endfacet
  facet normal 0.3681245526846838 -0.9297764858882491 1.0193952777410994e-15
    outer loop
      vertex 16.40507166216474 -2.9859292731378644 1
      vertex 16.051568016052634 -3.1258912678457635 4.421895591077941
      vertex 16.019756081437325 -3.1384865037740064 4.371768003186404
    endloop
  endfacet
  facet normal 0.36812455268467703 -0.9297764858882518 2.1685010862170276e-16
    outer loop
      vertex 16.40507166216474 -2.9859292731378644 1
      vertex 16.1157317830659 -3.1004870353352403 4.558250536778386
      vertex 16.051568016052634 -3.1258912678457635 4.421895591077941
    endloop
  endfacet
  facet normal 0.3681245526846707 -0.9297764858882542 -3.73701335440872e-16
    outer loop
      vertex 16.40507166216474 -2.9859292731378644 1
      vertex 16.162299793354357 -3.08204945574806 4.7015721354021744
      vertex 16.1157317830659 -3.1004870353352403 4.558250536778386
    endloop
  endfacet
  facet normal 0.3681245526846882 -0.9297764858882475 9.415978988528011e-16
    outer loop
      vertex 16.40507166216474 -2.9859292731378644 1
      vertex 16.19053764157737 -3.0708693007283894 4.849600119722835
      vertex 16.162299793354357 -3.08204945574806 4.7015721354021744
    endloop
  endfacet
  facet normal 0.36812455268465916 -0.9297764858882588 -9.392073042999441e-16
    outer loop
      vertex 16.40507166216474 -2.9859292731378644 1
      vertex 16.2 -3.0671228879995884 5
      vertex 16.19053764157737 -3.0708693007283894 4.849600119722835
    endloop
  endfacet
  facet normal -0.3681245526846773 -0.9297764858882517 0
    outer loop
      vertex 13.594928337835261 -2.9859292731378644 1
      vertex 13.8 -3.0671228879995884 5
      vertex 13.594928337835261 -2.9859292731378644 90.5
    endloop
  endfacet
  facet normal -0.36812455268470545 -0.9297764858882405 -7.297566613351264e-17
    outer loop
      vertex 13.594928337835261 -2.9859292731378644 90.5
      vertex 13.8 -3.0671228879995884 5
      vertex 13.809462358422627 -3.0708693007283894 5.150399880277165
    endloop
  endfacet
  facet normal -0.36812455268468164 -0.9297764858882499 -1.2895303268926925e-17
    outer loop
      vertex 13.594928337835261 -2.9859292731378644 90.5
      vertex 13.837700206645643 -3.08204945574806 5.2984278645978256
      vertex 13.884268216934098 -3.1004870353352403 5.441749463221614
    endloop
  endfacet
  facet normal -0.36812455268467204 -0.9297764858882537 1.7173700119630614e-17
    outer loop
      vertex 13.594928337835261 -2.9859292731378644 90.5
      vertex 13.809462358422627 -3.0708693007283894 5.150399880277165
      vertex 13.837700206645643 -3.08204945574806 5.2984278645978256
    endloop
  endfacet
  facet normal -0.24868988716485316 -0.9685831611286316 1.0406159039407014e-17
    outer loop
      vertex 13.980243918562675 -3.1384865037740064 90.5
      vertex 14.235091212301572 -3.2039201673639712 5.924615891330947
      vertex 14.357007846025205 -3.235223038507136 6.013193510602418
    endloop
  endfacet
  facet normal -0.24868988716485976 -0.9685831611286297 -2.1341701766462724e-17
    outer loop
      vertex 14.381641661867109 -3.2415479274046723 6.026736065462765
      vertex 13.980243918562675 -3.1384865037740064 90.5
      vertex 14.357007846025205 -3.235223038507136 6.013193510602418
    endloop
  endfacet
  facet normal -0.12533323356431103 -0.9921147013144769 0
    outer loop
      vertex 14.381641661867109 -3.2415479274046723 6.026736065462765
      vertex 14.4 -3.243867124850304 6.03682864725785
      vertex 14.381641661867109 -3.2415479274046723 90.5
    endloop
  endfacet
  facet normal -0.24868988716485896 -0.9685831611286302 0
    outer loop
      vertex 13.980243918562675 -3.1384865037740064 5.628231996813596
      vertex 14.029179606750063 -3.1510510529650904 5.705342302750967
      vertex 13.980243918562675 -3.1384865037740064 90.5
    endloop
  endfacet
  facet normal -0.2486898871648592 -0.96858316112863 -1.803724272972793e-19
    outer loop
      vertex 13.980243918562675 -3.1384865037740064 90.5
      vertex 14.029179606750063 -3.1510510529650904 5.705342302750967
      vertex 14.125237647094306 -3.175714565787935 5.821456527114426
    endloop
  endfacet
  facet normal -0.3681245526846772 -0.9297764858882517 4.6945537389693374e-18
    outer loop
      vertex 13.594928337835261 -2.9859292731378644 90.5
      vertex 13.884268216934098 -3.1004870353352403 5.441749463221614
      vertex 13.948431983947364 -3.1258912678457635 5.578104408922059
    endloop
  endfacet
  facet normal -0.36812455268466726 -0.9297764858882557 5.3086329775082264e-17
    outer loop
      vertex 13.980243918562675 -3.1384865037740064 5.628231996813596
      vertex 13.594928337835261 -2.9859292731378644 90.5
      vertex 13.948431983947364 -3.1258912678457635 5.578104408922059
    endloop
  endfacet
  facet normal -0.24868988716485269 -0.9685831611286315 1.190216073687851e-17
    outer loop
      vertex 13.980243918562675 -3.1384865037740064 90.5
      vertex 14.125237647094306 -3.175714565787935 5.821456527114426
      vertex 14.235091212301572 -3.2039201673639712 5.924615891330947
    endloop
  endfacet
  facet normal 0.12533323356431103 -0.9921147013144769 0
    outer loop
      vertex 15.6 -3.243867124850304 6.036828647257851
      vertex 15.618358338132891 -3.2415479274046723 6.0267360654627655
      vertex 15.6 -3.243867124850304 90.5
    endloop
  endfacet
  facet normal 0.2486898871648598 -0.9685831611286297 0
    outer loop
      vertex 15.618358338132891 -3.2415479274046723 6.0267360654627655
      vertex 15.642992153974795 -3.235223038507136 6.013193510602418
      vertex 15.618358338132891 -3.2415479274046723 90.5
    endloop
  endfacet
  facet normal 0.24868988716485316 -0.9685831611286316 1.0406159039407014e-17
    outer loop
      vertex 15.764908787698428 -3.2039201673639712 5.924615891330947
      vertex 16.019756081437325 -3.1384865037740064 90.5
      vertex 15.642992153974795 -3.235223038507136 6.013193510602418
    endloop
  endfacet
  facet normal 0.36812455268467453 -0.9297764858882527 0
    outer loop
      vertex 16.40507166216474 -2.9859292731378644 1
      vertex 16.40507166216474 -2.9859292731378644 90.5
      vertex 16.2 -3.0671228879995884 5
    endloop
  endfacet
  facet normal 0.24868988716485269 -0.9685831611286315 1.1811992852508219e-17
    outer loop
      vertex 15.874762352905694 -3.175714565787935 5.821456527114426
      vertex 16.019756081437325 -3.1384865037740064 90.5
      vertex 15.764908787698428 -3.2039201673639712 5.924615891330947
    endloop
  endfacet
  facet normal 0.24868988716485896 -0.9685831611286302 0
    outer loop
      vertex 16.019756081437325 -3.1384865037740064 5.628231996813596
      vertex 16.019756081437325 -3.1384865037740064 90.5
      vertex 15.970820393249937 -3.1510510529650904 5.705342302750967
    endloop
  endfacet
  facet normal 0.24868988716485915 -0.96858316112863 -1.8037242729727925e-19
    outer loop
      vertex 15.970820393249937 -3.1510510529650904 5.705342302750967
      vertex 16.019756081437325 -3.1384865037740064 90.5
      vertex 15.874762352905694 -3.175714565787935 5.821456527114426
    endloop
  endfacet
  facet normal 0.36812455268468497 -0.9297764858882487 0
    outer loop
      vertex 16.019756081437325 -3.1384865037740064 5.628231996813596
      vertex 16.051568016052634 -3.1258912678457635 5.578104408922059
      vertex 16.019756081437325 -3.1384865037740064 90.5
    endloop
  endfacet
  facet normal 0.36812455268464717 -0.9297764858882636 7.609633606684157e-17
    outer loop
      vertex 16.2 -3.0671228879995884 5
      vertex 16.40507166216474 -2.9859292731378644 90.5
      vertex 16.19053764157737 -3.0708693007283894 5.150399880277165
    endloop
  endfacet
  facet normal 0.3681245526846773 -0.9297764858882517 -1.0709450717023803e-17
    outer loop
      vertex 16.1157317830659 -3.1004870353352403 5.441749463221614
      vertex 16.40507166216474 -2.9859292731378644 90.5
      vertex 16.051568016052634 -3.1258912678457635 5.578104408922059
    endloop
  endfacet
  facet normal 0.3681245526846697 -0.9297764858882547 1.9141465789812776e-17
    outer loop
      vertex 16.162299793354357 -3.08204945574806 5.2984278645978256
      vertex 16.40507166216474 -2.9859292731378644 90.5
      vertex 16.1157317830659 -3.1004870353352403 5.441749463221614
    endloop
  endfacet
  facet normal 0.3681245526846921 -0.9297764858882457 -5.4823734997285285e-17
    outer loop
      vertex 16.19053764157737 -3.0708693007283894 5.150399880277165
      vertex 16.40507166216474 -2.9859292731378644 90.5
      vertex 16.162299793354357 -3.08204945574806 5.2984278645978256
    endloop
  endfacet
  facet normal 0 0 -1
    outer loop
      vertex 15.376743117175883 -3.2720710280912906 0
      vertex 15.618358338132891 -2.14779640610801 0
      vertex 15.5489940195329 -3.2503106786597473 0
    endloop
  endfacet
  facet normal 0 0 -1
    outer loop
      vertex 15.376743117175883 -3.2720710280912906 0
      vertex 15.37674311717588 -1.7579862795530796 0
      vertex 15.618358338132891 -2.14779640610801 0
    endloop
  endfacet
  facet normal 0 0 -1
    outer loop
      vertex 15.618358338132891 -2.14779640610801 0
      vertex 15.37674311717588 -1.7579862795530796 0
      vertex 15.550591835972153 -1.7133495152603566 0
    endloop
  endfacet
  facet normal 0 0 -1
    outer loop
      vertex 16.12428788751435 -3.097099433937901 0
      vertex 16.12428788751435 -1.4770010244725496 0
      vertex 16.30473134903064 -3.025656813519189 0
    endloop
  endfacet
  facet normal 0 0 -1
    outer loop
      vertex 16.854101966249683 -2.72389137326816 0
      vertex 17.10349916617068 -1.7422841196922738 0
      vertex 17.050729555196202 -2.5810330677193565 0
    endloop
  endfacet
  facet normal 0 0 -1
    outer loop
      vertex 16.30473134903064 -3.025656813519189 0
      vertex 16.12428788751435 -1.4770010244725496 0
      vertex 16.40507166216474 -1.4307932067617244 0
    endloop
  endfacet
  facet normal 0 0 -1
    outer loop
      vertex 16.854101966249683 -2.72389137326816 0
      vertex 16.854101966249683 -1.4213612769185229 0
      vertex 17.10349916617068 -1.7422841196922738 0
    endloop
  endfacet
  facet normal -0.5877852522924731 -0.8090169943749476 0
    outer loop
      vertex 12.896500833829325 -2.542693701160105 1
      vertex 13.231771576569312 -2.7862821541566496 1
      vertex 12.896500833829325 -2.542693701160105 90.5
    endloop
  endfacet
  facet normal -0.6845471059286876 -0.7289686274214124 0
    outer loop
      vertex 12.594403529509341 -2.259005449564672 1
      vertex 12.896500833829325 -2.542693701160105 1
      vertex 12.594403529509341 -2.259005449564672 90.5
    endloop
  endfacet
  facet normal -0.7705132427757906 -0.6374239897486883 0
    outer loop
      vertex 12.594403529509341 -2.259005449564672 1
      vertex 12.330243918562674 -1.9396913325651612 90.5
      vertex 12.330243918562674 -1.9396913325651612 1
    endloop
  endfacet
  facet normal -0.844327925502014 -0.5358267949789984 0
    outer loop
      vertex 12.330243918562674 -1.9396913325651612 1
      vertex 12.10818795585525 -1.5897871245356607 90.5
      vertex 12.10818795585525 -1.5897871245356607 1
    endloop
  endfacet
  facet normal -0.48175367410171466 -0.8763066800438639 0
    outer loop
      vertex 13.231771576569312 -2.7862821541566496 1
      vertex 13.594928337835261 -2.9859292731378644 1
      vertex 13.231771576569312 -2.7862821541566496 90.5
    endloop
  endfacet
  facet normal -0.904827052466019 -0.4257792915650735 0
    outer loop
      vertex 11.93173759656877 -1.214811023859437 1
      vertex 12.10818795585525 -1.5897871245356607 1
      vertex 11.93173759656877 -1.214811023859437 90.5
    endloop
  endfacet
  facet normal -0.9510565162951542 -0.3090169943749457 0
    outer loop
      vertex 11.93173759656877 -1.214811023859437 1
      vertex 11.803675568275517 -0.8206766276440209 90.5
      vertex 11.803675568275517 -0.8206766276440209 1
    endloop
  endfacet
  facet normal -0.9822872507286892 -0.18738131458572188 0
    outer loop
      vertex 11.803675568275517 -0.8206766276440209 1
      vertex 11.761579250161233 -0.6 90.5
      vertex 11.761579250161233 -0.6 1
    endloop
  endfacet
  facet normal 0.48175367410171477 -0.8763066800438637 0
    outer loop
      vertex 16.40507166216474 -2.9859292731378644 1
      vertex 16.76822842343069 -2.7862821541566505 1
      vertex 16.40507166216474 -2.9859292731378644 90.5
    endloop
  endfacet
  facet normal 0.5877852522924725 -0.8090169943749479 0
    outer loop
      vertex 16.76822842343069 -2.7862821541566505 1
      vertex 17.10349916617068 -2.5426937011601036 1
      vertex 16.76822842343069 -2.7862821541566505 90.5
    endloop
  endfacet
  facet normal 0.6845471059286924 -0.7289686274214081 0
    outer loop
      vertex 17.10349916617068 -2.5426937011601036 1
      vertex 17.405596470490657 -2.259005449564672 1
      vertex 17.10349916617068 -2.5426937011601036 90.5
    endloop
  endfacet
  facet normal 0.7705132427757863 -0.6374239897486932 0
    outer loop
      vertex 17.405596470490657 -2.259005449564672 1
      vertex 17.669756081437328 -1.9396913325651612 1
      vertex 17.405596470490657 -2.259005449564672 90.5
    endloop
  endfacet
  facet normal 0.8443279255020159 -0.5358267949789953 0
    outer loop
      vertex 17.669756081437328 -1.9396913325651612 1
      vertex 17.89181204414475 -1.5897871245356607 1
      vertex 17.669756081437328 -1.9396913325651612 90.5
    endloop
  endfacet
  facet normal 0.9048270524660182 -0.425779291565075 0
    outer loop
      vertex 17.89181204414475 -1.5897871245356607 1
      vertex 18.06826240343123 -1.2148110238594385 1
      vertex 17.89181204414475 -1.5897871245356607 90.5
    endloop
  endfacet
  facet normal 0.9510565162951536 -0.30901699437494745 0
    outer loop
      vertex 18.06826240343123 -1.2148110238594385 1
      vertex 18.196324431724484 -0.8206766276440196 1
      vertex 18.06826240343123 -1.2148110238594385 90.5
    endloop
  endfacet
  facet normal 0.9822872507286904 -0.18738131458571533 0
    outer loop
      vertex 18.196324431724484 -0.8206766276440196 1
      vertex 18.238420749838767 -0.6 1
      vertex 18.196324431724484 -0.8206766276440196 90.5
    endloop
  endfacet
  facet normal -0.24868988716485557 -0.9685831611286309 0
    outer loop
      vertex 14.381641661867109 -3.2415479274046723 6.026736065462765
      vertex 14.381641661867109 -3.2415479274046723 90.5
      vertex 13.980243918562675 -3.1384865037740064 90.5
    endloop
  endfacet
  facet normal -0.12533323356431103 -0.9921147013144769 0
    outer loop
      vertex 14.4 -3.243867124850304 6.03682864725785
      vertex 14.4 -3.243867124850304 90.5
      vertex 14.381641661867109 -3.2415479274046723 90.5
    endloop
  endfacet
  facet normal -0.3681245526846773 -0.9297764858882516 0
    outer loop
      vertex 13.980243918562675 -3.1384865037740064 5.628231996813596
      vertex 13.980243918562675 -3.1384865037740064 90.5
      vertex 13.594928337835261 -2.9859292731378644 90.5
    endloop
  endfacet
  facet normal 0.12533323356431103 -0.9921147013144769 0
    outer loop
      vertex 15.618358338132891 -3.2415479274046723 6.0267360654627655
      vertex 15.618358338132891 -3.2415479274046723 90.5
      vertex 15.6 -3.243867124850304 90.5
    endloop
  endfacet
  facet normal 0.24868988716485554 -0.968583161128631 -1.3129531311426875e-18
    outer loop
      vertex 15.642992153974795 -3.235223038507136 6.013193510602418
      vertex 16.019756081437325 -3.1384865037740064 90.5
      vertex 15.618358338132891 -3.2415479274046723 90.5
    endloop
  endfacet
  facet normal 0.368124552684676 -0.9297764858882523 -3.894033249011453e-18
    outer loop
      vertex 16.051568016052634 -3.1258912678457635 5.578104408922059
      vertex 16.40507166216474 -2.9859292731378644 90.5
      vertex 16.019756081437325 -3.1384865037740064 90.5
    endloop
  endfacet
  facet normal -0.5877852522924731 -0.8090169943749476 0
    outer loop
      vertex 13.231771576569312 -2.7862821541566496 1
      vertex 13.231771576569312 -2.7862821541566496 90.5
      vertex 12.896500833829325 -2.542693701160105 90.5
    endloop
  endfacet
  facet normal -0.6845471059286876 -0.7289686274214124 0
    outer loop
      vertex 12.896500833829325 -2.542693701160105 1
      vertex 12.896500833829325 -2.542693701160105 90.5
      vertex 12.594403529509341 -2.259005449564672 90.5
    endloop
  endfacet
  facet normal -0.7705132427757906 -0.6374239897486883 0
    outer loop
      vertex 12.594403529509341 -2.259005449564672 1
      vertex 12.594403529509341 -2.259005449564672 90.5
      vertex 12.330243918562674 -1.9396913325651612 90.5
    endloop
  endfacet
  facet normal -0.844327925502014 -0.5358267949789984 0
    outer loop
      vertex 12.330243918562674 -1.9396913325651612 1
      vertex 12.330243918562674 -1.9396913325651612 90.5
      vertex 12.10818795585525 -1.5897871245356607 90.5
    endloop
  endfacet
  facet normal -0.48175367410171466 -0.8763066800438639 0
    outer loop
      vertex 13.594928337835261 -2.9859292731378644 1
      vertex 13.594928337835261 -2.9859292731378644 90.5
      vertex 13.231771576569312 -2.7862821541566496 90.5
    endloop
  endfacet
  facet normal -0.904827052466019 -0.4257792915650735 0
    outer loop
      vertex 12.10818795585525 -1.5897871245356607 1
      vertex 12.10818795585525 -1.5897871245356607 90.5
      vertex 11.93173759656877 -1.214811023859437 90.5
    endloop
  endfacet
  facet normal -0.9510565162951542 -0.3090169943749457 0
    outer loop
      vertex 11.93173759656877 -1.214811023859437 1
      vertex 11.93173759656877 -1.214811023859437 90.5
      vertex 11.803675568275517 -0.8206766276440209 90.5
    endloop
  endfacet
  facet normal -0.9822872507286892 -0.18738131458572188 0
    outer loop
      vertex 11.803675568275517 -0.8206766276440209 1
      vertex 11.803675568275517 -0.8206766276440209 90.5
      vertex 11.761579250161233 -0.6 90.5
    endloop
  endfacet
  facet normal 0.48175367410171477 -0.8763066800438637 0
    outer loop
      vertex 16.76822842343069 -2.7862821541566505 1
      vertex 16.76822842343069 -2.7862821541566505 90.5
      vertex 16.40507166216474 -2.9859292731378644 90.5
    endloop
  endfacet
  facet normal 0.5877852522924725 -0.8090169943749479 0
    outer loop
      vertex 17.10349916617068 -2.5426937011601036 1
      vertex 17.10349916617068 -2.5426937011601036 90.5
      vertex 16.76822842343069 -2.7862821541566505 90.5
    endloop
  endfacet
  facet normal 0.6845471059286924 -0.7289686274214081 0
    outer loop
      vertex 17.405596470490657 -2.259005449564672 1
      vertex 17.405596470490657 -2.259005449564672 90.5
      vertex 17.10349916617068 -2.5426937011601036 90.5
    endloop
  endfacet
  facet normal 0.7705132427757863 -0.6374239897486932 0
    outer loop
      vertex 17.669756081437328 -1.9396913325651612 1
      vertex 17.669756081437328 -1.9396913325651612 90.5
      vertex 17.405596470490657 -2.259005449564672 90.5
    endloop
  endfacet
  facet normal 0.8443279255020159 -0.5358267949789953 0
    outer loop
      vertex 17.89181204414475 -1.5897871245356607 1
      vertex 17.89181204414475 -1.5897871245356607 90.5
      vertex 17.669756081437328 -1.9396913325651612 90.5
    endloop
  endfacet
  facet normal 0.9048270524660182 -0.425779291565075 0
    outer loop
      vertex 18.06826240343123 -1.2148110238594385 1
      vertex 18.06826240343123 -1.2148110238594385 90.5
      vertex 17.89181204414475 -1.5897871245356607 90.5
    endloop
  endfacet
  facet normal 0.9510565162951536 -0.30901699437494745 0
    outer loop
      vertex 18.196324431724484 -0.8206766276440196 1
      vertex 18.196324431724484 -0.8206766276440196 90.5
      vertex 18.06826240343123 -1.2148110238594385 90.5
    endloop
  endfacet
  facet normal 0.9822872507286904 -0.18738131458571533 0
    outer loop
      vertex 18.238420749838767 -0.6 1
      vertex 18.238420749838767 -0.6 90.5
      vertex 18.196324431724484 -0.8206766276440196 90.5
    endloop
  endfacet
  facet normal 0 0 -1
    outer loop
      vertex 13.59492833783526 1.4307932067617035 0
      vertex 13.695268650969364 3.0256568135191895 0
      vertex 13.875712112485651 1.477001024472552 0
    endloop
  endfacet
  facet normal -0.9822872507286892 0.18738131458572188 0
    outer loop
      vertex 11.761579250161233 0.6 1
      vertex 11.803675568275517 0.8206766276440209 90.5
      vertex 11.803675568275517 0.8206766276440209 1
    endloop
  endfacet
  facet normal -0.9510565162951542 0.3090169943749457 0
    outer loop
      vertex 11.803675568275517 0.8206766276440209 1
      vertex 11.93173759656877 1.214811023859437 90.5
      vertex 11.93173759656877 1.214811023859437 1
    endloop
  endfacet
  facet normal -0.904827052466019 0.4257792915650735 0
    outer loop
      vertex 11.93173759656877 1.214811023859437 1
      vertex 12.10818795585525 1.5897871245356607 90.5
      vertex 12.10818795585525 1.5897871245356607 1
    endloop
  endfacet
  facet normal -0.844327925502014 0.5358267949789984 0
    outer loop
      vertex 12.10818795585525 1.5897871245356607 1
      vertex 12.330243918562674 1.9396913325651612 90.5
      vertex 12.330243918562674 1.9396913325651612 1
    endloop
  endfacet
  facet normal -0.7705132427757906 0.6374239897486883 0
    outer loop
      vertex 12.330243918562674 1.9396913325651612 1
      vertex 12.594403529509341 2.259005449564672 90.5
      vertex 12.594403529509341 2.259005449564672 1
    endloop
  endfacet
  facet normal -0.6845471059286876 0.7289686274214124 0
    outer loop
      vertex 12.594403529509341 2.259005449564672 1
      vertex 12.896500833829325 2.542693701160105 90.5
      vertex 12.896500833829325 2.542693701160105 1
    endloop
  endfacet
  facet normal -0.5877852522924731 0.8090169943749476 0
    outer loop
      vertex 12.896500833829325 2.542693701160105 1
      vertex 13.231771576569312 2.7862821541566496 90.5
      vertex 13.231771576569312 2.7862821541566496 1
    endloop
  endfacet
  facet normal -0.4817536741017156 0.8763066800438634 0
    outer loop
      vertex 13.231771576569312 2.7862821541566496 1
      vertex 13.59492833783526 2.985929273137864 90.5
      vertex 13.59492833783526 2.985929273137864 1
    endloop
  endfacet
  facet normal 0.9822872507286907 0.1873813145857144 0
    outer loop
      vertex 18.238420749838767 0.6 1
      vertex 18.196324431724484 0.8206766276440208 1
      vertex 18.196324431724484 0.8206766276440208 90.5
    endloop
  endfacet
  facet normal 0.951056516295153 0.3090169943749493 0
    outer loop
      vertex 18.196324431724484 0.8206766276440208 1
      vertex 18.06826240343123 1.2148110238594372 1
      vertex 18.196324431724484 0.8206766276440208 90.5
    endloop
  endfacet
  facet normal 0.9048270524660189 0.425779291565074 0
    outer loop
      vertex 17.89181204414475 1.5897871245356605 1
      vertex 18.06826240343123 1.2148110238594372 90.5
      vertex 18.06826240343123 1.2148110238594372 1
    endloop
  endfacet
  facet normal 0.844327925502016 0.5358267949789951 0
    outer loop
      vertex 17.89181204414475 1.5897871245356605 1
      vertex 17.669756081437328 1.9396913325651612 1
      vertex 17.89181204414475 1.5897871245356605 90.5
    endloop
  endfacet
  facet normal 0.7705132427757871 0.6374239897486923 0
    outer loop
      vertex 17.669756081437328 1.9396913325651612 1
      vertex 17.405596470490657 2.2590054495646728 1
      vertex 17.669756081437328 1.9396913325651612 90.5
    endloop
  endfacet
  facet normal 0.5877852522924745 0.8090169943749465 0
    outer loop
      vertex 16.76822842343069 2.7862821541566496 1
      vertex 17.103499166170675 2.542693701160104 90.5
      vertex 17.103499166170675 2.542693701160104 1
    endloop
  endfacet
  facet normal 0.4817536741017156 0.8763066800438634 0
    outer loop
      vertex 16.40507166216474 2.985929273137864 1
      vertex 16.76822842343069 2.7862821541566496 90.5
      vertex 16.76822842343069 2.7862821541566496 1
    endloop
  endfacet
  facet normal 0.6845471059286875 0.7289686274214126 0
    outer loop
      vertex 17.103499166170675 2.542693701160104 1
      vertex 17.405596470490657 2.2590054495646728 90.5
      vertex 17.405596470490657 2.2590054495646728 1
    endloop
  endfacet
  facet normal -0.3681245526846769 0.9297764858882519 0
    outer loop
      vertex 13.59492833783526 2.985929273137864 1
      vertex 13.980243918562675 3.1384865037740064 4.371768003186404
      vertex 13.980243918562675 3.1384865037740064 1
    endloop
  endfacet
  facet normal -0.24868988716485294 0.9685831611286315 -3.045457236815283e-16
    outer loop
      vertex 13.980243918562675 3.1384865037740064 1
      vertex 14.125237647094306 3.175714565787935 4.178543472885574
      vertex 14.235091212301572 3.2039201673639712 4.075384108669053
    endloop
  endfacet
  facet normal -0.24868988716485654 0.9685831611286306 0
    outer loop
      vertex 13.980243918562675 3.1384865037740064 1
      vertex 14.381641661867109 3.241547927404673 3.9732639345372345
      vertex 14.381641661867109 3.241547927404673 1
    endloop
  endfacet
  facet normal -0.125333233564311 0.9921147013144769 0
    outer loop
      vertex 14.381641661867109 3.241547927404673 1
      vertex 14.4 3.2438671248503046 3.9631713527421497
      vertex 14.4 3.2438671248503046 1
    endloop
  endfacet
  facet normal -0.24868988716485635 0.9685831611286306 8.453654032889271e-18
    outer loop
      vertex 13.980243918562675 3.1384865037740064 1
      vertex 14.235091212301572 3.2039201673639712 4.075384108669053
      vertex 14.357007846025205 3.2352230385071366 3.9868064893975816
    endloop
  endfacet
  facet normal -0.24868988716485974 0.96858316112863 4.2710977340472637e-16
    outer loop
      vertex 13.980243918562675 3.1384865037740064 1
      vertex 14.357007846025205 3.2352230385071366 3.9868064893975816
      vertex 14.381641661867109 3.241547927404673 3.9732639345372345
    endloop
  endfacet
  facet normal -0.12533323356431103 0.992114701314477 0
    outer loop
      vertex 14.381641661867109 3.241547927404673 1
      vertex 14.381641661867109 3.241547927404673 3.9732639345372345
      vertex 14.4 3.2438671248503046 3.9631713527421497
    endloop
  endfacet
  facet normal -0.3681245526846808 0.9297764858882502 3.1141777953406837e-16
    outer loop
      vertex 13.59492833783526 2.985929273137864 1
      vertex 13.837700206645643 3.08204945574806 4.7015721354021744
      vertex 13.884268216934098 3.1004870353352403 4.558250536778386
    endloop
  endfacet
  facet normal -0.36812455268469274 0.9297764858882456 9.392073043000278e-16
    outer loop
      vertex 13.59492833783526 2.985929273137864 1
      vertex 13.8 3.0671228879995884 5
      vertex 13.809462358422627 3.0708693007283894 4.849600119722835
    endloop
  endfacet
  facet normal -0.3681245526846733 0.9297764858882532 -2.75589628932516e-16
    outer loop
      vertex 13.59492833783526 2.985929273137864 1
      vertex 13.809462358422627 3.0708693007283894 4.849600119722835
      vertex 13.837700206645643 3.08204945574806 4.7015721354021744
    endloop
  endfacet
  facet normal -0.36812455268466837 0.9297764858882552 -1.1213348055151636e-15
    outer loop
      vertex 13.59492833783526 2.985929273137864 1
      vertex 13.948431983947364 3.1258912678457635 4.421895591077941
      vertex 13.980243918562675 3.1384865037740064 4.371768003186404
    endloop
  endfacet
  facet normal -0.3681245526846773 0.9297764858882516 -4.818891302704507e-17
    outer loop
      vertex 13.59492833783526 2.985929273137864 1
      vertex 13.884268216934098 3.1004870353352403 4.558250536778386
      vertex 13.948431983947364 3.1258912678457635 4.421895591077941
    endloop
  endfacet
  facet normal -0.2486898871648589 0.9685831611286301 0
    outer loop
      vertex 13.980243918562675 3.1384865037740064 1
      vertex 13.980243918562675 3.1384865037740064 4.371768003186404
      vertex 14.029179606750063 3.1510510529650904 4.294657697249033
    endloop
  endfacet
  facet normal -0.24868988716485918 0.96858316112863 4.5635513770919734e-18
    outer loop
      vertex 13.980243918562675 3.1384865037740064 1
      vertex 14.029179606750063 3.1510510529650904 4.294657697249033
      vertex 14.125237647094306 3.175714565787935 4.178543472885574
    endloop
  endfacet
  facet normal 0.125333233564311 0.9921147013144769 0
    outer loop
      vertex 15.6 3.2438671248503046 1
      vertex 15.6 3.2438671248503046 3.9631713527421497
      vertex 15.618358338132891 3.241547927404673 1
    endloop
  endfacet
  facet normal 0.125333233564311 0.9921147013144769 0
    outer loop
      vertex 15.618358338132891 3.241547927404673 1
      vertex 15.6 3.2438671248503046 3.9631713527421497
      vertex 15.618358338132891 3.241547927404673 3.973263934537235
    endloop
  endfacet
  facet normal 0.24868988716485294 0.9685831611286315 -3.045457236815283e-16
    outer loop
      vertex 16.019756081437325 3.1384865037740064 1
      vertex 15.764908787698428 3.2039201673639712 4.075384108669053
      vertex 15.874762352905694 3.175714565787935 4.178543472885574
    endloop
  endfacet
  facet normal 0.3681245526846769 0.9297764858882519 0
    outer loop
      vertex 16.40507166216474 2.985929273137864 1
      vertex 16.019756081437325 3.1384865037740064 1
      vertex 16.019756081437325 3.1384865037740064 4.371768003186404
    endloop
  endfacet
  facet normal 0.2486898871648566 0.9685831611286306 0
    outer loop
      vertex 15.618358338132891 3.241547927404673 1
      vertex 15.618358338132891 3.241547927404673 3.973263934537235
      vertex 16.019756081437325 3.1384865037740064 1
    endloop
  endfacet
  facet normal 0.24868988716485635 0.9685831611286306 8.453654032889271e-18
    outer loop
      vertex 16.019756081437325 3.1384865037740064 1
      vertex 15.642992153974795 3.2352230385071366 3.9868064893975816
      vertex 15.764908787698428 3.2039201673639712 4.075384108669053
    endloop
  endfacet
  facet normal 0.2486898871648597 0.9685831611286299 4.271097734047275e-16
    outer loop
      vertex 16.019756081437325 3.1384865037740064 1
      vertex 15.618358338132891 3.241547927404673 3.973263934537235
      vertex 15.642992153974795 3.2352230385071366 3.9868064893975816
    endloop
  endfacet
  facet normal 0.24868988716485918 0.96858316112863 4.5635513770919734e-18
    outer loop
      vertex 16.019756081437325 3.1384865037740064 1
      vertex 15.874762352905694 3.175714565787935 4.178543472885574
      vertex 15.970820393249937 3.1510510529650904 4.294657697249033
    endloop
  endfacet
  facet normal 0.2486898871648589 0.9685831611286301 0
    outer loop
      vertex 16.019756081437325 3.1384865037740064 1
      vertex 15.970820393249937 3.1510510529650904 4.294657697249033
      vertex 16.019756081437325 3.1384865037740064 4.371768003186404
    endloop
  endfacet
  facet normal 0.3681245526846834 0.9297764858882491 8.664859860799344e-16
    outer loop
      vertex 16.40507166216474 2.985929273137864 1
      vertex 16.019756081437325 3.1384865037740064 4.371768003186404
      vertex 16.051568016052634 3.1258912678457635 4.421895591077941
    endloop
  endfacet
  facet normal 0.368124552684671 0.9297764858882542 -4.515557803243871e-16
    outer loop
      vertex 16.40507166216474 2.985929273137864 1
      vertex 16.1157317830659 3.1004870353352403 4.558250536778386
      vertex 16.162299793354357 3.08204945574806 4.7015721354021744
    endloop
  endfacet
  facet normal 0.36812455268467714 0.9297764858882516 1.2047228256761262e-16
    outer loop
      vertex 16.40507166216474 2.985929273137864 1
      vertex 16.051568016052634 3.1258912678457635 4.421895591077941
      vertex 16.1157317830659 3.1004870353352403 4.558250536778386
    endloop
  endfacet
  facet normal 0.3681245526846882 0.9297764858882475 8.497346892086254e-16
    outer loop
      vertex 16.40507166216474 2.985929273137864 1
      vertex 16.162299793354357 3.08204945574806 4.7015721354021744
      vertex 16.19053764157737 3.0708693007283894 4.849600119722835
    endloop
  endfacet
  facet normal 0.3681245526846598 0.9297764858882587 -9.861676695149411e-16
    outer loop
      vertex 16.40507166216474 2.985929273137864 1
      vertex 16.19053764157737 3.0708693007283894 4.849600119722835
      vertex 16.2 3.0671228879995884 5
    endloop
  endfacet
  facet normal -0.3681245526846763 0.929776485888252 0
    outer loop
      vertex 13.59492833783526 2.985929273137864 1
      vertex 13.59492833783526 2.985929273137864 90.5
      vertex 13.8 3.0671228879995884 5
    endloop
  endfacet
  facet normal -0.3681245526847041 0.929776485888241 -7.681649066685512e-17
    outer loop
      vertex 13.59492833783526 2.985929273137864 90.5
      vertex 13.809462358422627 3.0708693007283894 5.150399880277165
      vertex 13.8 3.0671228879995884 5
    endloop
  endfacet
  facet normal -0.36812455268467265 0.9297764858882536 1.585264626427441e-17
    outer loop
      vertex 13.59492833783526 2.985929273137864 90.5
      vertex 13.837700206645643 3.08204945574806 5.2984278645978256
      vertex 13.809462358422627 3.0708693007283894 5.150399880277165
    endloop
  endfacet
  facet normal -0.36812455268468164 0.9297764858882499 -1.6119129086158657e-17
    outer loop
      vertex 13.59492833783526 2.985929273137864 90.5
      vertex 13.884268216934098 3.1004870353352403 5.441749463221614
      vertex 13.837700206645643 3.08204945574806 5.2984278645978256
    endloop
  endfacet
  facet normal -0.3681245526846772 0.9297764858882517 2.3472768694846687e-18
    outer loop
      vertex 13.59492833783526 2.985929273137864 90.5
      vertex 13.948431983947364 3.1258912678457635 5.578104408922059
      vertex 13.884268216934098 3.1004870353352403 5.441749463221614
    endloop
  endfacet
  facet normal -0.3681245526846672 0.9297764858882558 0
    outer loop
      vertex 13.980243918562675 3.1384865037740064 5.628231996813596
      vertex 13.948431983947364 3.1258912678457635 5.578104408922059
      vertex 13.980243918562675 3.1384865037740064 90.5
    endloop
  endfacet
  facet normal -0.24868988716485896 0.9685831611286302 0
    outer loop
      vertex 13.980243918562675 3.1384865037740064 90.5
      vertex 14.029179606750063 3.1510510529650904 5.705342302750967
      vertex 13.980243918562675 3.1384865037740064 5.628231996813596
    endloop
  endfacet
  facet normal -0.2486898871648592 0.96858316112863 -1.803724272972793e-19
    outer loop
      vertex 13.980243918562675 3.1384865037740064 90.5
      vertex 14.125237647094306 3.175714565787935 5.821456527114426
      vertex 14.029179606750063 3.1510510529650904 5.705342302750967
    endloop
  endfacet
  facet normal -0.24868988716485269 0.9685831611286315 1.190216073687851e-17
    outer loop
      vertex 13.980243918562675 3.1384865037740064 90.5
      vertex 14.235091212301572 3.2039201673639712 5.924615891330947
      vertex 14.125237647094306 3.175714565787935 5.821456527114426
    endloop
  endfacet
  facet normal -0.2486898871648564 0.9685831611286306 -3.2519246998146886e-19
    outer loop
      vertex 13.980243918562675 3.1384865037740064 90.5
      vertex 14.357007846025205 3.2352230385071366 6.013193510602418
      vertex 14.235091212301572 3.2039201673639712 5.924615891330947
    endloop
  endfacet
  facet normal -0.2486898871648598 0.9685831611286297 0
    outer loop
      vertex 14.381641661867109 3.241547927404673 6.0267360654627655
      vertex 14.357007846025205 3.2352230385071366 6.013193510602418
      vertex 14.381641661867109 3.241547927404673 90.5
    endloop
  endfacet
  facet normal -0.12533323356431103 0.9921147013144769 0
    outer loop
      vertex 14.4 3.2438671248503046 6.036828647257851
      vertex 14.381641661867109 3.241547927404673 6.0267360654627655
      vertex 14.4 3.2438671248503046 90.5
    endloop
  endfacet
  facet normal 0.12533323356431103 0.9921147013144769 0
    outer loop
      vertex 15.618358338132891 3.241547927404673 6.0267360654627655
      vertex 15.6 3.2438671248503046 6.03682864725785
      vertex 15.618358338132891 3.241547927404673 90.5
    endloop
  endfacet
  facet normal 0.3681245526846763 0.929776485888252 0
    outer loop
      vertex 16.40507166216474 2.985929273137864 1
      vertex 16.2 3.0671228879995884 5
      vertex 16.40507166216474 2.985929273137864 90.5
    endloop
  endfacet
  facet normal 0.24868988716485269 0.9685831611286315 1.190216073687851e-17
    outer loop
      vertex 16.019756081437325 3.1384865037740064 90.5
      vertex 15.874762352905694 3.175714565787935 5.821456527114426
      vertex 15.764908787698428 3.2039201673639712 5.924615891330947
    endloop
  endfacet
  facet normal 0.24868988716485896 0.9685831611286302 0
    outer loop
      vertex 16.019756081437325 3.1384865037740064 5.628231996813596
      vertex 15.970820393249937 3.1510510529650904 5.705342302750967
      vertex 16.019756081437325 3.1384865037740064 90.5
    endloop
  endfacet
  facet normal 0.2486898871648592 0.96858316112863 -1.803724272972793e-19
    outer loop
      vertex 16.019756081437325 3.1384865037740064 90.5
      vertex 15.970820393249937 3.1510510529650904 5.705342302750967
      vertex 15.874762352905694 3.175714565787935 5.821456527114426
    endloop
  endfacet
  facet normal 0.3681245526846462 0.929776485888264 8.06573152001852e-17
    outer loop
      vertex 16.40507166216474 2.985929273137864 90.5
      vertex 16.2 3.0671228879995884 5
      vertex 16.19053764157737 3.0708693007283894 5.150399880277165
    endloop
  endfacet
  facet normal 0.36812455268468486 0.9297764858882486 -4.2409749485123605e-17
    outer loop
      vertex 16.019756081437325 3.1384865037740064 5.628231996813596
      vertex 16.40507166216474 2.985929273137864 90.5
      vertex 16.051568016052634 3.1258912678457635 5.578104408922059
    endloop
  endfacet
  facet normal 0.3681245526846695 0.9297764858882547 2.337273717492928e-17
    outer loop
      vertex 16.40507166216474 2.985929273137864 90.5
      vertex 16.162299793354357 3.08204945574806 5.2984278645978256
      vertex 16.1157317830659 3.1004870353352403 5.441749463221614
    endloop
  endfacet
  facet normal 0.3681245526846772 0.9297764858882517 -5.868192173711672e-18
    outer loop
      vertex 16.40507166216474 2.985929273137864 90.5
      vertex 16.1157317830659 3.1004870353352403 5.441749463221614
      vertex 16.051568016052634 3.1258912678457635 5.578104408922059
    endloop
  endfacet
  facet normal 0.3681245526846925 0.9297764858882456 -4.887899264818207e-17
    outer loop
      vertex 16.40507166216474 2.985929273137864 90.5
      vertex 16.19053764157737 3.0708693007283894 5.150399880277165
      vertex 16.162299793354357 3.08204945574806 5.2984278645978256
    endloop
  endfacet
  facet normal 0.2486898871648564 0.9685831611286306 -3.2519246998146886e-19
    outer loop
      vertex 16.019756081437325 3.1384865037740064 90.5
      vertex 15.764908787698428 3.2039201673639712 5.924615891330947
      vertex 15.642992153974795 3.2352230385071366 6.013193510602418
    endloop
  endfacet
  facet normal 0.2486898871648598 0.9685831611286297 -1.63082815385234e-17
    outer loop
      vertex 15.618358338132891 3.241547927404673 6.0267360654627655
      vertex 16.019756081437325 3.1384865037740064 90.5
      vertex 15.642992153974795 3.2352230385071366 6.013193510602418
    endloop
  endfacet
  facet normal -0.9822872507286892 0.18738131458572188 0
    outer loop
      vertex 11.761579250161233 0.6 1
      vertex 11.761579250161233 0.6 90.5
      vertex 11.803675568275517 0.8206766276440209 90.5
    endloop
  endfacet
  facet normal -0.9510565162951542 0.3090169943749457 0
    outer loop
      vertex 11.803675568275517 0.8206766276440209 1
      vertex 11.803675568275517 0.8206766276440209 90.5
      vertex 11.93173759656877 1.214811023859437 90.5
    endloop
  endfacet
  facet normal -0.904827052466019 0.4257792915650735 0
    outer loop
      vertex 11.93173759656877 1.214811023859437 1
      vertex 11.93173759656877 1.214811023859437 90.5
      vertex 12.10818795585525 1.5897871245356607 90.5
    endloop
  endfacet
  facet normal -0.844327925502014 0.5358267949789984 0
    outer loop
      vertex 12.10818795585525 1.5897871245356607 1
      vertex 12.10818795585525 1.5897871245356607 90.5
      vertex 12.330243918562674 1.9396913325651612 90.5
    endloop
  endfacet
  facet normal -0.7705132427757906 0.6374239897486883 0
    outer loop
      vertex 12.330243918562674 1.9396913325651612 1
      vertex 12.330243918562674 1.9396913325651612 90.5
      vertex 12.594403529509341 2.259005449564672 90.5
    endloop
  endfacet
  facet normal -0.6845471059286876 0.7289686274214124 0
    outer loop
      vertex 12.594403529509341 2.259005449564672 1
      vertex 12.594403529509341 2.259005449564672 90.5
      vertex 12.896500833829325 2.542693701160105 90.5
    endloop
  endfacet
  facet normal -0.5877852522924731 0.8090169943749476 0
    outer loop
      vertex 12.896500833829325 2.542693701160105 1
      vertex 12.896500833829325 2.542693701160105 90.5
      vertex 13.231771576569312 2.7862821541566496 90.5
    endloop
  endfacet
  facet normal -0.4817536741017156 0.8763066800438634 0
    outer loop
      vertex 13.231771576569312 2.7862821541566496 1
      vertex 13.231771576569312 2.7862821541566496 90.5
      vertex 13.59492833783526 2.985929273137864 90.5
    endloop
  endfacet
  facet normal 0.951056516295153 0.3090169943749493 0
    outer loop
      vertex 18.06826240343123 1.2148110238594372 1
      vertex 18.06826240343123 1.2148110238594372 90.5
      vertex 18.196324431724484 0.8206766276440208 90.5
    endloop
  endfacet
  facet normal 0.9048270524660189 0.425779291565074 0
    outer loop
      vertex 17.89181204414475 1.5897871245356605 1
      vertex 17.89181204414475 1.5897871245356605 90.5
      vertex 18.06826240343123 1.2148110238594372 90.5
    endloop
  endfacet
  facet normal 0.9822872507286906 0.18738131458571414 0
    outer loop
      vertex 18.238420749838767 0.6 1
      vertex 18.196324431724484 0.8206766276440208 90.5
      vertex 18.196324431724484 0.8206766276440208 100
    endloop
  endfacet
  facet normal 0.9822872507286906 0.18738131458571433 0
    outer loop
      vertex 18.238420749838767 0.6 1
      vertex 18.196324431724484 0.8206766276440208 100
      vertex 18.238420749838767 0.6 91
    endloop
  endfacet
  facet normal 0.844327925502016 0.5358267949789951 0
    outer loop
      vertex 17.669756081437328 1.9396913325651612 1
      vertex 17.669756081437328 1.9396913325651612 90.5
      vertex 17.89181204414475 1.5897871245356605 90.5
    endloop
  endfacet
  facet normal 0.7705132427757871 0.6374239897486923 0
    outer loop
      vertex 17.405596470490657 2.2590054495646728 1
      vertex 17.405596470490657 2.2590054495646728 90.5
      vertex 17.669756081437328 1.9396913325651612 90.5
    endloop
  endfacet
  facet normal 0.5877852522924745 0.8090169943749465 0
    outer loop
      vertex 16.76822842343069 2.7862821541566496 1
      vertex 16.76822842343069 2.7862821541566496 90.5
      vertex 17.103499166170675 2.542693701160104 90.5
    endloop
  endfacet
  facet normal 0.4817536741017156 0.8763066800438634 0
    outer loop
      vertex 16.40507166216474 2.985929273137864 1
      vertex 16.40507166216474 2.985929273137864 90.5
      vertex 16.76822842343069 2.7862821541566496 90.5
    endloop
  endfacet
  facet normal 0.6845471059286875 0.7289686274214126 0
    outer loop
      vertex 17.103499166170675 2.542693701160104 1
      vertex 17.103499166170675 2.542693701160104 90.5
      vertex 17.405596470490657 2.2590054495646728 90.5
    endloop
  endfacet
  facet normal 0.9822872507286874 0.18738131458573087 0
    outer loop
      vertex 18.238420749838767 0.6 91
      vertex 18.273978514337777 0.41359967076220405 100
      vertex 18.273978514337777 0.41359967076220405 91
    endloop
  endfacet
  facet normal 0.9822872507286892 0.18738131458572194 -1.925529051903031e-16
    outer loop
      vertex 18.238420749838767 0.6 91
      vertex 18.196324431724484 0.8206766276440208 100
      vertex 18.273978514337777 0.41359967076220405 100
    endloop
  endfacet
  facet normal -0.36812455268467686 0.9297764858882519 4.337657290038073e-18
    outer loop
      vertex 13.59492833783526 2.985929273137864 90.5
      vertex 13.980243918562675 3.1384865037740064 90.5
      vertex 13.948431983947364 3.1258912678457635 5.578104408922059
    endloop
  endfacet
  facet normal -0.2486898871648566 0.9685831611286307 -9.90908023503915e-19
    outer loop
      vertex 13.980243918562675 3.1384865037740064 90.5
      vertex 14.381641661867109 3.241547927404673 90.5
      vertex 14.357007846025205 3.2352230385071366 6.013193510602418
    endloop
  endfacet
  facet normal -0.12533323356431103 0.9921147013144769 0
    outer loop
      vertex 14.381641661867109 3.241547927404673 90.5
      vertex 14.4 3.2438671248503046 90.5
      vertex 14.381641661867109 3.241547927404673 6.0267360654627655
    endloop
  endfacet
  facet normal 0.12533323356431103 0.9921147013144769 0
    outer loop
      vertex 15.6 3.2438671248503046 6.03682864725785
      vertex 15.6 3.2438671248503046 90.5
      vertex 15.618358338132891 3.241547927404673 90.5
    endloop
  endfacet
  facet normal 0.36812455268467686 0.9297764858882518 0
    outer loop
      vertex 16.019756081437325 3.1384865037740064 5.628231996813596
      vertex 16.019756081437325 3.1384865037740064 90.5
      vertex 16.40507166216474 2.985929273137864 90.5
    endloop
  endfacet
  facet normal 0.2486898871648566 0.9685831611286306 0
    outer loop
      vertex 15.618358338132891 3.241547927404673 6.0267360654627655
      vertex 15.618358338132891 3.241547927404673 90.5
      vertex 16.019756081437325 3.1384865037740064 90.5
    endloop
  endfacet
  facet normal -0.12533323356431778 0.9921147013144761 3.0465182865818933e-17
    outer loop
      vertex 14.407727091732227 3.244843283546033 91.17705032710207
      vertex 14.401205174107178 3.2440193737461835 91.12178280151765
      vertex 14.429165152805627 3.2475515404765254 93.94713767430534
    endloop
  endfacet
  facet normal -0.12533323356430312 0.992114701314478 -8.504736287529175e-17
    outer loop
      vertex 14.407727091732227 3.244843283546033 91.17705032710207
      vertex 14.429165152805627 3.2475515404765254 93.94713767430534
      vertex 14.489064850121913 3.2551186320076018 93.91420753704078
    endloop
  endfacet
  facet normal -0.5877852522924725 -0.809016994374948 0
    outer loop
      vertex -18.824543938492138 -4.623079456654736 0
      vertex -18.21496076987398 -5.06596755301209 0
      vertex -18.21496076987398 -5.06596755301209 1
    endloop
  endfacet
  facet normal -0.5877852522924725 -0.809016994374948 0
    outer loop
      vertex -18.824543938492138 -4.623079456654736 0
      vertex -18.21496076987398 -5.06596755301209 1
      vertex -18.824543938492138 -4.623079456654736 1
    endloop
  endfacet
  facet normal -0.4817536741017151 -0.8763066800438638 0
    outer loop
      vertex -18.21496076987398 -5.06596755301209 0
      vertex -17.554675749390434 -5.4289623147961175 0
      vertex -17.554675749390434 -5.4289623147961175 1
    endloop
  endfacet
  facet normal -0.3681245526846773 -0.9297764858882516 0
    outer loop
      vertex -17.554675749390434 -5.4289623147961175 0
      vertex -16.854101966249683 -5.706339097770921 1
      vertex -17.554675749390434 -5.4289623147961175 1
    endloop
  endfacet
  facet normal -0.3681245526846773 -0.9297764858882516 0
    outer loop
      vertex -17.554675749390434 -5.4289623147961175 0
      vertex -16.854101966249683 -5.706339097770921 0
      vertex -16.854101966249683 -5.706339097770921 1
    endloop
  endfacet
  facet normal -0.2486898871648552 -0.9685831611286311 0
    outer loop
      vertex -16.854101966249683 -5.706339097770921 0
      vertex -16.12428788751435 -5.893723504372131 1
      vertex -16.854101966249683 -5.706339097770921 1
    endloop
  endfacet
  facet normal -0.2486898871648552 -0.9685831611286311 0
    outer loop
      vertex -16.854101966249683 -5.706339097770921 0
      vertex -16.12428788751435 -5.893723504372131 0
      vertex -16.12428788751435 -5.893723504372131 1
    endloop
  endfacet
  facet normal -0.12533323356430498 -0.9921147013144777 0
    outer loop
      vertex -16.12428788751435 -5.893723504372131 0
      vertex -15.376743117175883 -5.988160370569629 1
      vertex -16.12428788751435 -5.893723504372131 1
    endloop
  endfacet
  facet normal -0.4817536741017151 -0.8763066800438638 0
    outer loop
      vertex -18.21496076987398 -5.06596755301209 0
      vertex -17.554675749390434 -5.4289623147961175 1
      vertex -18.21496076987398 -5.06596755301209 1
    endloop
  endfacet
  facet normal 0 0 -1
    outer loop
      vertex -18.824543938492138 -4.623079456654736 0
      vertex -17.554675749390434 -5.4289623147961175 0
      vertex -18.21496076987398 -5.06596755301209 0
    endloop
  endfacet
  facet normal 0 0 1
    outer loop
      vertex -17.554675749390434 -5.4289623147961175 1
      vertex -16.854101966249683 -5.706339097770921 1
      vertex -17.103499166170675 -2.542693701160105 1
    endloop
  endfacet
  facet normal 0 0 1
    outer loop
      vertex -16.854101966249683 -5.706339097770921 1
      vertex -16.12428788751435 -5.893723504372131 1
      vertex -16.40507166216474 -2.9859292731378644 1
    endloop
  endfacet
  facet normal 0 0 -1
    outer loop
      vertex -16.12428788751435 -5.893723504372131 0
      vertex -15.76640272481713 -1.6286886944388352 0
      vertex -15.376743117175883 -5.988160370569629 0
    endloop
  endfacet
  facet normal -0.6845471059286892 -0.728968627421411 0
    outer loop
      vertex -18.824543938492138 -4.623079456654736 1
      vertex -19.37381176452847 -4.1072826355721315 1
      vertex -19.37381176452847 -4.1072826355721315 0
    endloop
  endfacet
  facet normal -0.6845471059286892 -0.728968627421411 0
    outer loop
      vertex -18.824543938492138 -4.623079456654736 0
      vertex -18.824543938492138 -4.623079456654736 1
      vertex -19.37381176452847 -4.1072826355721315 0
    endloop
  endfacet
  facet normal -0.7705132427757875 -0.6374239897486919 0
    outer loop
      vertex -19.854101966249686 -3.526711513754839 1
      vertex -19.37381176452847 -4.1072826355721315 0
      vertex -19.37381176452847 -4.1072826355721315 1
    endloop
  endfacet
  facet normal -0.7705132427757875 -0.6374239897486919 0
    outer loop
      vertex -19.854101966249686 -3.526711513754839 0
      vertex -19.37381176452847 -4.1072826355721315 0
      vertex -19.854101966249686 -3.526711513754839 1
    endloop
  endfacet
  facet normal -0.8443279255020175 -0.5358267949789928 0
    outer loop
      vertex -19.854101966249686 -3.526711513754839 0
      vertex -19.854101966249686 -3.526711513754839 1
      vertex -20.25784008026318 -2.890522044610292 1
    endloop
  endfacet
  facet normal -0.8443279255020175 -0.5358267949789928 0
    outer loop
      vertex -19.854101966249686 -3.526711513754839 0
      vertex -20.25784008026318 -2.890522044610292 1
      vertex -20.25784008026318 -2.890522044610292 0
    endloop
  endfacet
  facet normal 0 0 1
    outer loop
      vertex -18.824543938492138 -4.623079456654736 1
      vertex -18.21496076987398 -5.06596755301209 1
      vertex -18.9 -0.6 1
    endloop
  endfacet
  facet normal 0 0 1
    outer loop
      vertex -18.21496076987398 -5.06596755301209 1
      vertex -17.554675749390434 -5.4289623147961175 1
      vertex -17.89181204414475 -1.5897871245356607 1
    endloop
  endfacet
  facet normal 0 0 -1
    outer loop
      vertex -16.854101966249683 -5.706339097770921 0
      vertex -16.14736318154764 -1.386923836996421 0
      vertex -16.12428788751435 -5.893723504372131 0
    endloop
  endfacet
  facet normal 0 0 1
    outer loop
      vertex -16.12428788751435 -5.893723504372131 1
      vertex -15.6 -3.8999999999999995 1
      vertex -15.6 -3.243867124850304 1
    endloop
  endfacet
  facet normal 0 0 1
    outer loop
      vertex -16.12428788751435 -5.893723504372131 1
      vertex -15.6 -3.243867124850304 1
      vertex -15.618358338132891 -3.2415479274046723 1
    endloop
  endfacet
  facet normal 0 0 1
    outer loop
      vertex -16.854101966249683 -5.706339097770921 1
      vertex -16.40507166216474 -2.9859292731378644 1
      vertex -16.76822842343069 -2.7862821541566496 1
    endloop
  endfacet
  facet normal 0 0 1
    outer loop
      vertex -16.12428788751435 -5.893723504372131 1
      vertex -16.019756081437325 -3.1384865037740064 1
      vertex -16.40507166216474 -2.9859292731378644 1
    endloop
  endfacet
  facet normal 0 0 1
    outer loop
      vertex -16.12428788751435 -5.893723504372131 1
      vertex -15.618358338132891 -3.2415479274046723 1
      vertex -16.019756081437325 -3.1384865037740064 1
    endloop
  endfacet
  facet normal 0 0 1
    outer loop
      vertex -17.554675749390434 -5.4289623147961175 1
      vertex -17.103499166170675 -2.542693701160105 1
      vertex -17.405596470490657 -2.259005449564672 1
    endloop
  endfacet
  facet normal 0 0 1
    outer loop
      vertex -17.554675749390434 -5.4289623147961175 1
      vertex -17.405596470490657 -2.259005449564672 1
      vertex -17.669756081437328 -1.9396913325651612 1
    endloop
  endfacet
  facet normal 0 0 1
    outer loop
      vertex -16.854101966249683 -5.706339097770921 1
      vertex -16.76822842343069 -2.7862821541566496 1
      vertex -17.103499166170675 -2.542693701160105 1
    endloop
  endfacet
  facet normal 0 0 -1
    outer loop
      vertex -16.12428788751435 -5.893723504372131 0
      vertex -15.964488230962194 -1.519790265903627 0
      vertex -15.76640272481713 -1.6286886944388352 0
    endloop
  endfacet
  facet normal -0.12533323356430498 -0.9921147013144777 0
    outer loop
      vertex -16.12428788751435 -5.893723504372131 0
      vertex -15.376743117175883 -5.988160370569629 0
      vertex -15.376743117175883 -5.988160370569629 1
    endloop
  endfacet
  facet normal 0 -1 0
    outer loop
      vertex -15.376743117175883 -5.988160370569629 0
      vertex -14.623256882824117 -5.988160370569629 1
      vertex -15.376743117175883 -5.988160370569629 1
    endloop
  endfacet
  facet normal 0 -1 0
    outer loop
      vertex -15.376743117175883 -5.988160370569629 0
      vertex -14.623256882824117 -5.988160370569629 0
      vertex -14.623256882824117 -5.988160370569629 1
    endloop
  endfacet
  facet normal 0 0 1
    outer loop
      vertex -16.12428788751435 -5.893723504372131 1
      vertex -15.376743117175883 -5.988160370569629 1
      vertex -15.6 -3.8999999999999995 1
    endloop
  endfacet
  facet normal 0 0 1
    outer loop
      vertex -15.376743117175883 -5.988160370569629 1
      vertex -14.623256882824117 -5.988160370569629 1
      vertex -15.6 -3.8999999999999995 1
    endloop
  endfacet
  facet normal 0 0 1
    outer loop
      vertex -15.6 -3.8999999999999995 1
      vertex -14.623256882824117 -5.988160370569629 1
      vertex -13.875712112485651 -5.893723504372131 1
    endloop
  endfacet
  facet normal 0.12533323356430498 -0.9921147013144777 0
    outer loop
      vertex -14.623256882824117 -5.988160370569629 0
      vertex -13.875712112485651 -5.893723504372131 1
      vertex -14.623256882824117 -5.988160370569629 1
    endloop
  endfacet
  facet normal 0.12533323356430498 -0.9921147013144777 0
    outer loop
      vertex -14.623256882824117 -5.988160370569629 0
      vertex -13.875712112485651 -5.893723504372131 0
      vertex -13.875712112485651 -5.893723504372131 1
    endloop
  endfacet
  facet normal 0.2486898871648546 -0.9685831611286312 0
    outer loop
      vertex -13.875712112485651 -5.893723504372131 0
      vertex -13.145898033750315 -5.706339097770921 1
      vertex -13.875712112485651 -5.893723504372131 1
    endloop
  endfacet
  facet normal 0.2486898871648546 -0.9685831611286312 0
    outer loop
      vertex -13.875712112485651 -5.893723504372131 0
      vertex -13.145898033750315 -5.706339097770921 0
      vertex -13.145898033750315 -5.706339097770921 1
    endloop
  endfacet
  facet normal 0 0 -1
    outer loop
      vertex -15.376743117175883 -5.988160370569629 0
      vertex -15.113022935152765 -1.7964481111708888 0
      vertex -14.623256882824117 -5.988160370569629 0
    endloop
  endfacet
  facet normal 0 0 1
    outer loop
      vertex -15.6 -3.8999999999999995 1
      vertex -13.875712112485651 -5.893723504372131 1
      vertex -14.4 -3.8999999999999995 1
    endloop
  endfacet
  facet normal 0 0 -1
    outer loop
      vertex -14.623256882824117 -5.988160370569629 0
      vertex -14.4510059804671 -3.2503106786597473 0
      vertex -13.875712112485651 -5.893723504372131 0
    endloop
  endfacet
  facet normal 0 0 -1
    outer loop
      vertex -13.875712112485651 -5.893723504372131 0
      vertex -13.695268650969362 -3.025656813519189 0
      vertex -13.145898033750315 -5.706339097770921 0
    endloop
  endfacet
  facet normal 0 0 1
    outer loop
      vertex -13.875712112485651 -5.893723504372131 1
      vertex -13.145898033750315 -5.706339097770921 1
      vertex -13.980243918562675 -3.1384865037740064 1
    endloop
  endfacet
  facet normal 0.36812455268467814 -0.9297764858882513 0
    outer loop
      vertex -13.145898033750315 -5.706339097770921 0
      vertex -12.445324250609566 -5.4289623147961175 1
      vertex -13.145898033750315 -5.706339097770921 1
    endloop
  endfacet
  facet normal 0.36812455268467814 -0.9297764858882513 0
    outer loop
      vertex -13.145898033750315 -5.706339097770921 0
      vertex -12.445324250609566 -5.4289623147961175 0
      vertex -12.445324250609566 -5.4289623147961175 1
    endloop
  endfacet
  facet normal 0.48175367410171427 -0.8763066800438641 0
    outer loop
      vertex -12.445324250609566 -5.4289623147961175 0
      vertex -11.785039230126023 -5.065967553012092 1
      vertex -12.445324250609566 -5.4289623147961175 1
    endloop
  endfacet
  facet normal 0.48175367410171427 -0.8763066800438641 0
    outer loop
      vertex -12.445324250609566 -5.4289623147961175 0
      vertex -11.785039230126023 -5.065967553012092 0
      vertex -11.785039230126023 -5.065967553012092 1
    endloop
  endfacet
  facet normal 0 0 1
    outer loop
      vertex -13.145898033750315 -5.706339097770921 1
      vertex -12.445324250609566 -5.4289623147961175 1
      vertex -13.231771576569313 -2.7862821541566505 1
    endloop
  endfacet
  facet normal 0 0 -1
    outer loop
      vertex -13.145898033750315 -5.706339097770921 0
      vertex -12.949270444803796 -2.5810330677193565 0
      vertex -12.445324250609566 -5.4289623147961175 0
    endloop
  endfacet
  facet normal 0.5877852522924731 -0.8090169943749472 0
    outer loop
      vertex -11.785039230126023 -5.065967553012092 0
      vertex -11.17545606150786 -4.623079456654734 1
      vertex -11.785039230126023 -5.065967553012092 1
    endloop
  endfacet
  facet normal 0.5877852522924731 -0.8090169943749472 0
    outer loop
      vertex -11.785039230126023 -5.065967553012092 0
      vertex -11.17545606150786 -4.623079456654734 0
      vertex -11.17545606150786 -4.623079456654734 1
    endloop
  endfacet
  facet normal 0 0 -1
    outer loop
      vertex -14.623256882824117 -5.988160370569629 0
      vertex -14.623256882824117 -3.2720710280912906 0
      vertex -14.4510059804671 -3.2503106786597473 0
    endloop
  endfacet
  facet normal 0 0 1
    outer loop
      vertex -13.875712112485651 -5.893723504372131 1
      vertex -14.381641661867109 -3.2415479274046723 1
      vertex -14.4 -3.8999999999999995 1
    endloop
  endfacet
  facet normal 0 0 -1
    outer loop
      vertex -13.875712112485651 -5.893723504372131 0
      vertex -14.4510059804671 -3.2503106786597473 0
      vertex -13.875712112485651 -3.097099433937901 0
    endloop
  endfacet
  facet normal 0 0 1
    outer loop
      vertex -13.875712112485651 -5.893723504372131 1
      vertex -13.980243918562675 -3.1384865037740064 1
      vertex -14.381641661867109 -3.2415479274046723 1
    endloop
  endfacet
  facet normal 0 0 -1
    outer loop
      vertex -13.875712112485651 -5.893723504372131 0
      vertex -13.875712112485651 -3.097099433937901 0
      vertex -13.695268650969362 -3.025656813519189 0
    endloop
  endfacet
  facet normal 0 0 1
    outer loop
      vertex -13.980243918562675 -3.1384865037740064 1
      vertex -13.145898033750315 -5.706339097770921 1
      vertex -13.594928337835261 -2.9859292731378644 1
    endloop
  endfacet
  facet normal 0 0 -1
    outer loop
      vertex -13.695268650969362 -3.025656813519189 0
      vertex -13.145898033750315 -2.72389137326816 0
      vertex -13.145898033750315 -5.706339097770921 0
    endloop
  endfacet
  facet normal 0 0 1
    outer loop
      vertex -13.145898033750315 -5.706339097770921 1
      vertex -13.231771576569313 -2.7862821541566505 1
      vertex -13.594928337835261 -2.9859292731378644 1
    endloop
  endfacet
  facet normal 0 0 -1
    outer loop
      vertex -14.623256882824117 -5.988160370569629 0
      vertex -15.113022935152765 -1.7964481111708888 0
      vertex -14.623256882824117 -3.2720710280912906 0
    endloop
  endfacet
  facet normal 0 0 -1
    outer loop
      vertex -15.376743117175883 -5.988160370569629 0
      vertex -15.337286366254304 -1.7681170513116395 0
      vertex -15.113022935152765 -1.7964481111708888 0
    endloop
  endfacet
  facet normal 0 0 -1
    outer loop
      vertex -15.376743117175883 -5.988160370569629 0
      vertex -15.556230589874906 -1.7119017293312764 0
      vertex -15.337286366254304 -1.7681170513116395 0
    endloop
  endfacet
  facet normal 0 0 -1
    outer loop
      vertex -15.376743117175883 -5.988160370569629 0
      vertex -15.76640272481713 -1.6286886944388352 0
      vertex -15.556230589874906 -1.7119017293312764 0
    endloop
  endfacet
  facet normal 0 0 1
    outer loop
      vertex -14.4 -3.8999999999999995 1
      vertex -14.381641661867109 -3.2415479274046723 1
      vertex -14.4 -3.243867124850304 1
    endloop
  endfacet
  facet normal 0 0 1
    outer loop
      vertex -12.445324250609566 -5.4289623147961175 1
      vertex -11.785039230126023 -5.065967553012092 1
      vertex -12.594403529509341 -2.259005449564672 1
    endloop
  endfacet
  facet normal 0 0 -1
    outer loop
      vertex -12.445324250609566 -5.4289623147961175 0
      vertex -12.896500833829323 -1.7422841196922738 0
      vertex -11.785039230126023 -5.065967553012092 0
    endloop
  endfacet
  facet normal 0.6845471059286892 -0.7289686274214111 0
    outer loop
      vertex -11.17545606150786 -4.623079456654734 0
      vertex -10.626188235471531 -4.1072826355721315 1
      vertex -11.17545606150786 -4.623079456654734 1
    endloop
  endfacet
  facet normal 0.6845471059286892 -0.7289686274214111 0
    outer loop
      vertex -11.17545606150786 -4.623079456654734 0
      vertex -10.626188235471531 -4.1072826355721315 0
      vertex -10.626188235471531 -4.1072826355721315 1
    endloop
  endfacet
  facet normal 0 0 -1
    outer loop
      vertex -13.145898033750315 -5.706339097770921 0
      vertex -13.145898033750315 -2.72389137326816 0
      vertex -12.949270444803796 -2.5810330677193565 0
    endloop
  endfacet
  facet normal 0 0 1
    outer loop
      vertex -12.445324250609566 -5.4289623147961175 1
      vertex -12.896500833829323 -2.5426937011601036 1
      vertex -13.231771576569313 -2.7862821541566505 1
    endloop
  endfacet
  facet normal 0 0 1
    outer loop
      vertex -12.445324250609566 -5.4289623147961175 1
      vertex -12.594403529509341 -2.259005449564672 1
      vertex -12.896500833829323 -2.5426937011601036 1
    endloop
  endfacet
  facet normal 0 0 -1
    outer loop
      vertex -12.445324250609566 -5.4289623147961175 0
      vertex -12.949270444803796 -2.5810330677193565 0
      vertex -12.896500833829323 -1.7422841196922738 0
    endloop
  endfacet
  facet normal 0 0 1
    outer loop
      vertex -12.594403529509341 -2.259005449564672 1
      vertex -11.785039230126023 -5.065967553012092 1
      vertex -12.330243918562674 -1.9396913325651612 1
    endloop
  endfacet
  facet normal 0 0 1
    outer loop
      vertex -11.785039230126023 -5.065967553012092 1
      vertex -11.17545606150786 -4.623079456654734 1
      vertex -11.803675568275517 -0.8206766276440196 1
    endloop
  endfacet
  facet normal 0 0 1
    outer loop
      vertex -11.17545606150786 -4.623079456654734 1
      vertex -10.626188235471531 -4.1072826355721315 1
      vertex -11.761579250161233 -0.6 1
    endloop
  endfacet
  facet normal -0.9048270524660182 -0.4257792915650753 0
    outer loop
      vertex -20.25784008026318 -2.890522044610292 0
      vertex -20.25784008026318 -2.890522044610292 1
      vertex -20.57865891532951 -2.208747316108067 1
    endloop
  endfacet
  facet normal -0.9048270524660182 -0.4257792915650753 0
    outer loop
      vertex -20.25784008026318 -2.890522044610292 0
      vertex -20.57865891532951 -2.208747316108067 1
      vertex -20.57865891532951 -2.208747316108067 0
    endloop
  endfacet
  facet normal -0.9510565162951539 -0.3090169943749469 0
    outer loop
      vertex -20.57865891532951 -2.208747316108067 0
      vertex -20.57865891532951 -2.208747316108067 1
      vertex -20.811498966771786 -1.492139322989129 1
    endloop
  endfacet
  facet normal -0.9510565162951539 -0.3090169943749469 0
    outer loop
      vertex -20.57865891532951 -2.208747316108067 0
      vertex -20.811498966771786 -1.492139322989129 1
      vertex -20.811498966771786 -1.492139322989129 0
    endloop
  endfacet
  facet normal 0 0 1
    outer loop
      vertex -18.21496076987398 -5.06596755301209 1
      vertex -18.196324431724484 -0.8206766276440209 1
      vertex -18.9 -0.6 1
    endloop
  endfacet
  facet normal 0 0 1
    outer loop
      vertex -18.824543938492138 -4.623079456654736 1
      vertex -19.37381176452847 4.1072826355721315 1
      vertex -19.37381176452847 -4.1072826355721315 1
    endloop
  endfacet
  facet normal 0 0 1
    outer loop
      vertex -18.21496076987398 -5.06596755301209 1
      vertex -17.89181204414475 -1.5897871245356607 1
      vertex -18.06826240343123 -1.214811023859437 1
    endloop
  endfacet
  facet normal 0 0 1
    outer loop
      vertex -17.554675749390434 -5.4289623147961175 1
      vertex -17.669756081437328 -1.9396913325651612 1
      vertex -17.89181204414475 -1.5897871245356607 1
    endloop
  endfacet
  facet normal 0 0 1
    outer loop
      vertex -18.21496076987398 -5.06596755301209 1
      vertex -18.06826240343123 -1.214811023859437 1
      vertex -18.196324431724484 -0.8206766276440209 1
    endloop
  endfacet
  facet normal 0 0 -1
    outer loop
      vertex -16.854101966249683 -5.706339097770921 0
      vertex -16.31214352935854 -1.2321847906716394 0
      vertex -16.14736318154764 -1.386923836996421 0
    endloop
  endfacet
  facet normal 0 0 -1
    outer loop
      vertex -16.854101966249683 -5.706339097770921 0
      vertex -16.456230589874906 -1.0580134541264516 0
      vertex -16.31214352935854 -1.2321847906716394 0
    endloop
  endfacet
  facet normal 0 0 -1
    outer loop
      vertex -16.12428788751435 -5.893723504372131 0
      vertex -16.14736318154764 -1.386923836996421 0
      vertex -15.964488230962194 -1.519790265903627 0
    endloop
  endfacet
  facet normal 0 0 -1
    outer loop
      vertex -16.854101966249683 -5.706339097770921 0
      vertex -16.577352024078955 -0.8671566133830877 0
      vertex -16.456230589874906 -1.0580134541264516 0
    endloop
  endfacet
  facet normal 0 0 -1
    outer loop
      vertex -16.854101966249683 -5.706339097770921 0
      vertex -16.743449690031536 -0.4476417968967387 0
      vertex -16.673597674598852 -0.6626241948324202 0
    endloop
  endfacet
  facet normal 0 0 -1
    outer loop
      vertex -16.854101966249683 -5.706339097770921 0
      vertex -16.673597674598852 -0.6626241948324202 0
      vertex -16.577352024078955 -0.8671566133830877 0
    endloop
  endfacet
  facet normal 0 0 -1
    outer loop
      vertex -17.554675749390434 -5.4289623147961175 0
      vertex -17.554675749390437 5.428962314796117 0
      vertex -16.854101966249683 -5.706339097770921 0
    endloop
  endfacet
  facet normal 0 0 -1
    outer loop
      vertex -18.824543938492138 -4.623079456654736 0
      vertex -18.21496076987398 5.06596755301209 0
      vertex -17.554675749390434 -5.4289623147961175 0
    endloop
  endfacet
  facet normal 0 0 -1
    outer loop
      vertex -16.854101966249683 -5.706339097770921 0
      vertex -16.78580646236606 -0.22559982041574733 0
      vertex -16.743449690031536 -0.4476417968967387 0
    endloop
  endfacet
  facet normal -0.982287250728689 -0.1873813145857224 0
    outer loop
      vertex -20.811498966771786 -1.492139322989129 0
      vertex -20.811498966771786 -1.492139322989129 1
      vertex -20.952688207886865 -0.7519994013858244 1
    endloop
  endfacet
  facet normal 0 0 1
    outer loop
      vertex -19.854101966249686 -3.526711513754839 1
      vertex -19.37381176452847 -4.1072826355721315 1
      vertex -19.854101966249686 3.526711513754839 1
    endloop
  endfacet
  facet normal 0 0 1
    outer loop
      vertex -19.854101966249686 -3.526711513754839 1
      vertex -20.25784008026318 2.890522044610292 1
      vertex -20.25784008026318 -2.890522044610292 1
    endloop
  endfacet
  facet normal -0.982287250728689 -0.1873813145857224 0
    outer loop
      vertex -20.811498966771786 -1.492139322989129 0
      vertex -20.952688207886865 -0.7519994013858244 1
      vertex -20.952688207886865 -0.7519994013858244 0
    endloop
  endfacet
  facet normal 0 0 1
    outer loop
      vertex -20.25784008026318 -2.890522044610292 1
      vertex -20.57865891532951 2.208747316108067 1
      vertex -20.57865891532951 -2.208747316108067 1
    endloop
  endfacet
  facet normal 0 0 -1
    outer loop
      vertex -19.854101966249686 -3.526711513754839 0
      vertex -20.25784008026318 -2.890522044610292 0
      vertex -19.854101966249686 3.526711513754839 0
    endloop
  endfacet
  facet normal 0 0 -1
    outer loop
      vertex -19.854101966249686 -3.526711513754839 0
      vertex -19.37381176452847 4.1072826355721315 0
      vertex -19.37381176452847 -4.1072826355721315 0
    endloop
  endfacet
  facet normal 0 0 -1
    outer loop
      vertex -18.824543938492138 -4.623079456654736 0
      vertex -19.37381176452847 -4.1072826355721315 0
      vertex -18.824543938492138 4.623079456654736 0
    endloop
  endfacet
  facet normal 0 0 1
    outer loop
      vertex -20.57865891532951 -2.208747316108067 1
      vertex -20.811498966771786 1.492139322989129 1
      vertex -20.811498966771786 -1.492139322989129 1
    endloop
  endfacet
  facet normal 0 0 -1
    outer loop
      vertex -20.25784008026318 -2.890522044610292 0
      vertex -20.57865891532951 -2.208747316108067 0
      vertex -20.25784008026318 2.890522044610292 0
    endloop
  endfacet
  facet normal -0.9980267284282713 -0.06279051952931575 0
    outer loop
      vertex -20.952688207886865 -0.7519994013858244 0
      vertex -20.952688207886865 -0.7519994013858244 1
      vertex -21 0 1
    endloop
  endfacet
  facet normal 0 0 1
    outer loop
      vertex -20.811498966771786 -1.492139322989129 1
      vertex -20.952688207886865 0.7519994013858244 1
      vertex -20.952688207886865 -0.7519994013858244 1
    endloop
  endfacet
  facet normal 0 0 -1
    outer loop
      vertex -20.57865891532951 -2.208747316108067 0
      vertex -20.811498966771786 -1.492139322989129 0
      vertex -20.57865891532951 2.208747316108067 0
    endloop
  endfacet
  facet normal -0.9980267284282713 -0.06279051952931575 0
    outer loop
      vertex -20.952688207886865 -0.7519994013858244 0
      vertex -21 0 1
      vertex -21 0 0
    endloop
  endfacet
  facet normal 0 0 -1
    outer loop
      vertex -20.811498966771786 -1.492139322989129 0
      vertex -20.952688207886865 -0.7519994013858244 0
      vertex -20.811498966771786 1.492139322989129 0
    endloop
  endfacet
  facet normal 0 0 1
    outer loop
      vertex -18.9 -0.6 1
      vertex -18.196324431724484 -0.8206766276440209 1
      vertex -18.238420749838767 -0.6 1
    endloop
  endfacet
  facet normal 0 0 1
    outer loop
      vertex -18.824543938492138 -4.623079456654736 1
      vertex -18.9 -0.6 1
      vertex -19.37381176452847 4.1072826355721315 1
    endloop
  endfacet
  facet normal 0 0 -1
    outer loop
      vertex -16.854101966249683 -5.706339097770921 0
      vertex -17.554675749390437 5.428962314796117 0
      vertex -16.78580646236606 -0.22559982041574733 0
    endloop
  endfacet
  facet normal 0 0 -1
    outer loop
      vertex -14.623256882824117 -3.2720710280912906 0
      vertex -15.113022935152765 -1.7964481111708888 0
      vertex -14.886977064847235 -1.7964481111708888 0
    endloop
  endfacet
  facet normal 0 0 -1
    outer loop
      vertex -14.623256882824117 -3.2720710280912906 0
      vertex -14.886977064847235 -1.7964481111708888 0
      vertex -14.662713633745696 -1.7681170513116395 0
    endloop
  endfacet
  facet normal 0 0 -1
    outer loop
      vertex -14.623256882824117 -3.2720710280912906 0
      vertex -14.662713633745696 -1.7681170513116395 0
      vertex -14.62325688282412 -1.7579862795530796 0
    endloop
  endfacet
  facet normal 0 0 -1
    outer loop
      vertex -14.4510059804671 -3.2503106786597473 0
      vertex -14.381641661867109 -2.14779640610801 0
      vertex -13.875712112485651 -3.097099433937901 0
    endloop
  endfacet
  facet normal 0 0 -1
    outer loop
      vertex -13.695268650969362 -3.025656813519189 0
      vertex -13.594928337835261 -1.4307932067617244 0
      vertex -13.145898033750315 -2.72389137326816 0
    endloop
  endfacet
  facet normal 0 0 -1
    outer loop
      vertex -13.875712112485651 -3.097099433937901 0
      vertex -14.381641661867109 -2.14779640610801 0
      vertex -13.875712112485651 -1.4770010244725496 0
    endloop
  endfacet
  facet normal 0 0 -1
    outer loop
      vertex -14.381641661867109 -2.14779640610801 0
      vertex -14.449408164027847 -1.7133495152603566 0
      vertex -14.443769410125094 -1.7119017293312764 0
    endloop
  endfacet
  facet normal 0 0 -1
    outer loop
      vertex -14.381641661867109 -2.14779640610801 0
      vertex -14.443769410125094 -1.7119017293312764 0
      vertex -14.23359727518287 -1.6286886944388352 0
    endloop
  endfacet
  facet normal 0 0 -1
    outer loop
      vertex -14.381641661867109 -2.14779640610801 0
      vertex -14.23359727518287 -1.6286886944388352 0
      vertex -14.035511769037807 -1.5197902659036275 0
    endloop
  endfacet
  facet normal 0 0 -1
    outer loop
      vertex -14.381641661867109 -2.14779640610801 0
      vertex -14.035511769037807 -1.5197902659036275 0
      vertex -13.852636818452359 -1.3869238369964203 0
    endloop
  endfacet
  facet normal 0 0 -1
    outer loop
      vertex -14.381641661867109 -2.14779640610801 0
      vertex -13.852636818452359 -1.3869238369964203 0
      vertex -13.875712112485651 -1.4770010244725496 0
    endloop
  endfacet
  facet normal 0 0 -1
    outer loop
      vertex -13.594928337835261 -1.4307932067617244 0
      vertex -13.145898033750315 -1.4213612769185229 0
      vertex -13.145898033750315 -2.72389137326816 0
    endloop
  endfacet
  facet normal 0 0 1
    outer loop
      vertex -12.330243918562674 -1.9396913325651612 1
      vertex -11.785039230126023 -5.065967553012092 1
      vertex -12.10818795585525 -1.5897871245356607 1
    endloop
  endfacet
  facet normal 0 0 1
    outer loop
      vertex -12.10818795585525 -1.5897871245356607 1
      vertex -11.785039230126023 -5.065967553012092 1
      vertex -11.931737596568771 -1.2148110238594385 1
    endloop
  endfacet
  facet normal 0 0 1
    outer loop
      vertex -11.785039230126023 -5.065967553012092 1
      vertex -11.803675568275517 -0.8206766276440196 1
      vertex -11.931737596568771 -1.2148110238594385 1
    endloop
  endfacet
  facet normal 0 0 1
    outer loop
      vertex -11.17545606150786 -4.623079456654734 1
      vertex -11.761579250161233 -0.6 1
      vertex -11.803675568275517 -0.8206766276440196 1
    endloop
  endfacet
  facet normal 0 0 -1
    outer loop
      vertex -11.785039230126023 -5.065967553012092 0
      vertex -11.175456061507862 4.623079456654735 0
      vertex -11.17545606150786 -4.623079456654734 0
    endloop
  endfacet
  facet normal 0 0 1
    outer loop
      vertex -10.626188235471531 -4.1072826355721315 1
      vertex -11.100000000000001 -0.6 1
      vertex -11.761579250161233 -0.6 1
    endloop
  endfacet
  facet normal 0 0 -1
    outer loop
      vertex -11.17545606150786 -4.623079456654734 0
      vertex -10.626188235471531 4.107282635572132 0
      vertex -10.626188235471531 -4.1072826355721315 0
    endloop
  endfacet
  facet normal 0 0 -1
    outer loop
      vertex -13.875712112485651 -1.4770010244725496 0
      vertex -13.852636818452359 -1.3869238369964203 0
      vertex -13.594928337835261 -1.4307932067617244 0
    endloop
  endfacet
  facet normal 0 0 -1
    outer loop
      vertex -13.594928337835261 -1.4307932067617244 0
      vertex -13.852636818452359 -1.3869238369964203 0
      vertex -13.687856470641458 -1.2321847906716394 0
    endloop
  endfacet
  facet normal 0 0 -1
    outer loop
      vertex -13.594928337835261 -1.4307932067617244 0
      vertex -13.687856470641458 -1.2321847906716394 0
      vertex -13.543769410125094 -1.0580134541264516 0
    endloop
  endfacet
  facet normal 0 0 -1
    outer loop
      vertex -13.594928337835261 -1.4307932067617244 0
      vertex -13.543769410125094 -1.0580134541264516 0
      vertex -13.145898033750315 -1.4213612769185229 0
    endloop
  endfacet
  facet normal 0 0 -1
    outer loop
      vertex -13.145898033750315 -1.4213612769185229 0
      vertex -13.543769410125094 -1.0580134541264516 0
      vertex -13.422647975921045 -0.8671566133830877 0
    endloop
  endfacet
  facet normal 0 0 -1
    outer loop
      vertex -13.145898033750315 -1.4213612769185229 0
      vertex -13.422647975921045 -0.8671566133830877 0
      vertex -13.326402325401148 -0.6626241948324211 0
    endloop
  endfacet
  facet normal 0 0 -1
    outer loop
      vertex -13.145898033750315 -1.4213612769185229 0
      vertex -13.326402325401148 -0.6626241948324211 0
      vertex -13.256550309968464 -0.447641796896738 0
    endloop
  endfacet
  facet normal 0 0 -1
    outer loop
      vertex -13.145898033750315 -1.4213612769185229 0
      vertex -13.256550309968464 -0.447641796896738 0
      vertex -13.214193537633939 -0.22559982041574733 0
    endloop
  endfacet
  facet normal 0 0 -1
    outer loop
      vertex -13.145898033750315 -1.4213612769185229 0
      vertex -13.214193537633939 -0.22559982041574733 0
      vertex -13.2 0 0
    endloop
  endfacet
  facet normal 0 0 1
    outer loop
      vertex -10.626188235471531 -4.1072826355721315 1
      vertex -11.100000000000001 0.6 1
      vertex -11.100000000000001 -0.6 1
    endloop
  endfacet
  facet normal 0 0 -1
    outer loop
      vertex -12.896500833829323 -1.7422841196922738 0
      vertex -12.445324250609563 5.428962314796117 0
      vertex -11.785039230126023 -5.065967553012092 0
    endloop
  endfacet
  facet normal 0.7705132427757886 -0.6374239897486904 0
    outer loop
      vertex -10.626188235471531 -4.1072826355721315 0
      vertex -10.145898033750315 -3.526711513754839 0
      vertex -10.626188235471531 -4.1072826355721315 1
    endloop
  endfacet
  facet normal 0.7705132427757886 -0.6374239897486904 0
    outer loop
      vertex -10.626188235471531 -4.1072826355721315 1
      vertex -10.145898033750315 -3.526711513754839 0
      vertex -10.145898033750315 -3.526711513754839 1
    endloop
  endfacet
  facet normal 0.8443279255020154 -0.5358267949789961 0
    outer loop
      vertex -10.145898033750315 -3.526711513754839 0
      vertex -9.74215991973682 -2.890522044610292 0
      vertex -10.145898033750315 -3.526711513754839 1
    endloop
  endfacet
  facet normal 0.8443279255020154 -0.5358267949789961 0
    outer loop
      vertex -10.145898033750315 -3.526711513754839 1
      vertex -9.74215991973682 -2.890522044610292 0
      vertex -9.74215991973682 -2.890522044610292 1
    endloop
  endfacet
  facet normal 0.9048270524660194 -0.42577929156507305 0
    outer loop
      vertex -9.74215991973682 -2.890522044610292 0
      vertex -9.421341084670493 -2.20874731610807 0
      vertex -9.74215991973682 -2.890522044610292 1
    endloop
  endfacet
  facet normal 0.9048270524660194 -0.42577929156507305 0
    outer loop
      vertex -9.74215991973682 -2.890522044610292 1
      vertex -9.421341084670493 -2.20874731610807 0
      vertex -9.421341084670493 -2.20874731610807 1
    endloop
  endfacet
  facet normal 0.9510565162951538 -0.30901699437494684 0
    outer loop
      vertex -9.421341084670493 -2.20874731610807 0
      vertex -9.188501033228214 -1.4921393229891267 0
      vertex -9.421341084670493 -2.20874731610807 1
    endloop
  endfacet
  facet normal 0.9510565162951538 -0.30901699437494684 0
    outer loop
      vertex -9.421341084670493 -2.20874731610807 1
      vertex -9.188501033228214 -1.4921393229891267 0
      vertex -9.188501033228214 -1.4921393229891267 1
    endloop
  endfacet
  facet normal 0 0 -1
    outer loop
      vertex -10.626188235471531 -4.1072826355721315 0
      vertex -10.145898033750315 3.526711513754839 0
      vertex -10.145898033750315 -3.526711513754839 0
    endloop
  endfacet
  facet normal 0 0 1
    outer loop
      vertex -10.626188235471531 -4.1072826355721315 1
      vertex -10.145898033750315 -3.526711513754839 1
      vertex -10.626188235471531 4.107282635572132 1
    endloop
  endfacet
  facet normal 0 0 -1
    outer loop
      vertex -10.145898033750315 -3.526711513754839 0
      vertex -9.742159919736817 2.890522044610292 0
      vertex -9.74215991973682 -2.890522044610292 0
    endloop
  endfacet
  facet normal 0 0 1
    outer loop
      vertex -10.145898033750315 -3.526711513754839 1
      vertex -9.74215991973682 -2.890522044610292 1
      vertex -10.145898033750315 3.526711513754839 1
    endloop
  endfacet
  facet normal 0 0 -1
    outer loop
      vertex -9.74215991973682 -2.890522044610292 0
      vertex -9.421341084670491 2.208747316108068 0
      vertex -9.421341084670493 -2.20874731610807 0
    endloop
  endfacet
  facet normal 0.9822872507286886 -0.18738131458572527 0
    outer loop
      vertex -9.188501033228214 -1.4921393229891267 0
      vertex -9.047311792113133 -0.7519994013858244 0
      vertex -9.188501033228214 -1.4921393229891267 1
    endloop
  endfacet
  facet normal 0.9822872507286886 -0.18738131458572527 0
    outer loop
      vertex -9.188501033228214 -1.4921393229891267 1
      vertex -9.047311792113133 -0.7519994013858244 0
      vertex -9.047311792113133 -0.7519994013858244 1
    endloop
  endfacet
  facet normal 0 0 1
    outer loop
      vertex -9.74215991973682 -2.890522044610292 1
      vertex -9.421341084670493 -2.20874731610807 1
      vertex -9.742159919736817 2.890522044610292 1
    endloop
  endfacet
  facet normal 0 0 -1
    outer loop
      vertex -9.421341084670493 -2.20874731610807 0
      vertex -9.188501033228214 1.4921393229891287 0
      vertex -9.188501033228214 -1.4921393229891267 0
    endloop
  endfacet
  facet normal 0 0 1
    outer loop
      vertex -9.421341084670493 -2.20874731610807 1
      vertex -9.188501033228214 -1.4921393229891267 1
      vertex -9.421341084670491 2.208747316108068 1
    endloop
  endfacet
  facet normal 0 0 -1
    outer loop
      vertex -9.188501033228214 -1.4921393229891267 0
      vertex -9.047311792113133 0.7519994013858255 0
      vertex -9.047311792113133 -0.7519994013858244 0
    endloop
  endfacet
  facet normal 0.9980267284282717 -0.0627905195293134 0
    outer loop
      vertex -9.047311792113133 -0.7519994013858244 0
      vertex -9 0 0
      vertex -9.047311792113133 -0.7519994013858244 1
    endloop
  endfacet
  facet normal 0.9980267284282717 -0.0627905195293134 0
    outer loop
      vertex -9.047311792113133 -0.7519994013858244 1
      vertex -9 0 0
      vertex -9 0 1
    endloop
  endfacet
  facet normal 0 0 1
    outer loop
      vertex -9.188501033228214 -1.4921393229891267 1
      vertex -9.047311792113133 -0.7519994013858244 1
      vertex -9.188501033228214 1.4921393229891287 1
    endloop
  endfacet
  facet normal 0 0 -1
    outer loop
      vertex -20.952688207886865 -0.7519994013858244 0
      vertex -21 0 0
      vertex -20.952688207886865 0.7519994013858244 0
    endloop
  endfacet
  facet normal 0 0 1
    outer loop
      vertex -20.952688207886865 -0.7519994013858244 1
      vertex -20.952688207886865 0.7519994013858244 1
      vertex -21 0 1
    endloop
  endfacet
  facet normal -0.9980267284282713 0.06279051952931575 0
    outer loop
      vertex -21 0 0
      vertex -21 0 1
      vertex -20.952688207886865 0.7519994013858244 1
    endloop
  endfacet
  facet normal 0 0 1
    outer loop
      vertex -20.811498966771786 -1.492139322989129 1
      vertex -20.811498966771786 1.492139322989129 1
      vertex -20.952688207886865 0.7519994013858244 1
    endloop
  endfacet
  facet normal -0.9980267284282713 0.06279051952931575 0
    outer loop
      vertex -21 0 0
      vertex -20.952688207886865 0.7519994013858244 1
      vertex -20.952688207886865 0.7519994013858244 0
    endloop
  endfacet
  facet normal 0 0 -1
    outer loop
      vertex -20.952688207886865 -0.7519994013858244 0
      vertex -20.952688207886865 0.7519994013858244 0
      vertex -20.811498966771786 1.492139322989129 0
    endloop
  endfacet
  facet normal 0 0 1
    outer loop
      vertex -20.57865891532951 -2.208747316108067 1
      vertex -20.57865891532951 2.208747316108067 1
      vertex -20.811498966771786 1.492139322989129 1
    endloop
  endfacet
  facet normal 0 0 -1
    outer loop
      vertex -20.811498966771786 -1.492139322989129 0
      vertex -20.811498966771786 1.492139322989129 0
      vertex -20.57865891532951 2.208747316108067 0
    endloop
  endfacet
  facet normal 0 0 1
    outer loop
      vertex -20.25784008026318 -2.890522044610292 1
      vertex -20.25784008026318 2.890522044610292 1
      vertex -20.57865891532951 2.208747316108067 1
    endloop
  endfacet
  facet normal -0.982287250728689 0.1873813145857224 0
    outer loop
      vertex -20.952688207886865 0.7519994013858244 0
      vertex -20.952688207886865 0.7519994013858244 1
      vertex -20.811498966771786 1.492139322989129 1
    endloop
  endfacet
  facet normal 0 0 -1
    outer loop
      vertex -20.57865891532951 -2.208747316108067 0
      vertex -20.57865891532951 2.208747316108067 0
      vertex -20.25784008026318 2.890522044610292 0
    endloop
  endfacet
  facet normal 0 0 1
    outer loop
      vertex -19.854101966249686 -3.526711513754839 1
      vertex -19.854101966249686 3.526711513754839 1
      vertex -20.25784008026318 2.890522044610292 1
    endloop
  endfacet
  facet normal -0.982287250728689 0.1873813145857224 0
    outer loop
      vertex -20.952688207886865 0.7519994013858244 0
      vertex -20.811498966771786 1.492139322989129 1
      vertex -20.811498966771786 1.492139322989129 0
    endloop
  endfacet
  facet normal 0 0 -1
    outer loop
      vertex -20.25784008026318 -2.890522044610292 0
      vertex -20.25784008026318 2.890522044610292 0
      vertex -19.854101966249686 3.526711513754839 0
    endloop
  endfacet
  facet normal 0 0 -1
    outer loop
      vertex -19.854101966249686 -3.526711513754839 0
      vertex -19.854101966249686 3.526711513754839 0
      vertex -19.37381176452847 4.1072826355721315 0
    endloop
  endfacet
  facet normal 0 0 1
    outer loop
      vertex -19.37381176452847 -4.1072826355721315 1
      vertex -19.37381176452847 4.1072826355721315 1
      vertex -19.854101966249686 3.526711513754839 1
    endloop
  endfacet
  facet normal 0 0 1
    outer loop
      vertex -18.9 -0.6 1
      vertex -18.9 0.6 1
      vertex -19.37381176452847 4.1072826355721315 1
    endloop
  endfacet
  facet normal 0 0 -1
    outer loop
      vertex -16.40507166216474 1.4307932067617035 0
      vertex -16.456230589874906 1.0580134541264516 0
      vertex -16.577352024078955 0.8671566133830877 0
    endloop
  endfacet
  facet normal 0 0 -1
    outer loop
      vertex -16.40507166216474 1.4307932067617035 0
      vertex -16.31214352935854 1.2321847906716394 0
      vertex -16.456230589874906 1.0580134541264516 0
    endloop
  endfacet
  facet normal 0 0 -1
    outer loop
      vertex -16.40507166216474 1.4307932067617035 0
      vertex -16.14736318154764 1.386923836996421 0
      vertex -16.31214352935854 1.2321847906716394 0
    endloop
  endfacet
  facet normal 0 0 -1
    outer loop
      vertex -16.40507166216474 1.4307932067617035 0
      vertex -16.12428788751435 1.477001024472552 0
      vertex -16.14736318154764 1.386923836996421 0
    endloop
  endfacet
  facet normal 0 0 -1
    outer loop
      vertex -16.12428788751435 1.477001024472552 0
      vertex -15.964488230962194 1.519790265903627 0
      vertex -16.14736318154764 1.386923836996421 0
    endloop
  endfacet
  facet normal -0.9510565162951539 0.3090169943749469 0
    outer loop
      vertex -20.811498966771786 1.492139322989129 0
      vertex -20.811498966771786 1.492139322989129 1
      vertex -20.57865891532951 2.208747316108067 1
    endloop
  endfacet
  facet normal -0.9510565162951539 0.3090169943749469 0
    outer loop
      vertex -20.811498966771786 1.492139322989129 0
      vertex -20.57865891532951 2.208747316108067 1
      vertex -20.57865891532951 2.208747316108067 0
    endloop
  endfacet
  facet normal 0 0 -1
    outer loop
      vertex -19.37381176452847 -4.1072826355721315 0
      vertex -19.37381176452847 4.1072826355721315 0
      vertex -18.824543938492138 4.623079456654736 0
    endloop
  endfacet
  facet normal 0 0 1
    outer loop
      vertex -18.9 0.6 1
      vertex -18.238420749838767 0.6 1
      vertex -19.37381176452847 4.1072826355721315 1
    endloop
  endfacet
  facet normal 0 0 -1
    outer loop
      vertex -18.824543938492138 -4.623079456654736 0
      vertex -18.824543938492138 4.623079456654736 0
      vertex -18.21496076987398 5.06596755301209 0
    endloop
  endfacet
  facet normal 0 0 1
    outer loop
      vertex -18.238420749838767 0.6 1
      vertex -18.196324431724484 0.8206766276440209 1
      vertex -18.824543938492138 4.623079456654736 1
    endloop
  endfacet
  facet normal -0.9048270524660182 0.4257792915650753 0
    outer loop
      vertex -20.57865891532951 2.208747316108067 0
      vertex -20.57865891532951 2.208747316108067 1
      vertex -20.25784008026318 2.890522044610292 1
    endloop
  endfacet
  facet normal -0.9048270524660182 0.4257792915650753 0
    outer loop
      vertex -20.57865891532951 2.208747316108067 0
      vertex -20.25784008026318 2.890522044610292 1
      vertex -20.25784008026318 2.890522044610292 0
    endloop
  endfacet
  facet normal 0 0 -1
    outer loop
      vertex -17.554675749390434 -5.4289623147961175 0
      vertex -18.21496076987398 5.06596755301209 0
      vertex -17.554675749390437 5.428962314796117 0
    endloop
  endfacet
  facet normal 0 0 -1
    outer loop
      vertex -17.554675749390437 5.428962314796117 0
      vertex -16.8 0 0
      vertex -16.78580646236606 -0.22559982041574733 0
    endloop
  endfacet
  facet normal 0 0 -1
    outer loop
      vertex -17.554675749390437 5.428962314796117 0
      vertex -16.78580646236606 0.22559982041574733 0
      vertex -16.8 0 0
    endloop
  endfacet
  facet normal 0 0 -1
    outer loop
      vertex -17.554675749390437 5.428962314796117 0
      vertex -16.743449690031536 0.4476417968967387 0
      vertex -16.78580646236606 0.22559982041574733 0
    endloop
  endfacet
  facet normal 0 0 -1
    outer loop
      vertex -17.554675749390437 5.428962314796117 0
      vertex -16.673597674598852 0.6626241948324202 0
      vertex -16.743449690031536 0.4476417968967387 0
    endloop
  endfacet
  facet normal 0 0 1
    outer loop
      vertex -18.196324431724484 0.8206766276440209 1
      vertex -18.06826240343123 1.214811023859437 1
      vertex -18.21496076987398 5.06596755301209 1
    endloop
  endfacet
  facet normal 0 0 1
    outer loop
      vertex -18.06826240343123 1.214811023859437 1
      vertex -17.89181204414475 1.5897871245356607 1
      vertex -18.21496076987398 5.06596755301209 1
    endloop
  endfacet
  facet normal 0 0 1
    outer loop
      vertex -18.21496076987398 5.06596755301209 1
      vertex -17.89181204414475 1.5897871245356607 1
      vertex -17.669756081437328 1.9396913325651612 1
    endloop
  endfacet
  facet normal 0 0 -1
    outer loop
      vertex -17.554675749390437 5.428962314796117 0
      vertex -16.577352024078955 0.8671566133830877 0
      vertex -16.673597674598852 0.6626241948324202 0
    endloop
  endfacet
  facet normal 0 0 -1
    outer loop
      vertex -16.40507166216474 1.4307932067617035 0
      vertex -16.577352024078955 0.8671566133830877 0
      vertex -17.554675749390437 5.428962314796117 0
    endloop
  endfacet
  facet normal 0 0 -1
    outer loop
      vertex -16.12428788751435 1.477001024472552 0
      vertex -16.12428788751435 5.893723504372132 0
      vertex -15.964488230962194 1.519790265903627 0
    endloop
  endfacet
  facet normal 0 0 -1
    outer loop
      vertex -13.145898033750315 -1.4213612769185229 0
      vertex -13.2 0 0
      vertex -13.145898033750315 5.706339097770921 0
    endloop
  endfacet
  facet normal 0 0 1
    outer loop
      vertex -10.626188235471531 -4.1072826355721315 1
      vertex -11.175456061507862 4.623079456654735 1
      vertex -11.100000000000001 0.6 1
    endloop
  endfacet
  facet normal 0 0 1
    outer loop
      vertex -11.761579250161233 0.6 1
      vertex -11.100000000000001 0.6 1
      vertex -11.803675568275517 0.8206766276440208 1
    endloop
  endfacet
  facet normal 0 0 -1
    outer loop
      vertex -12.896500833829323 -1.7422841196922738 0
      vertex -13.145898033750315 -1.4213612769185229 0
      vertex -13.145898033750315 5.706339097770921 0
    endloop
  endfacet
  facet normal 0 0 -1
    outer loop
      vertex -11.17545606150786 -4.623079456654734 0
      vertex -11.175456061507862 4.623079456654735 0
      vertex -10.626188235471531 4.107282635572132 0
    endloop
  endfacet
  facet normal 0 0 -1
    outer loop
      vertex -13.145898033750315 5.706339097770921 0
      vertex -13.2 0 0
      vertex -13.214193537633939 0.22559982041574766 0
    endloop
  endfacet
  facet normal 0 0 -1
    outer loop
      vertex -13.145898033750315 5.706339097770921 0
      vertex -13.214193537633939 0.22559982041574766 0
      vertex -13.256550309968464 0.44764179689673866 0
    endloop
  endfacet
  facet normal 0 0 -1
    outer loop
      vertex -13.145898033750315 5.706339097770921 0
      vertex -13.256550309968464 0.44764179689673866 0
      vertex -13.326402325401148 0.6626241948324204 0
    endloop
  endfacet
  facet normal 0 0 -1
    outer loop
      vertex -13.145898033750315 5.706339097770921 0
      vertex -13.326402325401148 0.6626241948324204 0
      vertex -13.422647975921045 0.8671566133830876 0
    endloop
  endfacet
  facet normal 0 0 -1
    outer loop
      vertex -13.145898033750315 5.706339097770921 0
      vertex -13.422647975921045 0.8671566133830876 0
      vertex -13.543769410125094 1.0580134541264516 0
    endloop
  endfacet
  facet normal 0 0 -1
    outer loop
      vertex -13.145898033750315 5.706339097770921 0
      vertex -13.543769410125094 1.0580134541264516 0
      vertex -13.68785647064146 1.2321847906716397 0
    endloop
  endfacet
  facet normal 0 0 -1
    outer loop
      vertex -13.145898033750315 5.706339097770921 0
      vertex -13.68785647064146 1.2321847906716397 0
      vertex -13.852636818452359 1.3869238369964205 0
    endloop
  endfacet
  facet normal 0 0 -1
    outer loop
      vertex -13.145898033750315 5.706339097770921 0
      vertex -13.852636818452359 1.3869238369964205 0
      vertex -14.035511769037806 1.519790265903627 0
    endloop
  endfacet
  facet normal 0 0 -1
    outer loop
      vertex -11.785039230126023 -5.065967553012092 0
      vertex -12.445324250609563 5.428962314796117 0
      vertex -11.78503923012602 5.06596755301209 0
    endloop
  endfacet
  facet normal 0 0 -1
    outer loop
      vertex -11.785039230126023 -5.065967553012092 0
      vertex -11.78503923012602 5.06596755301209 0
      vertex -11.175456061507862 4.623079456654735 0
    endloop
  endfacet
  facet normal 0 0 1
    outer loop
      vertex -10.626188235471531 -4.1072826355721315 1
      vertex -10.626188235471531 4.107282635572132 1
      vertex -11.175456061507862 4.623079456654735 1
    endloop
  endfacet
  facet normal 0 0 1
    outer loop
      vertex -11.803675568275517 0.8206766276440208 1
      vertex -11.100000000000001 0.6 1
      vertex -11.78503923012602 5.06596755301209 1
    endloop
  endfacet
  facet normal 0 0 1
    outer loop
      vertex -11.803675568275517 0.8206766276440208 1
      vertex -11.78503923012602 5.06596755301209 1
      vertex -11.931737596568771 1.2148110238594372 1
    endloop
  endfacet
  facet normal 0 0 1
    outer loop
      vertex -12.10818795585525 1.5897871245356605 1
      vertex -11.931737596568771 1.2148110238594372 1
      vertex -11.78503923012602 5.06596755301209 1
    endloop
  endfacet
  facet normal 0 0 1
    outer loop
      vertex -12.10818795585525 1.5897871245356605 1
      vertex -12.445324250609563 5.428962314796117 1
      vertex -12.330243918562674 1.9396913325651612 1
    endloop
  endfacet
  facet normal -0.8443279255020175 0.5358267949789928 0
    outer loop
      vertex -20.25784008026318 2.890522044610292 0
      vertex -20.25784008026318 2.890522044610292 1
      vertex -19.854101966249686 3.526711513754839 1
    endloop
  endfacet
  facet normal -0.8443279255020175 0.5358267949789928 0
    outer loop
      vertex -20.25784008026318 2.890522044610292 0
      vertex -19.854101966249686 3.526711513754839 1
      vertex -19.854101966249686 3.526711513754839 0
    endloop
  endfacet
  facet normal -0.7705132427757875 0.6374239897486919 0
    outer loop
      vertex -19.854101966249686 3.526711513754839 0
      vertex -19.854101966249686 3.526711513754839 1
      vertex -19.37381176452847 4.1072826355721315 1
    endloop
  endfacet
  facet normal 0 0 1
    outer loop
      vertex -18.238420749838767 0.6 1
      vertex -18.824543938492138 4.623079456654736 1
      vertex -19.37381176452847 4.1072826355721315 1
    endloop
  endfacet
  facet normal 0 0 1
    outer loop
      vertex -18.196324431724484 0.8206766276440209 1
      vertex -18.21496076987398 5.06596755301209 1
      vertex -18.824543938492138 4.623079456654736 1
    endloop
  endfacet
  facet normal -0.7705132427757875 0.6374239897486919 0
    outer loop
      vertex -19.854101966249686 3.526711513754839 0
      vertex -19.37381176452847 4.1072826355721315 1
      vertex -19.37381176452847 4.1072826355721315 0
    endloop
  endfacet
  facet normal -0.6845471059286892 0.728968627421411 0
    outer loop
      vertex -19.37381176452847 4.1072826355721315 0
      vertex -19.37381176452847 4.1072826355721315 1
      vertex -18.824543938492138 4.623079456654736 0
    endloop
  endfacet
  facet normal -0.6845471059286892 0.728968627421411 0
    outer loop
      vertex -19.37381176452847 4.1072826355721315 1
      vertex -18.824543938492138 4.623079456654736 1
      vertex -18.824543938492138 4.623079456654736 0
    endloop
  endfacet
  facet normal 0 0 1
    outer loop
      vertex -18.21496076987398 5.06596755301209 1
      vertex -17.669756081437328 1.9396913325651612 1
      vertex -17.405596470490657 2.259005449564672 1
    endloop
  endfacet
  facet normal 0 0 1
    outer loop
      vertex -17.405596470490657 2.259005449564672 1
      vertex -17.103499166170675 2.542693701160105 1
      vertex -17.554675749390437 5.428962314796117 1
    endloop
  endfacet
  facet normal 0 0 1
    outer loop
      vertex -17.103499166170675 2.542693701160105 1
      vertex -16.76822842343069 2.7862821541566496 1
      vertex -17.554675749390437 5.428962314796117 1
    endloop
  endfacet
  facet normal 0 0 -1
    outer loop
      vertex -16.40507166216474 1.4307932067617035 0
      vertex -17.554675749390437 5.428962314796117 0
      vertex -16.304731349030636 3.0256568135191895 0
    endloop
  endfacet
  facet normal 0 0 -1
    outer loop
      vertex -16.12428788751435 5.893723504372132 0
      vertex -15.76640272481713 1.628688694438835 0
      vertex -15.964488230962194 1.519790265903627 0
    endloop
  endfacet
  facet normal 0 0 -1
    outer loop
      vertex -16.12428788751435 5.893723504372132 0
      vertex -15.556230589874906 1.7119017293312764 0
      vertex -15.76640272481713 1.628688694438835 0
    endloop
  endfacet
  facet normal 0 0 -1
    outer loop
      vertex -16.12428788751435 1.477001024472552 0
      vertex -16.304731349030636 3.0256568135191895 0
      vertex -16.12428788751435 5.893723504372132 0
    endloop
  endfacet
  facet normal 0 0 1
    outer loop
      vertex -18.21496076987398 5.06596755301209 1
      vertex -17.405596470490657 2.259005449564672 1
      vertex -17.554675749390437 5.428962314796117 1
    endloop
  endfacet
  facet normal 0 0 1
    outer loop
      vertex -16.76822842343069 2.7862821541566496 1
      vertex -16.40507166216474 2.985929273137864 1
      vertex -16.854101966249683 5.706339097770921 1
    endloop
  endfacet
  facet normal 0 0 1
    outer loop
      vertex -16.40507166216474 2.985929273137864 1
      vertex -16.019756081437325 3.1384865037740064 1
      vertex -16.854101966249683 5.706339097770921 1
    endloop
  endfacet
  facet normal 0 0 1
    outer loop
      vertex -16.019756081437325 3.1384865037740064 1
      vertex -15.618358338132891 3.241547927404673 1
      vertex -16.12428788751435 5.893723504372132 1
    endloop
  endfacet
  facet normal 0 0 1
    outer loop
      vertex -15.618358338132891 3.241547927404673 1
      vertex -15.6 3.8999999999999995 1
      vertex -16.12428788751435 5.893723504372132 1
    endloop
  endfacet
  facet normal -0.5877852522924725 0.809016994374948 0
    outer loop
      vertex -18.824543938492138 4.623079456654736 0
      vertex -18.824543938492138 4.623079456654736 1
      vertex -18.21496076987398 5.06596755301209 0
    endloop
  endfacet
  facet normal -0.5877852522924725 0.809016994374948 0
    outer loop
      vertex -18.824543938492138 4.623079456654736 1
      vertex -18.21496076987398 5.06596755301209 1
      vertex -18.21496076987398 5.06596755301209 0
    endloop
  endfacet
  facet normal -0.48175367410171616 0.876306680043863 0
    outer loop
      vertex -18.21496076987398 5.06596755301209 0
      vertex -18.21496076987398 5.06596755301209 1
      vertex -17.554675749390437 5.428962314796117 0
    endloop
  endfacet
  facet normal 0 0 1
    outer loop
      vertex -16.76822842343069 2.7862821541566496 1
      vertex -16.854101966249683 5.706339097770921 1
      vertex -17.554675749390437 5.428962314796117 1
    endloop
  endfacet
  facet normal 0 0 -1
    outer loop
      vertex -17.554675749390437 5.428962314796117 0
      vertex -16.854101966249683 5.706339097770921 0
      vertex -16.304731349030636 3.0256568135191895 0
    endloop
  endfacet
  facet normal 0 0 -1
    outer loop
      vertex -16.854101966249683 5.706339097770921 0
      vertex -16.12428788751435 5.893723504372132 0
      vertex -16.304731349030636 3.0256568135191895 0
    endloop
  endfacet
  facet normal 0 0 1
    outer loop
      vertex -16.854101966249683 5.706339097770921 1
      vertex -16.019756081437325 3.1384865037740064 1
      vertex -16.12428788751435 5.893723504372132 1
    endloop
  endfacet
  facet normal -0.48175367410171616 0.876306680043863 0
    outer loop
      vertex -18.21496076987398 5.06596755301209 1
      vertex -17.554675749390437 5.428962314796117 1
      vertex -17.554675749390437 5.428962314796117 0
    endloop
  endfacet
  facet normal -0.3681245526846767 0.9297764858882518 0
    outer loop
      vertex -17.554675749390437 5.428962314796117 0
      vertex -17.554675749390437 5.428962314796117 1
      vertex -16.854101966249683 5.706339097770921 0
    endloop
  endfacet
  facet normal -0.3681245526846767 0.9297764858882518 0
    outer loop
      vertex -17.554675749390437 5.428962314796117 1
      vertex -16.854101966249683 5.706339097770921 1
      vertex -16.854101966249683 5.706339097770921 0
    endloop
  endfacet
  facet normal -0.2486898871648563 0.9685831611286309 0
    outer loop
      vertex -16.854101966249683 5.706339097770921 0
      vertex -16.854101966249683 5.706339097770921 1
      vertex -16.12428788751435 5.893723504372132 0
    endloop
  endfacet
  facet normal -0.2486898871648563 0.9685831611286309 0
    outer loop
      vertex -16.854101966249683 5.706339097770921 1
      vertex -16.12428788751435 5.893723504372132 1
      vertex -16.12428788751435 5.893723504372132 0
    endloop
  endfacet
  facet normal -0.1253332335643032 0.9921147013144779 0
    outer loop
      vertex -16.12428788751435 5.893723504372132 0
      vertex -16.12428788751435 5.893723504372132 1
      vertex -15.376743117175879 5.988160370569629 0
    endloop
  endfacet
  facet normal 0 0 -1
    outer loop
      vertex -16.12428788751435 5.893723504372132 0
      vertex -15.337286366254304 1.7681170513116398 0
      vertex -15.556230589874906 1.7119017293312764 0
    endloop
  endfacet
  facet normal 0 0 -1
    outer loop
      vertex -15.376743117175879 5.988160370569629 0
      vertex -15.113022935152763 1.7964481111708888 0
      vertex -15.337286366254304 1.7681170513116398 0
    endloop
  endfacet
  facet normal 0 0 -1
    outer loop
      vertex -14.623256882824121 5.988160370569629 0
      vertex -14.886977064847237 1.7964481111708888 0
      vertex -15.113022935152763 1.7964481111708888 0
    endloop
  endfacet
  facet normal 0 0 -1
    outer loop
      vertex -14.623256882824121 5.988160370569629 0
      vertex -14.662713633745696 1.7681170513116398 0
      vertex -14.886977064847237 1.7964481111708888 0
    endloop
  endfacet
  facet normal 0 0 1
    outer loop
      vertex -15.618358338132891 3.241547927404673 1
      vertex -15.6 3.2438671248503046 1
      vertex -15.6 3.8999999999999995 1
    endloop
  endfacet
  facet normal 0 0 -1
    outer loop
      vertex -13.875712112485653 5.893723504372132 0
      vertex -14.23359727518287 1.628688694438835 0
      vertex -14.443769410125094 1.7119017293312764 0
    endloop
  endfacet
  facet normal 0 0 -1
    outer loop
      vertex -13.875712112485653 5.893723504372132 0
      vertex -14.443769410125094 1.7119017293312764 0
      vertex -14.662713633745696 1.7681170513116398 0
    endloop
  endfacet
  facet normal 0 0 -1
    outer loop
      vertex -13.875712112485653 5.893723504372132 0
      vertex -14.035511769037806 1.519790265903627 0
      vertex -14.23359727518287 1.628688694438835 0
    endloop
  endfacet
  facet normal 0 0 1
    outer loop
      vertex -13.59492833783526 2.985929273137864 1
      vertex -13.875712112485653 5.893723504372132 1
      vertex -13.980243918562675 3.1384865037740064 1
    endloop
  endfacet
  facet normal 0 0 1
    outer loop
      vertex -14.381641661867109 3.241547927404673 1
      vertex -13.980243918562675 3.1384865037740064 1
      vertex -13.875712112485653 5.893723504372132 1
    endloop
  endfacet
  facet normal 0 0 1
    outer loop
      vertex -13.59492833783526 2.985929273137864 1
      vertex -13.231771576569312 2.7862821541566496 1
      vertex -13.145898033750315 5.706339097770921 1
    endloop
  endfacet
  facet normal 0 0 1
    outer loop
      vertex -14.4 3.2438671248503046 1
      vertex -14.381641661867109 3.241547927404673 1
      vertex -13.875712112485653 5.893723504372132 1
    endloop
  endfacet
  facet normal 0 0 1
    outer loop
      vertex -14.4 3.2438671248503046 1
      vertex -13.875712112485653 5.893723504372132 1
      vertex -14.4 3.8999999999999995 1
    endloop
  endfacet
  facet normal 0 0 -1
    outer loop
      vertex -13.875712112485653 5.893723504372132 0
      vertex -13.145898033750315 5.706339097770921 0
      vertex -14.035511769037806 1.519790265903627 0
    endloop
  endfacet
  facet normal 0 0 -1
    outer loop
      vertex -12.896500833829323 -1.7422841196922738 0
      vertex -13.145898033750315 5.706339097770921 0
      vertex -12.445324250609563 5.428962314796117 0
    endloop
  endfacet
  facet normal 0 0 1
    outer loop
      vertex -12.330243918562674 1.9396913325651612 1
      vertex -12.445324250609563 5.428962314796117 1
      vertex -12.594403529509343 2.2590054495646728 1
    endloop
  endfacet
  facet normal 0 0 1
    outer loop
      vertex -12.896500833829323 2.542693701160104 1
      vertex -12.594403529509343 2.2590054495646728 1
      vertex -12.445324250609563 5.428962314796117 1
    endloop
  endfacet
  facet normal 0 0 1
    outer loop
      vertex -13.231771576569312 2.7862821541566496 1
      vertex -12.896500833829323 2.542693701160104 1
      vertex -13.145898033750315 5.706339097770921 1
    endloop
  endfacet
  facet normal 0 0 1
    outer loop
      vertex -11.100000000000001 0.6 1
      vertex -11.175456061507862 4.623079456654735 1
      vertex -11.78503923012602 5.06596755301209 1
    endloop
  endfacet
  facet normal 0 0 1
    outer loop
      vertex -12.10818795585525 1.5897871245356605 1
      vertex -11.78503923012602 5.06596755301209 1
      vertex -12.445324250609563 5.428962314796117 1
    endloop
  endfacet
  facet normal 0.6845471059286881 0.7289686274214122 0
    outer loop
      vertex -10.626188235471531 4.107282635572132 0
      vertex -11.175456061507862 4.623079456654735 1
      vertex -10.626188235471531 4.107282635572132 1
    endloop
  endfacet
  facet normal 0.6845471059286881 0.7289686274214122 0
    outer loop
      vertex -10.626188235471531 4.107282635572132 0
      vertex -11.175456061507862 4.623079456654735 0
      vertex -11.175456061507862 4.623079456654735 1
    endloop
  endfacet
  facet normal 0 0 -1
    outer loop
      vertex -16.12428788751435 5.893723504372132 0
      vertex -15.376743117175879 5.988160370569629 0
      vertex -15.337286366254304 1.7681170513116398 0
    endloop
  endfacet
  facet normal 0 0 1
    outer loop
      vertex -15.6 3.8999999999999995 1
      vertex -14.4 3.8999999999999995 1
      vertex -16.12428788751435 5.893723504372132 1
    endloop
  endfacet
  facet normal 0 0 -1
    outer loop
      vertex -15.376743117175879 5.988160370569629 0
      vertex -14.623256882824121 5.988160370569629 0
      vertex -15.113022935152763 1.7964481111708888 0
    endloop
  endfacet
  facet normal 0 0 -1
    outer loop
      vertex -14.623256882824121 5.988160370569629 0
      vertex -13.875712112485653 5.893723504372132 0
      vertex -14.662713633745696 1.7681170513116398 0
    endloop
  endfacet
  facet normal 0 0 1
    outer loop
      vertex -13.59492833783526 2.985929273137864 1
      vertex -13.145898033750315 5.706339097770921 1
      vertex -13.875712112485653 5.893723504372132 1
    endloop
  endfacet
  facet normal 0 0 1
    outer loop
      vertex -16.12428788751435 5.893723504372132 1
      vertex -14.4 3.8999999999999995 1
      vertex -15.376743117175879 5.988160370569629 1
    endloop
  endfacet
  facet normal 0 0 1
    outer loop
      vertex -15.376743117175879 5.988160370569629 1
      vertex -14.4 3.8999999999999995 1
      vertex -14.623256882824121 5.988160370569629 1
    endloop
  endfacet
  facet normal -0.1253332335643032 0.9921147013144779 0
    outer loop
      vertex -16.12428788751435 5.893723504372132 1
      vertex -15.376743117175879 5.988160370569629 1
      vertex -15.376743117175879 5.988160370569629 0
    endloop
  endfacet
  facet normal 0 1 0
    outer loop
      vertex -15.376743117175879 5.988160370569629 0
      vertex -15.376743117175879 5.988160370569629 1
      vertex -14.623256882824121 5.988160370569629 0
    endloop
  endfacet
  facet normal 0 1 0
    outer loop
      vertex -15.376743117175879 5.988160370569629 1
      vertex -14.623256882824121 5.988160370569629 1
      vertex -14.623256882824121 5.988160370569629 0
    endloop
  endfacet
  facet normal 0 0 1
    outer loop
      vertex -14.4 3.8999999999999995 1
      vertex -13.875712112485653 5.893723504372132 1
      vertex -14.623256882824121 5.988160370569629 1
    endloop
  endfacet
  facet normal 0.1253332335643035 0.9921147013144779 0
    outer loop
      vertex -14.623256882824121 5.988160370569629 0
      vertex -14.623256882824121 5.988160370569629 1
      vertex -13.875712112485653 5.893723504372132 0
    endloop
  endfacet
  facet normal 0.1253332335643035 0.9921147013144779 0
    outer loop
      vertex -14.623256882824121 5.988160370569629 1
      vertex -13.875712112485653 5.893723504372132 1
      vertex -13.875712112485653 5.893723504372132 0
    endloop
  endfacet
  facet normal 0.24868988716485513 0.968583161128631 0
    outer loop
      vertex -13.875712112485653 5.893723504372132 1
      vertex -13.145898033750315 5.706339097770921 1
      vertex -13.145898033750315 5.706339097770921 0
    endloop
  endfacet
  facet normal 0.24868988716485513 0.968583161128631 0
    outer loop
      vertex -13.875712112485653 5.893723504372132 0
      vertex -13.875712112485653 5.893723504372132 1
      vertex -13.145898033750315 5.706339097770921 0
    endloop
  endfacet
  facet normal 0 0 1
    outer loop
      vertex -12.896500833829323 2.542693701160104 1
      vertex -12.445324250609563 5.428962314796117 1
      vertex -13.145898033750315 5.706339097770921 1
    endloop
  endfacet
  facet normal 0.48175367410171616 0.876306680043863 0
    outer loop
      vertex -12.445324250609563 5.428962314796117 1
      vertex -11.78503923012602 5.06596755301209 1
      vertex -11.78503923012602 5.06596755301209 0
    endloop
  endfacet
  facet normal 0.5877852522924731 0.8090169943749475 0
    outer loop
      vertex -11.78503923012602 5.06596755301209 1
      vertex -11.175456061507862 4.623079456654735 1
      vertex -11.175456061507862 4.623079456654735 0
    endloop
  endfacet
  facet normal 0.5877852522924731 0.8090169943749475 0
    outer loop
      vertex -11.78503923012602 5.06596755301209 0
      vertex -11.78503923012602 5.06596755301209 1
      vertex -11.175456061507862 4.623079456654735 0
    endloop
  endfacet
  facet normal 0.3681245526846776 0.9297764858882517 0
    outer loop
      vertex -13.145898033750315 5.706339097770921 0
      vertex -13.145898033750315 5.706339097770921 1
      vertex -12.445324250609563 5.428962314796117 0
    endloop
  endfacet
  facet normal 0.3681245526846776 0.9297764858882517 0
    outer loop
      vertex -13.145898033750315 5.706339097770921 1
      vertex -12.445324250609563 5.428962314796117 1
      vertex -12.445324250609563 5.428962314796117 0
    endloop
  endfacet
  facet normal 0.48175367410171616 0.876306680043863 0
    outer loop
      vertex -12.445324250609563 5.428962314796117 0
      vertex -12.445324250609563 5.428962314796117 1
      vertex -11.78503923012602 5.06596755301209 0
    endloop
  endfacet
  facet normal 0 0 -1
    outer loop
      vertex -9.421341084670493 -2.20874731610807 0
      vertex -9.421341084670491 2.208747316108068 0
      vertex -9.188501033228214 1.4921393229891287 0
    endloop
  endfacet
  facet normal 0 0 -1
    outer loop
      vertex -9.74215991973682 -2.890522044610292 0
      vertex -9.742159919736817 2.890522044610292 0
      vertex -9.421341084670491 2.208747316108068 0
    endloop
  endfacet
  facet normal 0 0 1
    outer loop
      vertex -9.188501033228214 -1.4921393229891267 1
      vertex -9.188501033228214 1.4921393229891287 1
      vertex -9.421341084670491 2.208747316108068 1
    endloop
  endfacet
  facet normal 0 0 -1
    outer loop
      vertex -9.047311792113133 -0.7519994013858244 0
      vertex -9.047311792113133 0.7519994013858255 0
      vertex -9 0 0
    endloop
  endfacet
  facet normal 0 0 1
    outer loop
      vertex -9.047311792113133 -0.7519994013858244 1
      vertex -9 0 1
      vertex -9.047311792113133 0.7519994013858255 1
    endloop
  endfacet
  facet normal 0 0 -1
    outer loop
      vertex -9.188501033228214 -1.4921393229891267 0
      vertex -9.188501033228214 1.4921393229891287 0
      vertex -9.047311792113133 0.7519994013858255 0
    endloop
  endfacet
  facet normal 0.9980267284282717 0.0627905195293133 0
    outer loop
      vertex -9 0 0
      vertex -9.047311792113133 0.7519994013858255 0
      vertex -9 0 1
    endloop
  endfacet
  facet normal 0.9980267284282717 0.0627905195293133 0
    outer loop
      vertex -9 0 1
      vertex -9.047311792113133 0.7519994013858255 0
      vertex -9.047311792113133 0.7519994013858255 1
    endloop
  endfacet
  facet normal 0 0 1
    outer loop
      vertex -9.047311792113133 -0.7519994013858244 1
      vertex -9.047311792113133 0.7519994013858255 1
      vertex -9.188501033228214 1.4921393229891287 1
    endloop
  endfacet
  facet normal 0 0 -1
    outer loop
      vertex -10.145898033750315 -3.526711513754839 0
      vertex -10.145898033750315 3.526711513754839 0
      vertex -9.742159919736817 2.890522044610292 0
    endloop
  endfacet
  facet normal 0 0 1
    outer loop
      vertex -9.421341084670493 -2.20874731610807 1
      vertex -9.421341084670491 2.208747316108068 1
      vertex -9.742159919736817 2.890522044610292 1
    endloop
  endfacet
  facet normal 0 0 -1
    outer loop
      vertex -10.626188235471531 -4.1072826355721315 0
      vertex -10.626188235471531 4.107282635572132 0
      vertex -10.145898033750315 3.526711513754839 0
    endloop
  endfacet
  facet normal 0 0 1
    outer loop
      vertex -9.74215991973682 -2.890522044610292 1
      vertex -9.742159919736817 2.890522044610292 1
      vertex -10.145898033750315 3.526711513754839 1
    endloop
  endfacet
  facet normal 0 0 1
    outer loop
      vertex -10.145898033750315 -3.526711513754839 1
      vertex -10.145898033750315 3.526711513754839 1
      vertex -10.626188235471531 4.107282635572132 1
    endloop
  endfacet
  facet normal 0.9822872507286886 0.18738131458572507 0
    outer loop
      vertex -9.047311792113133 0.7519994013858255 0
      vertex -9.188501033228214 1.4921393229891287 0
      vertex -9.047311792113133 0.7519994013858255 1
    endloop
  endfacet
  facet normal 0.9822872507286886 0.18738131458572507 0
    outer loop
      vertex -9.047311792113133 0.7519994013858255 1
      vertex -9.188501033228214 1.4921393229891287 0
      vertex -9.188501033228214 1.4921393229891287 1
    endloop
  endfacet
  facet normal 0.9510565162951539 0.30901699437494634 0
    outer loop
      vertex -9.188501033228214 1.4921393229891287 0
      vertex -9.421341084670491 2.208747316108068 0
      vertex -9.188501033228214 1.4921393229891287 1
    endloop
  endfacet
  facet normal 0.9510565162951539 0.30901699437494634 0
    outer loop
      vertex -9.188501033228214 1.4921393229891287 1
      vertex -9.421341084670491 2.208747316108068 0
      vertex -9.421341084670491 2.208747316108068 1
    endloop
  endfacet
  facet normal 0.9048270524660199 0.42577929156507194 0
    outer loop
      vertex -9.421341084670491 2.208747316108068 0
      vertex -9.742159919736817 2.890522044610292 0
      vertex -9.421341084670491 2.208747316108068 1
    endloop
  endfacet
  facet normal 0.9048270524660199 0.42577929156507194 0
    outer loop
      vertex -9.421341084670491 2.208747316108068 1
      vertex -9.742159919736817 2.890522044610292 0
      vertex -9.742159919736817 2.890522044610292 1
    endloop
  endfacet
  facet normal 0.8443279255020144 0.5358267949789979 0
    outer loop
      vertex -9.742159919736817 2.890522044610292 0
      vertex -10.145898033750315 3.526711513754839 0
      vertex -9.742159919736817 2.890522044610292 1
    endloop
  endfacet
  facet normal 0.8443279255020144 0.5358267949789979 0
    outer loop
      vertex -9.742159919736817 2.890522044610292 1
      vertex -10.145898033750315 3.526711513754839 0
      vertex -10.145898033750315 3.526711513754839 1
    endloop
  endfacet
  facet normal 0.7705132427757891 0.6374239897486899 0
    outer loop
      vertex -10.626188235471531 4.107282635572132 0
      vertex -10.145898033750315 3.526711513754839 1
      vertex -10.145898033750315 3.526711513754839 0
    endloop
  endfacet
  facet normal 0.7705132427757891 0.6374239897486899 0
    outer loop
      vertex -10.626188235471531 4.107282635572132 0
      vertex -10.626188235471531 4.107282635572132 1
      vertex -10.145898033750315 3.526711513754839 1
    endloop
  endfacet
  facet normal -0.7705132427757886 -0.6374239897486904 0
    outer loop
      vertex 10.145898033750315 -3.526711513754839 1
      vertex 10.626188235471531 -4.1072826355721315 0
      vertex 10.626188235471531 -4.1072826355721315 1
    endloop
  endfacet
  facet normal -0.7705132427757886 -0.6374239897486904 0
    outer loop
      vertex 10.145898033750315 -3.526711513754839 0
      vertex 10.626188235471531 -4.1072826355721315 0
      vertex 10.145898033750315 -3.526711513754839 1
    endloop
  endfacet
  facet normal -0.8443279255020154 -0.5358267949789961 0
    outer loop
      vertex 10.145898033750315 -3.526711513754839 0
      vertex 10.145898033750315 -3.526711513754839 1
      vertex 9.74215991973682 -2.890522044610292 1
    endloop
  endfacet
  facet normal -0.8443279255020154 -0.5358267949789961 0
    outer loop
      vertex 10.145898033750315 -3.526711513754839 0
      vertex 9.74215991973682 -2.890522044610292 1
      vertex 9.74215991973682 -2.890522044610292 0
    endloop
  endfacet
  facet normal -0.9048270524660192 -0.4257792915650734 0
    outer loop
      vertex 9.74215991973682 -2.890522044610292 0
      vertex 9.74215991973682 -2.890522044610292 1
      vertex 9.421341084670491 -2.208747316108067 1
    endloop
  endfacet
  facet normal -0.9048270524660192 -0.4257792915650734 0
    outer loop
      vertex 9.74215991973682 -2.890522044610292 0
      vertex 9.421341084670491 -2.208747316108067 1
      vertex 9.421341084670491 -2.208747316108067 0
    endloop
  endfacet
  facet normal -0.9510565162951539 -0.3090169943749469 0
    outer loop
      vertex 9.421341084670491 -2.208747316108067 0
      vertex 9.421341084670491 -2.208747316108067 1
      vertex 9.188501033228214 -1.492139322989129 1
    endloop
  endfacet
  facet normal -0.9510565162951539 -0.3090169943749469 0
    outer loop
      vertex 9.421341084670491 -2.208747316108067 0
      vertex 9.188501033228214 -1.492139322989129 1
      vertex 9.188501033228214 -1.492139322989129 0
    endloop
  endfacet
  facet normal -0.9822872507286886 -0.18738131458572468 0
    outer loop
      vertex 9.188501033228214 -1.492139322989129 0
      vertex 9.188501033228214 -1.492139322989129 1
      vertex 9.047311792113133 -0.7519994013858244 1
    endloop
  endfacet
  facet normal -0.9822872507286886 -0.18738131458572468 0
    outer loop
      vertex 9.188501033228214 -1.492139322989129 0
      vertex 9.047311792113133 -0.7519994013858244 1
      vertex 9.047311792113133 -0.7519994013858244 0
    endloop
  endfacet
  facet normal 0 0 1
    outer loop
      vertex 10.145898033750315 -3.526711513754839 1
      vertex 10.626188235471531 -4.1072826355721315 1
      vertex 10.145898033750315 3.526711513754839 1
    endloop
  endfacet
  facet normal 0 0 1
    outer loop
      vertex 10.145898033750315 -3.526711513754839 1
      vertex 9.74215991973682 2.890522044610292 1
      vertex 9.74215991973682 -2.890522044610292 1
    endloop
  endfacet
  facet normal 0 0 -1
    outer loop
      vertex 10.145898033750315 -3.526711513754839 0
      vertex 10.626188235471531 4.1072826355721315 0
      vertex 10.626188235471531 -4.1072826355721315 0
    endloop
  endfacet
  facet normal 0 0 1
    outer loop
      vertex 9.74215991973682 -2.890522044610292 1
      vertex 9.421341084670491 2.208747316108067 1
      vertex 9.421341084670491 -2.208747316108067 1
    endloop
  endfacet
  facet normal 0 0 -1
    outer loop
      vertex 10.145898033750315 -3.526711513754839 0
      vertex 9.74215991973682 -2.890522044610292 0
      vertex 10.145898033750315 3.526711513754839 0
    endloop
  endfacet
  facet normal -0.9980267284282717 -0.0627905195293134 0
    outer loop
      vertex 9.047311792113133 -0.7519994013858244 0
      vertex 9.047311792113133 -0.7519994013858244 1
      vertex 9 0 1
    endloop
  endfacet
  facet normal 0 0 1
    outer loop
      vertex 9.188501033228214 -1.492139322989129 1
      vertex 9.047311792113133 0.7519994013858244 1
      vertex 9.047311792113133 -0.7519994013858244 1
    endloop
  endfacet
  facet normal -0.9980267284282717 -0.0627905195293134 0
    outer loop
      vertex 9.047311792113133 -0.7519994013858244 0
      vertex 9 0 1
      vertex 9 0 0
    endloop
  endfacet
  facet normal 0 0 -1
    outer loop
      vertex 9.188501033228214 -1.492139322989129 0
      vertex 9.047311792113133 -0.7519994013858244 0
      vertex 9.188501033228214 1.492139322989129 0
    endloop
  endfacet
  facet normal 0 0 1
    outer loop
      vertex 9.421341084670491 -2.208747316108067 1
      vertex 9.188501033228214 1.492139322989129 1
      vertex 9.188501033228214 -1.492139322989129 1
    endloop
  endfacet
  facet normal 0 0 -1
    outer loop
      vertex 9.74215991973682 -2.890522044610292 0
      vertex 9.421341084670491 -2.208747316108067 0
      vertex 9.74215991973682 2.890522044610292 0
    endloop
  endfacet
  facet normal 0 0 -1
    outer loop
      vertex 9.421341084670491 -2.208747316108067 0
      vertex 9.188501033228214 -1.492139322989129 0
      vertex 9.421341084670491 2.208747316108067 0
    endloop
  endfacet
  facet normal -0.4817536741017151 -0.8763066800438638 0
    outer loop
      vertex 11.78503923012602 -5.06596755301209 0
      vertex 12.445324250609566 -5.4289623147961175 0
      vertex 12.445324250609566 -5.4289623147961175 1
    endloop
  endfacet
  facet normal -0.36812455268467814 -0.9297764858882513 0
    outer loop
      vertex 12.445324250609566 -5.4289623147961175 0
      vertex 13.145898033750315 -5.706339097770921 1
      vertex 12.445324250609566 -5.4289623147961175 1
    endloop
  endfacet
  facet normal -0.36812455268467814 -0.9297764858882513 0
    outer loop
      vertex 12.445324250609566 -5.4289623147961175 0
      vertex 13.145898033750315 -5.706339097770921 0
      vertex 13.145898033750315 -5.706339097770921 1
    endloop
  endfacet
  facet normal 0 0 -1
    outer loop
      vertex 11.175456061507862 -4.623079456654736 0
      vertex 12.445324250609566 -5.4289623147961175 0
      vertex 11.78503923012602 -5.06596755301209 0
    endloop
  endfacet
  facet normal -0.5877852522924725 -0.809016994374948 0
    outer loop
      vertex 11.175456061507862 -4.623079456654736 0
      vertex 11.78503923012602 -5.06596755301209 0
      vertex 11.78503923012602 -5.06596755301209 1
    endloop
  endfacet
  facet normal -0.5877852522924725 -0.809016994374948 0
    outer loop
      vertex 11.175456061507862 -4.623079456654736 0
      vertex 11.78503923012602 -5.06596755301209 1
      vertex 11.175456061507862 -4.623079456654736 1
    endloop
  endfacet
  facet normal -0.4817536741017151 -0.8763066800438638 0
    outer loop
      vertex 11.78503923012602 -5.06596755301209 0
      vertex 12.445324250609566 -5.4289623147961175 1
      vertex 11.78503923012602 -5.06596755301209 1
    endloop
  endfacet
  facet normal 0 0 1
    outer loop
      vertex 12.445324250609566 -5.4289623147961175 1
      vertex 13.145898033750315 -5.706339097770921 1
      vertex 12.896500833829325 -2.542693701160105 1
    endloop
  endfacet
  facet normal -0.2486898871648546 -0.9685831611286312 0
    outer loop
      vertex 13.145898033750315 -5.706339097770921 0
      vertex 13.875712112485651 -5.893723504372131 0
      vertex 13.875712112485651 -5.893723504372131 1
    endloop
  endfacet
  facet normal -0.2486898871648546 -0.9685831611286312 0
    outer loop
      vertex 13.145898033750315 -5.706339097770921 0
      vertex 13.875712112485651 -5.893723504372131 1
      vertex 13.145898033750315 -5.706339097770921 1
    endloop
  endfacet
  facet normal -0.12533323356430498 -0.9921147013144777 0
    outer loop
      vertex 13.875712112485651 -5.893723504372131 0
      vertex 14.623256882824117 -5.988160370569629 1
      vertex 13.875712112485651 -5.893723504372131 1
    endloop
  endfacet
  facet normal -0.12533323356430498 -0.9921147013144777 0
    outer loop
      vertex 13.875712112485651 -5.893723504372131 0
      vertex 14.623256882824117 -5.988160370569629 0
      vertex 14.623256882824117 -5.988160370569629 1
    endloop
  endfacet
  facet normal 0 0 1
    outer loop
      vertex 13.875712112485651 -5.893723504372131 1
      vertex 14.623256882824117 -5.988160370569629 1
      vertex 14.4 -3.8999999999999995 1
    endloop
  endfacet
  facet normal 0 -1 0
    outer loop
      vertex 14.623256882824117 -5.988160370569629 0
      vertex 15.376743117175883 -5.988160370569629 1
      vertex 14.623256882824117 -5.988160370569629 1
    endloop
  endfacet
  facet normal 0 -1 0
    outer loop
      vertex 14.623256882824117 -5.988160370569629 0
      vertex 15.376743117175883 -5.988160370569629 0
      vertex 15.376743117175883 -5.988160370569629 1
    endloop
  endfacet
  facet normal 0.12533323356430498 -0.9921147013144777 0
    outer loop
      vertex 15.376743117175883 -5.988160370569629 0
      vertex 16.12428788751435 -5.893723504372131 1
      vertex 15.376743117175883 -5.988160370569629 1
    endloop
  endfacet
  facet normal 0 0 1
    outer loop
      vertex 14.623256882824117 -5.988160370569629 1
      vertex 15.376743117175883 -5.988160370569629 1
      vertex 14.4 -3.8999999999999995 1
    endloop
  endfacet
  facet normal 0 0 1
    outer loop
      vertex 14.4 -3.8999999999999995 1
      vertex 15.376743117175883 -5.988160370569629 1
      vertex 16.12428788751435 -5.893723504372131 1
    endloop
  endfacet
  facet normal 0 0 1
    outer loop
      vertex 13.145898033750315 -5.706339097770921 1
      vertex 13.875712112485651 -5.893723504372131 1
      vertex 13.594928337835261 -2.9859292731378644 1
    endloop
  endfacet
  facet normal 0 0 -1
    outer loop
      vertex 13.875712112485651 -5.893723504372131 0
      vertex 14.23359727518287 -1.6286886944388352 0
      vertex 14.623256882824117 -5.988160370569629 0
    endloop
  endfacet
  facet normal 0 0 -1
    outer loop
      vertex 15.376743117175883 -5.988160370569629 0
      vertex 15.5489940195329 -3.2503106786597473 0
      vertex 16.12428788751435 -5.893723504372131 0
    endloop
  endfacet
  facet normal 0 0 -1
    outer loop
      vertex 14.623256882824117 -5.988160370569629 0
      vertex 14.886977064847235 -1.7964481111708888 0
      vertex 15.376743117175883 -5.988160370569629 0
    endloop
  endfacet
  facet normal 0 0 1
    outer loop
      vertex 14.4 -3.8999999999999995 1
      vertex 16.12428788751435 -5.893723504372131 1
      vertex 15.6 -3.8999999999999995 1
    endloop
  endfacet
  facet normal -0.6845471059286892 -0.728968627421411 0
    outer loop
      vertex 11.175456061507862 -4.623079456654736 0
      vertex 11.175456061507862 -4.623079456654736 1
      vertex 10.626188235471531 -4.1072826355721315 0
    endloop
  endfacet
  facet normal -0.6845471059286892 -0.728968627421411 0
    outer loop
      vertex 11.175456061507862 -4.623079456654736 1
      vertex 10.626188235471531 -4.1072826355721315 1
      vertex 10.626188235471531 -4.1072826355721315 0
    endloop
  endfacet
  facet normal 0 0 1
    outer loop
      vertex 11.78503923012602 -5.06596755301209 1
      vertex 12.445324250609566 -5.4289623147961175 1
      vertex 12.10818795585525 -1.5897871245356607 1
    endloop
  endfacet
  facet normal 0 0 1
    outer loop
      vertex 11.175456061507862 -4.623079456654736 1
      vertex 11.78503923012602 -5.06596755301209 1
      vertex 11.100000000000001 -0.6 1
    endloop
  endfacet
  facet normal 0 0 1
    outer loop
      vertex 13.145898033750315 -5.706339097770921 1
      vertex 13.231771576569312 -2.7862821541566496 1
      vertex 12.896500833829325 -2.542693701160105 1
    endloop
  endfacet
  facet normal 0 0 1
    outer loop
      vertex 12.445324250609566 -5.4289623147961175 1
      vertex 12.896500833829325 -2.542693701160105 1
      vertex 12.594403529509341 -2.259005449564672 1
    endloop
  endfacet
  facet normal 0 0 1
    outer loop
      vertex 12.445324250609566 -5.4289623147961175 1
      vertex 12.594403529509341 -2.259005449564672 1
      vertex 12.330243918562674 -1.9396913325651612 1
    endloop
  endfacet
  facet normal 0 0 -1
    outer loop
      vertex 13.145898033750315 -5.706339097770921 0
      vertex 13.852636818452359 -1.386923836996421 0
      vertex 13.875712112485651 -5.893723504372131 0
    endloop
  endfacet
  facet normal 0 0 1
    outer loop
      vertex 13.875712112485651 -5.893723504372131 1
      vertex 14.4 -3.8999999999999995 1
      vertex 14.4 -3.243867124850304 1
    endloop
  endfacet
  facet normal 0 0 1
    outer loop
      vertex 13.875712112485651 -5.893723504372131 1
      vertex 14.4 -3.243867124850304 1
      vertex 14.381641661867109 -3.2415479274046723 1
    endloop
  endfacet
  facet normal 0 0 1
    outer loop
      vertex 13.145898033750315 -5.706339097770921 1
      vertex 13.594928337835261 -2.9859292731378644 1
      vertex 13.231771576569312 -2.7862821541566496 1
    endloop
  endfacet
  facet normal 0 0 1
    outer loop
      vertex 13.875712112485651 -5.893723504372131 1
      vertex 14.381641661867109 -3.2415479274046723 1
      vertex 13.980243918562675 -3.1384865037740064 1
    endloop
  endfacet
  facet normal 0 0 1
    outer loop
      vertex 13.875712112485651 -5.893723504372131 1
      vertex 13.980243918562675 -3.1384865037740064 1
      vertex 13.594928337835261 -2.9859292731378644 1
    endloop
  endfacet
  facet normal 0 0 -1
    outer loop
      vertex 15.376743117175883 -5.988160370569629 0
      vertex 15.376743117175883 -3.2720710280912906 0
      vertex 15.5489940195329 -3.2503106786597473 0
    endloop
  endfacet
  facet normal 0 0 -1
    outer loop
      vertex 13.875712112485651 -5.893723504372131 0
      vertex 14.035511769037806 -1.519790265903627 0
      vertex 14.23359727518287 -1.6286886944388352 0
    endloop
  endfacet
  facet normal 0 0 -1
    outer loop
      vertex 14.623256882824117 -5.988160370569629 0
      vertex 14.23359727518287 -1.6286886944388352 0
      vertex 14.443769410125094 -1.7119017293312764 0
    endloop
  endfacet
  facet normal 0 0 -1
    outer loop
      vertex 15.376743117175883 -5.988160370569629 0
      vertex 14.886977064847235 -1.7964481111708888 0
      vertex 15.376743117175883 -3.2720710280912906 0
    endloop
  endfacet
  facet normal 0 0 1
    outer loop
      vertex 15.6 -3.8999999999999995 1
      vertex 15.618358338132891 -3.2415479274046723 1
      vertex 15.6 -3.243867124850304 1
    endloop
  endfacet
  facet normal 0 0 -1
    outer loop
      vertex 14.623256882824117 -5.988160370569629 0
      vertex 14.662713633745696 -1.7681170513116395 0
      vertex 14.886977064847235 -1.7964481111708888 0
    endloop
  endfacet
  facet normal 0 0 -1
    outer loop
      vertex 14.623256882824117 -5.988160370569629 0
      vertex 14.443769410125094 -1.7119017293312764 0
      vertex 14.662713633745696 -1.7681170513116395 0
    endloop
  endfacet
  facet normal 0.12533323356430498 -0.9921147013144777 0
    outer loop
      vertex 15.376743117175883 -5.988160370569629 0
      vertex 16.12428788751435 -5.893723504372131 0
      vertex 16.12428788751435 -5.893723504372131 1
    endloop
  endfacet
  facet normal 0.2486898871648552 -0.9685831611286311 0
    outer loop
      vertex 16.12428788751435 -5.893723504372131 0
      vertex 16.854101966249683 -5.706339097770921 1
      vertex 16.12428788751435 -5.893723504372131 1
    endloop
  endfacet
  facet normal 0.2486898871648552 -0.9685831611286311 0
    outer loop
      vertex 16.12428788751435 -5.893723504372131 0
      vertex 16.854101966249683 -5.706339097770921 0
      vertex 16.854101966249683 -5.706339097770921 1
    endloop
  endfacet
  facet normal 0.3681245526846773 -0.9297764858882516 0
    outer loop
      vertex 16.854101966249683 -5.706339097770921 0
      vertex 17.554675749390434 -5.4289623147961175 1
      vertex 16.854101966249683 -5.706339097770921 1
    endloop
  endfacet
  facet normal 0.3681245526846773 -0.9297764858882516 0
    outer loop
      vertex 16.854101966249683 -5.706339097770921 0
      vertex 17.554675749390434 -5.4289623147961175 0
      vertex 17.554675749390434 -5.4289623147961175 1
    endloop
  endfacet
  facet normal 0.48175367410171527 -0.8763066800438636 0
    outer loop
      vertex 17.554675749390434 -5.4289623147961175 0
      vertex 18.214960769873976 -5.065967553012092 1
      vertex 17.554675749390434 -5.4289623147961175 1
    endloop
  endfacet
  facet normal 0 0 1
    outer loop
      vertex 16.12428788751435 -5.893723504372131 1
      vertex 16.854101966249683 -5.706339097770921 1
      vertex 16.019756081437325 -3.1384865037740064 1
    endloop
  endfacet
  facet normal 0 0 -1
    outer loop
      vertex 16.12428788751435 -5.893723504372131 0
      vertex 16.30473134903064 -3.025656813519189 0
      vertex 16.854101966249683 -5.706339097770921 0
    endloop
  endfacet
  facet normal 0 0 1
    outer loop
      vertex 16.854101966249683 -5.706339097770921 1
      vertex 17.554675749390434 -5.4289623147961175 1
      vertex 16.76822842343069 -2.7862821541566505 1
    endloop
  endfacet
  facet normal 0.48175367410171527 -0.8763066800438636 0
    outer loop
      vertex 17.554675749390434 -5.4289623147961175 0
      vertex 18.214960769873976 -5.065967553012092 0
      vertex 18.214960769873976 -5.065967553012092 1
    endloop
  endfacet
  facet normal 0 0 -1
    outer loop
      vertex 16.854101966249683 -5.706339097770921 0
      vertex 17.050729555196202 -2.5810330677193565 0
      vertex 17.554675749390434 -5.4289623147961175 0
    endloop
  endfacet
  facet normal 0.587785252292471 -0.809016994374949 0
    outer loop
      vertex 18.214960769873976 -5.065967553012092 0
      vertex 18.82454393849214 -4.623079456654734 1
      vertex 18.214960769873976 -5.065967553012092 1
    endloop
  endfacet
  facet normal 0.587785252292471 -0.809016994374949 0
    outer loop
      vertex 18.214960769873976 -5.065967553012092 0
      vertex 18.82454393849214 -4.623079456654734 0
      vertex 18.82454393849214 -4.623079456654734 1
    endloop
  endfacet
  facet normal 0 0 1
    outer loop
      vertex 16.12428788751435 -5.893723504372131 1
      vertex 15.618358338132891 -3.2415479274046723 1
      vertex 15.6 -3.8999999999999995 1
    endloop
  endfacet
  facet normal 0 0 -1
    outer loop
      vertex 16.12428788751435 -5.893723504372131 0
      vertex 15.5489940195329 -3.2503106786597473 0
      vertex 16.12428788751435 -3.097099433937901 0
    endloop
  endfacet
  facet normal 0 0 1
    outer loop
      vertex 16.12428788751435 -5.893723504372131 1
      vertex 16.019756081437325 -3.1384865037740064 1
      vertex 15.618358338132891 -3.2415479274046723 1
    endloop
  endfacet
  facet normal 0 0 -1
    outer loop
      vertex 16.12428788751435 -5.893723504372131 0
      vertex 16.12428788751435 -3.097099433937901 0
      vertex 16.30473134903064 -3.025656813519189 0
    endloop
  endfacet
  facet normal 0 0 1
    outer loop
      vertex 16.019756081437325 -3.1384865037740064 1
      vertex 16.854101966249683 -5.706339097770921 1
      vertex 16.40507166216474 -2.9859292731378644 1
    endloop
  endfacet
  facet normal 0 0 -1
    outer loop
      vertex 16.30473134903064 -3.025656813519189 0
      vertex 16.854101966249683 -2.72389137326816 0
      vertex 16.854101966249683 -5.706339097770921 0
    endloop
  endfacet
  facet normal 0 0 1
    outer loop
      vertex 16.854101966249683 -5.706339097770921 1
      vertex 16.76822842343069 -2.7862821541566505 1
      vertex 16.40507166216474 -2.9859292731378644 1
    endloop
  endfacet
  facet normal 0 0 1
    outer loop
      vertex 17.554675749390434 -5.4289623147961175 1
      vertex 18.214960769873976 -5.065967553012092 1
      vertex 17.405596470490657 -2.259005449564672 1
    endloop
  endfacet
  facet normal 0 0 -1
    outer loop
      vertex 17.554675749390434 -5.4289623147961175 0
      vertex 17.10349916617068 -1.7422841196922738 0
      vertex 18.214960769873976 -5.065967553012092 0
    endloop
  endfacet
  facet normal 0 0 -1
    outer loop
      vertex 16.854101966249683 -5.706339097770921 0
      vertex 16.854101966249683 -2.72389137326816 0
      vertex 17.050729555196202 -2.5810330677193565 0
    endloop
  endfacet
  facet normal 0 0 1
    outer loop
      vertex 17.554675749390434 -5.4289623147961175 1
      vertex 17.10349916617068 -2.5426937011601036 1
      vertex 16.76822842343069 -2.7862821541566505 1
    endloop
  endfacet
  facet normal 0 0 1
    outer loop
      vertex 17.554675749390434 -5.4289623147961175 1
      vertex 17.405596470490657 -2.259005449564672 1
      vertex 17.10349916617068 -2.5426937011601036 1
    endloop
  endfacet
  facet normal 0 0 -1
    outer loop
      vertex 17.554675749390434 -5.4289623147961175 0
      vertex 17.050729555196202 -2.5810330677193565 0
      vertex 17.10349916617068 -1.7422841196922738 0
    endloop
  endfacet
  facet normal 0 0 1
    outer loop
      vertex 17.405596470490657 -2.259005449564672 1
      vertex 18.214960769873976 -5.065967553012092 1
      vertex 17.669756081437328 -1.9396913325651612 1
    endloop
  endfacet
  facet normal 0.6845471059286904 -0.72896862742141 0
    outer loop
      vertex 18.82454393849214 -4.623079456654734 0
      vertex 19.37381176452847 -4.1072826355721315 1
      vertex 18.82454393849214 -4.623079456654734 1
    endloop
  endfacet
  facet normal 0.6845471059286904 -0.72896862742141 0
    outer loop
      vertex 18.82454393849214 -4.623079456654734 0
      vertex 19.37381176452847 -4.1072826355721315 0
      vertex 19.37381176452847 -4.1072826355721315 1
    endloop
  endfacet
  facet normal 0.7705132427757875 -0.6374239897486919 0
    outer loop
      vertex 19.37381176452847 -4.1072826355721315 0
      vertex 19.854101966249686 -3.526711513754839 0
      vertex 19.37381176452847 -4.1072826355721315 1
    endloop
  endfacet
  facet normal 0 0 1
    outer loop
      vertex 18.214960769873976 -5.065967553012092 1
      vertex 18.82454393849214 -4.623079456654734 1
      vertex 18.196324431724484 -0.8206766276440196 1
    endloop
  endfacet
  facet normal 0 0 1
    outer loop
      vertex 18.82454393849214 -4.623079456654734 1
      vertex 19.37381176452847 -4.1072826355721315 1
      vertex 18.238420749838767 -0.6 1
    endloop
  endfacet
  facet normal 0.7705132427757875 -0.6374239897486919 0
    outer loop
      vertex 19.37381176452847 -4.1072826355721315 1
      vertex 19.854101966249686 -3.526711513754839 0
      vertex 19.854101966249686 -3.526711513754839 1
    endloop
  endfacet
  facet normal 0.8443279255020175 -0.5358267949789928 0
    outer loop
      vertex 19.854101966249686 -3.526711513754839 0
      vertex 20.25784008026318 -2.890522044610292 0
      vertex 19.854101966249686 -3.526711513754839 1
    endloop
  endfacet
  facet normal 0.8443279255020175 -0.5358267949789928 0
    outer loop
      vertex 19.854101966249686 -3.526711513754839 1
      vertex 20.25784008026318 -2.890522044610292 0
      vertex 20.25784008026318 -2.890522044610292 1
    endloop
  endfacet
  facet normal 0 0 1
    outer loop
      vertex 12.445324250609566 -5.4289623147961175 1
      vertex 12.330243918562674 -1.9396913325651612 1
      vertex 12.10818795585525 -1.5897871245356607 1
    endloop
  endfacet
  facet normal 0 0 1
    outer loop
      vertex 11.78503923012602 -5.06596755301209 1
      vertex 12.10818795585525 -1.5897871245356607 1
      vertex 11.93173759656877 -1.214811023859437 1
    endloop
  endfacet
  facet normal 0 0 1
    outer loop
      vertex 11.78503923012602 -5.06596755301209 1
      vertex 11.93173759656877 -1.214811023859437 1
      vertex 11.803675568275517 -0.8206766276440209 1
    endloop
  endfacet
  facet normal 0 0 1
    outer loop
      vertex 11.78503923012602 -5.06596755301209 1
      vertex 11.803675568275517 -0.8206766276440209 1
      vertex 11.100000000000001 -0.6 1
    endloop
  endfacet
  facet normal 0 0 1
    outer loop
      vertex 11.175456061507862 -4.623079456654736 1
      vertex 10.626188235471531 4.1072826355721315 1
      vertex 10.626188235471531 -4.1072826355721315 1
    endloop
  endfacet
  facet normal 0 0 -1
    outer loop
      vertex 11.175456061507862 -4.623079456654736 0
      vertex 11.78503923012602 5.06596755301209 0
      vertex 12.445324250609566 -5.4289623147961175 0
    endloop
  endfacet
  facet normal 0 0 -1
    outer loop
      vertex 12.445324250609566 -5.4289623147961175 0
      vertex 12.445324250609563 5.428962314796117 0
      vertex 13.145898033750315 -5.706339097770921 0
    endloop
  endfacet
  facet normal 0 0 -1
    outer loop
      vertex 13.145898033750315 -5.706339097770921 0
      vertex 13.687856470641458 -1.2321847906716394 0
      vertex 13.852636818452359 -1.386923836996421 0
    endloop
  endfacet
  facet normal 0 0 -1
    outer loop
      vertex 13.145898033750315 -5.706339097770921 0
      vertex 13.543769410125094 -1.0580134541264516 0
      vertex 13.687856470641458 -1.2321847906716394 0
    endloop
  endfacet
  facet normal 0 0 -1
    outer loop
      vertex 13.875712112485651 -5.893723504372131 0
      vertex 13.852636818452359 -1.386923836996421 0
      vertex 14.035511769037806 -1.519790265903627 0
    endloop
  endfacet
  facet normal 0 0 -1
    outer loop
      vertex 13.145898033750315 -5.706339097770921 0
      vertex 13.422647975921045 -0.8671566133830877 0
      vertex 13.543769410125094 -1.0580134541264516 0
    endloop
  endfacet
  facet normal 0 0 -1
    outer loop
      vertex 13.145898033750315 -5.706339097770921 0
      vertex 13.326402325401148 -0.6626241948324202 0
      vertex 13.422647975921045 -0.8671566133830877 0
    endloop
  endfacet
  facet normal 0 0 -1
    outer loop
      vertex 13.145898033750315 -5.706339097770921 0
      vertex 13.256550309968464 -0.4476417968967387 0
      vertex 13.326402325401148 -0.6626241948324202 0
    endloop
  endfacet
  facet normal 0 0 -1
    outer loop
      vertex 15.376743117175883 -3.2720710280912906 0
      vertex 14.886977064847235 -1.7964481111708888 0
      vertex 15.113022935152765 -1.7964481111708888 0
    endloop
  endfacet
  facet normal 0 0 -1
    outer loop
      vertex 15.376743117175883 -3.2720710280912906 0
      vertex 15.113022935152765 -1.7964481111708888 0
      vertex 15.337286366254304 -1.7681170513116395 0
    endloop
  endfacet
  facet normal 0 0 -1
    outer loop
      vertex 15.376743117175883 -3.2720710280912906 0
      vertex 15.337286366254304 -1.7681170513116395 0
      vertex 15.37674311717588 -1.7579862795530796 0
    endloop
  endfacet
  facet normal 0 0 -1
    outer loop
      vertex 13.145898033750315 -5.706339097770921 0
      vertex 13.214193537633939 -0.22559982041574733 0
      vertex 13.256550309968464 -0.4476417968967387 0
    endloop
  endfacet
  facet normal 0 0 -1
    outer loop
      vertex 15.618358338132891 -2.14779640610801 0
      vertex 15.550591835972153 -1.7133495152603566 0
      vertex 15.556230589874906 -1.7119017293312764 0
    endloop
  endfacet
  facet normal 0 0 -1
    outer loop
      vertex 15.618358338132891 -2.14779640610801 0
      vertex 15.556230589874906 -1.7119017293312764 0
      vertex 15.76640272481713 -1.6286886944388352 0
    endloop
  endfacet
  facet normal 0 0 -1
    outer loop
      vertex 11.175456061507862 -4.623079456654736 0
      vertex 10.626188235471531 -4.1072826355721315 0
      vertex 11.175456061507862 4.623079456654736 0
    endloop
  endfacet
  facet normal 0 0 1
    outer loop
      vertex 11.100000000000001 -0.6 1
      vertex 11.803675568275517 -0.8206766276440209 1
      vertex 11.761579250161233 -0.6 1
    endloop
  endfacet
  facet normal 0 0 1
    outer loop
      vertex 11.175456061507862 -4.623079456654736 1
      vertex 11.100000000000001 -0.6 1
      vertex 10.626188235471531 4.1072826355721315 1
    endloop
  endfacet
  facet normal 0 0 -1
    outer loop
      vertex 13.145898033750315 -5.706339097770921 0
      vertex 12.445324250609563 5.428962314796117 0
      vertex 13.214193537633939 -0.22559982041574733 0
    endloop
  endfacet
  facet normal 0 0 -1
    outer loop
      vertex 15.5489940195329 -3.2503106786597473 0
      vertex 15.618358338132891 -2.14779640610801 0
      vertex 16.12428788751435 -3.097099433937901 0
    endloop
  endfacet
  facet normal 0 0 -1
    outer loop
      vertex 16.30473134903064 -3.025656813519189 0
      vertex 16.40507166216474 -1.4307932067617244 0
      vertex 16.854101966249683 -2.72389137326816 0
    endloop
  endfacet
  facet normal 0 0 1
    outer loop
      vertex 17.669756081437328 -1.9396913325651612 1
      vertex 18.214960769873976 -5.065967553012092 1
      vertex 17.89181204414475 -1.5897871245356607 1
    endloop
  endfacet
  facet normal 0 0 1
    outer loop
      vertex 17.89181204414475 -1.5897871245356607 1
      vertex 18.214960769873976 -5.065967553012092 1
      vertex 18.06826240343123 -1.2148110238594385 1
    endloop
  endfacet
  facet normal 0 0 1
    outer loop
      vertex 18.214960769873976 -5.065967553012092 1
      vertex 18.196324431724484 -0.8206766276440196 1
      vertex 18.06826240343123 -1.2148110238594385 1
    endloop
  endfacet
  facet normal 0 0 -1
    outer loop
      vertex 16.12428788751435 -3.097099433937901 0
      vertex 15.618358338132891 -2.14779640610801 0
      vertex 16.12428788751435 -1.4770010244725496 0
    endloop
  endfacet
  facet normal 0 0 -1
    outer loop
      vertex 15.618358338132891 -2.14779640610801 0
      vertex 15.76640272481713 -1.6286886944388352 0
      vertex 15.964488230962193 -1.5197902659036275 0
    endloop
  endfacet
  facet normal 0 0 -1
    outer loop
      vertex 15.618358338132891 -2.14779640610801 0
      vertex 15.964488230962193 -1.5197902659036275 0
      vertex 16.147363181547643 -1.3869238369964203 0
    endloop
  endfacet
  facet normal 0 0 -1
    outer loop
      vertex 15.618358338132891 -2.14779640610801 0
      vertex 16.147363181547643 -1.3869238369964203 0
      vertex 16.12428788751435 -1.4770010244725496 0
    endloop
  endfacet
  facet normal 0 0 -1
    outer loop
      vertex 16.40507166216474 -1.4307932067617244 0
      vertex 16.854101966249683 -1.4213612769185229 0
      vertex 16.854101966249683 -2.72389137326816 0
    endloop
  endfacet
  facet normal 0.9048270524660194 -0.42577929156507305 0
    outer loop
      vertex 20.25784008026318 -2.890522044610292 0
      vertex 20.578658915329505 -2.20874731610807 0
      vertex 20.25784008026318 -2.890522044610292 1
    endloop
  endfacet
  facet normal 0.9048270524660194 -0.42577929156507305 0
    outer loop
      vertex 20.25784008026318 -2.890522044610292 1
      vertex 20.578658915329505 -2.20874731610807 0
      vertex 20.578658915329505 -2.20874731610807 1
    endloop
  endfacet
  facet normal 0 0 1
    outer loop
      vertex 18.82454393849214 -4.623079456654734 1
      vertex 18.238420749838767 -0.6 1
      vertex 18.196324431724484 -0.8206766276440196 1
    endloop
  endfacet
  facet normal 0 0 -1
    outer loop
      vertex 18.214960769873976 -5.065967553012092 0
      vertex 18.824543938492138 4.623079456654735 0
      vertex 18.82454393849214 -4.623079456654734 0
    endloop
  endfacet
  facet normal 0 0 1
    outer loop
      vertex 19.37381176452847 -4.1072826355721315 1
      vertex 18.9 -0.6 1
      vertex 18.238420749838767 -0.6 1
    endloop
  endfacet
  facet normal 0 0 -1
    outer loop
      vertex 18.82454393849214 -4.623079456654734 0
      vertex 19.37381176452847 4.107282635572132 0
      vertex 19.37381176452847 -4.1072826355721315 0
    endloop
  endfacet
  facet normal 0.9510565162951531 -0.30901699437494895 0
    outer loop
      vertex 20.578658915329505 -2.20874731610807 0
      vertex 20.811498966771786 -1.4921393229891267 0
      vertex 20.578658915329505 -2.20874731610807 1
    endloop
  endfacet
  facet normal 0.9510565162951531 -0.30901699437494895 0
    outer loop
      vertex 20.578658915329505 -2.20874731610807 1
      vertex 20.811498966771786 -1.4921393229891267 0
      vertex 20.811498966771786 -1.4921393229891267 1
    endloop
  endfacet
  facet normal 0 0 -1
    outer loop
      vertex 16.12428788751435 -1.4770010244725496 0
      vertex 16.147363181547643 -1.3869238369964203 0
      vertex 16.40507166216474 -1.4307932067617244 0
    endloop
  endfacet
  facet normal 0 0 -1
    outer loop
      vertex 16.40507166216474 -1.4307932067617244 0
      vertex 16.147363181547643 -1.3869238369964203 0
      vertex 16.31214352935854 -1.2321847906716394 0
    endloop
  endfacet
  facet normal 0 0 -1
    outer loop
      vertex 16.40507166216474 -1.4307932067617244 0
      vertex 16.31214352935854 -1.2321847906716394 0
      vertex 16.456230589874906 -1.0580134541264516 0
    endloop
  endfacet
  facet normal 0 0 -1
    outer loop
      vertex 16.40507166216474 -1.4307932067617244 0
      vertex 16.456230589874906 -1.0580134541264516 0
      vertex 16.854101966249683 -1.4213612769185229 0
    endloop
  endfacet
  facet normal 0 0 -1
    outer loop
      vertex 16.854101966249683 -1.4213612769185229 0
      vertex 16.456230589874906 -1.0580134541264516 0
      vertex 16.577352024078955 -0.8671566133830877 0
    endloop
  endfacet
  facet normal 0 0 -1
    outer loop
      vertex 16.854101966249683 -1.4213612769185229 0
      vertex 16.577352024078955 -0.8671566133830877 0
      vertex 16.673597674598852 -0.6626241948324211 0
    endloop
  endfacet
  facet normal 0 0 -1
    outer loop
      vertex 16.854101966249683 -1.4213612769185229 0
      vertex 16.673597674598852 -0.6626241948324211 0
      vertex 16.743449690031536 -0.447641796896738 0
    endloop
  endfacet
  facet normal 0 0 -1
    outer loop
      vertex 16.854101966249683 -1.4213612769185229 0
      vertex 16.743449690031536 -0.447641796896738 0
      vertex 16.78580646236606 -0.22559982041574733 0
    endloop
  endfacet
  facet normal 0 0 -1
    outer loop
      vertex 16.854101966249683 -1.4213612769185229 0
      vertex 16.78580646236606 -0.22559982041574733 0
      vertex 16.8 0 0
    endloop
  endfacet
  facet normal 0 0 -1
    outer loop
      vertex 17.10349916617068 -1.7422841196922738 0
      vertex 17.554675749390437 5.428962314796117 0
      vertex 18.214960769873976 -5.065967553012092 0
    endloop
  endfacet
  facet normal 0 0 1
    outer loop
      vertex 19.37381176452847 -4.1072826355721315 1
      vertex 18.9 0.6 1
      vertex 18.9 -0.6 1
    endloop
  endfacet
  facet normal 0 0 1
    outer loop
      vertex 19.37381176452847 -4.1072826355721315 1
      vertex 19.854101966249686 -3.526711513754839 1
      vertex 19.37381176452847 4.107282635572132 1
    endloop
  endfacet
  facet normal 0 0 -1
    outer loop
      vertex 19.37381176452847 -4.1072826355721315 0
      vertex 19.854101966249686 3.526711513754839 0
      vertex 19.854101966249686 -3.526711513754839 0
    endloop
  endfacet
  facet normal 0 0 -1
    outer loop
      vertex 19.854101966249686 -3.526711513754839 0
      vertex 20.257840080263183 2.890522044610292 0
      vertex 20.25784008026318 -2.890522044610292 0
    endloop
  endfacet
  facet normal 0.982287250728689 -0.18738131458572302 0
    outer loop
      vertex 20.811498966771786 -1.4921393229891267 0
      vertex 20.952688207886865 -0.7519994013858244 0
      vertex 20.811498966771786 -1.4921393229891267 1
    endloop
  endfacet
  facet normal 0 0 1
    outer loop
      vertex 19.854101966249686 -3.526711513754839 1
      vertex 20.25784008026318 -2.890522044610292 1
      vertex 19.854101966249686 3.526711513754839 1
    endloop
  endfacet
  facet normal 0 0 -1
    outer loop
      vertex 20.25784008026318 -2.890522044610292 0
      vertex 20.57865891532951 2.208747316108068 0
      vertex 20.578658915329505 -2.20874731610807 0
    endloop
  endfacet
  facet normal 0.982287250728689 -0.18738131458572302 0
    outer loop
      vertex 20.811498966771786 -1.4921393229891267 1
      vertex 20.952688207886865 -0.7519994013858244 0
      vertex 20.952688207886865 -0.7519994013858244 1
    endloop
  endfacet
  facet normal 0 0 1
    outer loop
      vertex 20.25784008026318 -2.890522044610292 1
      vertex 20.578658915329505 -2.20874731610807 1
      vertex 20.257840080263183 2.890522044610292 1
    endloop
  endfacet
  facet normal 0 0 -1
    outer loop
      vertex 20.578658915329505 -2.20874731610807 0
      vertex 20.811498966771786 1.4921393229891287 0
      vertex 20.811498966771786 -1.4921393229891267 0
    endloop
  endfacet
  facet normal 0 0 1
    outer loop
      vertex 20.578658915329505 -2.20874731610807 1
      vertex 20.811498966771786 -1.4921393229891267 1
      vertex 20.57865891532951 2.208747316108068 1
    endloop
  endfacet
  facet normal 0 0 -1
    outer loop
      vertex 20.811498966771786 -1.4921393229891267 0
      vertex 20.952688207886865 0.7519994013858255 0
      vertex 20.952688207886865 -0.7519994013858244 0
    endloop
  endfacet
  facet normal 0.9980267284282713 -0.06279051952931575 0
    outer loop
      vertex 20.952688207886865 -0.7519994013858244 0
      vertex 21 0 0
      vertex 20.952688207886865 -0.7519994013858244 1
    endloop
  endfacet
  facet normal 0.9980267284282713 -0.06279051952931575 0
    outer loop
      vertex 20.952688207886865 -0.7519994013858244 1
      vertex 21 0 0
      vertex 21 0 1
    endloop
  endfacet
  facet normal 0 0 1
    outer loop
      vertex 20.811498966771786 -1.4921393229891267 1
      vertex 20.952688207886865 -0.7519994013858244 1
      vertex 20.811498966771786 1.4921393229891287 1
    endloop
  endfacet
  facet normal 0 0 -1
    outer loop
      vertex 9.047311792113133 -0.7519994013858244 0
      vertex 9 0 0
      vertex 9.047311792113133 0.7519994013858244 0
    endloop
  endfacet
  facet normal 0 0 1
    outer loop
      vertex 9.047311792113133 -0.7519994013858244 1
      vertex 9.047311792113133 0.7519994013858244 1
      vertex 9 0 1
    endloop
  endfacet
  facet normal -0.9980267284282717 0.0627905195293134 0
    outer loop
      vertex 9 0 0
      vertex 9 0 1
      vertex 9.047311792113133 0.7519994013858244 1
    endloop
  endfacet
  facet normal 0 0 1
    outer loop
      vertex 9.188501033228214 -1.492139322989129 1
      vertex 9.188501033228214 1.492139322989129 1
      vertex 9.047311792113133 0.7519994013858244 1
    endloop
  endfacet
  facet normal 0 0 -1
    outer loop
      vertex 9.047311792113133 -0.7519994013858244 0
      vertex 9.047311792113133 0.7519994013858244 0
      vertex 9.188501033228214 1.492139322989129 0
    endloop
  endfacet
  facet normal -0.9980267284282717 0.0627905195293134 0
    outer loop
      vertex 9 0 0
      vertex 9.047311792113133 0.7519994013858244 1
      vertex 9.047311792113133 0.7519994013858244 0
    endloop
  endfacet
  facet normal 0 0 1
    outer loop
      vertex 9.421341084670491 -2.208747316108067 1
      vertex 9.421341084670491 2.208747316108067 1
      vertex 9.188501033228214 1.492139322989129 1
    endloop
  endfacet
  facet normal 0 0 -1
    outer loop
      vertex 9.188501033228214 -1.492139322989129 0
      vertex 9.188501033228214 1.492139322989129 0
      vertex 9.421341084670491 2.208747316108067 0
    endloop
  endfacet
  facet normal 0 0 1
    outer loop
      vertex 9.74215991973682 -2.890522044610292 1
      vertex 9.74215991973682 2.890522044610292 1
      vertex 9.421341084670491 2.208747316108067 1
    endloop
  endfacet
  facet normal -0.9822872507286886 0.18738131458572468 0
    outer loop
      vertex 9.047311792113133 0.7519994013858244 0
      vertex 9.047311792113133 0.7519994013858244 1
      vertex 9.188501033228214 1.492139322989129 1
    endloop
  endfacet
  facet normal -0.9822872507286886 0.18738131458572468 0
    outer loop
      vertex 9.047311792113133 0.7519994013858244 0
      vertex 9.188501033228214 1.492139322989129 1
      vertex 9.188501033228214 1.492139322989129 0
    endloop
  endfacet
  facet normal 0 0 -1
    outer loop
      vertex 9.421341084670491 -2.208747316108067 0
      vertex 9.421341084670491 2.208747316108067 0
      vertex 9.74215991973682 2.890522044610292 0
    endloop
  endfacet
  facet normal 0 0 1
    outer loop
      vertex 10.145898033750315 -3.526711513754839 1
      vertex 10.145898033750315 3.526711513754839 1
      vertex 9.74215991973682 2.890522044610292 1
    endloop
  endfacet
  facet normal 0 0 -1
    outer loop
      vertex 9.74215991973682 -2.890522044610292 0
      vertex 9.74215991973682 2.890522044610292 0
      vertex 10.145898033750315 3.526711513754839 0
    endloop
  endfacet
  facet normal 0 0 1
    outer loop
      vertex 10.626188235471531 -4.1072826355721315 1
      vertex 10.626188235471531 4.1072826355721315 1
      vertex 10.145898033750315 3.526711513754839 1
    endloop
  endfacet
  facet normal 0 0 -1
    outer loop
      vertex 10.145898033750315 -3.526711513754839 0
      vertex 10.145898033750315 3.526711513754839 0
      vertex 10.626188235471531 4.1072826355721315 0
    endloop
  endfacet
  facet normal -0.9510565162951539 0.3090169943749469 0
    outer loop
      vertex 9.188501033228214 1.492139322989129 0
      vertex 9.188501033228214 1.492139322989129 1
      vertex 9.421341084670491 2.208747316108067 1
    endloop
  endfacet
  facet normal -0.9510565162951539 0.3090169943749469 0
    outer loop
      vertex 9.188501033228214 1.492139322989129 0
      vertex 9.421341084670491 2.208747316108067 1
      vertex 9.421341084670491 2.208747316108067 0
    endloop
  endfacet
  facet normal -0.9048270524660192 0.4257792915650734 0
    outer loop
      vertex 9.421341084670491 2.208747316108067 0
      vertex 9.421341084670491 2.208747316108067 1
      vertex 9.74215991973682 2.890522044610292 1
    endloop
  endfacet
  facet normal -0.9048270524660192 0.4257792915650734 0
    outer loop
      vertex 9.421341084670491 2.208747316108067 0
      vertex 9.74215991973682 2.890522044610292 1
      vertex 9.74215991973682 2.890522044610292 0
    endloop
  endfacet
  facet normal -0.8443279255020154 0.5358267949789961 0
    outer loop
      vertex 9.74215991973682 2.890522044610292 0
      vertex 9.74215991973682 2.890522044610292 1
      vertex 10.145898033750315 3.526711513754839 1
    endloop
  endfacet
  facet normal -0.8443279255020154 0.5358267949789961 0
    outer loop
      vertex 9.74215991973682 2.890522044610292 0
      vertex 10.145898033750315 3.526711513754839 1
      vertex 10.145898033750315 3.526711513754839 0
    endloop
  endfacet
  facet normal -0.7705132427757886 0.6374239897486904 0
    outer loop
      vertex 10.145898033750315 3.526711513754839 0
      vertex 10.145898033750315 3.526711513754839 1
      vertex 10.626188235471531 4.1072826355721315 1
    endloop
  endfacet
  facet normal -0.7705132427757886 0.6374239897486904 0
    outer loop
      vertex 10.145898033750315 3.526711513754839 0
      vertex 10.626188235471531 4.1072826355721315 1
      vertex 10.626188235471531 4.1072826355721315 0
    endloop
  endfacet
  facet normal 0 0 1
    outer loop
      vertex 11.100000000000001 -0.6 1
      vertex 11.100000000000001 0.6 1
      vertex 10.626188235471531 4.1072826355721315 1
    endloop
  endfacet
  facet normal 0 0 -1
    outer loop
      vertex 13.59492833783526 1.4307932067617035 0
      vertex 13.543769410125094 1.0580134541264516 0
      vertex 13.422647975921045 0.8671566133830877 0
    endloop
  endfacet
  facet normal 0 0 -1
    outer loop
      vertex 13.59492833783526 1.4307932067617035 0
      vertex 13.687856470641458 1.2321847906716394 0
      vertex 13.543769410125094 1.0580134541264516 0
    endloop
  endfacet
  facet normal 0 0 -1
    outer loop
      vertex 13.59492833783526 1.4307932067617035 0
      vertex 13.852636818452359 1.386923836996421 0
      vertex 13.687856470641458 1.2321847906716394 0
    endloop
  endfacet
  facet normal 0 0 -1
    outer loop
      vertex 13.59492833783526 1.4307932067617035 0
      vertex 13.875712112485651 1.477001024472552 0
      vertex 13.852636818452359 1.386923836996421 0
    endloop
  endfacet
  facet normal 0 0 -1
    outer loop
      vertex 13.875712112485651 1.477001024472552 0
      vertex 14.035511769037806 1.519790265903627 0
      vertex 13.852636818452359 1.386923836996421 0
    endloop
  endfacet
  facet normal 0 0 -1
    outer loop
      vertex 10.626188235471531 -4.1072826355721315 0
      vertex 10.626188235471531 4.1072826355721315 0
      vertex 11.175456061507862 4.623079456654736 0
    endloop
  endfacet
  facet normal 0 0 -1
    outer loop
      vertex 11.175456061507862 -4.623079456654736 0
      vertex 11.175456061507862 4.623079456654736 0
      vertex 11.78503923012602 5.06596755301209 0
    endloop
  endfacet
  facet normal 0 0 1
    outer loop
      vertex 11.100000000000001 0.6 1
      vertex 11.761579250161233 0.6 1
      vertex 10.626188235471531 4.1072826355721315 1
    endloop
  endfacet
  facet normal 0 0 1
    outer loop
      vertex 11.761579250161233 0.6 1
      vertex 11.803675568275517 0.8206766276440209 1
      vertex 11.175456061507862 4.623079456654736 1
    endloop
  endfacet
  facet normal 0 0 -1
    outer loop
      vertex 12.445324250609566 -5.4289623147961175 0
      vertex 11.78503923012602 5.06596755301209 0
      vertex 12.445324250609563 5.428962314796117 0
    endloop
  endfacet
  facet normal 0 0 -1
    outer loop
      vertex 12.445324250609563 5.428962314796117 0
      vertex 13.2 0 0
      vertex 13.214193537633939 -0.22559982041574733 0
    endloop
  endfacet
  facet normal 0 0 -1
    outer loop
      vertex 12.445324250609563 5.428962314796117 0
      vertex 13.214193537633939 0.22559982041574733 0
      vertex 13.2 0 0
    endloop
  endfacet
  facet normal 0 0 -1
    outer loop
      vertex 12.445324250609563 5.428962314796117 0
      vertex 13.256550309968464 0.4476417968967387 0
      vertex 13.214193537633939 0.22559982041574733 0
    endloop
  endfacet
  facet normal 0 0 -1
    outer loop
      vertex 12.445324250609563 5.428962314796117 0
      vertex 13.326402325401148 0.6626241948324202 0
      vertex 13.256550309968464 0.4476417968967387 0
    endloop
  endfacet
  facet normal 0 0 1
    outer loop
      vertex 11.803675568275517 0.8206766276440209 1
      vertex 11.93173759656877 1.214811023859437 1
      vertex 11.78503923012602 5.06596755301209 1
    endloop
  endfacet
  facet normal 0 0 -1
    outer loop
      vertex 12.445324250609563 5.428962314796117 0
      vertex 13.422647975921045 0.8671566133830877 0
      vertex 13.326402325401148 0.6626241948324202 0
    endloop
  endfacet
  facet normal 0 0 1
    outer loop
      vertex 11.93173759656877 1.214811023859437 1
      vertex 12.10818795585525 1.5897871245356607 1
      vertex 11.78503923012602 5.06596755301209 1
    endloop
  endfacet
  facet normal 0 0 1
    outer loop
      vertex 11.78503923012602 5.06596755301209 1
      vertex 12.10818795585525 1.5897871245356607 1
      vertex 12.330243918562674 1.9396913325651612 1
    endloop
  endfacet
  facet normal 0 0 -1
    outer loop
      vertex 13.59492833783526 1.4307932067617035 0
      vertex 13.422647975921045 0.8671566133830877 0
      vertex 12.445324250609563 5.428962314796117 0
    endloop
  endfacet
  facet normal 0 0 -1
    outer loop
      vertex 13.875712112485651 1.477001024472552 0
      vertex 13.875712112485653 5.893723504372132 0
      vertex 14.035511769037806 1.519790265903627 0
    endloop
  endfacet
  facet normal 0 0 -1
    outer loop
      vertex 17.10349916617068 -1.7422841196922738 0
      vertex 16.854101966249683 -1.4213612769185229 0
      vertex 16.854101966249683 5.706339097770921 0
    endloop
  endfacet
  facet normal 0 0 -1
    outer loop
      vertex 16.854101966249683 -1.4213612769185229 0
      vertex 16.8 0 0
      vertex 16.854101966249683 5.706339097770921 0
    endloop
  endfacet
  facet normal 0 0 1
    outer loop
      vertex 19.37381176452847 -4.1072826355721315 1
      vertex 18.824543938492138 4.623079456654735 1
      vertex 18.9 0.6 1
    endloop
  endfacet
  facet normal 0 0 1
    outer loop
      vertex 18.238420749838767 0.6 1
      vertex 18.9 0.6 1
      vertex 18.196324431724484 0.8206766276440208 1
    endloop
  endfacet
  facet normal 0 0 -1
    outer loop
      vertex 20.952688207886865 -0.7519994013858244 0
      vertex 20.952688207886865 0.7519994013858255 0
      vertex 21 0 0
    endloop
  endfacet
  facet normal 0 0 1
    outer loop
      vertex 20.952688207886865 -0.7519994013858244 1
      vertex 21 0 1
      vertex 20.952688207886865 0.7519994013858255 1
    endloop
  endfacet
  facet normal 0 0 -1
    outer loop
      vertex 20.811498966771786 -1.4921393229891267 0
      vertex 20.811498966771786 1.4921393229891287 0
      vertex 20.952688207886865 0.7519994013858255 0
    endloop
  endfacet
  facet normal 0.9980267284282713 0.06279051952931565 0
    outer loop
      vertex 21 0 0
      vertex 20.952688207886865 0.7519994013858255 0
      vertex 21 0 1
    endloop
  endfacet
  facet normal 0 0 -1
    outer loop
      vertex 20.578658915329505 -2.20874731610807 0
      vertex 20.57865891532951 2.208747316108068 0
      vertex 20.811498966771786 1.4921393229891287 0
    endloop
  endfacet
  facet normal 0.9980267284282713 0.06279051952931565 0
    outer loop
      vertex 21 0 1
      vertex 20.952688207886865 0.7519994013858255 0
      vertex 20.952688207886865 0.7519994013858255 1
    endloop
  endfacet
  facet normal 0 0 1
    outer loop
      vertex 20.952688207886865 -0.7519994013858244 1
      vertex 20.952688207886865 0.7519994013858255 1
      vertex 20.811498966771786 1.4921393229891287 1
    endloop
  endfacet
  facet normal 0 0 -1
    outer loop
      vertex 20.25784008026318 -2.890522044610292 0
      vertex 20.257840080263183 2.890522044610292 0
      vertex 20.57865891532951 2.208747316108068 0
    endloop
  endfacet
  facet normal 0 0 1
    outer loop
      vertex 20.811498966771786 -1.4921393229891267 1
      vertex 20.811498966771786 1.4921393229891287 1
      vertex 20.57865891532951 2.208747316108068 1
    endloop
  endfacet
  facet normal 0 0 -1
    outer loop
      vertex 18.82454393849214 -4.623079456654734 0
      vertex 18.824543938492138 4.623079456654735 0
      vertex 19.37381176452847 4.107282635572132 0
    endloop
  endfacet
  facet normal 0 0 -1
    outer loop
      vertex 19.37381176452847 -4.1072826355721315 0
      vertex 19.37381176452847 4.107282635572132 0
      vertex 19.854101966249686 3.526711513754839 0
    endloop
  endfacet
  facet normal 0 0 -1
    outer loop
      vertex 19.854101966249686 -3.526711513754839 0
      vertex 19.854101966249686 3.526711513754839 0
      vertex 20.257840080263183 2.890522044610292 0
    endloop
  endfacet
  facet normal 0 0 1
    outer loop
      vertex 20.578658915329505 -2.20874731610807 1
      vertex 20.57865891532951 2.208747316108068 1
      vertex 20.257840080263183 2.890522044610292 1
    endloop
  endfacet
  facet normal 0.982287250728689 0.1873813145857228 0
    outer loop
      vertex 20.952688207886865 0.7519994013858255 0
      vertex 20.811498966771786 1.4921393229891287 0
      vertex 20.952688207886865 0.7519994013858255 1
    endloop
  endfacet
  facet normal 0 0 1
    outer loop
      vertex 20.25784008026318 -2.890522044610292 1
      vertex 20.257840080263183 2.890522044610292 1
      vertex 19.854101966249686 3.526711513754839 1
    endloop
  endfacet
  facet normal 0 0 1
    outer loop
      vertex 19.854101966249686 -3.526711513754839 1
      vertex 19.854101966249686 3.526711513754839 1
      vertex 19.37381176452847 4.107282635572132 1
    endloop
  endfacet
  facet normal 0.982287250728689 0.1873813145857228 0
    outer loop
      vertex 20.952688207886865 0.7519994013858255 1
      vertex 20.811498966771786 1.4921393229891287 0
      vertex 20.811498966771786 1.4921393229891287 1
    endloop
  endfacet
  facet normal 0 0 -1
    outer loop
      vertex 16.854101966249683 5.706339097770921 0
      vertex 16.8 0 0
      vertex 16.78580646236606 0.22559982041574766 0
    endloop
  endfacet
  facet normal 0 0 -1
    outer loop
      vertex 16.854101966249683 5.706339097770921 0
      vertex 16.78580646236606 0.22559982041574766 0
      vertex 16.743449690031536 0.44764179689673866 0
    endloop
  endfacet
  facet normal 0 0 -1
    outer loop
      vertex 18.214960769873976 -5.065967553012092 0
      vertex 17.554675749390437 5.428962314796117 0
      vertex 18.21496076987398 5.06596755301209 0
    endloop
  endfacet
  facet normal 0 0 -1
    outer loop
      vertex 16.854101966249683 5.706339097770921 0
      vertex 16.673597674598852 0.6626241948324204 0
      vertex 16.577352024078955 0.8671566133830876 0
    endloop
  endfacet
  facet normal 0 0 -1
    outer loop
      vertex 16.854101966249683 5.706339097770921 0
      vertex 16.743449690031536 0.44764179689673866 0
      vertex 16.673597674598852 0.6626241948324204 0
    endloop
  endfacet
  facet normal 0 0 -1
    outer loop
      vertex 16.854101966249683 5.706339097770921 0
      vertex 16.577352024078955 0.8671566133830876 0
      vertex 16.456230589874906 1.0580134541264516 0
    endloop
  endfacet
  facet normal 0 0 -1
    outer loop
      vertex 16.854101966249683 5.706339097770921 0
      vertex 16.147363181547643 1.3869238369964205 0
      vertex 15.964488230962194 1.519790265903627 0
    endloop
  endfacet
  facet normal 0 0 -1
    outer loop
      vertex 16.854101966249683 5.706339097770921 0
      vertex 16.456230589874906 1.0580134541264516 0
      vertex 16.31214352935854 1.2321847906716397 0
    endloop
  endfacet
  facet normal 0 0 -1
    outer loop
      vertex 16.854101966249683 5.706339097770921 0
      vertex 16.31214352935854 1.2321847906716397 0
      vertex 16.147363181547643 1.3869238369964205 0
    endloop
  endfacet
  facet normal 0 0 1
    outer loop
      vertex 18.196324431724484 0.8206766276440208 1
      vertex 18.21496076987398 5.06596755301209 1
      vertex 18.06826240343123 1.2148110238594372 1
    endloop
  endfacet
  facet normal 0 0 1
    outer loop
      vertex 17.89181204414475 1.5897871245356605 1
      vertex 17.554675749390437 5.428962314796117 1
      vertex 17.669756081437328 1.9396913325651612 1
    endloop
  endfacet
  facet normal 0 0 1
    outer loop
      vertex 17.89181204414475 1.5897871245356605 1
      vertex 18.06826240343123 1.2148110238594372 1
      vertex 18.21496076987398 5.06596755301209 1
    endloop
  endfacet
  facet normal 0 0 -1
    outer loop
      vertex 18.214960769873976 -5.065967553012092 0
      vertex 18.21496076987398 5.06596755301209 0
      vertex 18.824543938492138 4.623079456654735 0
    endloop
  endfacet
  facet normal 0 0 1
    outer loop
      vertex 19.37381176452847 -4.1072826355721315 1
      vertex 19.37381176452847 4.107282635572132 1
      vertex 18.824543938492138 4.623079456654735 1
    endloop
  endfacet
  facet normal 0 0 1
    outer loop
      vertex 18.196324431724484 0.8206766276440208 1
      vertex 18.9 0.6 1
      vertex 18.21496076987398 5.06596755301209 1
    endloop
  endfacet
  facet normal 0.9510565162951539 0.30901699437494634 0
    outer loop
      vertex 20.811498966771786 1.4921393229891287 0
      vertex 20.57865891532951 2.208747316108068 0
      vertex 20.811498966771786 1.4921393229891287 1
    endloop
  endfacet
  facet normal 0.9510565162951539 0.30901699437494634 0
    outer loop
      vertex 20.811498966771786 1.4921393229891287 1
      vertex 20.57865891532951 2.208747316108068 0
      vertex 20.57865891532951 2.208747316108068 1
    endloop
  endfacet
  facet normal 0.9048270524660199 0.42577929156507194 0
    outer loop
      vertex 20.57865891532951 2.208747316108068 0
      vertex 20.257840080263183 2.890522044610292 0
      vertex 20.57865891532951 2.208747316108068 1
    endloop
  endfacet
  facet normal 0.9048270524660199 0.42577929156507194 0
    outer loop
      vertex 20.57865891532951 2.208747316108068 1
      vertex 20.257840080263183 2.890522044610292 0
      vertex 20.257840080263183 2.890522044610292 1
    endloop
  endfacet
  facet normal 0 0 1
    outer loop
      vertex 11.761579250161233 0.6 1
      vertex 11.175456061507862 4.623079456654736 1
      vertex 10.626188235471531 4.1072826355721315 1
    endloop
  endfacet
  facet normal 0 0 1
    outer loop
      vertex 11.803675568275517 0.8206766276440209 1
      vertex 11.78503923012602 5.06596755301209 1
      vertex 11.175456061507862 4.623079456654736 1
    endloop
  endfacet
  facet normal 0 0 1
    outer loop
      vertex 11.78503923012602 5.06596755301209 1
      vertex 12.330243918562674 1.9396913325651612 1
      vertex 12.594403529509341 2.259005449564672 1
    endloop
  endfacet
  facet normal 0 0 1
    outer loop
      vertex 12.594403529509341 2.259005449564672 1
      vertex 12.896500833829325 2.542693701160105 1
      vertex 12.445324250609563 5.428962314796117 1
    endloop
  endfacet
  facet normal 0 0 1
    outer loop
      vertex 12.896500833829325 2.542693701160105 1
      vertex 13.231771576569312 2.7862821541566496 1
      vertex 12.445324250609563 5.428962314796117 1
    endloop
  endfacet
  facet normal -0.6845471059286892 0.728968627421411 0
    outer loop
      vertex 10.626188235471531 4.1072826355721315 0
      vertex 10.626188235471531 4.1072826355721315 1
      vertex 11.175456061507862 4.623079456654736 0
    endloop
  endfacet
  facet normal -0.6845471059286892 0.728968627421411 0
    outer loop
      vertex 10.626188235471531 4.1072826355721315 1
      vertex 11.175456061507862 4.623079456654736 1
      vertex 11.175456061507862 4.623079456654736 0
    endloop
  endfacet
  facet normal 0 0 1
    outer loop
      vertex 11.78503923012602 5.06596755301209 1
      vertex 12.594403529509341 2.259005449564672 1
      vertex 12.445324250609563 5.428962314796117 1
    endloop
  endfacet
  facet normal 0 0 -1
    outer loop
      vertex 13.59492833783526 1.4307932067617035 0
      vertex 12.445324250609563 5.428962314796117 0
      vertex 13.695268650969364 3.0256568135191895 0
    endloop
  endfacet
  facet normal 0 0 -1
    outer loop
      vertex 13.875712112485653 5.893723504372132 0
      vertex 14.23359727518287 1.628688694438835 0
      vertex 14.035511769037806 1.519790265903627 0
    endloop
  endfacet
  facet normal 0 0 -1
    outer loop
      vertex 13.875712112485653 5.893723504372132 0
      vertex 14.443769410125094 1.7119017293312764 0
      vertex 14.23359727518287 1.628688694438835 0
    endloop
  endfacet
  facet normal 0 0 -1
    outer loop
      vertex 13.875712112485653 5.893723504372132 0
      vertex 14.662713633745696 1.7681170513116398 0
      vertex 14.443769410125094 1.7119017293312764 0
    endloop
  endfacet
  facet normal 0 0 -1
    outer loop
      vertex 13.875712112485651 1.477001024472552 0
      vertex 13.695268650969364 3.0256568135191895 0
      vertex 13.875712112485653 5.893723504372132 0
    endloop
  endfacet
  facet normal 0 0 1
    outer loop
      vertex 14.381641661867109 3.241547927404673 1
      vertex 14.4 3.2438671248503046 1
      vertex 14.4 3.8999999999999995 1
    endloop
  endfacet
  facet normal 0 0 -1
    outer loop
      vertex 14.623256882824121 5.988160370569629 0
      vertex 14.886977064847237 1.7964481111708888 0
      vertex 14.662713633745696 1.7681170513116398 0
    endloop
  endfacet
  facet normal 0 0 -1
    outer loop
      vertex 16.12428788751435 5.893723504372132 0
      vertex 15.556230589874906 1.7119017293312764 0
      vertex 15.337286366254304 1.7681170513116398 0
    endloop
  endfacet
  facet normal 0 0 -1
    outer loop
      vertex 15.376743117175879 5.988160370569629 0
      vertex 15.113022935152763 1.7964481111708888 0
      vertex 14.886977064847237 1.7964481111708888 0
    endloop
  endfacet
  facet normal 0 0 -1
    outer loop
      vertex 15.376743117175879 5.988160370569629 0
      vertex 15.337286366254304 1.7681170513116398 0
      vertex 15.113022935152763 1.7964481111708888 0
    endloop
  endfacet
  facet normal 0 0 1
    outer loop
      vertex 13.231771576569312 2.7862821541566496 1
      vertex 13.59492833783526 2.985929273137864 1
      vertex 13.145898033750315 5.706339097770921 1
    endloop
  endfacet
  facet normal 0 0 1
    outer loop
      vertex 13.59492833783526 2.985929273137864 1
      vertex 13.980243918562675 3.1384865037740064 1
      vertex 13.145898033750315 5.706339097770921 1
    endloop
  endfacet
  facet normal 0 0 1
    outer loop
      vertex 13.980243918562675 3.1384865037740064 1
      vertex 14.381641661867109 3.241547927404673 1
      vertex 13.875712112485653 5.893723504372132 1
    endloop
  endfacet
  facet normal 0 0 1
    outer loop
      vertex 14.381641661867109 3.241547927404673 1
      vertex 14.4 3.8999999999999995 1
      vertex 13.875712112485653 5.893723504372132 1
    endloop
  endfacet
  facet normal -0.5877852522924725 0.809016994374948 0
    outer loop
      vertex 11.175456061507862 4.623079456654736 0
      vertex 11.175456061507862 4.623079456654736 1
      vertex 11.78503923012602 5.06596755301209 0
    endloop
  endfacet
  facet normal -0.5877852522924725 0.809016994374948 0
    outer loop
      vertex 11.175456061507862 4.623079456654736 1
      vertex 11.78503923012602 5.06596755301209 1
      vertex 11.78503923012602 5.06596755301209 0
    endloop
  endfacet
  facet normal 0 0 1
    outer loop
      vertex 13.231771576569312 2.7862821541566496 1
      vertex 13.145898033750315 5.706339097770921 1
      vertex 12.445324250609563 5.428962314796117 1
    endloop
  endfacet
  facet normal 0 0 -1
    outer loop
      vertex 12.445324250609563 5.428962314796117 0
      vertex 13.145898033750315 5.706339097770921 0
      vertex 13.695268650969364 3.0256568135191895 0
    endloop
  endfacet
  facet normal -0.48175367410171616 0.876306680043863 0
    outer loop
      vertex 11.78503923012602 5.06596755301209 0
      vertex 11.78503923012602 5.06596755301209 1
      vertex 12.445324250609563 5.428962314796117 0
    endloop
  endfacet
  facet normal -0.48175367410171616 0.876306680043863 0
    outer loop
      vertex 11.78503923012602 5.06596755301209 1
      vertex 12.445324250609563 5.428962314796117 1
      vertex 12.445324250609563 5.428962314796117 0
    endloop
  endfacet
  facet normal -0.3681245526846776 0.9297764858882517 0
    outer loop
      vertex 12.445324250609563 5.428962314796117 0
      vertex 12.445324250609563 5.428962314796117 1
      vertex 13.145898033750315 5.706339097770921 0
    endloop
  endfacet
  facet normal -0.3681245526846776 0.9297764858882517 0
    outer loop
      vertex 12.445324250609563 5.428962314796117 1
      vertex 13.145898033750315 5.706339097770921 1
      vertex 13.145898033750315 5.706339097770921 0
    endloop
  endfacet
  facet normal 0 0 -1
    outer loop
      vertex 13.875712112485653 5.893723504372132 0
      vertex 14.623256882824121 5.988160370569629 0
      vertex 14.662713633745696 1.7681170513116398 0
    endloop
  endfacet
  facet normal 0 0 -1
    outer loop
      vertex 13.145898033750315 5.706339097770921 0
      vertex 13.875712112485653 5.893723504372132 0
      vertex 13.695268650969364 3.0256568135191895 0
    endloop
  endfacet
  facet normal 0 0 1
    outer loop
      vertex 13.145898033750315 5.706339097770921 1
      vertex 13.980243918562675 3.1384865037740064 1
      vertex 13.875712112485653 5.893723504372132 1
    endloop
  endfacet
  facet normal 0 0 1
    outer loop
      vertex 14.4 3.8999999999999995 1
      vertex 15.6 3.8999999999999995 1
      vertex 13.875712112485653 5.893723504372132 1
    endloop
  endfacet
  facet normal 0 0 -1
    outer loop
      vertex 14.623256882824121 5.988160370569629 0
      vertex 15.376743117175879 5.988160370569629 0
      vertex 14.886977064847237 1.7964481111708888 0
    endloop
  endfacet
  facet normal 0 0 -1
    outer loop
      vertex 15.376743117175879 5.988160370569629 0
      vertex 16.12428788751435 5.893723504372132 0
      vertex 15.337286366254304 1.7681170513116398 0
    endloop
  endfacet
  facet normal -0.24868988716485513 0.968583161128631 0
    outer loop
      vertex 13.145898033750315 5.706339097770921 0
      vertex 13.145898033750315 5.706339097770921 1
      vertex 13.875712112485653 5.893723504372132 0
    endloop
  endfacet
  facet normal -0.24868988716485513 0.968583161128631 0
    outer loop
      vertex 13.145898033750315 5.706339097770921 1
      vertex 13.875712112485653 5.893723504372132 1
      vertex 13.875712112485653 5.893723504372132 0
    endloop
  endfacet
  facet normal -0.1253332335643035 0.9921147013144779 0
    outer loop
      vertex 13.875712112485653 5.893723504372132 0
      vertex 13.875712112485653 5.893723504372132 1
      vertex 14.623256882824121 5.988160370569629 0
    endloop
  endfacet
  facet normal -0.1253332335643035 0.9921147013144779 0
    outer loop
      vertex 13.875712112485653 5.893723504372132 1
      vertex 14.623256882824121 5.988160370569629 1
      vertex 14.623256882824121 5.988160370569629 0
    endloop
  endfacet
  facet normal 0 0 1
    outer loop
      vertex 13.875712112485653 5.893723504372132 1
      vertex 15.6 3.8999999999999995 1
      vertex 14.623256882824121 5.988160370569629 1
    endloop
  endfacet
  facet normal 0 0 1
    outer loop
      vertex 14.623256882824121 5.988160370569629 1
      vertex 15.6 3.8999999999999995 1
      vertex 15.376743117175879 5.988160370569629 1
    endloop
  endfacet
  facet normal 0 0 1
    outer loop
      vertex 15.6 3.8999999999999995 1
      vertex 16.12428788751435 5.893723504372132 1
      vertex 15.376743117175879 5.988160370569629 1
    endloop
  endfacet
  facet normal 0 1 0
    outer loop
      vertex 14.623256882824121 5.988160370569629 0
      vertex 14.623256882824121 5.988160370569629 1
      vertex 15.376743117175879 5.988160370569629 0
    endloop
  endfacet
  facet normal 0 1 0
    outer loop
      vertex 14.623256882824121 5.988160370569629 1
      vertex 15.376743117175879 5.988160370569629 1
      vertex 15.376743117175879 5.988160370569629 0
    endloop
  endfacet
  facet normal 0.1253332335643032 0.9921147013144779 0
    outer loop
      vertex 15.376743117175879 5.988160370569629 0
      vertex 15.376743117175879 5.988160370569629 1
      vertex 16.12428788751435 5.893723504372132 0
    endloop
  endfacet
  facet normal 0 0 -1
    outer loop
      vertex 16.12428788751435 5.893723504372132 0
      vertex 15.76640272481713 1.628688694438835 0
      vertex 15.556230589874906 1.7119017293312764 0
    endloop
  endfacet
  facet normal 0 0 -1
    outer loop
      vertex 16.12428788751435 5.893723504372132 0
      vertex 15.964488230962194 1.519790265903627 0
      vertex 15.76640272481713 1.628688694438835 0
    endloop
  endfacet
  facet normal 0 0 1
    outer loop
      vertex 16.76822842343069 2.7862821541566496 1
      vertex 17.103499166170675 2.542693701160104 1
      vertex 16.854101966249683 5.706339097770921 1
    endloop
  endfacet
  facet normal 0 0 -1
    outer loop
      vertex 17.10349916617068 -1.7422841196922738 0
      vertex 16.854101966249683 5.706339097770921 0
      vertex 17.554675749390437 5.428962314796117 0
    endloop
  endfacet
  facet normal 0 0 1
    outer loop
      vertex 17.669756081437328 1.9396913325651612 1
      vertex 17.554675749390437 5.428962314796117 1
      vertex 17.405596470490657 2.2590054495646728 1
    endloop
  endfacet
  facet normal 0 0 1
    outer loop
      vertex 17.103499166170675 2.542693701160104 1
      vertex 17.405596470490657 2.2590054495646728 1
      vertex 17.554675749390437 5.428962314796117 1
    endloop
  endfacet
  facet normal 0 0 1
    outer loop
      vertex 15.618358338132891 3.241547927404673 1
      vertex 16.019756081437325 3.1384865037740064 1
      vertex 16.12428788751435 5.893723504372132 1
    endloop
  endfacet
  facet normal 0 0 1
    outer loop
      vertex 16.40507166216474 2.985929273137864 1
      vertex 16.12428788751435 5.893723504372132 1
      vertex 16.019756081437325 3.1384865037740064 1
    endloop
  endfacet
  facet normal 0 0 1
    outer loop
      vertex 16.40507166216474 2.985929273137864 1
      vertex 16.76822842343069 2.7862821541566496 1
      vertex 16.854101966249683 5.706339097770921 1
    endloop
  endfacet
  facet normal 0 0 1
    outer loop
      vertex 15.6 3.2438671248503046 1
      vertex 15.618358338132891 3.241547927404673 1
      vertex 16.12428788751435 5.893723504372132 1
    endloop
  endfacet
  facet normal 0 0 1
    outer loop
      vertex 15.6 3.2438671248503046 1
      vertex 16.12428788751435 5.893723504372132 1
      vertex 15.6 3.8999999999999995 1
    endloop
  endfacet
  facet normal 0 0 -1
    outer loop
      vertex 16.12428788751435 5.893723504372132 0
      vertex 16.854101966249683 5.706339097770921 0
      vertex 15.964488230962194 1.519790265903627 0
    endloop
  endfacet
  facet normal 0 0 1
    outer loop
      vertex 17.89181204414475 1.5897871245356605 1
      vertex 18.21496076987398 5.06596755301209 1
      vertex 17.554675749390437 5.428962314796117 1
    endloop
  endfacet
  facet normal 0 0 1
    outer loop
      vertex 18.9 0.6 1
      vertex 18.824543938492138 4.623079456654735 1
      vertex 18.21496076987398 5.06596755301209 1
    endloop
  endfacet
  facet normal 0.8443279255020154 0.5358267949789961 0
    outer loop
      vertex 20.257840080263183 2.890522044610292 0
      vertex 19.854101966249686 3.526711513754839 0
      vertex 20.257840080263183 2.890522044610292 1
    endloop
  endfacet
  facet normal 0.8443279255020154 0.5358267949789961 0
    outer loop
      vertex 20.257840080263183 2.890522044610292 1
      vertex 19.854101966249686 3.526711513754839 0
      vertex 19.854101966249686 3.526711513754839 1
    endloop
  endfacet
  facet normal 0.7705132427757879 0.6374239897486913 0
    outer loop
      vertex 19.37381176452847 4.107282635572132 0
      vertex 19.854101966249686 3.526711513754839 1
      vertex 19.854101966249686 3.526711513754839 0
    endloop
  endfacet
  facet normal 0.7705132427757879 0.6374239897486913 0
    outer loop
      vertex 19.37381176452847 4.107282635572132 0
      vertex 19.37381176452847 4.107282635572132 1
      vertex 19.854101966249686 3.526711513754839 1
    endloop
  endfacet
  facet normal 0.6845471059286881 0.7289686274214122 0
    outer loop
      vertex 19.37381176452847 4.107282635572132 0
      vertex 18.824543938492138 4.623079456654735 0
      vertex 18.824543938492138 4.623079456654735 1
    endloop
  endfacet
  facet normal 0.6845471059286881 0.7289686274214122 0
    outer loop
      vertex 19.37381176452847 4.107282635572132 0
      vertex 18.824543938492138 4.623079456654735 1
      vertex 19.37381176452847 4.107282635572132 1
    endloop
  endfacet
  facet normal 0 0 1
    outer loop
      vertex 16.40507166216474 2.985929273137864 1
      vertex 16.854101966249683 5.706339097770921 1
      vertex 16.12428788751435 5.893723504372132 1
    endloop
  endfacet
  facet normal 0 0 1
    outer loop
      vertex 17.103499166170675 2.542693701160104 1
      vertex 17.554675749390437 5.428962314796117 1
      vertex 16.854101966249683 5.706339097770921 1
    endloop
  endfacet
  facet normal 0.48175367410171616 0.876306680043863 0
    outer loop
      vertex 17.554675749390437 5.428962314796117 1
      vertex 18.21496076987398 5.06596755301209 1
      vertex 18.21496076987398 5.06596755301209 0
    endloop
  endfacet
  facet normal 0.1253332335643032 0.9921147013144779 0
    outer loop
      vertex 15.376743117175879 5.988160370569629 1
      vertex 16.12428788751435 5.893723504372132 1
      vertex 16.12428788751435 5.893723504372132 0
    endloop
  endfacet
  facet normal 0.2486898871648563 0.9685831611286309 0
    outer loop
      vertex 16.12428788751435 5.893723504372132 0
      vertex 16.12428788751435 5.893723504372132 1
      vertex 16.854101966249683 5.706339097770921 0
    endloop
  endfacet
  facet normal 0.2486898871648563 0.9685831611286309 0
    outer loop
      vertex 16.12428788751435 5.893723504372132 1
      vertex 16.854101966249683 5.706339097770921 1
      vertex 16.854101966249683 5.706339097770921 0
    endloop
  endfacet
  facet normal 0.3681245526846767 0.9297764858882518 0
    outer loop
      vertex 16.854101966249683 5.706339097770921 0
      vertex 16.854101966249683 5.706339097770921 1
      vertex 17.554675749390437 5.428962314796117 0
    endloop
  endfacet
  facet normal 0.3681245526846767 0.9297764858882518 0
    outer loop
      vertex 16.854101966249683 5.706339097770921 1
      vertex 17.554675749390437 5.428962314796117 1
      vertex 17.554675749390437 5.428962314796117 0
    endloop
  endfacet
  facet normal 0.48175367410171616 0.876306680043863 0
    outer loop
      vertex 17.554675749390437 5.428962314796117 0
      vertex 17.554675749390437 5.428962314796117 1
      vertex 18.21496076987398 5.06596755301209 0
    endloop
  endfacet
  facet normal 0.5877852522924731 0.8090169943749475 0
    outer loop
      vertex 18.21496076987398 5.06596755301209 1
      vertex 18.824543938492138 4.623079456654735 1
      vertex 18.824543938492138 4.623079456654735 0
    endloop
  endfacet
  facet normal 0.5877852522924731 0.8090169943749475 0
    outer loop
      vertex 18.21496076987398 5.06596755301209 0
      vertex 18.21496076987398 5.06596755301209 1
      vertex 18.824543938492138 4.623079456654735 0
    endloop
  endfacet
  facet normal 0.48175367410171344 0.8763066800438647 3.764979491178159e-17
    outer loop
      vertex -15.874762352905694 -1.569117484787269 4.178543472885574
      vertex -15.76640272481713 -1.6286886944388352 0
      vertex -15.964488230962194 -1.519790265903627 0
    endloop
  endfacet
  facet normal 0.3681245526847728 0.9297764858882138 0
    outer loop
      vertex -15.764908787698428 -1.6292801859875123 4.075384108669053
      vertex -15.76640272481713 -1.6286886944388352 0
      vertex -15.76640272481713 -1.6286886944388352 4.076787009003276
    endloop
  endfacet
  facet normal 0.4817536741017123 0.8763066800438651 0
    outer loop
      vertex -15.874762352905694 -1.569117484787269 4.178543472885574
      vertex -15.76640272481713 -1.6286886944388352 4.076787009003276
      vertex -15.76640272481713 -1.6286886944388352 0
    endloop
  endfacet
  facet normal 0.4817536741017148 0.8763066800438639 0
    outer loop
      vertex -15.964488230962194 -1.519790265903627 4.2870034279140565
      vertex -15.874762352905694 -1.569117484787269 4.178543472885574
      vertex -15.964488230962194 -1.519790265903627 0
    endloop
  endfacet
  facet normal 0.5877852522924786 0.8090169943749437 0
    outer loop
      vertex -15.970820393249937 -1.5151896807073502 4.294657697249033
      vertex -15.964488230962194 -1.519790265903627 4.2870034279140565
      vertex -15.964488230962194 -1.519790265903627 0
    endloop
  endfacet
  facet normal 0.5877852522924835 0.80901699437494 1.2169172205587578e-17
    outer loop
      vertex -16.051568016052634 -1.4565230987058537 4.421895591077941
      vertex -15.970820393249937 -1.5151896807073502 4.294657697249033
      vertex -15.964488230962194 -1.519790265903627 0
    endloop
  endfacet
  facet normal 0.5877852522924772 0.8090169943749443 1.6835867022992864e-18
    outer loop
      vertex -16.1157317830659 -1.409905393213689 4.558250536778386
      vertex -15.964488230962194 -1.519790265903627 0
      vertex -16.14736318154764 -1.386923836996421 0
    endloop
  endfacet
  facet normal 0.6845471059286873 0.7289686274214128 1.2048509683465633e-16
    outer loop
      vertex -16.2 -1.3374945743622886 5
      vertex -16.14736318154764 -1.386923836996421 0
      vertex -16.31214352935854 -1.2321847906716394 0
    endloop
  endfacet
  facet normal 0.5877852522924776 0.8090169943749443 0
    outer loop
      vertex -16.14736318154764 -1.386923836996421 4.655601971143467
      vertex -16.1157317830659 -1.409905393213689 4.558250536778386
      vertex -16.14736318154764 -1.386923836996421 0
    endloop
  endfacet
  facet normal 0.6845471059286432 0.7289686274214543 0
    outer loop
      vertex -16.14736318154764 -1.386923836996421 4.655601971143467
      vertex -16.14736318154764 -1.386923836996421 0
      vertex -16.162299793354357 -1.3728974248847832 4.7015721354021744
    endloop
  endfacet
  facet normal 0.587785252292469 0.8090169943749503 -4.233208593887329e-16
    outer loop
      vertex -16.1157317830659 -1.409905393213689 4.558250536778386
      vertex -16.051568016052634 -1.4565230987058537 4.421895591077941
      vertex -15.964488230962194 -1.519790265903627 0
    endloop
  endfacet
  facet normal 0.6845471059287136 0.7289686274213881 4.201434213533364e-16
    outer loop
      vertex -16.19053764157737 -1.3463803203735836 4.849600119722835
      vertex -16.162299793354357 -1.3728974248847832 4.7015721354021744
      vertex -16.14736318154764 -1.386923836996421 0
    endloop
  endfacet
  facet normal 0.6845471059286415 0.728968627421456 -7.874359384105796e-16
    outer loop
      vertex -16.19053764157737 -1.3463803203735836 4.849600119722835
      vertex -16.14736318154764 -1.386923836996421 0
      vertex -16.2 -1.3374945743622886 5
    endloop
  endfacet
  facet normal 0.24868988716485402 0.9685831611286313 -4.41135844558679e-18
    outer loop
      vertex -15.510935149878087 -1.7235316216461143 3.9142075370407765
      vertex -15.337286366254304 -1.7681170513116395 0
      vertex -15.556230589874906 -1.7119017293312764 0
    endloop
  endfacet
  facet normal 0.12533323356430506 0.9921147013144778 2.585680512815215e-17
    outer loop
      vertex -15.22485757750287 -1.7823201103140571 3.821255299125574
      vertex -15.113022935152765 -1.7964481111708888 0
      vertex -15.337286366254304 -1.7681170513116395 0
    endloop
  endfacet
  facet normal 0.24868988716485363 0.9685831611286313 0
    outer loop
      vertex -15.556230589874906 -1.7119017293312764 3.9391089159021457
      vertex -15.510935149878087 -1.7235316216461143 3.9142075370407765
      vertex -15.556230589874906 -1.7119017293312764 0
    endloop
  endfacet
  facet normal 0.36812455268468197 0.9297764858882497 0
    outer loop
      vertex -15.642992153974795 -1.6775503960170308 3.9868064893975816
      vertex -15.556230589874906 -1.7119017293312764 3.9391089159021457
      vertex -15.556230589874906 -1.7119017293312764 0
    endloop
  endfacet
  facet normal 0 1 0
    outer loop
      vertex -15.113022935152765 -1.7964481111708888 3.807127298268742
      vertex -15.075348623435177 -1.7964481111708888 3.802367925886074
      vertex -15.113022935152765 -1.7964481111708888 0
    endloop
  endfacet
  facet normal 0.1253332335643042 0.9921147013144779 0
    outer loop
      vertex -15.22485757750287 -1.7823201103140571 3.821255299125574
      vertex -15.113022935152765 -1.7964481111708888 3.807127298268742
      vertex -15.113022935152765 -1.7964481111708888 0
    endloop
  endfacet
  facet normal 0.24868988716484478 0.9685831611286339 0
    outer loop
      vertex -15.370820393249938 -1.759506976591768 3.858732180445816
      vertex -15.337286366254304 -1.7681170513116395 3.8501221057259443
      vertex -15.337286366254304 -1.7681170513116395 0
    endloop
  endfacet
  facet normal 0.2486898871648564 0.9685831611286307 1.075857227010053e-16
    outer loop
      vertex -15.510935149878087 -1.7235316216461143 3.9142075370407765
      vertex -15.370820393249938 -1.759506976591768 3.858732180445816
      vertex -15.337286366254304 -1.7681170513116395 0
    endloop
  endfacet
  facet normal 0.12533323356430595 0.9921147013144777 0
    outer loop
      vertex -15.337286366254304 -1.7681170513116395 3.8501221057259443
      vertex -15.22485757750287 -1.7823201103140571 3.821255299125574
      vertex -15.337286366254304 -1.7681170513116395 0
    endloop
  endfacet
  facet normal 0.3681245526846787 0.929776485888251 3.989742311798136e-17
    outer loop
      vertex -15.764908787698428 -1.6292801859875123 4.075384108669053
      vertex -15.556230589874906 -1.7119017293312764 0
      vertex -15.76640272481713 -1.6286886944388352 0
    endloop
  endfacet
  facet normal 0.3681245526846753 0.9297764858882526 -1.719540572938293e-16
    outer loop
      vertex -15.764908787698428 -1.6292801859875123 4.075384108669053
      vertex -15.642992153974795 -1.6775503960170308 3.9868064893975816
      vertex -15.556230589874906 -1.7119017293312764 0
    endloop
  endfacet
  facet normal 0 1 0
    outer loop
      vertex -15.075348623435177 -1.7964481111708888 3.802367925886074
      vertex -14.886977064847235 -1.7964481111708888 0
      vertex -15.113022935152765 -1.7964481111708888 0
    endloop
  endfacet
  facet normal -0.12533323356430506 0.9921147013144777 0
    outer loop
      vertex -14.886977064847235 -1.7964481111708888 3.807127298268742
      vertex -14.662713633745696 -1.7681170513116395 0
      vertex -14.886977064847235 -1.7964481111708888 0
    endloop
  endfacet
  facet normal -0.24868988716485238 0.9685831611286316 0
    outer loop
      vertex -14.662713633745696 -1.7681170513116395 3.8501221057259443
      vertex -14.62325688282412 -1.7579862795530796 0
      vertex -14.662713633745696 -1.7681170513116395 0
    endloop
  endfacet
  facet normal -0.248689887164854 0.9685831611286314 6.840888207393421e-17
    outer loop
      vertex -14.629179606750062 -1.759506976591768 3.858732180445816
      vertex -14.449408164027847 -1.7133495152603566 0
      vertex -14.62325688282412 -1.7579862795530796 0
    endloop
  endfacet
  facet normal -0.2486898871648677 0.9685831611286277 -1.7366530468481078e-16
    outer loop
      vertex -14.489064850121913 -1.7235316216461143 3.9142075370407765
      vertex -14.443769410125094 -1.7119017293312764 0
      vertex -14.449408164027847 -1.7133495152603566 0
    endloop
  endfacet
  facet normal 0 1 0
    outer loop
      vertex -15.075348623435177 -1.7964481111708888 3.802367925886074
      vertex -14.924651376564823 -1.7964481111708888 3.802367925886074
      vertex -14.886977064847235 -1.7964481111708888 0
    endloop
  endfacet
  facet normal 0 1 0
    outer loop
      vertex -14.924651376564823 -1.7964481111708888 3.802367925886074
      vertex -14.886977064847235 -1.7964481111708888 3.807127298268742
      vertex -14.886977064847235 -1.7964481111708888 0
    endloop
  endfacet
  facet normal -0.12533323356430423 0.9921147013144779 5.115742786953489e-17
    outer loop
      vertex -14.886977064847235 -1.7964481111708888 3.807127298268742
      vertex -14.77514242249713 -1.7823201103140571 3.821255299125574
      vertex -14.662713633745696 -1.7681170513116395 0
    endloop
  endfacet
  facet normal -0.12533323356430595 0.9921147013144777 0
    outer loop
      vertex -14.77514242249713 -1.7823201103140571 3.821255299125574
      vertex -14.662713633745696 -1.7681170513116395 3.8501221057259443
      vertex -14.662713633745696 -1.7681170513116395 0
    endloop
  endfacet
  facet normal -0.2486898871648448 0.9685831611286336 8.355702089279749e-17
    outer loop
      vertex -14.662713633745696 -1.7681170513116395 3.8501221057259443
      vertex -14.629179606750062 -1.759506976591768 3.858732180445816
      vertex -14.62325688282412 -1.7579862795530796 0
    endloop
  endfacet
  facet normal -0.24868988716485632 0.9685831611286306 -5.03482956296476e-17
    outer loop
      vertex -14.629179606750062 -1.759506976591768 3.858732180445816
      vertex -14.489064850121913 -1.7235316216461143 3.9142075370407765
      vertex -14.449408164027847 -1.7133495152603566 0
    endloop
  endfacet
  facet normal -0.24868988716485363 0.9685831611286313 0
    outer loop
      vertex -14.489064850121913 -1.7235316216461143 3.9142075370407765
      vertex -14.443769410125094 -1.7119017293312764 3.9391089159021457
      vertex -14.443769410125094 -1.7119017293312764 0
    endloop
  endfacet
  facet normal -0.36812455268467875 0.9297764858882511 0
    outer loop
      vertex -14.443769410125094 -1.7119017293312764 3.9391089159021457
      vertex -14.23359727518287 -1.6286886944388352 0
      vertex -14.443769410125094 -1.7119017293312764 0
    endloop
  endfacet
  facet normal -0.48175367410171527 0.8763066800438636 0
    outer loop
      vertex -14.23359727518287 -1.6286886944388352 4.076787009003276
      vertex -14.035511769037807 -1.5197902659036275 0
      vertex -14.23359727518287 -1.6286886944388352 0
    endloop
  endfacet
  facet normal -0.3681245526846799 0.9297764858882507 -6.877318098920633e-17
    outer loop
      vertex -14.443769410125094 -1.7119017293312764 3.9391089159021457
      vertex -14.357007846025205 -1.677550396017031 3.9868064893975816
      vertex -14.23359727518287 -1.6286886944388352 0
    endloop
  endfacet
  facet normal -0.36812455268467825 0.9297764858882515 -9.736052504842601e-18
    outer loop
      vertex -14.357007846025205 -1.677550396017031 3.9868064893975816
      vertex -14.235091212301572 -1.6292801859875121 4.075384108669053
      vertex -14.23359727518287 -1.6286886944388352 0
    endloop
  endfacet
  facet normal -0.3681245526846533 0.9297764858882611 0
    outer loop
      vertex -14.235091212301572 -1.6292801859875121 4.075384108669053
      vertex -14.23359727518287 -1.6286886944388352 4.076787009003276
      vertex -14.23359727518287 -1.6286886944388352 0
    endloop
  endfacet
  facet normal -0.4817536741017125 0.8763066800438651 1.7771230661725467e-16
    outer loop
      vertex -14.23359727518287 -1.6286886944388352 4.076787009003276
      vertex -14.125237647094306 -1.569117484787269 4.178543472885574
      vertex -14.035511769037807 -1.5197902659036275 0
    endloop
  endfacet
  facet normal -0.48175367410171877 0.8763066800438617 0
    outer loop
      vertex -14.125237647094306 -1.569117484787269 4.178543472885574
      vertex -14.035511769037807 -1.5197902659036275 4.287003427914056
      vertex -14.035511769037807 -1.5197902659036275 0
    endloop
  endfacet
  facet normal -0.5877852522924731 0.8090169943749475 0
    outer loop
      vertex -14.035511769037807 -1.5197902659036275 4.287003427914056
      vertex -13.852636818452359 -1.3869238369964203 0
      vertex -14.035511769037807 -1.5197902659036275 0
    endloop
  endfacet
  facet normal -0.6845471059286856 0.7289686274214142 0
    outer loop
      vertex -13.852636818452359 -1.3869238369964203 4.6556019711434695
      vertex -13.687856470641458 -1.2321847906716394 0
      vertex -13.852636818452359 -1.3869238369964203 0
    endloop
  endfacet
  facet normal -0.5877852522924285 0.8090169943749799 2.9068137597362965e-15
    outer loop
      vertex -14.035511769037807 -1.5197902659036275 4.287003427914056
      vertex -14.029179606750063 -1.51518968070735 4.294657697249033
      vertex -13.852636818452359 -1.3869238369964203 0
    endloop
  endfacet
  facet normal -0.5877852522924736 0.8090169943749471 7.601542112252004e-17
    outer loop
      vertex -14.029179606750063 -1.51518968070735 4.294657697249033
      vertex -13.948431983947364 -1.4565230987058537 4.421895591077941
      vertex -13.852636818452359 -1.3869238369964203 0
    endloop
  endfacet
  facet normal -0.5877852522924699 0.8090169943749498 1.9860556125372113e-16
    outer loop
      vertex -13.948431983947364 -1.4565230987058537 4.421895591077941
      vertex -13.884268216934098 -1.409905393213689 4.558250536778386
      vertex -13.852636818452359 -1.3869238369964203 0
    endloop
  endfacet
  facet normal -0.5877852522924887 0.8090169943749362 0
    outer loop
      vertex -13.884268216934098 -1.409905393213689 4.558250536778386
      vertex -13.852636818452359 -1.3869238369964203 4.6556019711434695
      vertex -13.852636818452359 -1.3869238369964203 0
    endloop
  endfacet
  facet normal -0.684547105928676 0.7289686274214235 6.477441911958303e-16
    outer loop
      vertex -13.852636818452359 -1.3869238369964203 4.6556019711434695
      vertex -13.837700206645643 -1.372897424884783 4.7015721354021744
      vertex -13.687856470641458 -1.2321847906716394 0
    endloop
  endfacet
  facet normal -0.6845471059286865 0.7289686274214136 2.0403570388938268e-17
    outer loop
      vertex -13.837700206645643 -1.372897424884783 4.7015721354021744
      vertex -13.809462358422627 -1.3463803203735836 4.849600119722835
      vertex -13.687856470641458 -1.2321847906716394 0
    endloop
  endfacet
  facet normal -0.6845471059287079 0.7289686274213935 -9.950460340759165e-16
    outer loop
      vertex -13.809462358422627 -1.3463803203735836 4.849600119722835
      vertex -13.8 -1.3374945743622886 5
      vertex -13.687856470641458 -1.2321847906716394 0
    endloop
  endfacet
  facet normal 0.36812455268477284 0.9297764858882138 0
    outer loop
      vertex -15.764908787698428 -1.6292801859875123 5.924615891330947
      vertex -15.76640272481713 -1.6286886944388352 5.923212990996724
      vertex -15.76640272481713 -1.6286886944388352 90.5
    endloop
  endfacet
  facet normal 0.4817536741017148 0.8763066800438639 0
    outer loop
      vertex -15.964488230962194 -1.519790265903627 5.7129965720859435
      vertex -15.964488230962194 -1.519790265903627 90.5
      vertex -15.874762352905694 -1.569117484787269 5.821456527114426
    endloop
  endfacet
  facet normal 0.48175367410171227 0.8763066800438652 -3.392871645510299e-18
    outer loop
      vertex -15.874762352905694 -1.569117484787269 5.821456527114426
      vertex -15.964488230962194 -1.519790265903627 90.5
      vertex -15.76640272481713 -1.6286886944388352 5.923212990996724
    endloop
  endfacet
  facet normal 0.7705132427757859 0.6374239897486937 0
    outer loop
      vertex -16.456230589874906 -1.0580134541264516 90.5
      vertex -16.31214352935854 -1.2321847906716394 0
      vertex -16.456230589874906 -1.0580134541264516 0
    endloop
  endfacet
  facet normal 0.8443279255020147 0.5358267949789974 0
    outer loop
      vertex -16.577352024078955 -0.8671566133830877 90.5
      vertex -16.456230589874906 -1.0580134541264516 0
      vertex -16.577352024078955 -0.8671566133830877 0
    endloop
  endfacet
  facet normal 0.5877852522924695 0.80901699437495 -4.52863841948047e-18
    outer loop
      vertex -16.1157317830659 -1.409905393213689 5.441749463221614
      vertex -16.14736318154764 -1.386923836996421 90.5
      vertex -16.051568016052634 -1.4565230987058537 5.578104408922059
    endloop
  endfacet
  facet normal 0.5877852522924775 0.8090169943749443 0
    outer loop
      vertex -16.14736318154764 -1.386923836996421 5.344398028856533
      vertex -16.14736318154764 -1.386923836996421 90.5
      vertex -16.1157317830659 -1.409905393213689 5.441749463221614
    endloop
  endfacet
  facet normal 0.6845471059286434 0.728968627421454 -1.5961273738825506e-16
    outer loop
      vertex -16.14736318154764 -1.386923836996421 5.344398028856533
      vertex -16.162299793354357 -1.3728974248847832 5.2984278645978256
      vertex -16.31214352935854 -1.2321847906716394 90.5
    endloop
  endfacet
  facet normal 0.6845471059287123 0.7289686274213895 6.783471777830406e-17
    outer loop
      vertex -16.19053764157737 -1.3463803203735836 5.150399880277165
      vertex -16.31214352935854 -1.2321847906716394 90.5
      vertex -16.162299793354357 -1.3728974248847832 5.2984278645978256
    endloop
  endfacet
  facet normal 0.5877852522924784 0.8090169943749436 3.4219610661756148e-18
    outer loop
      vertex -15.970820393249937 -1.5151896807073502 5.705342302750967
      vertex -16.14736318154764 -1.386923836996421 90.5
      vertex -15.964488230962194 -1.519790265903627 5.7129965720859435
    endloop
  endfacet
  facet normal 0.5877852522924835 0.8090169943749401 1.920414841406283e-17
    outer loop
      vertex -16.051568016052634 -1.4565230987058537 5.578104408922059
      vertex -16.14736318154764 -1.386923836996421 90.5
      vertex -15.970820393249937 -1.5151896807073502 5.705342302750967
    endloop
  endfacet
  facet normal 0.6845471059286902 0.7289686274214101 0
    outer loop
      vertex -16.2 -1.3374945743622886 5
      vertex -16.31214352935854 -1.2321847906716394 0
      vertex -16.31214352935854 -1.2321847906716394 90.5
    endloop
  endfacet
  facet normal 0.684547105928649 0.7289686274214489 -1.0162889504621886e-16
    outer loop
      vertex -16.2 -1.3374945743622886 5
      vertex -16.31214352935854 -1.2321847906716394 90.5
      vertex -16.19053764157737 -1.3463803203735836 5.150399880277165
    endloop
  endfacet
  facet normal 0.9048270524660212 0.4257792915650689 0
    outer loop
      vertex -16.673597674598852 -0.6626241948324202 90.5
      vertex -16.577352024078955 -0.8671566133830877 0
      vertex -16.673597674598852 -0.6626241948324202 0
    endloop
  endfacet
  facet normal 0.9510565162951533 0.30901699437494823 0
    outer loop
      vertex -16.743449690031536 -0.4476417968967387 90.5
      vertex -16.673597674598852 -0.6626241948324202 0
      vertex -16.743449690031536 -0.4476417968967387 0
    endloop
  endfacet
  facet normal 0.9822872507286879 0.18738131458572846 0
    outer loop
      vertex -16.78580646236606 -0.22559982041574733 90.5
      vertex -16.743449690031536 -0.4476417968967387 0
      vertex -16.78580646236606 -0.22559982041574733 0
    endloop
  endfacet
  facet normal 0.9980267284282716 0.06279051952931262 0
    outer loop
      vertex -16.8 0 90.5
      vertex -16.78580646236606 -0.22559982041574733 0
      vertex -16.8 0 0
    endloop
  endfacet
  facet normal 0.24868988716485638 0.9685831611286306 1.5445599009248968e-18
    outer loop
      vertex -15.510935149878087 -1.7235316216461143 6.0857924629592235
      vertex -15.556230589874906 -1.7119017293312764 90.5
      vertex -15.370820393249938 -1.759506976591768 6.141267819554184
    endloop
  endfacet
  facet normal 0.24868988716485366 0.9685831611286314 0
    outer loop
      vertex -15.556230589874906 -1.7119017293312764 6.060891084097855
      vertex -15.556230589874906 -1.7119017293312764 90.5
      vertex -15.510935149878087 -1.7235316216461143 6.0857924629592235
    endloop
  endfacet
  facet normal 0.12533323356430617 0.9921147013144775 2.9424243195902006e-18
    outer loop
      vertex -15.224857577502869 -1.7823201103140571 6.178744700874427
      vertex -15.337286366254304 -1.7681170513116395 90.5
      vertex -15.113022935152765 -1.7964481111708888 6.192872701731258
    endloop
  endfacet
  facet normal 0 1 0
    outer loop
      vertex -15.113022935152765 -1.7964481111708888 6.192872701731258
      vertex -15.113022935152765 -1.7964481111708888 90.5
      vertex -15.075348623435175 -1.7964481111708888 6.197632074113926
    endloop
  endfacet
  facet normal 0.24868988716484478 0.9685831611286337 -2.5599737561932922e-17
    outer loop
      vertex -15.370820393249938 -1.759506976591768 6.141267819554184
      vertex -15.556230589874906 -1.7119017293312764 90.5
      vertex -15.337286366254304 -1.7681170513116395 6.149877894274056
    endloop
  endfacet
  facet normal 0.125333233564304 0.9921147013144779 0
    outer loop
      vertex -15.337286366254304 -1.7681170513116395 6.149877894274056
      vertex -15.337286366254304 -1.7681170513116395 90.5
      vertex -15.224857577502869 -1.7823201103140571 6.178744700874427
    endloop
  endfacet
  facet normal 0.3681245526846753 0.9297764858882525 -1.991929365381249e-18
    outer loop
      vertex -15.764908787698428 -1.6292801859875123 5.924615891330947
      vertex -15.76640272481713 -1.6286886944388352 90.5
      vertex -15.642992153974795 -1.6775503960170308 6.013193510602418
    endloop
  endfacet
  facet normal 0.3681245526846819 0.9297764858882498 9.124141921884753e-18
    outer loop
      vertex -15.642992153974795 -1.6775503960170308 6.013193510602418
      vertex -15.76640272481713 -1.6286886944388352 90.5
      vertex -15.556230589874906 -1.7119017293312764 6.060891084097855
    endloop
  endfacet
  facet normal 0 1 0
    outer loop
      vertex -15.075348623435175 -1.7964481111708888 6.197632074113926
      vertex -15.113022935152765 -1.7964481111708888 90.5
      vertex -14.924651376564825 -1.7964481111708888 6.197632074113926
    endloop
  endfacet
  facet normal 0 1 0
    outer loop
      vertex -14.924651376564825 -1.7964481111708888 6.197632074113926
      vertex -14.886977064847235 -1.7964481111708888 90.5
      vertex -14.886977064847235 -1.7964481111708888 6.192872701731258
    endloop
  endfacet
  facet normal -0.12533323356430617 0.9921147013144777 0
    outer loop
      vertex -14.886977064847235 -1.7964481111708888 6.192872701731258
      vertex -14.886977064847235 -1.7964481111708888 90.5
      vertex -14.775142422497131 -1.7823201103140571 6.178744700874427
    endloop
  endfacet
  facet normal -0.125333233564304 0.9921147013144779 0
    outer loop
      vertex -14.775142422497131 -1.7823201103140571 6.178744700874427
      vertex -14.662713633745696 -1.7681170513116395 90.5
      vertex -14.662713633745696 -1.7681170513116395 6.149877894274056
    endloop
  endfacet
  facet normal -0.24868988716484478 0.9685831611286337 0
    outer loop
      vertex -14.662713633745696 -1.7681170513116395 6.149877894274056
      vertex -14.662713633745696 -1.7681170513116395 90.5
      vertex -14.629179606750062 -1.759506976591768 6.141267819554184
    endloop
  endfacet
  facet normal -0.24868988716485638 0.9685831611286307 -4.9227909062926e-18
    outer loop
      vertex -14.629179606750062 -1.759506976591768 6.141267819554184
      vertex -14.662713633745696 -1.7681170513116395 90.5
      vertex -14.489064850121913 -1.7235316216461143 6.0857924629592235
    endloop
  endfacet
  facet normal -0.24868988716485368 0.9685831611286314 0
    outer loop
      vertex -14.489064850121913 -1.7235316216461143 6.0857924629592235
      vertex -14.443769410125094 -1.7119017293312764 90.5
      vertex -14.443769410125094 -1.7119017293312764 6.060891084097855
    endloop
  endfacet
  facet normal -0.3681245526846819 0.9297764858882498 0
    outer loop
      vertex -14.443769410125094 -1.7119017293312764 6.060891084097855
      vertex -14.443769410125094 -1.7119017293312764 90.5
      vertex -14.357007846025205 -1.6775503960170308 6.013193510602418
    endloop
  endfacet
  facet normal -0.3681245526846753 0.9297764858882523 7.835218487826875e-18
    outer loop
      vertex -14.357007846025205 -1.6775503960170308 6.013193510602418
      vertex -14.443769410125094 -1.7119017293312764 90.5
      vertex -14.235091212301572 -1.6292801859875123 5.924615891330947
    endloop
  endfacet
  facet normal -0.36812455268477284 0.9297764858882138 0
    outer loop
      vertex -14.235091212301572 -1.6292801859875123 5.924615891330947
      vertex -14.23359727518287 -1.6286886944388352 90.5
      vertex -14.23359727518287 -1.6286886944388352 5.923212990996724
    endloop
  endfacet
  facet normal -0.48175367410171094 0.876306680043866 0
    outer loop
      vertex -14.23359727518287 -1.6286886944388352 5.923212990996724
      vertex -14.23359727518287 -1.6286886944388352 90.5
      vertex -14.125237647094306 -1.5691174847872693 5.821456527114426
    endloop
  endfacet
  facet normal -0.5877852522924262 0.8090169943749815 0
    outer loop
      vertex -14.035511769037807 -1.5197902659036275 5.712996572085944
      vertex -14.035511769037807 -1.5197902659036275 90.5
      vertex -14.029179606750063 -1.51518968070735 5.705342302750967
    endloop
  endfacet
  facet normal -0.5877852522924735 0.8090169943749471 -5.3938999128698834e-18
    outer loop
      vertex -14.029179606750063 -1.51518968070735 5.705342302750967
      vertex -14.035511769037807 -1.5197902659036275 90.5
      vertex -13.948431983947364 -1.4565230987058537 5.578104408922059
    endloop
  endfacet
  facet normal -0.48175367410172043 0.8763066800438608 0
    outer loop
      vertex -14.125237647094306 -1.5691174847872693 5.821456527114426
      vertex -14.035511769037807 -1.5197902659036275 90.5
      vertex -14.035511769037807 -1.5197902659036275 5.712996572085944
    endloop
  endfacet
  facet normal -0.7705132427757898 0.6374239897486891 0
    outer loop
      vertex -13.687856470641458 -1.2321847906716394 90.5
      vertex -13.543769410125094 -1.0580134541264516 0
      vertex -13.687856470641458 -1.2321847906716394 0
    endloop
  endfacet
  facet normal -0.8443279255020147 0.5358267949789974 0
    outer loop
      vertex -13.543769410125094 -1.0580134541264516 90.5
      vertex -13.422647975921045 -0.8671566133830877 0
      vertex -13.543769410125094 -1.0580134541264516 0
    endloop
  endfacet
  facet normal -0.9048270524660206 0.42577929156507044 0
    outer loop
      vertex -13.422647975921045 -0.8671566133830877 90.5
      vertex -13.326402325401148 -0.6626241948324211 0
      vertex -13.422647975921045 -0.8671566133830877 0
    endloop
  endfacet
  facet normal -0.5877852522924695 0.80901699437495 7.743673428545686e-19
    outer loop
      vertex -13.948431983947364 -1.4565230987058537 5.578104408922059
      vertex -14.035511769037807 -1.5197902659036275 90.5
      vertex -13.884268216934098 -1.409905393213689 5.441749463221614
    endloop
  endfacet
  facet normal -0.6845471059287166 0.7289686274213851 -3.255653281617158e-17
    outer loop
      vertex -13.809462358422627 -1.3463803203735836 5.150399880277165
      vertex -13.852636818452359 -1.3869238369964203 90.5
      vertex -13.8 -1.3374945743622886 5
    endloop
  endfacet
  facet normal -0.5877852522924886 0.8090169943749361 0
    outer loop
      vertex -13.852636818452359 -1.3869238369964203 5.3443980288565305
      vertex -13.884268216934098 -1.409905393213689 5.441749463221614
      vertex -13.852636818452359 -1.3869238369964203 90.5
    endloop
  endfacet
  facet normal -0.684547105928675 0.7289686274214244 0
    outer loop
      vertex -13.852636818452359 -1.3869238369964203 5.3443980288565305
      vertex -13.852636818452359 -1.3869238369964203 90.5
      vertex -13.837700206645643 -1.372897424884783 5.2984278645978256
    endloop
  endfacet
  facet normal -0.6845471059286864 0.7289686274214137 -3.797704670089528e-18
    outer loop
      vertex -13.837700206645643 -1.372897424884783 5.2984278645978256
      vertex -13.852636818452359 -1.3869238369964203 90.5
      vertex -13.809462358422627 -1.3463803203735836 5.150399880277165
    endloop
  endfacet
  facet normal -0.6845471059286844 0.7289686274214155 0
    outer loop
      vertex -13.8 -1.3374945743622886 5
      vertex -13.687856470641458 -1.2321847906716394 90.5
      vertex -13.687856470641458 -1.2321847906716394 0
    endloop
  endfacet
  facet normal -0.9510565162951541 0.3090169943749461 0
    outer loop
      vertex -13.326402325401148 -0.6626241948324211 90.5
      vertex -13.256550309968464 -0.447641796896738 0
      vertex -13.326402325401148 -0.6626241948324211 0
    endloop
  endfacet
  facet normal -0.9822872507286878 0.1873813145857291 0
    outer loop
      vertex -13.256550309968464 -0.447641796896738 90.5
      vertex -13.214193537633939 -0.22559982041574733 0
      vertex -13.256550309968464 -0.447641796896738 0
    endloop
  endfacet
  facet normal -0.9980267284282716 0.06279051952931262 0
    outer loop
      vertex -13.214193537633939 -0.22559982041574733 90.5
      vertex -13.2 0 0
      vertex -13.214193537633939 -0.22559982041574733 0
    endloop
  endfacet
  facet normal 0.48175367410171344 0.8763066800438646 0
    outer loop
      vertex -15.76640272481713 -1.6286886944388352 5.923212990996724
      vertex -15.964488230962194 -1.519790265903627 90.5
      vertex -15.76640272481713 -1.6286886944388352 90.5
    endloop
  endfacet
  facet normal 0.6845471059286873 0.7289686274214129 0
    outer loop
      vertex -16.14736318154764 -1.386923836996421 5.344398028856533
      vertex -16.31214352935854 -1.2321847906716394 90.5
      vertex -16.14736318154764 -1.386923836996421 90.5
    endloop
  endfacet
  facet normal 0.5877852522924775 0.8090169943749445 0
    outer loop
      vertex -15.964488230962194 -1.519790265903627 5.7129965720859435
      vertex -16.14736318154764 -1.386923836996421 90.5
      vertex -15.964488230962194 -1.519790265903627 90.5
    endloop
  endfacet
  facet normal 0.7705132427757859 0.6374239897486937 0
    outer loop
      vertex -16.456230589874906 -1.0580134541264516 90.5
      vertex -16.31214352935854 -1.2321847906716394 90.5
      vertex -16.31214352935854 -1.2321847906716394 0
    endloop
  endfacet
  facet normal 0.8443279255020147 0.5358267949789974 0
    outer loop
      vertex -16.456230589874906 -1.0580134541264516 90.5
      vertex -16.456230589874906 -1.0580134541264516 0
      vertex -16.577352024078955 -0.8671566133830877 90.5
    endloop
  endfacet
  facet normal 0.9048270524660212 0.4257792915650689 0
    outer loop
      vertex -16.673597674598852 -0.6626241948324202 90.5
      vertex -16.577352024078955 -0.8671566133830877 90.5
      vertex -16.577352024078955 -0.8671566133830877 0
    endloop
  endfacet
  facet normal 0.9510565162951533 0.30901699437494823 0
    outer loop
      vertex -16.673597674598852 -0.6626241948324202 90.5
      vertex -16.673597674598852 -0.6626241948324202 0
      vertex -16.743449690031536 -0.4476417968967387 90.5
    endloop
  endfacet
  facet normal 0.9822872507286879 0.18738131458572846 0
    outer loop
      vertex -16.78580646236606 -0.22559982041574733 90.5
      vertex -16.743449690031536 -0.4476417968967387 90.5
      vertex -16.743449690031536 -0.4476417968967387 0
    endloop
  endfacet
  facet normal 0.9980267284282716 0.06279051952931262 0
    outer loop
      vertex -16.78580646236606 -0.22559982041574733 90.5
      vertex -16.78580646236606 -0.22559982041574733 0
      vertex -16.8 0 90.5
    endloop
  endfacet
  facet normal 0.12533323356430506 0.9921147013144777 0
    outer loop
      vertex -15.113022935152765 -1.7964481111708888 6.192872701731258
      vertex -15.337286366254304 -1.7681170513116395 90.5
      vertex -15.113022935152765 -1.7964481111708888 90.5
    endloop
  endfacet
  facet normal 0.24868988716485407 0.9685831611286314 0
    outer loop
      vertex -15.337286366254304 -1.7681170513116395 6.149877894274056
      vertex -15.556230589874906 -1.7119017293312764 90.5
      vertex -15.337286366254304 -1.7681170513116395 90.5
    endloop
  endfacet
  facet normal 0.3681245526846788 0.9297764858882511 0
    outer loop
      vertex -15.556230589874906 -1.7119017293312764 6.060891084097855
      vertex -15.76640272481713 -1.6286886944388352 90.5
      vertex -15.556230589874906 -1.7119017293312764 90.5
    endloop
  endfacet
  facet normal 0 1 0
    outer loop
      vertex -15.113022935152765 -1.7964481111708888 90.5
      vertex -14.886977064847235 -1.7964481111708888 90.5
      vertex -14.924651376564825 -1.7964481111708888 6.197632074113926
    endloop
  endfacet
  facet normal -0.12533323356430506 0.9921147013144777 1.4675615969093036e-18
    outer loop
      vertex -14.775142422497131 -1.7823201103140571 6.178744700874427
      vertex -14.886977064847235 -1.7964481111708888 90.5
      vertex -14.662713633745696 -1.7681170513116395 90.5
    endloop
  endfacet
  facet normal -0.24868988716485402 0.9685831611286313 2.045505487773203e-19
    outer loop
      vertex -14.489064850121913 -1.7235316216461143 6.0857924629592235
      vertex -14.662713633745696 -1.7681170513116395 90.5
      vertex -14.443769410125094 -1.7119017293312764 90.5
    endloop
  endfacet
  facet normal -0.36812455268467875 0.9297764858882511 -1.9225135760890994e-18
    outer loop
      vertex -14.235091212301572 -1.6292801859875123 5.924615891330947
      vertex -14.443769410125094 -1.7119017293312764 90.5
      vertex -14.23359727518287 -1.6286886944388352 90.5
    endloop
  endfacet
  facet normal -0.48175367410171516 0.8763066800438636 -7.159577436073266e-18
    outer loop
      vertex -14.125237647094306 -1.5691174847872693 5.821456527114426
      vertex -14.23359727518287 -1.6286886944388352 90.5
      vertex -14.035511769037807 -1.5197902659036275 90.5
    endloop
  endfacet
  facet normal -0.5877852522924731 0.8090169943749476 -8.84185336780151e-18
    outer loop
      vertex -13.884268216934098 -1.409905393213689 5.441749463221614
      vertex -14.035511769037807 -1.5197902659036275 90.5
      vertex -13.852636818452359 -1.3869238369964203 90.5
    endloop
  endfacet
  facet normal -0.6845471059286857 0.7289686274214143 3.3210031533372763e-18
    outer loop
      vertex -13.8 -1.3374945743622886 5
      vertex -13.852636818452359 -1.3869238369964203 90.5
      vertex -13.687856470641458 -1.2321847906716394 90.5
    endloop
  endfacet
  facet normal -0.7705132427757898 0.6374239897486891 0
    outer loop
      vertex -13.687856470641458 -1.2321847906716394 90.5
      vertex -13.543769410125094 -1.0580134541264516 90.5
      vertex -13.543769410125094 -1.0580134541264516 0
    endloop
  endfacet
  facet normal -0.8443279255020147 0.5358267949789974 0
    outer loop
      vertex -13.543769410125094 -1.0580134541264516 90.5
      vertex -13.422647975921045 -0.8671566133830877 90.5
      vertex -13.422647975921045 -0.8671566133830877 0
    endloop
  endfacet
  facet normal -0.9048270524660206 0.42577929156507044 0
    outer loop
      vertex -13.422647975921045 -0.8671566133830877 90.5
      vertex -13.326402325401148 -0.6626241948324211 90.5
      vertex -13.326402325401148 -0.6626241948324211 0
    endloop
  endfacet
  facet normal -0.9510565162951541 0.3090169943749461 0
    outer loop
      vertex -13.326402325401148 -0.6626241948324211 90.5
      vertex -13.256550309968464 -0.447641796896738 90.5
      vertex -13.256550309968464 -0.447641796896738 0
    endloop
  endfacet
  facet normal -0.9822872507286878 0.1873813145857291 0
    outer loop
      vertex -13.256550309968464 -0.447641796896738 90.5
      vertex -13.214193537633939 -0.22559982041574733 90.5
      vertex -13.214193537633939 -0.22559982041574733 0
    endloop
  endfacet
  facet normal -0.9980267284282716 0.06279051952931262 0
    outer loop
      vertex -13.214193537633939 -0.22559982041574733 90.5
      vertex -13.2 0 90.5
      vertex -13.2 0 0
    endloop
  endfacet
  facet normal 0.6845471059286873 -0.7289686274214129 0
    outer loop
      vertex -16.14736318154764 1.386923836996421 4.655601971143467
      vertex -16.31214352935854 1.2321847906716394 0
      vertex -16.14736318154764 1.386923836996421 0
    endloop
  endfacet
  facet normal 0.5877852522924774 -0.8090169943749443 -1.7094697701317586e-16
    outer loop
      vertex -16.051568016052634 1.4565230987058537 4.421895591077941
      vertex -16.14736318154764 1.386923836996421 0
      vertex -15.964488230962194 1.519790265903627 0
    endloop
  endfacet
  facet normal 0.6845471059286475 -0.7289686274214501 2.6483718196992063e-15
    outer loop
      vertex -16.162299793354357 1.3728974248847832 4.7015721354021744
      vertex -16.31214352935854 1.2321847906716394 0
      vertex -16.14736318154764 1.386923836996421 4.655601971143467
    endloop
  endfacet
  facet normal 0.5877852522924776 -0.8090169943749443 0
    outer loop
      vertex -16.14736318154764 1.386923836996421 4.655601971143467
      vertex -16.14736318154764 1.386923836996421 0
      vertex -16.1157317830659 1.409905393213689 4.558250536778386
    endloop
  endfacet
  facet normal 0.5877852522924697 -0.8090169943749499 8.334340516897227e-17
    outer loop
      vertex -16.1157317830659 1.409905393213689 4.558250536778386
      vertex -16.14736318154764 1.386923836996421 0
      vertex -16.051568016052634 1.4565230987058537 4.421895591077941
    endloop
  endfacet
  facet normal 0.6845471059286591 -0.7289686274214392 1.3078451586491933e-15
    outer loop
      vertex -16.19053764157737 1.3463803203735836 4.849600119722835
      vertex -16.2 1.3374945743622886 5
      vertex -16.31214352935854 1.2321847906716394 0
    endloop
  endfacet
  facet normal 0.6845471059287094 -0.728968627421392 -1.0630260172637115e-15
    outer loop
      vertex -16.19053764157737 1.3463803203735836 4.849600119722835
      vertex -16.31214352935854 1.2321847906716394 0
      vertex -16.162299793354357 1.3728974248847832 4.7015721354021744
    endloop
  endfacet
  facet normal 0.48175367410171266 -0.876306680043865 0
    outer loop
      vertex -15.76640272481713 1.628688694438835 4.076787009003277
      vertex -15.964488230962194 1.519790265903627 0
      vertex -15.76640272481713 1.628688694438835 0
    endloop
  endfacet
  facet normal 0.5877852522924835 -0.80901699437494 1.2169172205587578e-17
    outer loop
      vertex -16.051568016052634 1.4565230987058537 4.421895591077941
      vertex -15.964488230962194 1.519790265903627 0
      vertex -15.970820393249937 1.5151896807073502 4.294657697249033
    endloop
  endfacet
  facet normal 0.5877852522924786 -0.8090169943749437 0
    outer loop
      vertex -15.970820393249937 1.5151896807073502 4.294657697249033
      vertex -15.964488230962194 1.519790265903627 0
      vertex -15.964488230962194 1.519790265903627 4.2870034279140565
    endloop
  endfacet
  facet normal 0.4817536741017148 -0.8763066800438639 0
    outer loop
      vertex -15.964488230962194 1.519790265903627 4.2870034279140565
      vertex -15.964488230962194 1.519790265903627 0
      vertex -15.874762352905694 1.569117484787269 4.178543472885574
    endloop
  endfacet
  facet normal 0.481753674101711 -0.8763066800438659 1.0531099651392876e-16
    outer loop
      vertex -15.874762352905694 1.569117484787269 4.178543472885574
      vertex -15.964488230962194 1.519790265903627 0
      vertex -15.76640272481713 1.628688694438835 4.076787009003277
    endloop
  endfacet
  facet normal 0.36812455268489236 -0.9297764858881666 0
    outer loop
      vertex -15.764908787698428 1.6292801859875123 4.075384108669053
      vertex -15.76640272481713 1.628688694438835 4.076787009003277
      vertex -15.76640272481713 1.628688694438835 0
    endloop
  endfacet
  facet normal -0.5877852522924749 -0.8090169943749462 1.0648685892042908e-16
    outer loop
      vertex -13.884268216934098 1.409905393213689 4.558250536778386
      vertex -14.035511769037806 1.519790265903627 0
      vertex -13.852636818452359 1.3869238369964205 0
    endloop
  endfacet
  facet normal -0.6845471059286806 -0.7289686274214189 0
    outer loop
      vertex -13.837700206645643 1.372897424884783 4.7015721354021744
      vertex -13.852636818452359 1.3869238369964205 4.655601971143468
      vertex -13.852636818452359 1.3869238369964205 0
    endloop
  endfacet
  facet normal -0.5877852522924849 -0.8090169943749389 0
    outer loop
      vertex -13.884268216934098 1.409905393213689 4.558250536778386
      vertex -13.852636818452359 1.3869238369964205 0
      vertex -13.852636818452359 1.3869238369964205 4.655601971143468
    endloop
  endfacet
  facet normal -0.5877852522924694 -0.8090169943749501 -1.75523283161182e-16
    outer loop
      vertex -13.948431983947364 1.4565230987058537 4.421895591077941
      vertex -14.035511769037806 1.519790265903627 0
      vertex -13.884268216934098 1.409905393213689 4.558250536778386
    endloop
  endfacet
  facet normal -0.6845471059286897 -0.7289686274214107 -4.374299693997111e-17
    outer loop
      vertex -13.8 1.3374945743622884 5
      vertex -13.852636818452359 1.3869238369964205 0
      vertex -13.68785647064146 1.2321847906716397 0
    endloop
  endfacet
  facet normal -0.6845471059286896 -0.7289686274214107 5.3274670142784297e-17
    outer loop
      vertex -13.837700206645643 1.372897424884783 4.7015721354021744
      vertex -13.852636818452359 1.3869238369964205 0
      vertex -13.809462358422627 1.3463803203735834 4.849600119722835
    endloop
  endfacet
  facet normal -0.6845471059287214 -0.7289686274213809 5.848091109470331e-16
    outer loop
      vertex -13.809462358422627 1.3463803203735834 4.849600119722835
      vertex -13.852636818452359 1.3869238369964205 0
      vertex -13.8 1.3374945743622884 5
    endloop
  endfacet
  facet normal 0.3681245526846796 -0.9297764858882507 0
    outer loop
      vertex -15.556230589874906 1.7119017293312764 3.9391089159021457
      vertex -15.76640272481713 1.628688694438835 0
      vertex -15.556230589874906 1.7119017293312764 0
    endloop
  endfacet
  facet normal 0.36812455268467537 -0.9297764858882523 9.196005842464622e-17
    outer loop
      vertex -15.764908787698428 1.6292801859875123 4.075384108669053
      vertex -15.76640272481713 1.628688694438835 0
      vertex -15.642992153974795 1.6775503960170308 3.9868064893975816
    endloop
  endfacet
  facet normal 0.36812455268468197 -0.9297764858882499 -1.398388013447194e-16
    outer loop
      vertex -15.642992153974795 1.6775503960170308 3.9868064893975816
      vertex -15.76640272481713 1.628688694438835 0
      vertex -15.556230589874906 1.7119017293312764 3.9391089159021457
    endloop
  endfacet
  facet normal 0.24868988716485496 -0.9685831611286311 0
    outer loop
      vertex -15.337286366254304 1.7681170513116398 3.8501221057259443
      vertex -15.556230589874906 1.7119017293312764 0
      vertex -15.337286366254304 1.7681170513116398 0
    endloop
  endfacet
  facet normal 0.12533323356430315 -0.992114701314478 0
    outer loop
      vertex -15.113022935152763 1.7964481111708888 3.8071272982687416
      vertex -15.337286366254304 1.7681170513116398 0
      vertex -15.113022935152763 1.7964481111708888 0
    endloop
  endfacet
  facet normal 0.24868988716485363 -0.9685831611286313 0
    outer loop
      vertex -15.556230589874906 1.7119017293312764 3.9391089159021457
      vertex -15.556230589874906 1.7119017293312764 0
      vertex -15.510935149878087 1.7235316216461143 3.9142075370407765
    endloop
  endfacet
  facet normal 0.24868988716485638 -0.9685831611286307 -3.316526309392224e-17
    outer loop
      vertex -15.510935149878087 1.7235316216461143 3.9142075370407765
      vertex -15.556230589874906 1.7119017293312764 0
      vertex -15.370820393249938 1.759506976591768 3.858732180445816
    endloop
  endfacet
  facet normal 0.24868988716485085 -0.9685831611286321 2.485154634783925e-16
    outer loop
      vertex -15.370820393249938 1.759506976591768 3.858732180445816
      vertex -15.556230589874906 1.7119017293312764 0
      vertex -15.337286366254304 1.7681170513116398 3.8501221057259443
    endloop
  endfacet
  facet normal 0.125333233564304 -0.9921147013144779 0
    outer loop
      vertex -15.337286366254304 1.7681170513116398 3.8501221057259443
      vertex -15.337286366254304 1.7681170513116398 0
      vertex -15.22485757750287 1.7823201103140571 3.821255299125574
    endloop
  endfacet
  facet normal 0.12533323356430226 -0.9921147013144781 5.266205810099098e-17
    outer loop
      vertex -15.22485757750287 1.7823201103140571 3.821255299125574
      vertex -15.337286366254304 1.7681170513116398 0
      vertex -15.113022935152763 1.7964481111708888 3.8071272982687416
    endloop
  endfacet
  facet normal 0 -1 0
    outer loop
      vertex -15.113022935152763 1.7964481111708888 3.8071272982687416
      vertex -15.113022935152763 1.7964481111708888 0
      vertex -15.075348623435177 1.7964481111708888 3.802367925886074
    endloop
  endfacet
  facet normal 0 -1 0
    outer loop
      vertex -14.924651376564823 1.7964481111708888 3.802367925886074
      vertex -15.113022935152763 1.7964481111708888 0
      vertex -14.886977064847237 1.7964481111708888 0
    endloop
  endfacet
  facet normal -0.12533323356430315 -0.992114701314478 2.635887901413549e-17
    outer loop
      vertex -14.77514242249713 1.7823201103140571 3.821255299125574
      vertex -14.886977064847237 1.7964481111708888 0
      vertex -14.662713633745696 1.7681170513116398 0
    endloop
  endfacet
  facet normal -0.24868988716485493 -0.9685831611286311 -1.568483002875303e-17
    outer loop
      vertex -14.489064850121913 1.7235316216461143 3.9142075370407765
      vertex -14.662713633745696 1.7681170513116398 0
      vertex -14.443769410125094 1.7119017293312764 0
    endloop
  endfacet
  facet normal 0 -1 0
    outer loop
      vertex -15.075348623435177 1.7964481111708888 3.802367925886074
      vertex -15.113022935152763 1.7964481111708888 0
      vertex -14.924651376564823 1.7964481111708888 3.802367925886074
    endloop
  endfacet
  facet normal 0 -1 0
    outer loop
      vertex -14.924651376564823 1.7964481111708888 3.802367925886074
      vertex -14.886977064847237 1.7964481111708888 0
      vertex -14.886977064847237 1.7964481111708888 3.8071272982687416
    endloop
  endfacet
  facet normal -0.12533323356430226 -0.9921147013144781 0
    outer loop
      vertex -14.886977064847237 1.7964481111708888 3.8071272982687416
      vertex -14.886977064847237 1.7964481111708888 0
      vertex -14.77514242249713 1.7823201103140571 3.821255299125574
    endloop
  endfacet
  facet normal -0.12533323356430404 -0.9921147013144779 0
    outer loop
      vertex -14.77514242249713 1.7823201103140571 3.821255299125574
      vertex -14.662713633745696 1.7681170513116398 0
      vertex -14.662713633745696 1.7681170513116398 3.8501221057259443
    endloop
  endfacet
  facet normal -0.24868988716485083 -0.9685831611286322 0
    outer loop
      vertex -14.662713633745696 1.7681170513116398 3.8501221057259443
      vertex -14.662713633745696 1.7681170513116398 0
      vertex -14.629179606750062 1.759506976591768 3.858732180445816
    endloop
  endfacet
  facet normal -0.24868988716485363 -0.9685831611286313 0
    outer loop
      vertex -14.489064850121913 1.7235316216461143 3.9142075370407765
      vertex -14.443769410125094 1.7119017293312764 0
      vertex -14.443769410125094 1.7119017293312764 3.9391089159021457
    endloop
  endfacet
  facet normal -0.2486898871648564 -0.9685831611286307 5.1843844634904726e-17
    outer loop
      vertex -14.629179606750062 1.759506976591768 3.858732180445816
      vertex -14.662713633745696 1.7681170513116398 0
      vertex -14.489064850121913 1.7235316216461143 3.9142075370407765
    endloop
  endfacet
  facet normal -0.4817536741017127 -0.876306680043865 5.877041156961032e-17
    outer loop
      vertex -14.125237647094306 1.569117484787269 4.178543472885574
      vertex -14.23359727518287 1.628688694438835 0
      vertex -14.035511769037806 1.519790265903627 0
    endloop
  endfacet
  facet normal -0.36812455268467953 -0.9297764858882507 3.9544348577114246e-17
    outer loop
      vertex -14.235091212301572 1.6292801859875121 4.075384108669053
      vertex -14.443769410125094 1.7119017293312764 0
      vertex -14.23359727518287 1.628688694438835 0
    endloop
  endfacet
  facet normal -0.3681245526846782 -0.9297764858882512 -4.2145602277899276e-17
    outer loop
      vertex -14.357007846025205 1.677550396017031 3.9868064893975816
      vertex -14.443769410125094 1.7119017293312764 0
      vertex -14.235091212301572 1.6292801859875121 4.075384108669053
    endloop
  endfacet
  facet normal -0.3681245526847728 -0.9297764858882138 0
    outer loop
      vertex -14.235091212301572 1.6292801859875121 4.075384108669053
      vertex -14.23359727518287 1.628688694438835 0
      vertex -14.23359727518287 1.628688694438835 4.076787009003276
    endloop
  endfacet
  facet normal -0.481753674101711 -0.8763066800438659 0
    outer loop
      vertex -14.23359727518287 1.628688694438835 4.076787009003276
      vertex -14.23359727518287 1.628688694438835 0
      vertex -14.125237647094306 1.569117484787269 4.178543472885574
    endloop
  endfacet
  facet normal -0.5877852522924785 -0.8090169943749437 0
    outer loop
      vertex -14.035511769037806 1.519790265903627 4.2870034279140565
      vertex -14.035511769037806 1.519790265903627 0
      vertex -14.029179606750063 1.5151896807073502 4.294657697249033
    endloop
  endfacet
  facet normal -0.4817536741017148 -0.8763066800438638 0
    outer loop
      vertex -14.125237647094306 1.569117484787269 4.178543472885574
      vertex -14.035511769037806 1.519790265903627 0
      vertex -14.035511769037806 1.519790265903627 4.2870034279140565
    endloop
  endfacet
  facet normal -0.5877852522924749 -0.809016994374946 -7.859257049441862e-18
    outer loop
      vertex -14.029179606750063 1.5151896807073502 4.294657697249033
      vertex -14.035511769037806 1.519790265903627 0
      vertex -13.948431983947364 1.4565230987058537 4.421895591077941
    endloop
  endfacet
  facet normal -0.3681245526846799 -0.9297764858882507 0
    outer loop
      vertex -14.443769410125094 1.7119017293312764 3.9391089159021457
      vertex -14.443769410125094 1.7119017293312764 0
      vertex -14.357007846025205 1.677550396017031 3.9868064893975816
    endloop
  endfacet
  facet normal 0.9980267284282716 -0.06279051952931262 0
    outer loop
      vertex -16.78580646236606 0.22559982041574733 90.5
      vertex -16.8 0 0
      vertex -16.78580646236606 0.22559982041574733 0
    endloop
  endfacet
  facet normal 0.9822872507286879 -0.18738131458572846 0
    outer loop
      vertex -16.743449690031536 0.4476417968967387 90.5
      vertex -16.78580646236606 0.22559982041574733 0
      vertex -16.743449690031536 0.4476417968967387 0
    endloop
  endfacet
  facet normal 0.9510565162951533 -0.30901699437494823 0
    outer loop
      vertex -16.673597674598852 0.6626241948324202 90.5
      vertex -16.743449690031536 0.4476417968967387 0
      vertex -16.673597674598852 0.6626241948324202 0
    endloop
  endfacet
  facet normal 0.9048270524660212 -0.4257792915650689 0
    outer loop
      vertex -16.577352024078955 0.8671566133830877 90.5
      vertex -16.673597674598852 0.6626241948324202 0
      vertex -16.577352024078955 0.8671566133830877 0
    endloop
  endfacet
  facet normal 0.8443279255020147 -0.5358267949789974 0
    outer loop
      vertex -16.456230589874906 1.0580134541264516 90.5
      vertex -16.577352024078955 0.8671566133830877 0
      vertex -16.456230589874906 1.0580134541264516 0
    endloop
  endfacet
  facet normal 0.7705132427757859 -0.6374239897486937 0
    outer loop
      vertex -16.31214352935854 1.2321847906716394 90.5
      vertex -16.456230589874906 1.0580134541264516 0
      vertex -16.31214352935854 1.2321847906716394 0
    endloop
  endfacet
  facet normal 0.6845471059286902 -0.7289686274214101 0
    outer loop
      vertex -16.2 1.3374945743622886 5
      vertex -16.31214352935854 1.2321847906716394 90.5
      vertex -16.31214352935854 1.2321847906716394 0
    endloop
  endfacet
  facet normal 0.6845471059286478 -0.7289686274214499 3.872254281923049e-17
    outer loop
      vertex -16.2 1.3374945743622886 5
      vertex -16.19053764157737 1.3463803203735836 5.150399880277165
      vertex -16.14736318154764 1.386923836996421 90.5
    endloop
  endfacet
  facet normal 0.6845471059287124 -0.7289686274213891 -2.2819108580452034e-17
    outer loop
      vertex -16.19053764157737 1.3463803203735836 5.150399880277165
      vertex -16.162299793354357 1.3728974248847832 5.2984278645978256
      vertex -16.14736318154764 1.386923836996421 90.5
    endloop
  endfacet
  facet normal 0.6845471059286432 -0.7289686274214542 0
    outer loop
      vertex -16.162299793354357 1.3728974248847832 5.2984278645978256
      vertex -16.14736318154764 1.386923836996421 5.344398028856533
      vertex -16.14736318154764 1.386923836996421 90.5
    endloop
  endfacet
  facet normal 0.5877852522924775 -0.8090169943749443 0
    outer loop
      vertex -16.14736318154764 1.386923836996421 5.344398028856533
      vertex -16.1157317830659 1.409905393213689 5.441749463221614
      vertex -16.14736318154764 1.386923836996421 90.5
    endloop
  endfacet
  facet normal 0.5877852522924695 -0.80901699437495 2.116604070469154e-17
    outer loop
      vertex -16.1157317830659 1.409905393213689 5.441749463221614
      vertex -16.051568016052634 1.4565230987058537 5.578104408922059
      vertex -15.964488230962194 1.519790265903627 90.5
    endloop
  endfacet
  facet normal 0.5877852522924835 -0.80901699437494 -6.149814627500187e-19
    outer loop
      vertex -16.051568016052634 1.4565230987058537 5.578104408922059
      vertex -15.970820393249937 1.5151896807073502 5.705342302750967
      vertex -15.964488230962194 1.519790265903627 90.5
    endloop
  endfacet
  facet normal 0.5877852522924785 -0.8090169943749437 0
    outer loop
      vertex -15.970820393249937 1.5151896807073502 5.705342302750967
      vertex -15.964488230962194 1.519790265903627 5.7129965720859435
      vertex -15.964488230962194 1.519790265903627 90.5
    endloop
  endfacet
  facet normal 0.4817536741017148 -0.8763066800438639 0
    outer loop
      vertex -15.964488230962194 1.519790265903627 5.7129965720859435
      vertex -15.874762352905694 1.569117484787269 5.821456527114426
      vertex -15.964488230962194 1.519790265903627 90.5
    endloop
  endfacet
  facet normal 0.4817536741017109 -0.876306680043866 0
    outer loop
      vertex -15.874762352905694 1.569117484787269 5.821456527114426
      vertex -15.76640272481713 1.628688694438835 5.923212990996723
      vertex -15.76640272481713 1.628688694438835 90.5
    endloop
  endfacet
  facet normal 0.36812455268489225 -0.9297764858881665 0
    outer loop
      vertex -15.764908787698428 1.6292801859875123 5.924615891330947
      vertex -15.76640272481713 1.628688694438835 90.5
      vertex -15.76640272481713 1.628688694438835 5.923212990996723
    endloop
  endfacet
  facet normal -0.9980267284282717 -0.06279051952931253 0
    outer loop
      vertex -13.2 0 90.5
      vertex -13.214193537633939 0.22559982041574766 0
      vertex -13.2 0 0
    endloop
  endfacet
  facet normal -0.9822872507286879 -0.1873813145857288 0
    outer loop
      vertex -13.214193537633939 0.22559982041574766 90.5
      vertex -13.256550309968464 0.44764179689673866 0
      vertex -13.214193537633939 0.22559982041574766 0
    endloop
  endfacet
  facet normal -0.9510565162951534 -0.3090169943749478 0
    outer loop
      vertex -13.256550309968464 0.44764179689673866 90.5
      vertex -13.326402325401148 0.6626241948324204 0
      vertex -13.256550309968464 0.44764179689673866 0
    endloop
  endfacet
  facet normal -0.904827052466021 -0.4257792915650695 0
    outer loop
      vertex -13.326402325401148 0.6626241948324204 90.5
      vertex -13.422647975921045 0.8671566133830876 0
      vertex -13.326402325401148 0.6626241948324204 0
    endloop
  endfacet
  facet normal -0.8443279255020149 -0.5358267949789971 0
    outer loop
      vertex -13.422647975921045 0.8671566133830876 90.5
      vertex -13.543769410125094 1.0580134541264516 0
      vertex -13.422647975921045 0.8671566133830876 0
    endloop
  endfacet
  facet normal -0.7705132427757863 -0.6374239897486932 0
    outer loop
      vertex -13.543769410125094 1.0580134541264516 90.5
      vertex -13.68785647064146 1.2321847906716397 0
      vertex -13.543769410125094 1.0580134541264516 0
    endloop
  endfacet
  facet normal -0.6845471059286807 -0.7289686274214189 -3.2367288851180937e-17
    outer loop
      vertex -13.837700206645643 1.372897424884783 5.2984278645978256
      vertex -13.68785647064146 1.2321847906716397 90.5
      vertex -13.852636818452359 1.3869238369964205 5.344398028856532
    endloop
  endfacet
  facet normal -0.587785252292485 -0.8090169943749389 0
    outer loop
      vertex -13.852636818452359 1.3869238369964205 5.344398028856532
      vertex -13.852636818452359 1.3869238369964205 90.5
      vertex -13.884268216934098 1.409905393213689 5.441749463221614
    endloop
  endfacet
  facet normal -0.5877852522924784 -0.8090169943749436 1.1569487414212793e-17
    outer loop
      vertex -14.035511769037806 1.519790265903627 5.7129965720859435
      vertex -14.029179606750063 1.5151896807073502 5.705342302750967
      vertex -13.852636818452359 1.3869238369964205 90.5
    endloop
  endfacet
  facet normal -0.5877852522924695 -0.80901699437495 -8.736096809210552e-18
    outer loop
      vertex -13.948431983947364 1.4565230987058537 5.578104408922059
      vertex -13.884268216934098 1.409905393213689 5.441749463221614
      vertex -13.852636818452359 1.3869238369964205 90.5
    endloop
  endfacet
  facet normal -0.5877852522924749 -0.8090169943749462 4.0859890242686284e-19
    outer loop
      vertex -14.029179606750063 1.5151896807073502 5.705342302750967
      vertex -13.948431983947364 1.4565230987058537 5.578104408922059
      vertex -13.852636818452359 1.3869238369964205 90.5
    endloop
  endfacet
  facet normal -0.6845471059286886 -0.7289686274214116 0
    outer loop
      vertex -13.8 1.3374945743622884 5
      vertex -13.68785647064146 1.2321847906716397 0
      vertex -13.68785647064146 1.2321847906716397 90.5
    endloop
  endfacet
  facet normal -0.6845471059287158 -0.728968627421386 6.717842214920207e-17
    outer loop
      vertex -13.809462358422627 1.3463803203735834 5.150399880277165
      vertex -13.8 1.3374945743622884 5
      vertex -13.68785647064146 1.2321847906716397 90.5
    endloop
  endfacet
  facet normal -0.6845471059286894 -0.7289686274214108 -3.3852258392242745e-18
    outer loop
      vertex -13.837700206645643 1.372897424884783 5.2984278645978256
      vertex -13.809462358422627 1.3463803203735834 5.150399880277165
      vertex -13.68785647064146 1.2321847906716397 90.5
    endloop
  endfacet
  facet normal 0.3681245526846753 -0.9297764858882523 7.991922857583413e-18
    outer loop
      vertex -15.764908787698428 1.6292801859875123 5.924615891330947
      vertex -15.642992153974795 1.6775503960170308 6.013193510602418
      vertex -15.556230589874906 1.7119017293312764 90.5
    endloop
  endfacet
  facet normal 0.3681245526846819 -0.9297764858882498 0
    outer loop
      vertex -15.642992153974795 1.6775503960170308 6.013193510602418
      vertex -15.556230589874906 1.7119017293312764 6.060891084097855
      vertex -15.556230589874906 1.7119017293312764 90.5
    endloop
  endfacet
  facet normal 0.24868988716485366 -0.9685831611286314 0
    outer loop
      vertex -15.556230589874906 1.7119017293312764 6.060891084097855
      vertex -15.510935149878087 1.7235316216461143 6.0857924629592235
      vertex -15.556230589874906 1.7119017293312764 90.5
    endloop
  endfacet
  facet normal 0.24868988716485635 -0.9685831611286307 -2.3458786990275203e-18
    outer loop
      vertex -15.510935149878087 1.7235316216461143 6.0857924629592235
      vertex -15.370820393249938 1.759506976591768 6.141267819554184
      vertex -15.337286366254304 1.7681170513116398 90.5
    endloop
  endfacet
  facet normal 0.24868988716485074 -0.9685831611286321 0
    outer loop
      vertex -15.370820393249938 1.759506976591768 6.141267819554184
      vertex -15.337286366254304 1.7681170513116398 6.149877894274056
      vertex -15.337286366254304 1.7681170513116398 90.5
    endloop
  endfacet
  facet normal 0.12533323356430207 -0.9921147013144781 0
    outer loop
      vertex -15.337286366254304 1.7681170513116398 6.149877894274056
      vertex -15.224857577502869 1.7823201103140571 6.178744700874427
      vertex -15.337286366254304 1.7681170513116398 90.5
    endloop
  endfacet
  facet normal 0.12533323356430423 -0.9921147013144778 0
    outer loop
      vertex -15.224857577502869 1.7823201103140571 6.178744700874427
      vertex -15.113022935152763 1.7964481111708888 6.192872701731258
      vertex -15.113022935152763 1.7964481111708888 90.5
    endloop
  endfacet
  facet normal 0 -1 0
    outer loop
      vertex -15.113022935152763 1.7964481111708888 6.192872701731258
      vertex -15.075348623435175 1.7964481111708888 6.197632074113926
      vertex -15.113022935152763 1.7964481111708888 90.5
    endloop
  endfacet
  facet normal 0 -1 0
    outer loop
      vertex -15.075348623435175 1.7964481111708888 6.197632074113926
      vertex -14.924651376564825 1.7964481111708888 6.197632074113926
      vertex -14.886977064847237 1.7964481111708888 90.5
    endloop
  endfacet
  facet normal 0 -1 0
    outer loop
      vertex -14.924651376564825 1.7964481111708888 6.197632074113926
      vertex -14.886977064847237 1.7964481111708888 6.192872701731258
      vertex -14.886977064847237 1.7964481111708888 90.5
    endloop
  endfacet
  facet normal -0.12533323356430423 -0.9921147013144779 2.919614828740619e-18
    outer loop
      vertex -14.886977064847237 1.7964481111708888 6.192872701731258
      vertex -14.775142422497131 1.7823201103140571 6.178744700874427
      vertex -14.662713633745696 1.7681170513116398 90.5
    endloop
  endfacet
  facet normal -0.12533323356430207 -0.9921147013144781 0
    outer loop
      vertex -14.775142422497131 1.7823201103140571 6.178744700874427
      vertex -14.662713633745696 1.7681170513116398 6.149877894274056
      vertex -14.662713633745696 1.7681170513116398 90.5
    endloop
  endfacet
  facet normal -0.24868988716485368 -0.9685831611286314 0
    outer loop
      vertex -14.489064850121913 1.7235316216461143 6.0857924629592235
      vertex -14.443769410125094 1.7119017293312764 6.060891084097855
      vertex -14.443769410125094 1.7119017293312764 90.5
    endloop
  endfacet
  facet normal -0.2486898871648508 -0.9685831611286321 -1.1501331368404627e-17
    outer loop
      vertex -14.662713633745696 1.7681170513116398 6.149877894274056
      vertex -14.629179606750062 1.759506976591768 6.141267819554184
      vertex -14.443769410125094 1.7119017293312764 90.5
    endloop
  endfacet
  facet normal -0.24868988716485635 -0.9685831611286306 1.5623134630044933e-18
    outer loop
      vertex -14.629179606750062 1.759506976591768 6.141267819554184
      vertex -14.489064850121913 1.7235316216461143 6.0857924629592235
      vertex -14.443769410125094 1.7119017293312764 90.5
    endloop
  endfacet
  facet normal -0.48175367410170955 -0.8763066800438667 -9.599344167785252e-18
    outer loop
      vertex -14.23359727518287 1.628688694438835 5.923212990996724
      vertex -14.125237647094306 1.5691174847872693 5.821456527114426
      vertex -14.035511769037806 1.519790265903627 90.5
    endloop
  endfacet
  facet normal -0.3681245526846768 -0.9297764858882519 -1.9552680887177885e-18
    outer loop
      vertex -14.357007846025205 1.6775503960170308 6.013193510602418
      vertex -14.235091212301572 1.6292801859875121 5.924615891330947
      vertex -14.23359727518287 1.628688694438835 90.5
    endloop
  endfacet
  facet normal -0.3681245526846819 -0.9297764858882498 6.7056946654815654e-18
    outer loop
      vertex -14.443769410125094 1.7119017293312764 6.060891084097855
      vertex -14.357007846025205 1.6775503960170308 6.013193510602418
      vertex -14.23359727518287 1.628688694438835 90.5
    endloop
  endfacet
  facet normal -0.36812455268477284 -0.9297764858882138 0
    outer loop
      vertex -14.235091212301572 1.6292801859875121 5.924615891330947
      vertex -14.23359727518287 1.628688694438835 5.923212990996724
      vertex -14.23359727518287 1.628688694438835 90.5
    endloop
  endfacet
  facet normal -0.4817536741017165 -0.8763066800438628 0
    outer loop
      vertex -14.125237647094306 1.5691174847872693 5.821456527114426
      vertex -14.035511769037806 1.519790265903627 5.7129965720859435
      vertex -14.035511769037806 1.519790265903627 90.5
    endloop
  endfacet
  facet normal 0.9980267284282716 -0.06279051952931262 0
    outer loop
      vertex -16.8 0 90.5
      vertex -16.8 0 0
      vertex -16.78580646236606 0.22559982041574733 90.5
    endloop
  endfacet
  facet normal 0.9822872507286879 -0.18738131458572846 0
    outer loop
      vertex -16.78580646236606 0.22559982041574733 90.5
      vertex -16.78580646236606 0.22559982041574733 0
      vertex -16.743449690031536 0.4476417968967387 90.5
    endloop
  endfacet
  facet normal 0.9510565162951533 -0.30901699437494823 0
    outer loop
      vertex -16.743449690031536 0.4476417968967387 90.5
      vertex -16.743449690031536 0.4476417968967387 0
      vertex -16.673597674598852 0.6626241948324202 90.5
    endloop
  endfacet
  facet normal 0.9048270524660212 -0.4257792915650689 0
    outer loop
      vertex -16.673597674598852 0.6626241948324202 90.5
      vertex -16.673597674598852 0.6626241948324202 0
      vertex -16.577352024078955 0.8671566133830877 90.5
    endloop
  endfacet
  facet normal 0.8443279255020147 -0.5358267949789974 0
    outer loop
      vertex -16.577352024078955 0.8671566133830877 90.5
      vertex -16.577352024078955 0.8671566133830877 0
      vertex -16.456230589874906 1.0580134541264516 90.5
    endloop
  endfacet
  facet normal 0.7705132427757859 -0.6374239897486937 0
    outer loop
      vertex -16.456230589874906 1.0580134541264516 90.5
      vertex -16.456230589874906 1.0580134541264516 0
      vertex -16.31214352935854 1.2321847906716394 90.5
    endloop
  endfacet
  facet normal 0.6845471059286873 -0.7289686274214128 -7.045912095593937e-18
    outer loop
      vertex -16.2 1.3374945743622886 5
      vertex -16.14736318154764 1.386923836996421 90.5
      vertex -16.31214352935854 1.2321847906716394 90.5
    endloop
  endfacet
  facet normal 0.5877852522924774 -0.8090169943749443 -9.02229935489964e-20
    outer loop
      vertex -16.1157317830659 1.409905393213689 5.441749463221614
      vertex -15.964488230962194 1.519790265903627 90.5
      vertex -16.14736318154764 1.386923836996421 90.5
    endloop
  endfacet
  facet normal 0.4817536741017126 -0.876306680043865 -2.9000819994220616e-18
    outer loop
      vertex -15.874762352905694 1.569117484787269 5.821456527114426
      vertex -15.76640272481713 1.628688694438835 90.5
      vertex -15.964488230962194 1.519790265903627 90.5
    endloop
  endfacet
  facet normal -0.9980267284282717 -0.06279051952931253 0
    outer loop
      vertex -13.2 0 90.5
      vertex -13.214193537633939 0.22559982041574766 90.5
      vertex -13.214193537633939 0.22559982041574766 0
    endloop
  endfacet
  facet normal -0.9822872507286879 -0.1873813145857288 0
    outer loop
      vertex -13.256550309968464 0.44764179689673866 90.5
      vertex -13.256550309968464 0.44764179689673866 0
      vertex -13.214193537633939 0.22559982041574766 90.5
    endloop
  endfacet
  facet normal -0.9510565162951534 -0.3090169943749478 0
    outer loop
      vertex -13.256550309968464 0.44764179689673866 90.5
      vertex -13.326402325401148 0.6626241948324204 90.5
      vertex -13.326402325401148 0.6626241948324204 0
    endloop
  endfacet
  facet normal -0.904827052466021 -0.4257792915650695 0
    outer loop
      vertex -13.422647975921045 0.8671566133830876 90.5
      vertex -13.422647975921045 0.8671566133830876 0
      vertex -13.326402325401148 0.6626241948324204 90.5
    endloop
  endfacet
  facet normal -0.8443279255020149 -0.5358267949789971 0
    outer loop
      vertex -13.422647975921045 0.8671566133830876 90.5
      vertex -13.543769410125094 1.0580134541264516 90.5
      vertex -13.543769410125094 1.0580134541264516 0
    endloop
  endfacet
  facet normal -0.6845471059286896 -0.7289686274214107 0
    outer loop
      vertex -13.852636818452359 1.3869238369964205 5.344398028856532
      vertex -13.68785647064146 1.2321847906716397 90.5
      vertex -13.852636818452359 1.3869238369964205 90.5
    endloop
  endfacet
  facet normal -0.5877852522924749 -0.8090169943749461 0
    outer loop
      vertex -14.035511769037806 1.519790265903627 5.7129965720859435
      vertex -13.852636818452359 1.3869238369964205 90.5
      vertex -14.035511769037806 1.519790265903627 90.5
    endloop
  endfacet
  facet normal -0.7705132427757863 -0.6374239897486932 0
    outer loop
      vertex -13.68785647064146 1.2321847906716397 90.5
      vertex -13.68785647064146 1.2321847906716397 0
      vertex -13.543769410125094 1.0580134541264516 90.5
    endloop
  endfacet
  facet normal 0.3681245526846796 -0.9297764858882508 -4.34550450642558e-18
    outer loop
      vertex -15.764908787698428 1.6292801859875123 5.924615891330947
      vertex -15.556230589874906 1.7119017293312764 90.5
      vertex -15.76640272481713 1.628688694438835 90.5
    endloop
  endfacet
  facet normal 0.24868988716485493 -0.9685831611286311 7.272908400971387e-19
    outer loop
      vertex -15.510935149878087 1.7235316216461143 6.0857924629592235
      vertex -15.337286366254304 1.7681170513116398 90.5
      vertex -15.556230589874906 1.7119017293312764 90.5
    endloop
  endfacet
  facet normal 0.12533323356430312 -0.992114701314478 1.4561851504216235e-18
    outer loop
      vertex -15.224857577502869 1.7823201103140571 6.178744700874427
      vertex -15.113022935152763 1.7964481111708888 90.5
      vertex -15.337286366254304 1.7681170513116398 90.5
    endloop
  endfacet
  facet normal 0 -1 0
    outer loop
      vertex -15.075348623435175 1.7964481111708888 6.197632074113926
      vertex -14.886977064847237 1.7964481111708888 90.5
      vertex -15.113022935152763 1.7964481111708888 90.5
    endloop
  endfacet
  facet normal -0.12533323356430312 -0.9921147013144779 0
    outer loop
      vertex -14.886977064847237 1.7964481111708888 6.192872701731258
      vertex -14.662713633745696 1.7681170513116398 90.5
      vertex -14.886977064847237 1.7964481111708888 90.5
    endloop
  endfacet
  facet normal -0.24868988716485493 -0.9685831611286311 0
    outer loop
      vertex -14.662713633745696 1.7681170513116398 6.149877894274056
      vertex -14.443769410125094 1.7119017293312764 90.5
      vertex -14.662713633745696 1.7681170513116398 90.5
    endloop
  endfacet
  facet normal -0.36812455268467964 -0.9297764858882508 0
    outer loop
      vertex -14.443769410125094 1.7119017293312764 6.060891084097855
      vertex -14.23359727518287 1.628688694438835 90.5
      vertex -14.443769410125094 1.7119017293312764 90.5
    endloop
  endfacet
  facet normal -0.4817536741017127 -0.876306680043865 0
    outer loop
      vertex -14.23359727518287 1.628688694438835 5.923212990996724
      vertex -14.035511769037806 1.519790265903627 90.5
      vertex -14.23359727518287 1.628688694438835 90.5
    endloop
  endfacet
  facet normal 0.36812455268468197 0.9297764858882497 0
    outer loop
      vertex 14.357007846025205 -1.6775503960170308 3.9868064893975816
      vertex 14.443769410125094 -1.7119017293312764 3.9391089159021457
      vertex 14.443769410125094 -1.7119017293312764 0
    endloop
  endfacet
  facet normal 0.3681245526846787 0.929776485888251 3.989742311798136e-17
    outer loop
      vertex 14.235091212301572 -1.6292801859875123 4.075384108669053
      vertex 14.443769410125094 -1.7119017293312764 0
      vertex 14.23359727518287 -1.6286886944388352 0
    endloop
  endfacet
  facet normal 0.48175367410171344 0.8763066800438647 3.764979491178159e-17
    outer loop
      vertex 14.125237647094306 -1.569117484787269 4.178543472885574
      vertex 14.23359727518287 -1.6286886944388352 0
      vertex 14.035511769037806 -1.519790265903627 0
    endloop
  endfacet
  facet normal 0.5877852522924749 0.809016994374946 -8.1127814703916e-18
    outer loop
      vertex 13.948431983947364 -1.4565230987058537 4.421895591077941
      vertex 14.029179606750063 -1.5151896807073502 4.294657697249033
      vertex 14.035511769037806 -1.519790265903627 0
    endloop
  endfacet
  facet normal 0.4817536741017148 0.8763066800438639 0
    outer loop
      vertex 14.035511769037806 -1.519790265903627 4.2870034279140565
      vertex 14.125237647094306 -1.569117484787269 4.178543472885574
      vertex 14.035511769037806 -1.519790265903627 0
    endloop
  endfacet
  facet normal 0.5877852522924786 0.8090169943749437 0
    outer loop
      vertex 14.029179606750063 -1.5151896807073502 4.294657697249033
      vertex 14.035511769037806 -1.519790265903627 4.2870034279140565
      vertex 14.035511769037806 -1.519790265903627 0
    endloop
  endfacet
  facet normal 0.3681245526847728 0.9297764858882138 0
    outer loop
      vertex 14.235091212301572 -1.6292801859875123 4.075384108669053
      vertex 14.23359727518287 -1.6286886944388352 0
      vertex 14.23359727518287 -1.6286886944388352 4.076787009003276
    endloop
  endfacet
  facet normal 0.4817536741017123 0.8763066800438651 0
    outer loop
      vertex 14.125237647094306 -1.569117484787269 4.178543472885574
      vertex 14.23359727518287 -1.6286886944388352 4.076787009003276
      vertex 14.23359727518287 -1.6286886944388352 0
    endloop
  endfacet
  facet normal 0.3681245526846753 0.9297764858882526 -1.719540572938293e-16
    outer loop
      vertex 14.235091212301572 -1.6292801859875123 4.075384108669053
      vertex 14.357007846025205 -1.6775503960170308 3.9868064893975816
      vertex 14.443769410125094 -1.7119017293312764 0
    endloop
  endfacet
  facet normal 0.24868988716485402 0.9685831611286313 -4.41135844558679e-18
    outer loop
      vertex 14.489064850121913 -1.7235316216461143 3.9142075370407765
      vertex 14.662713633745696 -1.7681170513116395 0
      vertex 14.443769410125094 -1.7119017293312764 0
    endloop
  endfacet
  facet normal 0.12533323356430506 0.9921147013144778 2.585680512815215e-17
    outer loop
      vertex 14.77514242249713 -1.7823201103140571 3.821255299125574
      vertex 14.886977064847235 -1.7964481111708888 0
      vertex 14.662713633745696 -1.7681170513116395 0
    endloop
  endfacet
  facet normal 0 1 0
    outer loop
      vertex 14.924651376564823 -1.7964481111708888 3.802367925886074
      vertex 15.113022935152765 -1.7964481111708888 0
      vertex 14.886977064847235 -1.7964481111708888 0
    endloop
  endfacet
  facet normal 0.2486898871648564 0.9685831611286307 1.075857227010053e-16
    outer loop
      vertex 14.489064850121913 -1.7235316216461143 3.9142075370407765
      vertex 14.629179606750062 -1.759506976591768 3.858732180445816
      vertex 14.662713633745696 -1.7681170513116395 0
    endloop
  endfacet
  facet normal 0.24868988716485363 0.9685831611286313 0
    outer loop
      vertex 14.443769410125094 -1.7119017293312764 3.9391089159021457
      vertex 14.489064850121913 -1.7235316216461143 3.9142075370407765
      vertex 14.443769410125094 -1.7119017293312764 0
    endloop
  endfacet
  facet normal 0.24868988716484478 0.9685831611286339 0
    outer loop
      vertex 14.629179606750062 -1.759506976591768 3.858732180445816
      vertex 14.662713633745696 -1.7681170513116395 3.8501221057259443
      vertex 14.662713633745696 -1.7681170513116395 0
    endloop
  endfacet
  facet normal 0.12533323356430595 0.9921147013144777 0
    outer loop
      vertex 14.662713633745696 -1.7681170513116395 3.8501221057259443
      vertex 14.77514242249713 -1.7823201103140571 3.821255299125574
      vertex 14.662713633745696 -1.7681170513116395 0
    endloop
  endfacet
  facet normal 0 1 0
    outer loop
      vertex 14.886977064847235 -1.7964481111708888 3.807127298268742
      vertex 14.924651376564823 -1.7964481111708888 3.802367925886074
      vertex 14.886977064847235 -1.7964481111708888 0
    endloop
  endfacet
  facet normal 0.1253332335643042 0.9921147013144779 0
    outer loop
      vertex 14.77514242249713 -1.7823201103140571 3.821255299125574
      vertex 14.886977064847235 -1.7964481111708888 3.807127298268742
      vertex 14.886977064847235 -1.7964481111708888 0
    endloop
  endfacet
  facet normal 0 1 0
    outer loop
      vertex 14.924651376564823 -1.7964481111708888 3.802367925886074
      vertex 15.075348623435177 -1.7964481111708888 3.802367925886074
      vertex 15.113022935152765 -1.7964481111708888 0
    endloop
  endfacet
  facet normal -0.12533323356430506 0.9921147013144777 0
    outer loop
      vertex 15.113022935152765 -1.7964481111708888 3.807127298268742
      vertex 15.337286366254304 -1.7681170513116395 0
      vertex 15.113022935152765 -1.7964481111708888 0
    endloop
  endfacet
  facet normal -0.24868988716485238 0.9685831611286316 0
    outer loop
      vertex 15.337286366254304 -1.7681170513116395 3.8501221057259443
      vertex 15.37674311717588 -1.7579862795530796 0
      vertex 15.337286366254304 -1.7681170513116395 0
    endloop
  endfacet
  facet normal -0.248689887164854 0.9685831611286314 6.840888207393421e-17
    outer loop
      vertex 15.370820393249938 -1.759506976591768 3.858732180445816
      vertex 15.550591835972153 -1.7133495152603566 0
      vertex 15.37674311717588 -1.7579862795530796 0
    endloop
  endfacet
  facet normal -0.2486898871648677 0.9685831611286277 -1.7366530468481078e-16
    outer loop
      vertex 15.510935149878087 -1.7235316216461143 3.9142075370407765
      vertex 15.556230589874906 -1.7119017293312764 0
      vertex 15.550591835972153 -1.7133495152603566 0
    endloop
  endfacet
  facet normal 0 1 0
    outer loop
      vertex 15.075348623435177 -1.7964481111708888 3.802367925886074
      vertex 15.113022935152765 -1.7964481111708888 3.807127298268742
      vertex 15.113022935152765 -1.7964481111708888 0
    endloop
  endfacet
  facet normal -0.12533323356430423 0.9921147013144779 5.115742786953489e-17
    outer loop
      vertex 15.113022935152765 -1.7964481111708888 3.807127298268742
      vertex 15.22485757750287 -1.7823201103140571 3.821255299125574
      vertex 15.337286366254304 -1.7681170513116395 0
    endloop
  endfacet
  facet normal -0.12533323356430595 0.9921147013144777 0
    outer loop
      vertex 15.22485757750287 -1.7823201103140571 3.821255299125574
      vertex 15.337286366254304 -1.7681170513116395 3.8501221057259443
      vertex 15.337286366254304 -1.7681170513116395 0
    endloop
  endfacet
  facet normal -0.2486898871648448 0.9685831611286336 8.355702089279749e-17
    outer loop
      vertex 15.337286366254304 -1.7681170513116395 3.8501221057259443
      vertex 15.370820393249938 -1.759506976591768 3.858732180445816
      vertex 15.37674311717588 -1.7579862795530796 0
    endloop
  endfacet
  facet normal -0.24868988716485632 0.9685831611286306 -5.03482956296476e-17
    outer loop
      vertex 15.370820393249938 -1.759506976591768 3.858732180445816
      vertex 15.510935149878087 -1.7235316216461143 3.9142075370407765
      vertex 15.550591835972153 -1.7133495152603566 0
    endloop
  endfacet
  facet normal -0.24868988716485363 0.9685831611286313 0
    outer loop
      vertex 15.510935149878087 -1.7235316216461143 3.9142075370407765
      vertex 15.556230589874906 -1.7119017293312764 3.9391089159021457
      vertex 15.556230589874906 -1.7119017293312764 0
    endloop
  endfacet
  facet normal -0.36812455268467875 0.9297764858882511 0
    outer loop
      vertex 15.556230589874906 -1.7119017293312764 3.9391089159021457
      vertex 15.76640272481713 -1.6286886944388352 0
      vertex 15.556230589874906 -1.7119017293312764 0
    endloop
  endfacet
  facet normal -0.3681245526846799 0.9297764858882507 -6.877318098920633e-17
    outer loop
      vertex 15.556230589874906 -1.7119017293312764 3.9391089159021457
      vertex 15.642992153974795 -1.677550396017031 3.9868064893975816
      vertex 15.76640272481713 -1.6286886944388352 0
    endloop
  endfacet
  facet normal -0.36812455268467825 0.9297764858882515 -9.736052504842601e-18
    outer loop
      vertex 15.642992153974795 -1.677550396017031 3.9868064893975816
      vertex 15.764908787698428 -1.6292801859875121 4.075384108669053
      vertex 15.76640272481713 -1.6286886944388352 0
    endloop
  endfacet
  facet normal 0.6845471059286873 0.7289686274214128 -1.227873598314969e-16
    outer loop
      vertex 13.8 -1.3374945743622886 5
      vertex 13.852636818452359 -1.386923836996421 0
      vertex 13.687856470641458 -1.2321847906716394 0
    endloop
  endfacet
  facet normal 0.5877852522924736 0.8090169943749471 4.1247874206332256e-17
    outer loop
      vertex 13.884268216934098 -1.409905393213689 4.558250536778386
      vertex 14.035511769037806 -1.519790265903627 0
      vertex 13.852636818452359 -1.386923836996421 0
    endloop
  endfacet
  facet normal 0.5877852522924693 0.8090169943749501 -1.7810450791355234e-16
    outer loop
      vertex 13.884268216934098 -1.409905393213689 4.558250536778386
      vertex 13.948431983947364 -1.4565230987058537 4.421895591077941
      vertex 14.035511769037806 -1.519790265903627 0
    endloop
  endfacet
  facet normal 0.5877852522924776 0.8090169943749443 0
    outer loop
      vertex 13.852636818452359 -1.386923836996421 4.655601971143467
      vertex 13.884268216934098 -1.409905393213689 4.558250536778386
      vertex 13.852636818452359 -1.386923836996421 0
    endloop
  endfacet
  facet normal 0.6845471059286865 0.7289686274214136 0
    outer loop
      vertex 13.852636818452359 -1.386923836996421 4.655601971143467
      vertex 13.852636818452359 -1.386923836996421 0
      vertex 13.837700206645643 -1.3728974248847832 4.7015721354021744
    endloop
  endfacet
  facet normal 0.6845471059287209 0.7289686274213812 5.456880898030637e-16
    outer loop
      vertex 13.809462358422627 -1.3463803203735836 4.849600119722835
      vertex 13.852636818452359 -1.386923836996421 0
      vertex 13.8 -1.3374945743622886 5
    endloop
  endfacet
  facet normal 0.6845471059286896 0.7289686274214106 1.8161819366858285e-17
    outer loop
      vertex 13.809462358422627 -1.3463803203735836 4.849600119722835
      vertex 13.837700206645643 -1.3728974248847832 4.7015721354021744
      vertex 13.852636818452359 -1.386923836996421 0
    endloop
  endfacet
  facet normal -0.48175367410171527 0.8763066800438636 0
    outer loop
      vertex 15.76640272481713 -1.6286886944388352 4.076787009003276
      vertex 15.964488230962193 -1.5197902659036275 0
      vertex 15.76640272481713 -1.6286886944388352 0
    endloop
  endfacet
  facet normal -0.3681245526846533 0.9297764858882611 0
    outer loop
      vertex 15.764908787698428 -1.6292801859875121 4.075384108669053
      vertex 15.76640272481713 -1.6286886944388352 4.076787009003276
      vertex 15.76640272481713 -1.6286886944388352 0
    endloop
  endfacet
  facet normal -0.4817536741017125 0.8763066800438651 1.7771230661725467e-16
    outer loop
      vertex 15.76640272481713 -1.6286886944388352 4.076787009003276
      vertex 15.874762352905694 -1.569117484787269 4.178543472885574
      vertex 15.964488230962193 -1.5197902659036275 0
    endloop
  endfacet
  facet normal -0.48175367410171877 0.8763066800438617 0
    outer loop
      vertex 15.874762352905694 -1.569117484787269 4.178543472885574
      vertex 15.964488230962193 -1.5197902659036275 4.287003427914056
      vertex 15.964488230962193 -1.5197902659036275 0
    endloop
  endfacet
  facet normal -0.5877852522924694 0.8090169943749501 0
    outer loop
      vertex 15.964488230962193 -1.5197902659036275 4.287003427914056
      vertex 16.147363181547643 -1.3869238369964203 0
      vertex 15.964488230962193 -1.5197902659036275 0
    endloop
  endfacet
  facet normal -0.6845471059286935 0.7289686274214069 0
    outer loop
      vertex 16.147363181547643 -1.3869238369964203 4.6556019711434695
      vertex 16.31214352935854 -1.2321847906716394 0
      vertex 16.147363181547643 -1.3869238369964203 0
    endloop
  endfacet
  facet normal -0.5877852522924283 0.8090169943749799 2.676358123393566e-15
    outer loop
      vertex 15.964488230962193 -1.5197902659036275 4.287003427914056
      vertex 15.970820393249937 -1.51518968070735 4.294657697249033
      vertex 16.147363181547643 -1.3869238369964203 0
    endloop
  endfacet
  facet normal -0.5877852522924812 0.8090169943749415 -6.53732621653681e-16
    outer loop
      vertex 15.970820393249937 -1.51518968070735 4.294657697249033
      vertex 16.051568016052634 -1.4565230987058537 4.421895591077941
      vertex 16.147363181547643 -1.3869238369964203 0
    endloop
  endfacet
  facet normal -0.5877852522924693 0.8090169943749503 -2.5298565540652545e-16
    outer loop
      vertex 16.051568016052634 -1.4565230987058537 4.421895591077941
      vertex 16.1157317830659 -1.409905393213689 4.558250536778386
      vertex 16.147363181547643 -1.3869238369964203 0
    endloop
  endfacet
  facet normal -0.5877852522924455 0.8090169943749674 0
    outer loop
      vertex 16.1157317830659 -1.409905393213689 4.558250536778386
      vertex 16.147363181547643 -1.3869238369964203 4.6556019711434695
      vertex 16.147363181547643 -1.3869238369964203 0
    endloop
  endfacet
  facet normal -0.6845471059287157 0.7289686274213861 -1.4799724874791664e-15
    outer loop
      vertex 16.147363181547643 -1.3869238369964203 4.6556019711434695
      vertex 16.162299793354357 -1.372897424884783 4.7015721354021744
      vertex 16.31214352935854 -1.2321847906716394 0
    endloop
  endfacet
  facet normal -0.6845471059287067 0.7289686274213946 -9.38564237891188e-16
    outer loop
      vertex 16.162299793354357 -1.372897424884783 4.7015721354021744
      vertex 16.19053764157737 -1.3463803203735836 4.849600119722835
      vertex 16.31214352935854 -1.2321847906716394 0
    endloop
  endfacet
  facet normal -0.6845471059286591 0.7289686274214392 1.3078451586491933e-15
    outer loop
      vertex 16.19053764157737 -1.3463803203735836 4.849600119722835
      vertex 16.2 -1.3374945743622886 5
      vertex 16.31214352935854 -1.2321847906716394 0
    endloop
  endfacet
  facet normal 0.4817536741017148 0.8763066800438639 0
    outer loop
      vertex 14.035511769037806 -1.519790265903627 5.7129965720859435
      vertex 14.035511769037806 -1.519790265903627 90.5
      vertex 14.125237647094306 -1.569117484787269 5.821456527114426
    endloop
  endfacet
  facet normal 0.36812455268477284 0.9297764858882138 0
    outer loop
      vertex 14.235091212301572 -1.6292801859875123 5.924615891330947
      vertex 14.23359727518287 -1.6286886944388352 5.923212990996724
      vertex 14.23359727518287 -1.6286886944388352 90.5
    endloop
  endfacet
  facet normal 0.3681245526846819 0.9297764858882498 9.124141921884753e-18
    outer loop
      vertex 14.357007846025205 -1.6775503960170308 6.013193510602418
      vertex 14.23359727518287 -1.6286886944388352 90.5
      vertex 14.443769410125094 -1.7119017293312764 6.060891084097855
    endloop
  endfacet
  facet normal 0.3681245526846753 0.9297764858882525 -1.991929365381249e-18
    outer loop
      vertex 14.235091212301572 -1.6292801859875123 5.924615891330947
      vertex 14.23359727518287 -1.6286886944388352 90.5
      vertex 14.357007846025205 -1.6775503960170308 6.013193510602418
    endloop
  endfacet
  facet normal 0.48175367410171227 0.8763066800438652 -3.392871645510299e-18
    outer loop
      vertex 14.125237647094306 -1.569117484787269 5.821456527114426
      vertex 14.035511769037806 -1.519790265903627 90.5
      vertex 14.23359727518287 -1.6286886944388352 5.923212990996724
    endloop
  endfacet
  facet normal 0.24868988716485638 0.9685831611286306 1.5445599009248968e-18
    outer loop
      vertex 14.489064850121913 -1.7235316216461143 6.0857924629592235
      vertex 14.443769410125094 -1.7119017293312764 90.5
      vertex 14.629179606750062 -1.759506976591768 6.141267819554184
    endloop
  endfacet
  facet normal 0.24868988716484478 0.9685831611286337 -2.5599737561932922e-17
    outer loop
      vertex 14.629179606750062 -1.759506976591768 6.141267819554184
      vertex 14.443769410125094 -1.7119017293312764 90.5
      vertex 14.662713633745696 -1.7681170513116395 6.149877894274056
    endloop
  endfacet
  facet normal 0.24868988716485366 0.9685831611286314 0
    outer loop
      vertex 14.443769410125094 -1.7119017293312764 6.060891084097855
      vertex 14.443769410125094 -1.7119017293312764 90.5
      vertex 14.489064850121913 -1.7235316216461143 6.0857924629592235
    endloop
  endfacet
  facet normal 0.125333233564304 0.9921147013144779 0
    outer loop
      vertex 14.662713633745696 -1.7681170513116395 6.149877894274056
      vertex 14.662713633745696 -1.7681170513116395 90.5
      vertex 14.775142422497131 -1.7823201103140571 6.178744700874427
    endloop
  endfacet
  facet normal 0.12533323356430617 0.9921147013144775 2.9424243195902006e-18
    outer loop
      vertex 14.775142422497131 -1.7823201103140571 6.178744700874427
      vertex 14.662713633745696 -1.7681170513116395 90.5
      vertex 14.886977064847235 -1.7964481111708888 6.192872701731258
    endloop
  endfacet
  facet normal 0 1 0
    outer loop
      vertex 14.886977064847235 -1.7964481111708888 6.192872701731258
      vertex 14.886977064847235 -1.7964481111708888 90.5
      vertex 14.924651376564825 -1.7964481111708888 6.197632074113926
    endloop
  endfacet
  facet normal 0 1 0
    outer loop
      vertex 14.924651376564825 -1.7964481111708888 6.197632074113926
      vertex 14.886977064847235 -1.7964481111708888 90.5
      vertex 15.075348623435175 -1.7964481111708888 6.197632074113926
    endloop
  endfacet
  facet normal 0 1 0
    outer loop
      vertex 15.075348623435175 -1.7964481111708888 6.197632074113926
      vertex 15.113022935152765 -1.7964481111708888 90.5
      vertex 15.113022935152765 -1.7964481111708888 6.192872701731258
    endloop
  endfacet
  facet normal -0.12533323356430617 0.9921147013144777 0
    outer loop
      vertex 15.113022935152765 -1.7964481111708888 6.192872701731258
      vertex 15.113022935152765 -1.7964481111708888 90.5
      vertex 15.224857577502869 -1.7823201103140571 6.178744700874427
    endloop
  endfacet
  facet normal -0.125333233564304 0.9921147013144779 0
    outer loop
      vertex 15.224857577502869 -1.7823201103140571 6.178744700874427
      vertex 15.337286366254304 -1.7681170513116395 90.5
      vertex 15.337286366254304 -1.7681170513116395 6.149877894274056
    endloop
  endfacet
  facet normal -0.24868988716484478 0.9685831611286337 0
    outer loop
      vertex 15.337286366254304 -1.7681170513116395 6.149877894274056
      vertex 15.337286366254304 -1.7681170513116395 90.5
      vertex 15.370820393249938 -1.759506976591768 6.141267819554184
    endloop
  endfacet
  facet normal -0.24868988716485638 0.9685831611286307 -4.9227909062926e-18
    outer loop
      vertex 15.370820393249938 -1.759506976591768 6.141267819554184
      vertex 15.337286366254304 -1.7681170513116395 90.5
      vertex 15.510935149878087 -1.7235316216461143 6.0857924629592235
    endloop
  endfacet
  facet normal -0.24868988716485368 0.9685831611286314 0
    outer loop
      vertex 15.510935149878087 -1.7235316216461143 6.0857924629592235
      vertex 15.556230589874906 -1.7119017293312764 90.5
      vertex 15.556230589874906 -1.7119017293312764 6.060891084097855
    endloop
  endfacet
  facet normal -0.3681245526846819 0.9297764858882498 0
    outer loop
      vertex 15.556230589874906 -1.7119017293312764 6.060891084097855
      vertex 15.556230589874906 -1.7119017293312764 90.5
      vertex 15.642992153974795 -1.6775503960170308 6.013193510602418
    endloop
  endfacet
  facet normal -0.3681245526846753 0.9297764858882523 7.835218487826875e-18
    outer loop
      vertex 15.642992153974795 -1.6775503960170308 6.013193510602418
      vertex 15.556230589874906 -1.7119017293312764 90.5
      vertex 15.764908787698428 -1.6292801859875123 5.924615891330947
    endloop
  endfacet
  facet normal 0.7705132427757898 0.6374239897486891 0
    outer loop
      vertex 13.543769410125094 -1.0580134541264516 90.5
      vertex 13.687856470641458 -1.2321847906716394 0
      vertex 13.543769410125094 -1.0580134541264516 0
    endloop
  endfacet
  facet normal 0.8443279255020147 0.5358267949789974 0
    outer loop
      vertex 13.422647975921045 -0.8671566133830877 90.5
      vertex 13.543769410125094 -1.0580134541264516 0
      vertex 13.422647975921045 -0.8671566133830877 0
    endloop
  endfacet
  facet normal 0.6845471059286895 0.7289686274214108 6.900652672264868e-18
    outer loop
      vertex 13.809462358422627 -1.3463803203735836 5.150399880277165
      vertex 13.687856470641458 -1.2321847906716394 90.5
      vertex 13.837700206645643 -1.3728974248847832 5.2984278645978256
    endloop
  endfacet
  facet normal 0.6845471059286844 0.7289686274214155 0
    outer loop
      vertex 13.8 -1.3374945743622886 5
      vertex 13.687856470641458 -1.2321847906716394 0
      vertex 13.687856470641458 -1.2321847906716394 90.5
    endloop
  endfacet
  facet normal 0.6845471059287157 0.7289686274213861 7.751356401831007e-17
    outer loop
      vertex 13.8 -1.3374945743622886 5
      vertex 13.687856470641458 -1.2321847906716394 90.5
      vertex 13.809462358422627 -1.3463803203735836 5.150399880277165
    endloop
  endfacet
  facet normal 0.5877852522924749 0.8090169943749462 4.6988873779089226e-18
    outer loop
      vertex 13.948431983947364 -1.4565230987058537 5.578104408922059
      vertex 13.852636818452359 -1.386923836996421 90.5
      vertex 14.029179606750063 -1.5151896807073502 5.705342302750967
    endloop
  endfacet
  facet normal 0.5877852522924695 0.80901699437495 -4.52863841948047e-18
    outer loop
      vertex 13.884268216934098 -1.409905393213689 5.441749463221614
      vertex 13.852636818452359 -1.386923836996421 90.5
      vertex 13.948431983947364 -1.4565230987058537 5.578104408922059
    endloop
  endfacet
  facet normal 0.5877852522924784 0.8090169943749436 1.5806201115192125e-17
    outer loop
      vertex 14.029179606750063 -1.5151896807073502 5.705342302750967
      vertex 13.852636818452359 -1.386923836996421 90.5
      vertex 14.035511769037806 -1.519790265903627 5.7129965720859435
    endloop
  endfacet
  facet normal 0.5877852522924775 0.8090169943749443 0
    outer loop
      vertex 13.852636818452359 -1.386923836996421 5.344398028856533
      vertex 13.852636818452359 -1.386923836996421 90.5
      vertex 13.884268216934098 -1.409905393213689 5.441749463221614
    endloop
  endfacet
  facet normal 0.6845471059286864 0.7289686274214137 -3.2120210310331988e-18
    outer loop
      vertex 13.852636818452359 -1.386923836996421 5.344398028856533
      vertex 13.837700206645643 -1.3728974248847832 5.2984278645978256
      vertex 13.687856470641458 -1.2321847906716394 90.5
    endloop
  endfacet
  facet normal 0.9048270524660212 0.4257792915650689 0
    outer loop
      vertex 13.326402325401148 -0.6626241948324202 90.5
      vertex 13.422647975921045 -0.8671566133830877 0
      vertex 13.326402325401148 -0.6626241948324202 0
    endloop
  endfacet
  facet normal 0.9510565162951533 0.30901699437494823 0
    outer loop
      vertex 13.256550309968464 -0.4476417968967387 90.5
      vertex 13.326402325401148 -0.6626241948324202 0
      vertex 13.256550309968464 -0.4476417968967387 0
    endloop
  endfacet
  facet normal 0.9822872507286879 0.18738131458572846 0
    outer loop
      vertex 13.214193537633939 -0.22559982041574733 90.5
      vertex 13.256550309968464 -0.4476417968967387 0
      vertex 13.214193537633939 -0.22559982041574733 0
    endloop
  endfacet
  facet normal 0.9980267284282716 0.06279051952931262 0
    outer loop
      vertex 13.2 0 90.5
      vertex 13.214193537633939 -0.22559982041574733 0
      vertex 13.2 0 0
    endloop
  endfacet
  facet normal -0.36812455268477284 0.9297764858882138 0
    outer loop
      vertex 15.764908787698428 -1.6292801859875123 5.924615891330947
      vertex 15.76640272481713 -1.6286886944388352 90.5
      vertex 15.76640272481713 -1.6286886944388352 5.923212990996724
    endloop
  endfacet
  facet normal -0.48175367410171094 0.876306680043866 0
    outer loop
      vertex 15.76640272481713 -1.6286886944388352 5.923212990996724
      vertex 15.76640272481713 -1.6286886944388352 90.5
      vertex 15.874762352905694 -1.5691174847872693 5.821456527114426
    endloop
  endfacet
  facet normal -0.5877852522924262 0.8090169943749815 0
    outer loop
      vertex 15.964488230962193 -1.5197902659036275 5.712996572085944
      vertex 15.964488230962193 -1.5197902659036275 90.5
      vertex 15.970820393249937 -1.51518968070735 5.705342302750967
    endloop
  endfacet
  facet normal -0.5877852522924819 0.809016994374941 -6.354808448416866e-18
    outer loop
      vertex 15.970820393249937 -1.51518968070735 5.705342302750967
      vertex 15.964488230962193 -1.5197902659036275 90.5
      vertex 16.051568016052634 -1.4565230987058537 5.578104408922059
    endloop
  endfacet
  facet normal -0.48175367410172043 0.8763066800438608 0
    outer loop
      vertex 15.874762352905694 -1.5691174847872693 5.821456527114426
      vertex 15.964488230962193 -1.5197902659036275 90.5
      vertex 15.964488230962193 -1.5197902659036275 5.712996572085944
    endloop
  endfacet
  facet normal -0.7705132427757859 0.6374239897486937 0
    outer loop
      vertex 16.31214352935854 -1.2321847906716394 90.5
      vertex 16.456230589874906 -1.0580134541264516 0
      vertex 16.31214352935854 -1.2321847906716394 0
    endloop
  endfacet
  facet normal -0.8443279255020147 0.5358267949789974 0
    outer loop
      vertex 16.456230589874906 -1.0580134541264516 90.5
      vertex 16.577352024078955 -0.8671566133830877 0
      vertex 16.456230589874906 -1.0580134541264516 0
    endloop
  endfacet
  facet normal -0.9048270524660206 0.42577929156507044 0
    outer loop
      vertex 16.577352024078955 -0.8671566133830877 90.5
      vertex 16.673597674598852 -0.6626241948324211 0
      vertex 16.577352024078955 -0.8671566133830877 0
    endloop
  endfacet
  facet normal -0.5877852522924695 0.80901699437495 1.3035183604718571e-17
    outer loop
      vertex 16.051568016052634 -1.4565230987058537 5.578104408922059
      vertex 15.964488230962193 -1.5197902659036275 90.5
      vertex 16.1157317830659 -1.409905393213689 5.441749463221614
    endloop
  endfacet
  facet normal -0.6845471059286475 0.7289686274214502 6.170942811064627e-17
    outer loop
      vertex 16.19053764157737 -1.3463803203735836 5.150399880277165
      vertex 16.147363181547643 -1.3869238369964203 90.5
      vertex 16.2 -1.3374945743622886 5
    endloop
  endfacet
  facet normal -0.5877852522924454 0.8090169943749675 0
    outer loop
      vertex 16.147363181547643 -1.3869238369964203 5.3443980288565305
      vertex 16.1157317830659 -1.409905393213689 5.441749463221614
      vertex 16.147363181547643 -1.3869238369964203 90.5
    endloop
  endfacet
  facet normal -0.6845471059287181 0.7289686274213838 0
    outer loop
      vertex 16.147363181547643 -1.3869238369964203 5.3443980288565305
      vertex 16.147363181547643 -1.3869238369964203 90.5
      vertex 16.162299793354357 -1.372897424884783 5.2984278645978256
    endloop
  endfacet
  facet normal -0.6845471059287093 0.7289686274213922 2.926369832363457e-18
    outer loop
      vertex 16.162299793354357 -1.372897424884783 5.2984278645978256
      vertex 16.147363181547643 -1.3869238369964203 90.5
      vertex 16.19053764157737 -1.3463803203735836 5.150399880277165
    endloop
  endfacet
  facet normal -0.6845471059286902 0.7289686274214101 0
    outer loop
      vertex 16.2 -1.3374945743622886 5
      vertex 16.31214352935854 -1.2321847906716394 90.5
      vertex 16.31214352935854 -1.2321847906716394 0
    endloop
  endfacet
  facet normal -0.9510565162951541 0.3090169943749461 0
    outer loop
      vertex 16.673597674598852 -0.6626241948324211 90.5
      vertex 16.743449690031536 -0.447641796896738 0
      vertex 16.673597674598852 -0.6626241948324211 0
    endloop
  endfacet
  facet normal -0.9822872507286878 0.1873813145857291 0
    outer loop
      vertex 16.743449690031536 -0.447641796896738 90.5
      vertex 16.78580646236606 -0.22559982041574733 0
      vertex 16.743449690031536 -0.447641796896738 0
    endloop
  endfacet
  facet normal -0.9980267284282716 0.06279051952931262 0
    outer loop
      vertex 16.78580646236606 -0.22559982041574733 90.5
      vertex 16.8 0 0
      vertex 16.78580646236606 -0.22559982041574733 0
    endloop
  endfacet
  facet normal 0.48175367410171344 0.8763066800438646 0
    outer loop
      vertex 14.23359727518287 -1.6286886944388352 5.923212990996724
      vertex 14.035511769037806 -1.519790265903627 90.5
      vertex 14.23359727518287 -1.6286886944388352 90.5
    endloop
  endfacet
  facet normal 0.3681245526846788 0.9297764858882511 0
    outer loop
      vertex 14.443769410125094 -1.7119017293312764 6.060891084097855
      vertex 14.23359727518287 -1.6286886944388352 90.5
      vertex 14.443769410125094 -1.7119017293312764 90.5
    endloop
  endfacet
  facet normal 0.24868988716485407 0.9685831611286314 0
    outer loop
      vertex 14.662713633745696 -1.7681170513116395 6.149877894274056
      vertex 14.443769410125094 -1.7119017293312764 90.5
      vertex 14.662713633745696 -1.7681170513116395 90.5
    endloop
  endfacet
  facet normal 0.12533323356430506 0.9921147013144777 0
    outer loop
      vertex 14.886977064847235 -1.7964481111708888 6.192872701731258
      vertex 14.662713633745696 -1.7681170513116395 90.5
      vertex 14.886977064847235 -1.7964481111708888 90.5
    endloop
  endfacet
  facet normal 0 1 0
    outer loop
      vertex 14.886977064847235 -1.7964481111708888 90.5
      vertex 15.113022935152765 -1.7964481111708888 90.5
      vertex 15.075348623435175 -1.7964481111708888 6.197632074113926
    endloop
  endfacet
  facet normal -0.12533323356430506 0.9921147013144777 1.4675615969093036e-18
    outer loop
      vertex 15.224857577502869 -1.7823201103140571 6.178744700874427
      vertex 15.113022935152765 -1.7964481111708888 90.5
      vertex 15.337286366254304 -1.7681170513116395 90.5
    endloop
  endfacet
  facet normal -0.24868988716485402 0.9685831611286313 2.045505487773203e-19
    outer loop
      vertex 15.510935149878087 -1.7235316216461143 6.0857924629592235
      vertex 15.337286366254304 -1.7681170513116395 90.5
      vertex 15.556230589874906 -1.7119017293312764 90.5
    endloop
  endfacet
  facet normal -0.36812455268467875 0.9297764858882511 -1.9225135760890994e-18
    outer loop
      vertex 15.764908787698428 -1.6292801859875123 5.924615891330947
      vertex 15.556230589874906 -1.7119017293312764 90.5
      vertex 15.76640272481713 -1.6286886944388352 90.5
    endloop
  endfacet
  facet normal 0.7705132427757898 0.6374239897486891 0
    outer loop
      vertex 13.543769410125094 -1.0580134541264516 90.5
      vertex 13.687856470641458 -1.2321847906716394 90.5
      vertex 13.687856470641458 -1.2321847906716394 0
    endloop
  endfacet
  facet normal 0.5877852522924736 0.809016994374947 0
    outer loop
      vertex 14.035511769037806 -1.519790265903627 5.7129965720859435
      vertex 13.852636818452359 -1.386923836996421 90.5
      vertex 14.035511769037806 -1.519790265903627 90.5
    endloop
  endfacet
  facet normal 0.6845471059286873 0.7289686274214129 0
    outer loop
      vertex 13.852636818452359 -1.386923836996421 5.344398028856533
      vertex 13.687856470641458 -1.2321847906716394 90.5
      vertex 13.852636818452359 -1.386923836996421 90.5
    endloop
  endfacet
  facet normal 0.8443279255020147 0.5358267949789974 0
    outer loop
      vertex 13.543769410125094 -1.0580134541264516 90.5
      vertex 13.543769410125094 -1.0580134541264516 0
      vertex 13.422647975921045 -0.8671566133830877 90.5
    endloop
  endfacet
  facet normal 0.9048270524660212 0.4257792915650689 0
    outer loop
      vertex 13.326402325401148 -0.6626241948324202 90.5
      vertex 13.422647975921045 -0.8671566133830877 90.5
      vertex 13.422647975921045 -0.8671566133830877 0
    endloop
  endfacet
  facet normal 0.9510565162951533 0.30901699437494823 0
    outer loop
      vertex 13.326402325401148 -0.6626241948324202 90.5
      vertex 13.326402325401148 -0.6626241948324202 0
      vertex 13.256550309968464 -0.4476417968967387 90.5
    endloop
  endfacet
  facet normal 0.9822872507286879 0.18738131458572846 0
    outer loop
      vertex 13.214193537633939 -0.22559982041574733 90.5
      vertex 13.256550309968464 -0.4476417968967387 90.5
      vertex 13.256550309968464 -0.4476417968967387 0
    endloop
  endfacet
  facet normal 0.9980267284282716 0.06279051952931262 0
    outer loop
      vertex 13.214193537633939 -0.22559982041574733 90.5
      vertex 13.214193537633939 -0.22559982041574733 0
      vertex 13.2 0 90.5
    endloop
  endfacet
  facet normal -0.48175367410171516 0.8763066800438636 -7.159577436073266e-18
    outer loop
      vertex 15.874762352905694 -1.5691174847872693 5.821456527114426
      vertex 15.76640272481713 -1.6286886944388352 90.5
      vertex 15.964488230962193 -1.5197902659036275 90.5
    endloop
  endfacet
  facet normal -0.5877852522924694 0.8090169943749502 1.357856052912366e-17
    outer loop
      vertex 16.1157317830659 -1.409905393213689 5.441749463221614
      vertex 15.964488230962193 -1.5197902659036275 90.5
      vertex 16.147363181547643 -1.3869238369964203 90.5
    endloop
  endfacet
  facet normal -0.6845471059286936 0.7289686274214069 8.437143146316419e-18
    outer loop
      vertex 16.2 -1.3374945743622886 5
      vertex 16.147363181547643 -1.3869238369964203 90.5
      vertex 16.31214352935854 -1.2321847906716394 90.5
    endloop
  endfacet
  facet normal -0.7705132427757859 0.6374239897486937 0
    outer loop
      vertex 16.31214352935854 -1.2321847906716394 90.5
      vertex 16.456230589874906 -1.0580134541264516 90.5
      vertex 16.456230589874906 -1.0580134541264516 0
    endloop
  endfacet
  facet normal -0.8443279255020147 0.5358267949789974 0
    outer loop
      vertex 16.456230589874906 -1.0580134541264516 90.5
      vertex 16.577352024078955 -0.8671566133830877 90.5
      vertex 16.577352024078955 -0.8671566133830877 0
    endloop
  endfacet
  facet normal -0.9048270524660206 0.42577929156507044 0
    outer loop
      vertex 16.577352024078955 -0.8671566133830877 90.5
      vertex 16.673597674598852 -0.6626241948324211 90.5
      vertex 16.673597674598852 -0.6626241948324211 0
    endloop
  endfacet
  facet normal -0.9510565162951541 0.3090169943749461 0
    outer loop
      vertex 16.673597674598852 -0.6626241948324211 90.5
      vertex 16.743449690031536 -0.447641796896738 90.5
      vertex 16.743449690031536 -0.447641796896738 0
    endloop
  endfacet
  facet normal -0.9822872507286878 0.1873813145857291 0
    outer loop
      vertex 16.743449690031536 -0.447641796896738 90.5
      vertex 16.78580646236606 -0.22559982041574733 90.5
      vertex 16.78580646236606 -0.22559982041574733 0
    endloop
  endfacet
  facet normal -0.9980267284282716 0.06279051952931262 0
    outer loop
      vertex 16.78580646236606 -0.22559982041574733 90.5
      vertex 16.8 0 90.5
      vertex 16.8 0 0
    endloop
  endfacet
  facet normal 0.6845471059286873 -0.7289686274214129 0
    outer loop
      vertex 13.852636818452359 1.386923836996421 4.655601971143467
      vertex 13.687856470641458 1.2321847906716394 0
      vertex 13.852636818452359 1.386923836996421 0
    endloop
  endfacet
  facet normal 0.5877852522924736 -0.8090169943749471 -4.685856222696161e-17
    outer loop
      vertex 13.948431983947364 1.4565230987058537 4.421895591077941
      vertex 13.852636818452359 1.386923836996421 0
      vertex 14.035511769037806 1.519790265903627 0
    endloop
  endfacet
  facet normal 0.6845471059286865 -0.7289686274214136 4.9195761356644413e-17
    outer loop
      vertex 13.837700206645643 1.3728974248847832 4.7015721354021744
      vertex 13.687856470641458 1.2321847906716394 0
      vertex 13.852636818452359 1.386923836996421 4.655601971143467
    endloop
  endfacet
  facet normal 0.5877852522924776 -0.8090169943749443 0
    outer loop
      vertex 13.852636818452359 1.386923836996421 4.655601971143467
      vertex 13.852636818452359 1.386923836996421 0
      vertex 13.884268216934098 1.409905393213689 4.558250536778386
    endloop
  endfacet
  facet normal 0.5877852522924697 -0.8090169943749499 8.334340516897227e-17
    outer loop
      vertex 13.884268216934098 1.409905393213689 4.558250536778386
      vertex 13.852636818452359 1.386923836996421 0
      vertex 13.948431983947364 1.4565230987058537 4.421895591077941
    endloop
  endfacet
  facet normal 0.6845471059287079 -0.7289686274213935 -9.950460340759165e-16
    outer loop
      vertex 13.809462358422627 1.3463803203735836 4.849600119722835
      vertex 13.8 1.3374945743622886 5
      vertex 13.687856470641458 1.2321847906716394 0
    endloop
  endfacet
  facet normal 0.6845471059286893 -0.728968627421411 -1.0813892306137244e-16
    outer loop
      vertex 13.809462358422627 1.3463803203735836 4.849600119722835
      vertex 13.687856470641458 1.2321847906716394 0
      vertex 13.837700206645643 1.3728974248847832 4.7015721354021744
    endloop
  endfacet
  facet normal 0.48175367410171266 -0.876306680043865 0
    outer loop
      vertex 14.23359727518287 1.628688694438835 4.076787009003277
      vertex 14.035511769037806 1.519790265903627 0
      vertex 14.23359727518287 1.628688694438835 0
    endloop
  endfacet
  facet normal 0.3681245526846796 -0.9297764858882507 0
    outer loop
      vertex 14.443769410125094 1.7119017293312764 3.9391089159021457
      vertex 14.23359727518287 1.628688694438835 0
      vertex 14.443769410125094 1.7119017293312764 0
    endloop
  endfacet
  facet normal 0.5877852522924749 -0.809016994374946 -8.1127814703916e-18
    outer loop
      vertex 13.948431983947364 1.4565230987058537 4.421895591077941
      vertex 14.035511769037806 1.519790265903627 0
      vertex 14.029179606750063 1.5151896807073502 4.294657697249033
    endloop
  endfacet
  facet normal 0.5877852522924786 -0.8090169943749437 0
    outer loop
      vertex 14.029179606750063 1.5151896807073502 4.294657697249033
      vertex 14.035511769037806 1.519790265903627 0
      vertex 14.035511769037806 1.519790265903627 4.2870034279140565
    endloop
  endfacet
  facet normal 0.4817536741017148 -0.8763066800438639 0
    outer loop
      vertex 14.035511769037806 1.519790265903627 4.2870034279140565
      vertex 14.035511769037806 1.519790265903627 0
      vertex 14.125237647094306 1.569117484787269 4.178543472885574
    endloop
  endfacet
  facet normal 0.481753674101711 -0.8763066800438659 1.0531099651392876e-16
    outer loop
      vertex 14.125237647094306 1.569117484787269 4.178543472885574
      vertex 14.035511769037806 1.519790265903627 0
      vertex 14.23359727518287 1.628688694438835 4.076787009003277
    endloop
  endfacet
  facet normal 0.36812455268489236 -0.9297764858881666 0
    outer loop
      vertex 14.235091212301572 1.6292801859875123 4.075384108669053
      vertex 14.23359727518287 1.628688694438835 4.076787009003277
      vertex 14.23359727518287 1.628688694438835 0
    endloop
  endfacet
  facet normal 0.36812455268467537 -0.9297764858882523 9.196005842464622e-17
    outer loop
      vertex 14.235091212301572 1.6292801859875123 4.075384108669053
      vertex 14.23359727518287 1.628688694438835 0
      vertex 14.357007846025205 1.6775503960170308 3.9868064893975816
    endloop
  endfacet
  facet normal 0.36812455268468197 -0.9297764858882499 -1.398388013447194e-16
    outer loop
      vertex 14.357007846025205 1.6775503960170308 3.9868064893975816
      vertex 14.23359727518287 1.628688694438835 0
      vertex 14.443769410125094 1.7119017293312764 3.9391089159021457
    endloop
  endfacet
  facet normal 0.24868988716485496 -0.9685831611286311 0
    outer loop
      vertex 14.662713633745696 1.7681170513116398 3.8501221057259443
      vertex 14.443769410125094 1.7119017293312764 0
      vertex 14.662713633745696 1.7681170513116398 0
    endloop
  endfacet
  facet normal 0.12533323356430315 -0.992114701314478 0
    outer loop
      vertex 14.886977064847237 1.7964481111708888 3.8071272982687416
      vertex 14.662713633745696 1.7681170513116398 0
      vertex 14.886977064847237 1.7964481111708888 0
    endloop
  endfacet
  facet normal 0 -1 0
    outer loop
      vertex 15.075348623435177 1.7964481111708888 3.802367925886074
      vertex 14.886977064847237 1.7964481111708888 0
      vertex 15.113022935152763 1.7964481111708888 0
    endloop
  endfacet
  facet normal 0.24868988716485363 -0.9685831611286313 0
    outer loop
      vertex 14.443769410125094 1.7119017293312764 3.9391089159021457
      vertex 14.443769410125094 1.7119017293312764 0
      vertex 14.489064850121913 1.7235316216461143 3.9142075370407765
    endloop
  endfacet
  facet normal 0.24868988716485638 -0.9685831611286307 -3.316526309392224e-17
    outer loop
      vertex 14.489064850121913 1.7235316216461143 3.9142075370407765
      vertex 14.443769410125094 1.7119017293312764 0
      vertex 14.629179606750062 1.759506976591768 3.858732180445816
    endloop
  endfacet
  facet normal 0.24868988716485085 -0.9685831611286321 2.485154634783925e-16
    outer loop
      vertex 14.629179606750062 1.759506976591768 3.858732180445816
      vertex 14.443769410125094 1.7119017293312764 0
      vertex 14.662713633745696 1.7681170513116398 3.8501221057259443
    endloop
  endfacet
  facet normal 0.125333233564304 -0.9921147013144779 0
    outer loop
      vertex 14.662713633745696 1.7681170513116398 3.8501221057259443
      vertex 14.662713633745696 1.7681170513116398 0
      vertex 14.77514242249713 1.7823201103140571 3.821255299125574
    endloop
  endfacet
  facet normal 0.12533323356430226 -0.9921147013144781 5.266205810099098e-17
    outer loop
      vertex 14.77514242249713 1.7823201103140571 3.821255299125574
      vertex 14.662713633745696 1.7681170513116398 0
      vertex 14.886977064847237 1.7964481111708888 3.8071272982687416
    endloop
  endfacet
  facet normal 0 -1 0
    outer loop
      vertex 14.886977064847237 1.7964481111708888 3.8071272982687416
      vertex 14.886977064847237 1.7964481111708888 0
      vertex 14.924651376564823 1.7964481111708888 3.802367925886074
    endloop
  endfacet
  facet normal 0 -1 0
    outer loop
      vertex 14.924651376564823 1.7964481111708888 3.802367925886074
      vertex 14.886977064847237 1.7964481111708888 0
      vertex 15.075348623435177 1.7964481111708888 3.802367925886074
    endloop
  endfacet
  facet normal -0.36812455268467953 -0.9297764858882507 3.9544348577114246e-17
    outer loop
      vertex 15.764908787698428 1.6292801859875121 4.075384108669053
      vertex 15.556230589874906 1.7119017293312764 0
      vertex 15.76640272481713 1.628688694438835 0
    endloop
  endfacet
  facet normal -0.3681245526846782 -0.9297764858882512 -4.2145602277899276e-17
    outer loop
      vertex 15.642992153974795 1.677550396017031 3.9868064893975816
      vertex 15.556230589874906 1.7119017293312764 0
      vertex 15.764908787698428 1.6292801859875121 4.075384108669053
    endloop
  endfacet
  facet normal -0.12533323356430315 -0.992114701314478 2.635887901413549e-17
    outer loop
      vertex 15.22485757750287 1.7823201103140571 3.821255299125574
      vertex 15.113022935152763 1.7964481111708888 0
      vertex 15.337286366254304 1.7681170513116398 0
    endloop
  endfacet
  facet normal -0.24868988716485493 -0.9685831611286311 -1.568483002875303e-17
    outer loop
      vertex 15.510935149878087 1.7235316216461143 3.9142075370407765
      vertex 15.337286366254304 1.7681170513116398 0
      vertex 15.556230589874906 1.7119017293312764 0
    endloop
  endfacet
  facet normal -0.12533323356430404 -0.9921147013144779 0
    outer loop
      vertex 15.22485757750287 1.7823201103140571 3.821255299125574
      vertex 15.337286366254304 1.7681170513116398 0
      vertex 15.337286366254304 1.7681170513116398 3.8501221057259443
    endloop
  endfacet
  facet normal -0.2486898871648564 -0.9685831611286307 5.1843844634904726e-17
    outer loop
      vertex 15.370820393249938 1.759506976591768 3.858732180445816
      vertex 15.337286366254304 1.7681170513116398 0
      vertex 15.510935149878087 1.7235316216461143 3.9142075370407765
    endloop
  endfacet
  facet normal -0.24868988716485083 -0.9685831611286322 0
    outer loop
      vertex 15.337286366254304 1.7681170513116398 3.8501221057259443
      vertex 15.337286366254304 1.7681170513116398 0
      vertex 15.370820393249938 1.759506976591768 3.858732180445816
    endloop
  endfacet
  facet normal 0 -1 0
    outer loop
      vertex 15.075348623435177 1.7964481111708888 3.802367925886074
      vertex 15.113022935152763 1.7964481111708888 0
      vertex 15.113022935152763 1.7964481111708888 3.8071272982687416
    endloop
  endfacet
  facet normal -0.12533323356430226 -0.9921147013144781 0
    outer loop
      vertex 15.113022935152763 1.7964481111708888 3.8071272982687416
      vertex 15.113022935152763 1.7964481111708888 0
      vertex 15.22485757750287 1.7823201103140571 3.821255299125574
    endloop
  endfacet
  facet normal -0.3681245526846799 -0.9297764858882507 0
    outer loop
      vertex 15.556230589874906 1.7119017293312764 3.9391089159021457
      vertex 15.556230589874906 1.7119017293312764 0
      vertex 15.642992153974795 1.677550396017031 3.9868064893975816
    endloop
  endfacet
  facet normal -0.24868988716485363 -0.9685831611286313 0
    outer loop
      vertex 15.510935149878087 1.7235316216461143 3.9142075370407765
      vertex 15.556230589874906 1.7119017293312764 0
      vertex 15.556230589874906 1.7119017293312764 3.9391089159021457
    endloop
  endfacet
  facet normal -0.5877852522924711 -0.8090169943749489 -3.123053332765133e-16
    outer loop
      vertex 16.1157317830659 1.409905393213689 4.558250536778386
      vertex 15.964488230962194 1.519790265903627 0
      vertex 16.147363181547643 1.3869238369964205 0
    endloop
  endfacet
  facet normal -0.5877852522924691 -0.8090169943749503 -4.233208593887329e-16
    outer loop
      vertex 16.051568016052634 1.4565230987058537 4.421895591077941
      vertex 15.964488230962194 1.519790265903627 0
      vertex 16.1157317830659 1.409905393213689 4.558250536778386
    endloop
  endfacet
  facet normal -0.6845471059286936 -0.728968627421407 -2.0873851171354755e-16
    outer loop
      vertex 16.2 1.3374945743622884 5
      vertex 16.147363181547643 1.3869238369964205 0
      vertex 16.31214352935854 1.2321847906716397 0
    endloop
  endfacet
  facet normal -0.6845471059287239 -0.7289686274213784 0
    outer loop
      vertex 16.162299793354357 1.372897424884783 4.7015721354021744
      vertex 16.147363181547643 1.3869238369964205 4.655601971143468
      vertex 16.147363181547643 1.3869238369964205 0
    endloop
  endfacet
  facet normal -0.5877852522924417 -0.8090169943749702 0
    outer loop
      vertex 16.1157317830659 1.409905393213689 4.558250536778386
      vertex 16.147363181547643 1.3869238369964205 0
      vertex 16.147363181547643 1.3869238369964205 4.655601971143468
    endloop
  endfacet
  facet normal -0.6845471059286369 -0.7289686274214602 -1.3331240282135696e-15
    outer loop
      vertex 16.19053764157737 1.3463803203735834 4.849600119722835
      vertex 16.147363181547643 1.3869238369964205 0
      vertex 16.2 1.3374945743622884 5
    endloop
  endfacet
  facet normal -0.684547105928712 -0.7289686274213895 -7.052839854130198e-17
    outer loop
      vertex 16.162299793354357 1.372897424884783 4.7015721354021744
      vertex 16.147363181547643 1.3869238369964205 0
      vertex 16.19053764157737 1.3463803203735834 4.849600119722835
    endloop
  endfacet
  facet normal -0.4817536741017127 -0.876306680043865 5.877041156961032e-17
    outer loop
      vertex 15.874762352905694 1.569117484787269 4.178543472885574
      vertex 15.76640272481713 1.628688694438835 0
      vertex 15.964488230962194 1.519790265903627 0
    endloop
  endfacet
  facet normal -0.5877852522924835 -0.80901699437494 1.1281836732263485e-17
    outer loop
      vertex 15.970820393249937 1.5151896807073502 4.294657697249033
      vertex 15.964488230962194 1.519790265903627 0
      vertex 16.051568016052634 1.4565230987058537 4.421895591077941
    endloop
  endfacet
  facet normal -0.5877852522924785 -0.8090169943749437 0
    outer loop
      vertex 15.964488230962194 1.519790265903627 4.2870034279140565
      vertex 15.964488230962194 1.519790265903627 0
      vertex 15.970820393249937 1.5151896807073502 4.294657697249033
    endloop
  endfacet
  facet normal -0.4817536741017148 -0.8763066800438638 0
    outer loop
      vertex 15.874762352905694 1.569117484787269 4.178543472885574
      vertex 15.964488230962194 1.519790265903627 0
      vertex 15.964488230962194 1.519790265903627 4.2870034279140565
    endloop
  endfacet
  facet normal -0.3681245526847728 -0.9297764858882138 0
    outer loop
      vertex 15.764908787698428 1.6292801859875121 4.075384108669053
      vertex 15.76640272481713 1.628688694438835 0
      vertex 15.76640272481713 1.628688694438835 4.076787009003276
    endloop
  endfacet
  facet normal -0.481753674101711 -0.8763066800438659 0
    outer loop
      vertex 15.76640272481713 1.628688694438835 4.076787009003276
      vertex 15.76640272481713 1.628688694438835 0
      vertex 15.874762352905694 1.569117484787269 4.178543472885574
    endloop
  endfacet
  facet normal 0.9980267284282716 -0.06279051952931262 0
    outer loop
      vertex 13.214193537633939 0.22559982041574733 90.5
      vertex 13.2 0 0
      vertex 13.214193537633939 0.22559982041574733 0
    endloop
  endfacet
  facet normal 0.9822872507286879 -0.18738131458572846 0
    outer loop
      vertex 13.256550309968464 0.4476417968967387 90.5
      vertex 13.214193537633939 0.22559982041574733 0
      vertex 13.256550309968464 0.4476417968967387 0
    endloop
  endfacet
  facet normal 0.9510565162951533 -0.30901699437494823 0
    outer loop
      vertex 13.326402325401148 0.6626241948324202 90.5
      vertex 13.256550309968464 0.4476417968967387 0
      vertex 13.326402325401148 0.6626241948324202 0
    endloop
  endfacet
  facet normal 0.9048270524660212 -0.4257792915650689 0
    outer loop
      vertex 13.422647975921045 0.8671566133830877 90.5
      vertex 13.326402325401148 0.6626241948324202 0
      vertex 13.422647975921045 0.8671566133830877 0
    endloop
  endfacet
  facet normal 0.8443279255020147 -0.5358267949789974 0
    outer loop
      vertex 13.543769410125094 1.0580134541264516 90.5
      vertex 13.422647975921045 0.8671566133830877 0
      vertex 13.543769410125094 1.0580134541264516 0
    endloop
  endfacet
  facet normal 0.7705132427757898 -0.6374239897486891 0
    outer loop
      vertex 13.687856470641458 1.2321847906716394 90.5
      vertex 13.543769410125094 1.0580134541264516 0
      vertex 13.687856470641458 1.2321847906716394 0
    endloop
  endfacet
  facet normal 0.6845471059286844 -0.7289686274214155 0
    outer loop
      vertex 13.8 1.3374945743622886 5
      vertex 13.687856470641458 1.2321847906716394 90.5
      vertex 13.687856470641458 1.2321847906716394 0
    endloop
  endfacet
  facet normal 0.6845471059287166 -0.7289686274213854 -2.6785147453304804e-17
    outer loop
      vertex 13.8 1.3374945743622886 5
      vertex 13.809462358422627 1.3463803203735836 5.150399880277165
      vertex 13.852636818452359 1.386923836996421 90.5
    endloop
  endfacet
  facet normal 0.6845471059286895 -0.7289686274214108 -9.864167974258474e-19
    outer loop
      vertex 13.809462358422627 1.3463803203735836 5.150399880277165
      vertex 13.837700206645643 1.3728974248847832 5.2984278645978256
      vertex 13.852636818452359 1.386923836996421 90.5
    endloop
  endfacet
  facet normal 0.6845471059286865 -0.7289686274214136 0
    outer loop
      vertex 13.837700206645643 1.3728974248847832 5.2984278645978256
      vertex 13.852636818452359 1.386923836996421 5.344398028856533
      vertex 13.852636818452359 1.386923836996421 90.5
    endloop
  endfacet
  facet normal 0.5877852522924775 -0.8090169943749443 0
    outer loop
      vertex 13.852636818452359 1.386923836996421 5.344398028856533
      vertex 13.884268216934098 1.409905393213689 5.441749463221614
      vertex 13.852636818452359 1.386923836996421 90.5
    endloop
  endfacet
  facet normal 0.5877852522924695 -0.80901699437495 8.905224442827539e-18
    outer loop
      vertex 13.884268216934098 1.409905393213689 5.441749463221614
      vertex 13.948431983947364 1.4565230987058537 5.578104408922059
      vertex 14.035511769037806 1.519790265903627 90.5
    endloop
  endfacet
  facet normal 0.5877852522924749 -0.8090169943749461 4.0998764183333983e-19
    outer loop
      vertex 13.948431983947364 1.4565230987058537 5.578104408922059
      vertex 14.029179606750063 1.5151896807073502 5.705342302750967
      vertex 14.035511769037806 1.519790265903627 90.5
    endloop
  endfacet
  facet normal 0.5877852522924785 -0.8090169943749437 0
    outer loop
      vertex 14.029179606750063 1.5151896807073502 5.705342302750967
      vertex 14.035511769037806 1.519790265903627 5.7129965720859435
      vertex 14.035511769037806 1.519790265903627 90.5
    endloop
  endfacet
  facet normal 0.4817536741017148 -0.8763066800438639 0
    outer loop
      vertex 14.035511769037806 1.519790265903627 5.7129965720859435
      vertex 14.125237647094306 1.569117484787269 5.821456527114426
      vertex 14.035511769037806 1.519790265903627 90.5
    endloop
  endfacet
  facet normal 0.4817536741017109 -0.876306680043866 0
    outer loop
      vertex 14.125237647094306 1.569117484787269 5.821456527114426
      vertex 14.23359727518287 1.628688694438835 5.923212990996723
      vertex 14.23359727518287 1.628688694438835 90.5
    endloop
  endfacet
  facet normal 0.36812455268489225 -0.9297764858881665 0
    outer loop
      vertex 14.235091212301572 1.6292801859875123 5.924615891330947
      vertex 14.23359727518287 1.628688694438835 90.5
      vertex 14.23359727518287 1.628688694438835 5.923212990996723
    endloop
  endfacet
  facet normal 0.3681245526846753 -0.9297764858882523 7.991922857583413e-18
    outer loop
      vertex 14.235091212301572 1.6292801859875123 5.924615891330947
      vertex 14.357007846025205 1.6775503960170308 6.013193510602418
      vertex 14.443769410125094 1.7119017293312764 90.5
    endloop
  endfacet
  facet normal 0.3681245526846819 -0.9297764858882498 0
    outer loop
      vertex 14.357007846025205 1.6775503960170308 6.013193510602418
      vertex 14.443769410125094 1.7119017293312764 6.060891084097855
      vertex 14.443769410125094 1.7119017293312764 90.5
    endloop
  endfacet
  facet normal 0.24868988716485366 -0.9685831611286314 0
    outer loop
      vertex 14.443769410125094 1.7119017293312764 6.060891084097855
      vertex 14.489064850121913 1.7235316216461143 6.0857924629592235
      vertex 14.443769410125094 1.7119017293312764 90.5
    endloop
  endfacet
  facet normal 0.24868988716485635 -0.9685831611286307 -2.3458786990275203e-18
    outer loop
      vertex 14.489064850121913 1.7235316216461143 6.0857924629592235
      vertex 14.629179606750062 1.759506976591768 6.141267819554184
      vertex 14.662713633745696 1.7681170513116398 90.5
    endloop
  endfacet
  facet normal 0.24868988716485074 -0.9685831611286321 0
    outer loop
      vertex 14.629179606750062 1.759506976591768 6.141267819554184
      vertex 14.662713633745696 1.7681170513116398 6.149877894274056
      vertex 14.662713633745696 1.7681170513116398 90.5
    endloop
  endfacet
  facet normal 0.12533323356430207 -0.9921147013144781 0
    outer loop
      vertex 14.662713633745696 1.7681170513116398 6.149877894274056
      vertex 14.775142422497131 1.7823201103140571 6.178744700874427
      vertex 14.662713633745696 1.7681170513116398 90.5
    endloop
  endfacet
  facet normal 0.12533323356430423 -0.9921147013144778 0
    outer loop
      vertex 14.775142422497131 1.7823201103140571 6.178744700874427
      vertex 14.886977064847237 1.7964481111708888 6.192872701731258
      vertex 14.886977064847237 1.7964481111708888 90.5
    endloop
  endfacet
  facet normal 0 -1 0
    outer loop
      vertex 14.886977064847237 1.7964481111708888 6.192872701731258
      vertex 14.924651376564825 1.7964481111708888 6.197632074113926
      vertex 14.886977064847237 1.7964481111708888 90.5
    endloop
  endfacet
  facet normal 0 -1 0
    outer loop
      vertex 14.924651376564825 1.7964481111708888 6.197632074113926
      vertex 15.075348623435175 1.7964481111708888 6.197632074113926
      vertex 15.113022935152763 1.7964481111708888 90.5
    endloop
  endfacet
  facet normal -0.3681245526846819 -0.9297764858882498 6.7056946654815654e-18
    outer loop
      vertex 15.556230589874906 1.7119017293312764 6.060891084097855
      vertex 15.642992153974795 1.6775503960170308 6.013193510602418
      vertex 15.76640272481713 1.628688694438835 90.5
    endloop
  endfacet
  facet normal -0.3681245526846768 -0.9297764858882519 -1.9552680887177885e-18
    outer loop
      vertex 15.642992153974795 1.6775503960170308 6.013193510602418
      vertex 15.764908787698428 1.6292801859875121 5.924615891330947
      vertex 15.76640272481713 1.628688694438835 90.5
    endloop
  endfacet
  facet normal -0.12533323356430207 -0.9921147013144781 0
    outer loop
      vertex 15.224857577502869 1.7823201103140571 6.178744700874427
      vertex 15.337286366254304 1.7681170513116398 6.149877894274056
      vertex 15.337286366254304 1.7681170513116398 90.5
    endloop
  endfacet
  facet normal -0.2486898871648508 -0.9685831611286321 -1.1501331368404627e-17
    outer loop
      vertex 15.337286366254304 1.7681170513116398 6.149877894274056
      vertex 15.370820393249938 1.759506976591768 6.141267819554184
      vertex 15.556230589874906 1.7119017293312764 90.5
    endloop
  endfacet
  facet normal 0 -1 0
    outer loop
      vertex 15.075348623435175 1.7964481111708888 6.197632074113926
      vertex 15.113022935152763 1.7964481111708888 6.192872701731258
      vertex 15.113022935152763 1.7964481111708888 90.5
    endloop
  endfacet
  facet normal -0.12533323356430423 -0.9921147013144779 2.919614828740619e-18
    outer loop
      vertex 15.113022935152763 1.7964481111708888 6.192872701731258
      vertex 15.224857577502869 1.7823201103140571 6.178744700874427
      vertex 15.337286366254304 1.7681170513116398 90.5
    endloop
  endfacet
  facet normal -0.24868988716485368 -0.9685831611286314 0
    outer loop
      vertex 15.510935149878087 1.7235316216461143 6.0857924629592235
      vertex 15.556230589874906 1.7119017293312764 6.060891084097855
      vertex 15.556230589874906 1.7119017293312764 90.5
    endloop
  endfacet
  facet normal -0.24868988716485635 -0.9685831611286306 1.5623134630044933e-18
    outer loop
      vertex 15.370820393249938 1.759506976591768 6.141267819554184
      vertex 15.510935149878087 1.7235316216461143 6.0857924629592235
      vertex 15.556230589874906 1.7119017293312764 90.5
    endloop
  endfacet
  facet normal -0.9980267284282717 -0.06279051952931253 0
    outer loop
      vertex 16.8 0 90.5
      vertex 16.78580646236606 0.22559982041574766 0
      vertex 16.8 0 0
    endloop
  endfacet
  facet normal -0.9822872507286879 -0.1873813145857288 0
    outer loop
      vertex 16.78580646236606 0.22559982041574766 90.5
      vertex 16.743449690031536 0.44764179689673866 0
      vertex 16.78580646236606 0.22559982041574766 0
    endloop
  endfacet
  facet normal -0.9510565162951534 -0.3090169943749478 0
    outer loop
      vertex 16.743449690031536 0.44764179689673866 90.5
      vertex 16.673597674598852 0.6626241948324204 0
      vertex 16.743449690031536 0.44764179689673866 0
    endloop
  endfacet
  facet normal -0.904827052466021 -0.4257792915650695 0
    outer loop
      vertex 16.673597674598852 0.6626241948324204 90.5
      vertex 16.577352024078955 0.8671566133830876 0
      vertex 16.673597674598852 0.6626241948324204 0
    endloop
  endfacet
  facet normal -0.8443279255020149 -0.5358267949789971 0
    outer loop
      vertex 16.577352024078955 0.8671566133830876 90.5
      vertex 16.456230589874906 1.0580134541264516 0
      vertex 16.577352024078955 0.8671566133830876 0
    endloop
  endfacet
  facet normal -0.7705132427757863 -0.6374239897486932 0
    outer loop
      vertex 16.456230589874906 1.0580134541264516 90.5
      vertex 16.31214352935854 1.2321847906716397 0
      vertex 16.456230589874906 1.0580134541264516 0
    endloop
  endfacet
  facet normal -0.6845471059286886 -0.7289686274214116 0
    outer loop
      vertex 16.2 1.3374945743622884 5
      vertex 16.31214352935854 1.2321847906716397 0
      vertex 16.31214352935854 1.2321847906716397 90.5
    endloop
  endfacet
  facet normal -0.6845471059286489 -0.7289686274214489 -9.799245624042193e-17
    outer loop
      vertex 16.19053764157737 1.3463803203735834 5.150399880277165
      vertex 16.2 1.3374945743622884 5
      vertex 16.31214352935854 1.2321847906716397 90.5
    endloop
  endfacet
  facet normal -0.5877852522924832 -0.80901699437494 3.963409353540626e-17
    outer loop
      vertex 15.970820393249937 1.5151896807073502 5.705342302750967
      vertex 16.051568016052634 1.4565230987058537 5.578104408922059
      vertex 16.147363181547643 1.3869238369964205 90.5
    endloop
  endfacet
  facet normal -0.5877852522924784 -0.8090169943749436 2.379077693626856e-17
    outer loop
      vertex 15.964488230962194 1.519790265903627 5.7129965720859435
      vertex 15.970820393249937 1.5151896807073502 5.705342302750967
      vertex 16.147363181547643 1.3869238369964205 90.5
    endloop
  endfacet
  facet normal -0.6845471059287122 -0.7289686274213895 7.161054659897742e-17
    outer loop
      vertex 16.162299793354357 1.372897424884783 5.2984278645978256
      vertex 16.19053764157737 1.3463803203735834 5.150399880277165
      vertex 16.31214352935854 1.2321847906716397 90.5
    endloop
  endfacet
  facet normal -0.6845471059287238 -0.7289686274213785 1.1019702921853134e-16
    outer loop
      vertex 16.162299793354357 1.372897424884783 5.2984278645978256
      vertex 16.31214352935854 1.2321847906716397 90.5
      vertex 16.147363181547643 1.3869238369964205 5.344398028856532
    endloop
  endfacet
  facet normal -0.5877852522924417 -0.8090169943749702 0
    outer loop
      vertex 16.147363181547643 1.3869238369964205 5.344398028856532
      vertex 16.147363181547643 1.3869238369964205 90.5
      vertex 16.1157317830659 1.409905393213689 5.441749463221614
    endloop
  endfacet
  facet normal -0.5877852522924695 -0.80901699437495 1.5802057463719087e-17
    outer loop
      vertex 16.051568016052634 1.4565230987058537 5.578104408922059
      vertex 16.1157317830659 1.409905393213689 5.441749463221614
      vertex 16.147363181547643 1.3869238369964205 90.5
    endloop
  endfacet
  facet normal -0.48175367410170955 -0.8763066800438667 -9.599344167785252e-18
    outer loop
      vertex 15.76640272481713 1.628688694438835 5.923212990996724
      vertex 15.874762352905694 1.5691174847872693 5.821456527114426
      vertex 15.964488230962194 1.519790265903627 90.5
    endloop
  endfacet
  facet normal -0.4817536741017165 -0.8763066800438628 0
    outer loop
      vertex 15.874762352905694 1.5691174847872693 5.821456527114426
      vertex 15.964488230962194 1.519790265903627 5.7129965720859435
      vertex 15.964488230962194 1.519790265903627 90.5
    endloop
  endfacet
  facet normal -0.36812455268477284 -0.9297764858882138 0
    outer loop
      vertex 15.764908787698428 1.6292801859875121 5.924615891330947
      vertex 15.76640272481713 1.628688694438835 5.923212990996724
      vertex 15.76640272481713 1.628688694438835 90.5
    endloop
  endfacet
  facet normal 0.9980267284282716 -0.06279051952931262 0
    outer loop
      vertex 13.2 0 90.5
      vertex 13.2 0 0
      vertex 13.214193537633939 0.22559982041574733 90.5
    endloop
  endfacet
  facet normal 0.9822872507286879 -0.18738131458572846 0
    outer loop
      vertex 13.214193537633939 0.22559982041574733 90.5
      vertex 13.214193537633939 0.22559982041574733 0
      vertex 13.256550309968464 0.4476417968967387 90.5
    endloop
  endfacet
  facet normal 0.9510565162951533 -0.30901699437494823 0
    outer loop
      vertex 13.256550309968464 0.4476417968967387 90.5
      vertex 13.256550309968464 0.4476417968967387 0
      vertex 13.326402325401148 0.6626241948324202 90.5
    endloop
  endfacet
  facet normal 0.9048270524660212 -0.4257792915650689 0
    outer loop
      vertex 13.326402325401148 0.6626241948324202 90.5
      vertex 13.326402325401148 0.6626241948324202 0
      vertex 13.422647975921045 0.8671566133830877 90.5
    endloop
  endfacet
  facet normal 0.8443279255020147 -0.5358267949789974 0
    outer loop
      vertex 13.422647975921045 0.8671566133830877 90.5
      vertex 13.422647975921045 0.8671566133830877 0
      vertex 13.543769410125094 1.0580134541264516 90.5
    endloop
  endfacet
  facet normal 0.7705132427757898 -0.6374239897486891 0
    outer loop
      vertex 13.543769410125094 1.0580134541264516 90.5
      vertex 13.543769410125094 1.0580134541264516 0
      vertex 13.687856470641458 1.2321847906716394 90.5
    endloop
  endfacet
  facet normal 0.6845471059286873 -0.7289686274214129 7.180547358567068e-18
    outer loop
      vertex 13.8 1.3374945743622886 5
      vertex 13.852636818452359 1.386923836996421 90.5
      vertex 13.687856470641458 1.2321847906716394 90.5
    endloop
  endfacet
  facet normal 0.5877852522924736 -0.809016994374947 -2.2104633419503976e-18
    outer loop
      vertex 13.884268216934098 1.409905393213689 5.441749463221614
      vertex 14.035511769037806 1.519790265903627 90.5
      vertex 13.852636818452359 1.386923836996421 90.5
    endloop
  endfacet
  facet normal 0.4817536741017126 -0.876306680043865 -2.9000819994220616e-18
    outer loop
      vertex 14.125237647094306 1.569117484787269 5.821456527114426
      vertex 14.23359727518287 1.628688694438835 90.5
      vertex 14.035511769037806 1.519790265903627 90.5
    endloop
  endfacet
  facet normal 0.3681245526846796 -0.9297764858882508 -4.34550450642558e-18
    outer loop
      vertex 14.235091212301572 1.6292801859875123 5.924615891330947
      vertex 14.443769410125094 1.7119017293312764 90.5
      vertex 14.23359727518287 1.628688694438835 90.5
    endloop
  endfacet
  facet normal 0.24868988716485493 -0.9685831611286311 7.272908400971387e-19
    outer loop
      vertex 14.489064850121913 1.7235316216461143 6.0857924629592235
      vertex 14.662713633745696 1.7681170513116398 90.5
      vertex 14.443769410125094 1.7119017293312764 90.5
    endloop
  endfacet
  facet normal 0.12533323356430312 -0.992114701314478 1.4561851504216235e-18
    outer loop
      vertex 14.775142422497131 1.7823201103140571 6.178744700874427
      vertex 14.886977064847237 1.7964481111708888 90.5
      vertex 14.662713633745696 1.7681170513116398 90.5
    endloop
  endfacet
  facet normal 0 -1 0
    outer loop
      vertex 14.924651376564825 1.7964481111708888 6.197632074113926
      vertex 15.113022935152763 1.7964481111708888 90.5
      vertex 14.886977064847237 1.7964481111708888 90.5
    endloop
  endfacet
  facet normal -0.36812455268467964 -0.9297764858882508 0
    outer loop
      vertex 15.556230589874906 1.7119017293312764 6.060891084097855
      vertex 15.76640272481713 1.628688694438835 90.5
      vertex 15.556230589874906 1.7119017293312764 90.5
    endloop
  endfacet
  facet normal -0.24868988716485493 -0.9685831611286311 0
    outer loop
      vertex 15.337286366254304 1.7681170513116398 6.149877894274056
      vertex 15.556230589874906 1.7119017293312764 90.5
      vertex 15.337286366254304 1.7681170513116398 90.5
    endloop
  endfacet
  facet normal -0.12533323356430312 -0.9921147013144779 0
    outer loop
      vertex 15.113022935152763 1.7964481111708888 6.192872701731258
      vertex 15.337286366254304 1.7681170513116398 90.5
      vertex 15.113022935152763 1.7964481111708888 90.5
    endloop
  endfacet
  facet normal -0.9980267284282717 -0.06279051952931253 0
    outer loop
      vertex 16.8 0 90.5
      vertex 16.78580646236606 0.22559982041574766 90.5
      vertex 16.78580646236606 0.22559982041574766 0
    endloop
  endfacet
  facet normal -0.9822872507286879 -0.1873813145857288 0
    outer loop
      vertex 16.743449690031536 0.44764179689673866 90.5
      vertex 16.743449690031536 0.44764179689673866 0
      vertex 16.78580646236606 0.22559982041574766 90.5
    endloop
  endfacet
  facet normal -0.9510565162951534 -0.3090169943749478 0
    outer loop
      vertex 16.743449690031536 0.44764179689673866 90.5
      vertex 16.673597674598852 0.6626241948324204 90.5
      vertex 16.673597674598852 0.6626241948324204 0
    endloop
  endfacet
  facet normal -0.904827052466021 -0.4257792915650695 0
    outer loop
      vertex 16.577352024078955 0.8671566133830876 90.5
      vertex 16.577352024078955 0.8671566133830876 0
      vertex 16.673597674598852 0.6626241948324204 90.5
    endloop
  endfacet
  facet normal -0.8443279255020149 -0.5358267949789971 0
    outer loop
      vertex 16.577352024078955 0.8671566133830876 90.5
      vertex 16.456230589874906 1.0580134541264516 90.5
      vertex 16.456230589874906 1.0580134541264516 0
    endloop
  endfacet
  facet normal -0.7705132427757863 -0.6374239897486932 0
    outer loop
      vertex 16.31214352935854 1.2321847906716397 90.5
      vertex 16.31214352935854 1.2321847906716397 0
      vertex 16.456230589874906 1.0580134541264516 90.5
    endloop
  endfacet
  facet normal -0.5877852522924712 -0.8090169943749489 0
    outer loop
      vertex 15.964488230962194 1.519790265903627 5.7129965720859435
      vertex 16.147363181547643 1.3869238369964205 90.5
      vertex 15.964488230962194 1.519790265903627 90.5
    endloop
  endfacet
  facet normal -0.6845471059286936 -0.7289686274214069 0
    outer loop
      vertex 16.147363181547643 1.3869238369964205 5.344398028856532
      vertex 16.31214352935854 1.2321847906716397 90.5
      vertex 16.147363181547643 1.3869238369964205 90.5
    endloop
  endfacet
  facet normal -0.4817536741017127 -0.876306680043865 0
    outer loop
      vertex 15.76640272481713 1.628688694438835 5.923212990996724
      vertex 15.964488230962194 1.519790265903627 90.5
      vertex 15.76640272481713 1.628688694438835 90.5
    endloop
  endfacet
  facet normal 0.1253332335643049 0.9921147013144778 0
    outer loop
      vertex -15.207208714446736 -3.293488203813296 91
      vertex -15.6 -3.243867124850304 90.5
      vertex -15.6 -3.243867124850304 91
    endloop
  endfacet
  facet normal 0.1253332335643049 0.9921147013144778 0
    outer loop
      vertex -15.207208714446736 -3.293488203813296 90.5
      vertex -15.6 -3.243867124850304 90.5
      vertex -15.207208714446736 -3.293488203813296 91
    endloop
  endfacet
  facet normal 0 1 0
    outer loop
      vertex -15.207208714446736 -3.293488203813296 90.5
      vertex -15.207208714446736 -3.293488203813296 91
      vertex -14.792791285553264 -3.293488203813296 90.5
    endloop
  endfacet
  facet normal 0 1 0
    outer loop
      vertex -14.792791285553264 -3.293488203813296 90.5
      vertex -15.207208714446736 -3.293488203813296 91
      vertex -14.792791285553264 -3.293488203813296 91
    endloop
  endfacet
  facet normal -0.1253332335643049 0.9921147013144778 0
    outer loop
      vertex -14.792791285553264 -3.293488203813296 90.5
      vertex -14.792791285553264 -3.293488203813296 91
      vertex -14.4 -3.243867124850304 91
    endloop
  endfacet
  facet normal -0.1253332335643049 0.9921147013144778 0
    outer loop
      vertex -14.792791285553264 -3.293488203813296 90.5
      vertex -14.4 -3.243867124850304 91
      vertex -14.4 -3.243867124850304 90.5
    endloop
  endfacet
  facet normal 0 0 1
    outer loop
      vertex -15.76640272481713 -1.6286886944388352 90.5
      vertex -16.019756081437325 -3.1384865037740064 90.5
      vertex -15.618358338132891 -3.2415479274046723 90.5
    endloop
  endfacet
  facet normal 0 0 1
    outer loop
      vertex -16.456230589874906 -1.0580134541264516 90.5
      vertex -16.76822842343069 -2.7862821541566496 90.5
      vertex -16.40507166216474 -2.9859292731378644 90.5
    endloop
  endfacet
  facet normal 0 0 1
    outer loop
      vertex -16.14736318154764 -1.386923836996421 90.5
      vertex -16.40507166216474 -2.9859292731378644 90.5
      vertex -16.019756081437325 -3.1384865037740064 90.5
    endloop
  endfacet
  facet normal 0 0 1
    outer loop
      vertex -15.964488230962194 -1.519790265903627 90.5
      vertex -16.019756081437325 -3.1384865037740064 90.5
      vertex -15.76640272481713 -1.6286886944388352 90.5
    endloop
  endfacet
  facet normal 0 0 1
    outer loop
      vertex -16.14736318154764 -1.386923836996421 90.5
      vertex -16.019756081437325 -3.1384865037740064 90.5
      vertex -15.964488230962194 -1.519790265903627 90.5
    endloop
  endfacet
  facet normal 0 0 1
    outer loop
      vertex -16.78580646236606 -0.22559982041574733 90.5
      vertex -17.103499166170675 -2.542693701160105 90.5
      vertex -16.76822842343069 -2.7862821541566496 90.5
    endloop
  endfacet
  facet normal 0 0 1
    outer loop
      vertex -16.456230589874906 -1.0580134541264516 90.5
      vertex -16.577352024078955 -0.8671566133830877 90.5
      vertex -16.76822842343069 -2.7862821541566496 90.5
    endloop
  endfacet
  facet normal 0 0 1
    outer loop
      vertex -16.31214352935854 -1.2321847906716394 90.5
      vertex -16.40507166216474 -2.9859292731378644 90.5
      vertex -16.14736318154764 -1.386923836996421 90.5
    endloop
  endfacet
  facet normal 0 0 1
    outer loop
      vertex -16.456230589874906 -1.0580134541264516 90.5
      vertex -16.40507166216474 -2.9859292731378644 90.5
      vertex -16.31214352935854 -1.2321847906716394 90.5
    endloop
  endfacet
  facet normal 0 0 1
    outer loop
      vertex -17.405596470490657 -2.259005449564672 90.5
      vertex -17.103499166170675 -2.542693701160105 90.5
      vertex -17.103499166170675 2.542693701160105 90.5
    endloop
  endfacet
  facet normal 0 0 1
    outer loop
      vertex -16.673597674598852 -0.6626241948324202 90.5
      vertex -16.76822842343069 -2.7862821541566496 90.5
      vertex -16.577352024078955 -0.8671566133830877 90.5
    endloop
  endfacet
  facet normal 0 0 1
    outer loop
      vertex -16.78580646236606 -0.22559982041574733 90.5
      vertex -16.76822842343069 -2.7862821541566496 90.5
      vertex -16.743449690031536 -0.4476417968967387 90.5
    endloop
  endfacet
  facet normal 0 0 1
    outer loop
      vertex -16.673597674598852 -0.6626241948324202 90.5
      vertex -16.743449690031536 -0.4476417968967387 90.5
      vertex -16.76822842343069 -2.7862821541566496 90.5
    endloop
  endfacet
  facet normal 0 0 1
    outer loop
      vertex -16.78580646236606 -0.22559982041574733 90.5
      vertex -16.8 0 90.5
      vertex -17.103499166170675 -2.542693701160105 90.5
    endloop
  endfacet
  facet normal 0 0 1
    outer loop
      vertex -16.8 0 90.5
      vertex -16.78580646236606 0.22559982041574733 90.5
      vertex -17.103499166170675 -2.542693701160105 90.5
    endloop
  endfacet
  facet normal 0 0 1
    outer loop
      vertex -17.89181204414475 -1.5897871245356607 90.5
      vertex -17.669756081437328 -1.9396913325651612 90.5
      vertex -17.669756081437328 1.9396913325651612 90.5
    endloop
  endfacet
  facet normal 0 0 1
    outer loop
      vertex -18.06826240343123 -1.214811023859437 90.5
      vertex -17.89181204414475 -1.5897871245356607 90.5
      vertex -17.89181204414475 1.5897871245356607 90.5
    endloop
  endfacet
  facet normal 0 0 1
    outer loop
      vertex -17.669756081437328 -1.9396913325651612 90.5
      vertex -17.405596470490657 -2.259005449564672 90.5
      vertex -17.405596470490657 2.259005449564672 90.5
    endloop
  endfacet
  facet normal 0.9822872507286876 0.18738131458573024 0
    outer loop
      vertex -18.273978514337777 -0.4135996707622034 90.5
      vertex -18.238420749838767 -0.6 91
      vertex -18.238420749838767 -0.6 90.5
    endloop
  endfacet
  facet normal 0.9822872507286876 0.18738131458573024 0
    outer loop
      vertex -18.273978514337777 -0.4135996707622034 90.5
      vertex -18.273978514337777 -0.4135996707622034 91
      vertex -18.238420749838767 -0.6 91
    endloop
  endfacet
  facet normal 0 0 1
    outer loop
      vertex -18.196324431724484 -0.8206766276440209 90.5
      vertex -18.06826240343123 -1.214811023859437 90.5
      vertex -18.06826240343123 1.214811023859437 90.5
    endloop
  endfacet
  facet normal 0 0 1
    outer loop
      vertex -18.238420749838767 -0.6 90.5
      vertex -18.196324431724484 -0.8206766276440209 90.5
      vertex -18.196324431724484 0.8206766276440209 90.5
    endloop
  endfacet
  facet normal 0 0 1
    outer loop
      vertex -18.273978514337777 -0.4135996707622034 90.5
      vertex -18.238420749838767 -0.6 90.5
      vertex -18.196324431724484 0.8206766276440209 90.5
    endloop
  endfacet
  facet normal 0.9980267284282716 0.06279051952931405 0
    outer loop
      vertex -18.273978514337777 -0.4135996707622034 90.5
      vertex -18.3 0 91
      vertex -18.273978514337777 -0.4135996707622034 91
    endloop
  endfacet
  facet normal 0.9980267284282716 0.06279051952931405 0
    outer loop
      vertex -18.273978514337777 -0.4135996707622034 90.5
      vertex -18.3 0 90.5
      vertex -18.3 0 91
    endloop
  endfacet
  facet normal 0 0 1
    outer loop
      vertex -15.337286366254304 -1.7681170513116395 90.5
      vertex -15.618358338132891 -3.2415479274046723 90.5
      vertex -15.6 -3.243867124850304 90.5
    endloop
  endfacet
  facet normal 0 0 1
    outer loop
      vertex -15.207208714446736 -3.293488203813296 90.5
      vertex -15.337286366254304 -1.7681170513116395 90.5
      vertex -15.6 -3.243867124850304 90.5
    endloop
  endfacet
  facet normal 0 0 1
    outer loop
      vertex -15.207208714446736 -3.293488203813296 90.5
      vertex -14.792791285553264 -3.293488203813296 90.5
      vertex -14.886977064847235 -1.7964481111708888 90.5
    endloop
  endfacet
  facet normal 0 0 1
    outer loop
      vertex -14.792791285553264 -3.293488203813296 90.5
      vertex -14.4 -3.243867124850304 90.5
      vertex -14.886977064847235 -1.7964481111708888 90.5
    endloop
  endfacet
  facet normal 0 0 1
    outer loop
      vertex -14.886977064847235 -1.7964481111708888 90.5
      vertex -14.4 -3.243867124850304 90.5
      vertex -14.381641661867109 -3.2415479274046723 90.5
    endloop
  endfacet
  facet normal 0 0 1
    outer loop
      vertex -15.207208714446736 -3.293488203813296 90.5
      vertex -15.113022935152765 -1.7964481111708888 90.5
      vertex -15.337286366254304 -1.7681170513116395 90.5
    endloop
  endfacet
  facet normal 0 0 1
    outer loop
      vertex -15.207208714446736 -3.293488203813296 90.5
      vertex -14.886977064847235 -1.7964481111708888 90.5
      vertex -15.113022935152765 -1.7964481111708888 90.5
    endloop
  endfacet
  facet normal 0 0 1
    outer loop
      vertex -14.886977064847235 -1.7964481111708888 90.5
      vertex -14.381641661867109 -3.2415479274046723 90.5
      vertex -14.662713633745696 -1.7681170513116395 90.5
    endloop
  endfacet
  facet normal 0 0 1
    outer loop
      vertex -14.443769410125094 -1.7119017293312764 90.5
      vertex -14.381641661867109 -3.2415479274046723 90.5
      vertex -13.980243918562675 -3.1384865037740064 90.5
    endloop
  endfacet
  facet normal 0 0 1
    outer loop
      vertex -14.035511769037807 -1.5197902659036275 90.5
      vertex -13.980243918562675 -3.1384865037740064 90.5
      vertex -13.594928337835261 -2.9859292731378644 90.5
    endloop
  endfacet
  facet normal 0 0 1
    outer loop
      vertex -13.543769410125094 -1.0580134541264516 90.5
      vertex -13.594928337835261 -2.9859292731378644 90.5
      vertex -13.231771576569313 -2.7862821541566505 90.5
    endloop
  endfacet
  facet normal 0 0 1
    outer loop
      vertex -15.76640272481713 -1.6286886944388352 90.5
      vertex -15.618358338132891 -3.2415479274046723 90.5
      vertex -15.556230589874906 -1.7119017293312764 90.5
    endloop
  endfacet
  facet normal 0 0 1
    outer loop
      vertex -15.556230589874906 -1.7119017293312764 90.5
      vertex -15.618358338132891 -3.2415479274046723 90.5
      vertex -15.337286366254304 -1.7681170513116395 90.5
    endloop
  endfacet
  facet normal 0 0 1
    outer loop
      vertex -14.662713633745696 -1.7681170513116395 90.5
      vertex -14.381641661867109 -3.2415479274046723 90.5
      vertex -14.443769410125094 -1.7119017293312764 90.5
    endloop
  endfacet
  facet normal 0 0 1
    outer loop
      vertex -14.443769410125094 -1.7119017293312764 90.5
      vertex -13.980243918562675 -3.1384865037740064 90.5
      vertex -14.23359727518287 -1.6286886944388352 90.5
    endloop
  endfacet
  facet normal 0 0 1
    outer loop
      vertex -14.23359727518287 -1.6286886944388352 90.5
      vertex -13.980243918562675 -3.1384865037740064 90.5
      vertex -14.035511769037807 -1.5197902659036275 90.5
    endloop
  endfacet
  facet normal 0 0 1
    outer loop
      vertex -14.035511769037807 -1.5197902659036275 90.5
      vertex -13.594928337835261 -2.9859292731378644 90.5
      vertex -13.852636818452359 -1.3869238369964203 90.5
    endloop
  endfacet
  facet normal 0 0 1
    outer loop
      vertex -13.852636818452359 -1.3869238369964203 90.5
      vertex -13.594928337835261 -2.9859292731378644 90.5
      vertex -13.687856470641458 -1.2321847906716394 90.5
    endloop
  endfacet
  facet normal 0 0 1
    outer loop
      vertex -13.687856470641458 -1.2321847906716394 90.5
      vertex -13.594928337835261 -2.9859292731378644 90.5
      vertex -13.543769410125094 -1.0580134541264516 90.5
    endloop
  endfacet
  facet normal 0 0 1
    outer loop
      vertex -13.543769410125094 -1.0580134541264516 90.5
      vertex -13.231771576569313 -2.7862821541566505 90.5
      vertex -13.422647975921045 -0.8671566133830877 90.5
    endloop
  endfacet
  facet normal 0 0 1
    outer loop
      vertex -13.422647975921045 -0.8671566133830877 90.5
      vertex -13.231771576569313 -2.7862821541566505 90.5
      vertex -13.326402325401148 -0.6626241948324211 90.5
    endloop
  endfacet
  facet normal 0 0 1
    outer loop
      vertex -13.326402325401148 -0.6626241948324211 90.5
      vertex -13.231771576569313 -2.7862821541566505 90.5
      vertex -13.256550309968464 -0.447641796896738 90.5
    endloop
  endfacet
  facet normal 0 0 1
    outer loop
      vertex -13.256550309968464 -0.447641796896738 90.5
      vertex -13.231771576569313 -2.7862821541566505 90.5
      vertex -13.214193537633939 -0.22559982041574733 90.5
    endloop
  endfacet
  facet normal 0 0 1
    outer loop
      vertex -13.231771576569313 -2.7862821541566505 90.5
      vertex -12.896500833829323 -2.5426937011601036 90.5
      vertex -12.896500833829323 2.542693701160104 90.5
    endloop
  endfacet
  facet normal 0 0 1
    outer loop
      vertex -12.896500833829323 -2.5426937011601036 90.5
      vertex -12.594403529509341 -2.259005449564672 90.5
      vertex -12.594403529509343 2.2590054495646728 90.5
    endloop
  endfacet
  facet normal 0 0 1
    outer loop
      vertex -12.594403529509341 -2.259005449564672 90.5
      vertex -12.330243918562674 -1.9396913325651612 90.5
      vertex -12.330243918562674 1.9396913325651612 90.5
    endloop
  endfacet
  facet normal 0 0 1
    outer loop
      vertex -12.330243918562674 -1.9396913325651612 90.5
      vertex -12.10818795585525 -1.5897871245356607 90.5
      vertex -12.10818795585525 1.5897871245356605 90.5
    endloop
  endfacet
  facet normal 0 0 1
    outer loop
      vertex -12.10818795585525 -1.5897871245356607 90.5
      vertex -11.931737596568771 -1.2148110238594385 90.5
      vertex -11.931737596568771 1.2148110238594372 90.5
    endloop
  endfacet
  facet normal 0 0 1
    outer loop
      vertex -11.931737596568771 -1.2148110238594385 90.5
      vertex -11.803675568275517 -0.8206766276440196 90.5
      vertex -11.803675568275517 0.8206766276440208 90.5
    endloop
  endfacet
  facet normal 0 0 1
    outer loop
      vertex -13.214193537633939 -0.22559982041574733 90.5
      vertex -13.231771576569313 -2.7862821541566505 90.5
      vertex -12.896500833829323 2.542693701160104 90.5
    endloop
  endfacet
  facet normal -0.9822872507286875 0.18738131458573024 0
    outer loop
      vertex -11.726021485662223 -0.4135996707622034 90.5
      vertex -11.761579250161233 -0.6 90.5
      vertex -11.761579250161233 -0.6 90.99999999999999
    endloop
  endfacet
  facet normal -0.9822872507286876 0.18738131458573024 0
    outer loop
      vertex -11.726021485662223 -0.4135996707622034 90.5
      vertex -11.761579250161233 -0.6 90.99999999999999
      vertex -11.726021485662223 -0.4135996707622034 91
    endloop
  endfacet
  facet normal 0 0 1
    outer loop
      vertex -11.726021485662223 0.41359967076220405 90.5
      vertex -11.803675568275517 -0.8206766276440196 90.5
      vertex -11.761579250161233 -0.6 90.5
    endloop
  endfacet
  facet normal 0 0 1
    outer loop
      vertex -11.726021485662223 -0.4135996707622034 90.5
      vertex -11.726021485662223 0.41359967076220405 90.5
      vertex -11.761579250161233 -0.6 90.5
    endloop
  endfacet
  facet normal -0.9980267284282716 0.06279051952931405 0
    outer loop
      vertex -11.726021485662223 -0.4135996707622034 90.5
      vertex -11.726021485662223 -0.4135996707622034 91
      vertex -11.7 0 90.5
    endloop
  endfacet
  facet normal -0.9980267284282716 0.06279051952931405 0
    outer loop
      vertex -11.7 0 90.5
      vertex -11.726021485662223 -0.4135996707622034 91
      vertex -11.7 0 91
    endloop
  endfacet
  facet normal 0 0 1
    outer loop
      vertex -18.273978514337777 -0.4135996707622034 90.5
      vertex -18.273978514337777 0.4135996707622034 90.5
      vertex -18.3 0 90.5
    endloop
  endfacet
  facet normal 0 0 1
    outer loop
      vertex -18.273978514337777 -0.4135996707622034 90.5
      vertex -18.238420749838767 0.6 90.5
      vertex -18.273978514337777 0.4135996707622034 90.5
    endloop
  endfacet
  facet normal 0 0 1
    outer loop
      vertex -18.273978514337777 -0.4135996707622034 90.5
      vertex -18.196324431724484 0.8206766276440209 90.5
      vertex -18.238420749838767 0.6 90.5
    endloop
  endfacet
  facet normal 0.9980267284282716 -0.06279051952931405 0
    outer loop
      vertex -18.3 0 90.5
      vertex -18.273978514337777 0.4135996707622034 91
      vertex -18.3 0 91
    endloop
  endfacet
  facet normal 0.9980267284282716 -0.06279051952931405 0
    outer loop
      vertex -18.3 0 90.5
      vertex -18.273978514337777 0.4135996707622034 90.5
      vertex -18.273978514337777 0.4135996707622034 91
    endloop
  endfacet
  facet normal 0 0 1
    outer loop
      vertex -18.06826240343123 1.214811023859437 90.5
      vertex -18.196324431724484 0.8206766276440209 90.5
      vertex -18.196324431724484 -0.8206766276440209 90.5
    endloop
  endfacet
  facet normal 0 0 1
    outer loop
      vertex -17.89181204414475 1.5897871245356607 90.5
      vertex -18.06826240343123 1.214811023859437 90.5
      vertex -18.06826240343123 -1.214811023859437 90.5
    endloop
  endfacet
  facet normal 0 0 1
    outer loop
      vertex -17.669756081437328 1.9396913325651612 90.5
      vertex -17.89181204414475 1.5897871245356607 90.5
      vertex -17.89181204414475 -1.5897871245356607 90.5
    endloop
  endfacet
  facet normal 0.9822872507286876 -0.18738131458573024 0
    outer loop
      vertex -18.273978514337777 0.4135996707622034 90.5
      vertex -18.238420749838767 0.6 90.99999999999997
      vertex -18.273978514337777 0.4135996707622034 91
    endloop
  endfacet
  facet normal 0.9822872507286876 -0.18738131458573026 0
    outer loop
      vertex -18.273978514337777 0.4135996707622034 90.5
      vertex -18.238420749838767 0.6 90.5
      vertex -18.238420749838767 0.6 90.99999999999997
    endloop
  endfacet
  facet normal 0 0 1
    outer loop
      vertex -16.78580646236606 0.22559982041574733 90.5
      vertex -16.76822842343069 2.7862821541566496 90.5
      vertex -17.103499166170675 -2.542693701160105 90.5
    endloop
  endfacet
  facet normal 0 0 1
    outer loop
      vertex -17.405596470490657 2.259005449564672 90.5
      vertex -17.669756081437328 1.9396913325651612 90.5
      vertex -17.669756081437328 -1.9396913325651612 90.5
    endloop
  endfacet
  facet normal 0 0 1
    outer loop
      vertex -17.103499166170675 2.542693701160105 90.5
      vertex -17.405596470490657 2.259005449564672 90.5
      vertex -17.405596470490657 -2.259005449564672 90.5
    endloop
  endfacet
  facet normal 0 0 1
    outer loop
      vertex -16.76822842343069 2.7862821541566496 90.5
      vertex -17.103499166170675 2.542693701160105 90.5
      vertex -17.103499166170675 -2.542693701160105 90.5
    endloop
  endfacet
  facet normal 0 0 1
    outer loop
      vertex -16.78580646236606 0.22559982041574733 90.5
      vertex -16.743449690031536 0.4476417968967387 90.5
      vertex -16.76822842343069 2.7862821541566496 90.5
    endloop
  endfacet
  facet normal 0 0 1
    outer loop
      vertex -16.743449690031536 0.4476417968967387 90.5
      vertex -16.673597674598852 0.6626241948324202 90.5
      vertex -16.76822842343069 2.7862821541566496 90.5
    endloop
  endfacet
  facet normal 0 0 1
    outer loop
      vertex -16.673597674598852 0.6626241948324202 90.5
      vertex -16.577352024078955 0.8671566133830877 90.5
      vertex -16.76822842343069 2.7862821541566496 90.5
    endloop
  endfacet
  facet normal 0 0 1
    outer loop
      vertex -16.577352024078955 0.8671566133830877 90.5
      vertex -16.456230589874906 1.0580134541264516 90.5
      vertex -16.76822842343069 2.7862821541566496 90.5
    endloop
  endfacet
  facet normal 0 0 1
    outer loop
      vertex -16.456230589874906 1.0580134541264516 90.5
      vertex -16.31214352935854 1.2321847906716394 90.5
      vertex -16.40507166216474 2.985929273137864 90.5
    endloop
  endfacet
  facet normal 0 0 1
    outer loop
      vertex -16.31214352935854 1.2321847906716394 90.5
      vertex -16.14736318154764 1.386923836996421 90.5
      vertex -16.40507166216474 2.985929273137864 90.5
    endloop
  endfacet
  facet normal 0 0 1
    outer loop
      vertex -16.14736318154764 1.386923836996421 90.5
      vertex -15.964488230962194 1.519790265903627 90.5
      vertex -16.40507166216474 2.985929273137864 90.5
    endloop
  endfacet
  facet normal 0 0 1
    outer loop
      vertex -15.964488230962194 1.519790265903627 90.5
      vertex -15.76640272481713 1.628688694438835 90.5
      vertex -16.019756081437325 3.1384865037740064 90.5
    endloop
  endfacet
  facet normal 0 0 1
    outer loop
      vertex -15.76640272481713 1.628688694438835 90.5
      vertex -15.556230589874906 1.7119017293312764 90.5
      vertex -16.019756081437325 3.1384865037740064 90.5
    endloop
  endfacet
  facet normal 0 0 1
    outer loop
      vertex -16.456230589874906 1.0580134541264516 90.5
      vertex -16.40507166216474 2.985929273137864 90.5
      vertex -16.76822842343069 2.7862821541566496 90.5
    endloop
  endfacet
  facet normal 0 0 1
    outer loop
      vertex -15.964488230962194 1.519790265903627 90.5
      vertex -16.019756081437325 3.1384865037740064 90.5
      vertex -16.40507166216474 2.985929273137864 90.5
    endloop
  endfacet
  facet normal 0 0 1
    outer loop
      vertex -13.256550309968464 0.44764179689673866 90.5
      vertex -13.214193537633939 0.22559982041574766 90.5
      vertex -13.231771576569312 2.7862821541566496 90.5
    endloop
  endfacet
  facet normal 0 0 1
    outer loop
      vertex -13.256550309968464 0.44764179689673866 90.5
      vertex -13.231771576569312 2.7862821541566496 90.5
      vertex -13.326402325401148 0.6626241948324204 90.5
    endloop
  endfacet
  facet normal 0 0 1
    outer loop
      vertex -13.422647975921045 0.8671566133830876 90.5
      vertex -13.326402325401148 0.6626241948324204 90.5
      vertex -13.231771576569312 2.7862821541566496 90.5
    endloop
  endfacet
  facet normal 0 0 1
    outer loop
      vertex -11.803675568275517 0.8206766276440208 90.5
      vertex -11.931737596568771 1.2148110238594372 90.5
      vertex -11.931737596568771 -1.2148110238594385 90.5
    endloop
  endfacet
  facet normal 0 0 1
    outer loop
      vertex -12.330243918562674 1.9396913325651612 90.5
      vertex -12.594403529509343 2.2590054495646728 90.5
      vertex -12.594403529509341 -2.259005449564672 90.5
    endloop
  endfacet
  facet normal 0 0 1
    outer loop
      vertex -12.10818795585525 1.5897871245356605 90.5
      vertex -12.330243918562674 1.9396913325651612 90.5
      vertex -12.330243918562674 -1.9396913325651612 90.5
    endloop
  endfacet
  facet normal 0 0 1
    outer loop
      vertex -11.931737596568771 1.2148110238594372 90.5
      vertex -12.10818795585525 1.5897871245356605 90.5
      vertex -12.10818795585525 -1.5897871245356607 90.5
    endloop
  endfacet
  facet normal 0 0 1
    outer loop
      vertex -11.726021485662223 -0.4135996707622034 90.5
      vertex -11.7 0 90.5
      vertex -11.726021485662223 0.41359967076220405 90.5
    endloop
  endfacet
  facet normal 0 0 1
    outer loop
      vertex -11.726021485662223 0.41359967076220405 90.5
      vertex -11.803675568275517 0.8206766276440208 90.5
      vertex -11.803675568275517 -0.8206766276440196 90.5
    endloop
  endfacet
  facet normal -0.9980267284282716 -0.06279051952931394 0
    outer loop
      vertex -11.7 0 90.5
      vertex -11.7 0 91
      vertex -11.726021485662223 0.41359967076220405 90.5
    endloop
  endfacet
  facet normal -0.9980267284282716 -0.06279051952931394 0
    outer loop
      vertex -11.726021485662223 0.41359967076220405 90.5
      vertex -11.7 0 91
      vertex -11.726021485662223 0.41359967076220405 91
    endloop
  endfacet
  facet normal -0.9822872507286884 -0.18738131458572607 0
    outer loop
      vertex -11.726021485662223 0.41359967076220405 90.5
      vertex -11.726021485662223 0.41359967076220405 91
      vertex -11.803675568275517 0.8206766276440208 90.5
    endloop
  endfacet
  facet normal -0.9822872507286884 -0.18738131458572604 0
    outer loop
      vertex -11.726021485662223 0.41359967076220405 91
      vertex -11.726021485662223 0.41359967076220405 100
      vertex -11.803675568275517 0.8206766276440208 90.5
    endloop
  endfacet
  facet normal -0.9822872507286884 -0.18738131458572607 0
    outer loop
      vertex -11.803675568275517 0.8206766276440208 100
      vertex -11.803675568275517 0.8206766276440208 90.5
      vertex -11.726021485662223 0.41359967076220405 100
    endloop
  endfacet
  facet normal 0 0 1
    outer loop
      vertex -13.214193537633939 -0.22559982041574733 90.5
      vertex -12.896500833829323 2.542693701160104 90.5
      vertex -13.2 0 90.5
    endloop
  endfacet
  facet normal 0 0 1
    outer loop
      vertex -13.2 0 90.5
      vertex -12.896500833829323 2.542693701160104 90.5
      vertex -13.214193537633939 0.22559982041574766 90.5
    endloop
  endfacet
  facet normal 0 0 1
    outer loop
      vertex -12.594403529509343 2.2590054495646728 90.5
      vertex -12.896500833829323 2.542693701160104 90.5
      vertex -12.896500833829323 -2.5426937011601036 90.5
    endloop
  endfacet
  facet normal 0 0 1
    outer loop
      vertex -15.556230589874906 1.7119017293312764 90.5
      vertex -15.337286366254304 1.7681170513116398 90.5
      vertex -15.618358338132891 3.241547927404673 90.5
    endloop
  endfacet
  facet normal 0 0 1
    outer loop
      vertex -14.662713633745696 1.7681170513116398 90.5
      vertex -14.443769410125094 1.7119017293312764 90.5
      vertex -14.381641661867109 3.241547927404673 90.5
    endloop
  endfacet
  facet normal 0 0 1
    outer loop
      vertex -13.422647975921045 0.8671566133830876 90.5
      vertex -13.231771576569312 2.7862821541566496 90.5
      vertex -13.543769410125094 1.0580134541264516 90.5
    endloop
  endfacet
  facet normal 0 0 1
    outer loop
      vertex -13.68785647064146 1.2321847906716397 90.5
      vertex -13.543769410125094 1.0580134541264516 90.5
      vertex -13.59492833783526 2.985929273137864 90.5
    endloop
  endfacet
  facet normal 0 0 1
    outer loop
      vertex -13.852636818452359 1.3869238369964205 90.5
      vertex -13.68785647064146 1.2321847906716397 90.5
      vertex -13.59492833783526 2.985929273137864 90.5
    endloop
  endfacet
  facet normal 0 0 1
    outer loop
      vertex -14.035511769037806 1.519790265903627 90.5
      vertex -13.852636818452359 1.3869238369964205 90.5
      vertex -13.980243918562675 3.1384865037740064 90.5
    endloop
  endfacet
  facet normal 0 0 1
    outer loop
      vertex -14.443769410125094 1.7119017293312764 90.5
      vertex -14.23359727518287 1.628688694438835 90.5
      vertex -14.381641661867109 3.241547927404673 90.5
    endloop
  endfacet
  facet normal 0 0 1
    outer loop
      vertex -14.23359727518287 1.628688694438835 90.5
      vertex -14.035511769037806 1.519790265903627 90.5
      vertex -13.980243918562675 3.1384865037740064 90.5
    endloop
  endfacet
  facet normal 0 0 1
    outer loop
      vertex -15.337286366254304 1.7681170513116398 90.5
      vertex -15.113022935152763 1.7964481111708888 90.5
      vertex -15.618358338132891 3.241547927404673 90.5
    endloop
  endfacet
  facet normal 0 0 1
    outer loop
      vertex -15.113022935152763 1.7964481111708888 90.5
      vertex -14.886977064847237 1.7964481111708888 90.5
      vertex -14.792791285553266 3.293488203813296 90.5
    endloop
  endfacet
  facet normal 0 0 1
    outer loop
      vertex -14.886977064847237 1.7964481111708888 90.5
      vertex -14.662713633745696 1.7681170513116398 90.5
      vertex -14.792791285553266 3.293488203813296 90.5
    endloop
  endfacet
  facet normal 0 0 1
    outer loop
      vertex -15.556230589874906 1.7119017293312764 90.5
      vertex -15.618358338132891 3.241547927404673 90.5
      vertex -16.019756081437325 3.1384865037740064 90.5
    endloop
  endfacet
  facet normal 0 0 1
    outer loop
      vertex -15.113022935152763 1.7964481111708888 90.5
      vertex -15.6 3.2438671248503046 90.5
      vertex -15.618358338132891 3.241547927404673 90.5
    endloop
  endfacet
  facet normal 0 0 1
    outer loop
      vertex -15.113022935152763 1.7964481111708888 90.5
      vertex -15.207208714446734 3.293488203813296 90.5
      vertex -15.6 3.2438671248503046 90.5
    endloop
  endfacet
  facet normal 0 0 1
    outer loop
      vertex -15.113022935152763 1.7964481111708888 90.5
      vertex -14.792791285553266 3.293488203813296 90.5
      vertex -15.207208714446734 3.293488203813296 90.5
    endloop
  endfacet
  facet normal 0 0 1
    outer loop
      vertex -14.662713633745696 1.7681170513116398 90.5
      vertex -14.4 3.2438671248503046 90.5
      vertex -14.792791285553266 3.293488203813296 90.5
    endloop
  endfacet
  facet normal 0 0 1
    outer loop
      vertex -14.662713633745696 1.7681170513116398 90.5
      vertex -14.381641661867109 3.241547927404673 90.5
      vertex -14.4 3.2438671248503046 90.5
    endloop
  endfacet
  facet normal 0 0 1
    outer loop
      vertex -13.852636818452359 1.3869238369964205 90.5
      vertex -13.59492833783526 2.985929273137864 90.5
      vertex -13.980243918562675 3.1384865037740064 90.5
    endloop
  endfacet
  facet normal 0 0 1
    outer loop
      vertex -13.543769410125094 1.0580134541264516 90.5
      vertex -13.231771576569312 2.7862821541566496 90.5
      vertex -13.59492833783526 2.985929273137864 90.5
    endloop
  endfacet
  facet normal 0 0 1
    outer loop
      vertex -14.23359727518287 1.628688694438835 90.5
      vertex -13.980243918562675 3.1384865037740064 90.5
      vertex -14.381641661867109 3.241547927404673 90.5
    endloop
  endfacet
  facet normal 0 0 1
    outer loop
      vertex -13.214193537633939 0.22559982041574766 90.5
      vertex -12.896500833829323 2.542693701160104 90.5
      vertex -13.231771576569312 2.7862821541566496 90.5
    endloop
  endfacet
  facet normal 0.12533323356430323 -0.992114701314478 0
    outer loop
      vertex -15.207208714446734 3.293488203813296 90.5
      vertex -15.6 3.2438671248503046 91
      vertex -15.6 3.2438671248503046 90.5
    endloop
  endfacet
  facet normal 0.12533323356432136 -0.9921147013144757 -4.671087248550331e-16
    outer loop
      vertex -15.510935149878087 3.2551186320076018 93.91420753704078
      vertex -15.598794825892822 3.2440193737461835 91.12178280151765
      vertex -15.592272908267773 3.244843283546033 91.17705032710207
    endloop
  endfacet
  facet normal 0.12533323356430323 -0.992114701314478 0
    outer loop
      vertex -15.207208714446734 3.293488203813296 90.5
      vertex -15.207208714446734 3.293488203813296 91
      vertex -15.6 3.2438671248503046 91
    endloop
  endfacet
  facet normal 0.1253332335643031 -0.9921147013144779 1.169472226949232e-16
    outer loop
      vertex -15.510935149878087 3.2551186320076018 93.91420753704078
      vertex -15.570834847194373 3.2475515404765254 93.94713767430534
      vertex -15.598794825892822 3.2440193737461835 91.12178280151765
    endloop
  endfacet
  facet normal 0 -1 0
    outer loop
      vertex -15.207208714446734 3.293488203813296 90.5
      vertex -14.792791285553266 3.293488203813296 91
      vertex -15.207208714446734 3.293488203813296 91
    endloop
  endfacet
  facet normal 0 -1 0
    outer loop
      vertex -15.207208714446734 3.293488203813296 90.5
      vertex -14.792791285553266 3.293488203813296 90.5
      vertex -14.792791285553266 3.293488203813296 91
    endloop
  endfacet
  facet normal -0.12533323356430323 -0.992114701314478 0
    outer loop
      vertex -14.792791285553266 3.293488203813296 91
      vertex -14.4 3.2438671248503046 90.5
      vertex -14.4 3.2438671248503046 91
    endloop
  endfacet
  facet normal -0.12533323356430323 -0.992114701314478 0
    outer loop
      vertex -14.792791285553266 3.293488203813296 90.5
      vertex -14.4 3.2438671248503046 90.5
      vertex -14.792791285553266 3.293488203813296 91
    endloop
  endfacet
  facet normal 0.1253332335643049 0.9921147013144778 0
    outer loop
      vertex 14.792791285553264 -3.293488203813296 90.5
      vertex 14.4 -3.243867124850304 90.5
      vertex 14.792791285553264 -3.293488203813296 91
    endloop
  endfacet
  facet normal 0.1253332335643049 0.9921147013144778 0
    outer loop
      vertex 14.792791285553264 -3.293488203813296 91
      vertex 14.4 -3.243867124850304 90.5
      vertex 14.4 -3.243867124850304 91
    endloop
  endfacet
  facet normal 0 1 0
    outer loop
      vertex 14.792791285553264 -3.293488203813296 90.5
      vertex 14.792791285553264 -3.293488203813296 91
      vertex 15.207208714446736 -3.293488203813296 90.5
    endloop
  endfacet
  facet normal 0 1 0
    outer loop
      vertex 15.207208714446736 -3.293488203813296 90.5
      vertex 14.792791285553264 -3.293488203813296 91
      vertex 15.207208714446736 -3.293488203813296 91
    endloop
  endfacet
  facet normal -0.1253332335643049 0.9921147013144778 0
    outer loop
      vertex 15.207208714446736 -3.293488203813296 90.5
      vertex 15.207208714446736 -3.293488203813296 91
      vertex 15.6 -3.243867124850304 91
    endloop
  endfacet
  facet normal -0.1253332335643049 0.9921147013144778 0
    outer loop
      vertex 15.207208714446736 -3.293488203813296 90.5
      vertex 15.6 -3.243867124850304 91
      vertex 15.6 -3.243867124850304 90.5
    endloop
  endfacet
  facet normal 0 0 1
    outer loop
      vertex 13.214193537633939 -0.22559982041574733 90.5
      vertex 12.896500833829325 -2.542693701160105 90.5
      vertex 13.231771576569312 -2.7862821541566496 90.5
    endloop
  endfacet
  facet normal 0 0 1
    outer loop
      vertex 14.23359727518287 -1.6286886944388352 90.5
      vertex 13.980243918562675 -3.1384865037740064 90.5
      vertex 14.381641661867109 -3.2415479274046723 90.5
    endloop
  endfacet
  facet normal 0 0 1
    outer loop
      vertex 13.543769410125094 -1.0580134541264516 90.5
      vertex 13.231771576569312 -2.7862821541566496 90.5
      vertex 13.594928337835261 -2.9859292731378644 90.5
    endloop
  endfacet
  facet normal 0 0 1
    outer loop
      vertex 13.852636818452359 -1.386923836996421 90.5
      vertex 13.594928337835261 -2.9859292731378644 90.5
      vertex 13.980243918562675 -3.1384865037740064 90.5
    endloop
  endfacet
  facet normal 0 0 1
    outer loop
      vertex 14.662713633745696 -1.7681170513116395 90.5
      vertex 14.381641661867109 -3.2415479274046723 90.5
      vertex 14.4 -3.243867124850304 90.5
    endloop
  endfacet
  facet normal 0 0 1
    outer loop
      vertex 14.792791285553264 -3.293488203813296 90.5
      vertex 14.662713633745696 -1.7681170513116395 90.5
      vertex 14.4 -3.243867124850304 90.5
    endloop
  endfacet
  facet normal 0 0 1
    outer loop
      vertex 14.792791285553264 -3.293488203813296 90.5
      vertex 15.207208714446736 -3.293488203813296 90.5
      vertex 15.113022935152765 -1.7964481111708888 90.5
    endloop
  endfacet
  facet normal 0 0 1
    outer loop
      vertex 15.207208714446736 -3.293488203813296 90.5
      vertex 15.6 -3.243867124850304 90.5
      vertex 15.113022935152765 -1.7964481111708888 90.5
    endloop
  endfacet
  facet normal 0 0 1
    outer loop
      vertex 15.113022935152765 -1.7964481111708888 90.5
      vertex 15.6 -3.243867124850304 90.5
      vertex 15.618358338132891 -3.2415479274046723 90.5
    endloop
  endfacet
  facet normal 0 0 1
    outer loop
      vertex 15.556230589874906 -1.7119017293312764 90.5
      vertex 15.618358338132891 -3.2415479274046723 90.5
      vertex 16.019756081437325 -3.1384865037740064 90.5
    endloop
  endfacet
  facet normal 0 0 1
    outer loop
      vertex 14.792791285553264 -3.293488203813296 90.5
      vertex 14.886977064847235 -1.7964481111708888 90.5
      vertex 14.662713633745696 -1.7681170513116395 90.5
    endloop
  endfacet
  facet normal 0 0 1
    outer loop
      vertex 14.792791285553264 -3.293488203813296 90.5
      vertex 15.113022935152765 -1.7964481111708888 90.5
      vertex 14.886977064847235 -1.7964481111708888 90.5
    endloop
  endfacet
  facet normal 0 0 1
    outer loop
      vertex 15.113022935152765 -1.7964481111708888 90.5
      vertex 15.618358338132891 -3.2415479274046723 90.5
      vertex 15.337286366254304 -1.7681170513116395 90.5
    endloop
  endfacet
  facet normal 0 0 1
    outer loop
      vertex 14.035511769037806 -1.519790265903627 90.5
      vertex 13.980243918562675 -3.1384865037740064 90.5
      vertex 14.23359727518287 -1.6286886944388352 90.5
    endloop
  endfacet
  facet normal 0 0 1
    outer loop
      vertex 14.23359727518287 -1.6286886944388352 90.5
      vertex 14.381641661867109 -3.2415479274046723 90.5
      vertex 14.443769410125094 -1.7119017293312764 90.5
    endloop
  endfacet
  facet normal 0 0 1
    outer loop
      vertex 13.852636818452359 -1.386923836996421 90.5
      vertex 13.980243918562675 -3.1384865037740064 90.5
      vertex 14.035511769037806 -1.519790265903627 90.5
    endloop
  endfacet
  facet normal 0 0 1
    outer loop
      vertex 13.687856470641458 -1.2321847906716394 90.5
      vertex 13.594928337835261 -2.9859292731378644 90.5
      vertex 13.852636818452359 -1.386923836996421 90.5
    endloop
  endfacet
  facet normal 0 0 1
    outer loop
      vertex 13.543769410125094 -1.0580134541264516 90.5
      vertex 13.594928337835261 -2.9859292731378644 90.5
      vertex 13.687856470641458 -1.2321847906716394 90.5
    endloop
  endfacet
  facet normal 0 0 1
    outer loop
      vertex 13.543769410125094 -1.0580134541264516 90.5
      vertex 13.422647975921045 -0.8671566133830877 90.5
      vertex 13.231771576569312 -2.7862821541566496 90.5
    endloop
  endfacet
  facet normal 0 0 1
    outer loop
      vertex 14.443769410125094 -1.7119017293312764 90.5
      vertex 14.381641661867109 -3.2415479274046723 90.5
      vertex 14.662713633745696 -1.7681170513116395 90.5
    endloop
  endfacet
  facet normal 0 0 1
    outer loop
      vertex 15.337286366254304 -1.7681170513116395 90.5
      vertex 15.618358338132891 -3.2415479274046723 90.5
      vertex 15.556230589874906 -1.7119017293312764 90.5
    endloop
  endfacet
  facet normal 0 0 1
    outer loop
      vertex 12.594403529509341 -2.259005449564672 90.5
      vertex 12.896500833829325 -2.542693701160105 90.5
      vertex 12.896500833829325 2.542693701160105 90.5
    endloop
  endfacet
  facet normal 0 0 1
    outer loop
      vertex 13.214193537633939 -0.22559982041574733 90.5
      vertex 13.2 0 90.5
      vertex 12.896500833829325 -2.542693701160105 90.5
    endloop
  endfacet
  facet normal 0 0 1
    outer loop
      vertex 13.2 0 90.5
      vertex 13.214193537633939 0.22559982041574733 90.5
      vertex 12.896500833829325 -2.542693701160105 90.5
    endloop
  endfacet
  facet normal 0.9822872507286876 0.18738131458573024 0
    outer loop
      vertex 11.726021485662223 -0.4135996707622034 90.5
      vertex 11.761579250161233 -0.6 91
      vertex 11.761579250161233 -0.6 90.5
    endloop
  endfacet
  facet normal 0.9822872507286876 0.18738131458573024 0
    outer loop
      vertex 11.726021485662223 -0.4135996707622034 90.5
      vertex 11.726021485662223 -0.4135996707622034 91
      vertex 11.761579250161233 -0.6 91
    endloop
  endfacet
  facet normal 0 0 1
    outer loop
      vertex 11.761579250161233 -0.6 90.5
      vertex 11.803675568275517 -0.8206766276440209 90.5
      vertex 11.803675568275517 0.8206766276440209 90.5
    endloop
  endfacet
  facet normal 0 0 1
    outer loop
      vertex 11.726021485662223 -0.4135996707622034 90.5
      vertex 11.761579250161233 -0.6 90.5
      vertex 11.803675568275517 0.8206766276440209 90.5
    endloop
  endfacet
  facet normal 0.9980267284282716 0.06279051952931405 0
    outer loop
      vertex 11.726021485662223 -0.4135996707622034 90.5
      vertex 11.7 0 91
      vertex 11.726021485662223 -0.4135996707622034 91
    endloop
  endfacet
  facet normal 0.9980267284282716 0.06279051952931405 0
    outer loop
      vertex 11.726021485662223 -0.4135996707622034 90.5
      vertex 11.7 0 90.5
      vertex 11.7 0 91
    endloop
  endfacet
  facet normal 0 0 1
    outer loop
      vertex 11.93173759656877 -1.214811023859437 90.5
      vertex 12.10818795585525 -1.5897871245356607 90.5
      vertex 12.10818795585525 1.5897871245356607 90.5
    endloop
  endfacet
  facet normal 0 0 1
    outer loop
      vertex 12.10818795585525 -1.5897871245356607 90.5
      vertex 12.330243918562674 -1.9396913325651612 90.5
      vertex 12.330243918562674 1.9396913325651612 90.5
    endloop
  endfacet
  facet normal 0 0 1
    outer loop
      vertex 12.330243918562674 -1.9396913325651612 90.5
      vertex 12.594403529509341 -2.259005449564672 90.5
      vertex 12.594403529509341 2.259005449564672 90.5
    endloop
  endfacet
  facet normal 0 0 1
    outer loop
      vertex 11.803675568275517 -0.8206766276440209 90.5
      vertex 11.93173759656877 -1.214811023859437 90.5
      vertex 11.93173759656877 1.214811023859437 90.5
    endloop
  endfacet
  facet normal 0 0 1
    outer loop
      vertex 13.326402325401148 -0.6626241948324202 90.5
      vertex 13.231771576569312 -2.7862821541566496 90.5
      vertex 13.422647975921045 -0.8671566133830877 90.5
    endloop
  endfacet
  facet normal 0 0 1
    outer loop
      vertex 13.326402325401148 -0.6626241948324202 90.5
      vertex 13.256550309968464 -0.4476417968967387 90.5
      vertex 13.231771576569312 -2.7862821541566496 90.5
    endloop
  endfacet
  facet normal 0 0 1
    outer loop
      vertex 13.214193537633939 -0.22559982041574733 90.5
      vertex 13.231771576569312 -2.7862821541566496 90.5
      vertex 13.256550309968464 -0.4476417968967387 90.5
    endloop
  endfacet
  facet normal 0 0 1
    outer loop
      vertex 15.964488230962193 -1.5197902659036275 90.5
      vertex 16.019756081437325 -3.1384865037740064 90.5
      vertex 16.40507166216474 -2.9859292731378644 90.5
    endloop
  endfacet
  facet normal 0 0 1
    outer loop
      vertex 16.456230589874906 -1.0580134541264516 90.5
      vertex 16.40507166216474 -2.9859292731378644 90.5
      vertex 16.76822842343069 -2.7862821541566505 90.5
    endloop
  endfacet
  facet normal 0 0 1
    outer loop
      vertex 15.556230589874906 -1.7119017293312764 90.5
      vertex 16.019756081437325 -3.1384865037740064 90.5
      vertex 15.76640272481713 -1.6286886944388352 90.5
    endloop
  endfacet
  facet normal 0 0 1
    outer loop
      vertex 15.76640272481713 -1.6286886944388352 90.5
      vertex 16.019756081437325 -3.1384865037740064 90.5
      vertex 15.964488230962193 -1.5197902659036275 90.5
    endloop
  endfacet
  facet normal 0 0 1
    outer loop
      vertex 15.964488230962193 -1.5197902659036275 90.5
      vertex 16.40507166216474 -2.9859292731378644 90.5
      vertex 16.147363181547643 -1.3869238369964203 90.5
    endloop
  endfacet
  facet normal 0 0 1
    outer loop
      vertex 16.147363181547643 -1.3869238369964203 90.5
      vertex 16.40507166216474 -2.9859292731378644 90.5
      vertex 16.31214352935854 -1.2321847906716394 90.5
    endloop
  endfacet
  facet normal 0 0 1
    outer loop
      vertex 16.31214352935854 -1.2321847906716394 90.5
      vertex 16.40507166216474 -2.9859292731378644 90.5
      vertex 16.456230589874906 -1.0580134541264516 90.5
    endloop
  endfacet
  facet normal 0 0 1
    outer loop
      vertex 16.456230589874906 -1.0580134541264516 90.5
      vertex 16.76822842343069 -2.7862821541566505 90.5
      vertex 16.577352024078955 -0.8671566133830877 90.5
    endloop
  endfacet
  facet normal 0 0 1
    outer loop
      vertex 16.577352024078955 -0.8671566133830877 90.5
      vertex 16.76822842343069 -2.7862821541566505 90.5
      vertex 16.673597674598852 -0.6626241948324211 90.5
    endloop
  endfacet
  facet normal 0 0 1
    outer loop
      vertex 16.673597674598852 -0.6626241948324211 90.5
      vertex 16.76822842343069 -2.7862821541566505 90.5
      vertex 16.743449690031536 -0.447641796896738 90.5
    endloop
  endfacet
  facet normal 0 0 1
    outer loop
      vertex 16.743449690031536 -0.447641796896738 90.5
      vertex 16.76822842343069 -2.7862821541566505 90.5
      vertex 16.78580646236606 -0.22559982041574733 90.5
    endloop
  endfacet
  facet normal 0 0 1
    outer loop
      vertex 16.76822842343069 -2.7862821541566505 90.5
      vertex 17.10349916617068 -2.5426937011601036 90.5
      vertex 17.103499166170675 2.542693701160104 90.5
    endloop
  endfacet
  facet normal 0 0 1
    outer loop
      vertex 17.10349916617068 -2.5426937011601036 90.5
      vertex 17.405596470490657 -2.259005449564672 90.5
      vertex 17.405596470490657 2.2590054495646728 90.5
    endloop
  endfacet
  facet normal 0 0 1
    outer loop
      vertex 17.405596470490657 -2.259005449564672 90.5
      vertex 17.669756081437328 -1.9396913325651612 90.5
      vertex 17.669756081437328 1.9396913325651612 90.5
    endloop
  endfacet
  facet normal 0 0 1
    outer loop
      vertex 16.78580646236606 -0.22559982041574733 90.5
      vertex 16.76822842343069 -2.7862821541566505 90.5
      vertex 17.103499166170675 2.542693701160104 90.5
    endloop
  endfacet
  facet normal 0 0 1
    outer loop
      vertex 17.669756081437328 -1.9396913325651612 90.5
      vertex 17.89181204414475 -1.5897871245356607 90.5
      vertex 17.89181204414475 1.5897871245356605 90.5
    endloop
  endfacet
  facet normal 0 0 1
    outer loop
      vertex 17.89181204414475 -1.5897871245356607 90.5
      vertex 18.06826240343123 -1.2148110238594385 90.5
      vertex 18.06826240343123 1.2148110238594372 90.5
    endloop
  endfacet
  facet normal 0 0 1
    outer loop
      vertex 18.06826240343123 -1.2148110238594385 90.5
      vertex 18.196324431724484 -0.8206766276440196 90.5
      vertex 18.196324431724484 0.8206766276440208 90.5
    endloop
  endfacet
  facet normal -0.9822872507286875 0.18738131458573024 0
    outer loop
      vertex 18.273978514337777 -0.4135996707622034 90.5
      vertex 18.238420749838767 -0.6 90.5
      vertex 18.238420749838767 -0.6 90.99999999999999
    endloop
  endfacet
  facet normal -0.9822872507286876 0.18738131458573024 0
    outer loop
      vertex 18.273978514337777 -0.4135996707622034 90.5
      vertex 18.238420749838767 -0.6 90.99999999999999
      vertex 18.273978514337777 -0.4135996707622034 91
    endloop
  endfacet
  facet normal 0 0 1
    outer loop
      vertex 18.273978514337777 0.41359967076220405 90.5
      vertex 18.196324431724484 -0.8206766276440196 90.5
      vertex 18.238420749838767 -0.6 90.5
    endloop
  endfacet
  facet normal 0 0 1
    outer loop
      vertex 18.273978514337777 -0.4135996707622034 90.5
      vertex 18.273978514337777 0.41359967076220405 90.5
      vertex 18.238420749838767 -0.6 90.5
    endloop
  endfacet
  facet normal -0.9980267284282716 0.06279051952931405 0
    outer loop
      vertex 18.273978514337777 -0.4135996707622034 90.5
      vertex 18.273978514337777 -0.4135996707622034 91
      vertex 18.3 0 90.5
    endloop
  endfacet
  facet normal -0.9980267284282716 0.06279051952931405 0
    outer loop
      vertex 18.3 0 90.5
      vertex 18.273978514337777 -0.4135996707622034 91
      vertex 18.3 0 91
    endloop
  endfacet
  facet normal 0 0 1
    outer loop
      vertex 11.726021485662223 -0.4135996707622034 90.5
      vertex 11.726021485662223 0.4135996707622034 90.5
      vertex 11.7 0 90.5
    endloop
  endfacet
  facet normal 0 0 1
    outer loop
      vertex 11.726021485662223 -0.4135996707622034 90.5
      vertex 11.761579250161233 0.6 90.5
      vertex 11.726021485662223 0.4135996707622034 90.5
    endloop
  endfacet
  facet normal 0 0 1
    outer loop
      vertex 11.726021485662223 -0.4135996707622034 90.5
      vertex 11.803675568275517 0.8206766276440209 90.5
      vertex 11.761579250161233 0.6 90.5
    endloop
  endfacet
  facet normal 0.9980267284282716 -0.06279051952931405 0
    outer loop
      vertex 11.7 0 90.5
      vertex 11.726021485662223 0.4135996707622034 91
      vertex 11.7 0 91
    endloop
  endfacet
  facet normal 0.9980267284282716 -0.06279051952931405 0
    outer loop
      vertex 11.7 0 90.5
      vertex 11.726021485662223 0.4135996707622034 90.5
      vertex 11.726021485662223 0.4135996707622034 91
    endloop
  endfacet
  facet normal 0.9822872507286876 -0.18738131458573024 0
    outer loop
      vertex 11.726021485662223 0.4135996707622034 90.5
      vertex 11.761579250161233 0.6 90.99999999999997
      vertex 11.726021485662223 0.4135996707622034 91
    endloop
  endfacet
  facet normal 0.9822872507286876 -0.18738131458573026 0
    outer loop
      vertex 11.726021485662223 0.4135996707622034 90.5
      vertex 11.761579250161233 0.6 90.5
      vertex 11.761579250161233 0.6 90.99999999999997
    endloop
  endfacet
  facet normal 0 0 1
    outer loop
      vertex 13.214193537633939 0.22559982041574733 90.5
      vertex 13.231771576569312 2.7862821541566496 90.5
      vertex 12.896500833829325 -2.542693701160105 90.5
    endloop
  endfacet
  facet normal 0 0 1
    outer loop
      vertex 11.93173759656877 1.214811023859437 90.5
      vertex 11.803675568275517 0.8206766276440209 90.5
      vertex 11.803675568275517 -0.8206766276440209 90.5
    endloop
  endfacet
  facet normal 0 0 1
    outer loop
      vertex 12.10818795585525 1.5897871245356607 90.5
      vertex 11.93173759656877 1.214811023859437 90.5
      vertex 11.93173759656877 -1.214811023859437 90.5
    endloop
  endfacet
  facet normal 0 0 1
    outer loop
      vertex 12.330243918562674 1.9396913325651612 90.5
      vertex 12.10818795585525 1.5897871245356607 90.5
      vertex 12.10818795585525 -1.5897871245356607 90.5
    endloop
  endfacet
  facet normal 0 0 1
    outer loop
      vertex 12.594403529509341 2.259005449564672 90.5
      vertex 12.330243918562674 1.9396913325651612 90.5
      vertex 12.330243918562674 -1.9396913325651612 90.5
    endloop
  endfacet
  facet normal 0 0 1
    outer loop
      vertex 12.896500833829325 2.542693701160105 90.5
      vertex 12.594403529509341 2.259005449564672 90.5
      vertex 12.594403529509341 -2.259005449564672 90.5
    endloop
  endfacet
  facet normal 0 0 1
    outer loop
      vertex 13.231771576569312 2.7862821541566496 90.5
      vertex 12.896500833829325 2.542693701160105 90.5
      vertex 12.896500833829325 -2.542693701160105 90.5
    endloop
  endfacet
  facet normal 0 0 1
    outer loop
      vertex 13.214193537633939 0.22559982041574733 90.5
      vertex 13.256550309968464 0.4476417968967387 90.5
      vertex 13.231771576569312 2.7862821541566496 90.5
    endloop
  endfacet
  facet normal 0 0 1
    outer loop
      vertex 13.256550309968464 0.4476417968967387 90.5
      vertex 13.326402325401148 0.6626241948324202 90.5
      vertex 13.231771576569312 2.7862821541566496 90.5
    endloop
  endfacet
  facet normal 0 0 1
    outer loop
      vertex 13.326402325401148 0.6626241948324202 90.5
      vertex 13.422647975921045 0.8671566133830877 90.5
      vertex 13.231771576569312 2.7862821541566496 90.5
    endloop
  endfacet
  facet normal 0 0 1
    outer loop
      vertex 13.422647975921045 0.8671566133830877 90.5
      vertex 13.543769410125094 1.0580134541264516 90.5
      vertex 13.231771576569312 2.7862821541566496 90.5
    endloop
  endfacet
  facet normal 0 0 1
    outer loop
      vertex 13.543769410125094 1.0580134541264516 90.5
      vertex 13.687856470641458 1.2321847906716394 90.5
      vertex 13.59492833783526 2.985929273137864 90.5
    endloop
  endfacet
  facet normal 0 0 1
    outer loop
      vertex 13.687856470641458 1.2321847906716394 90.5
      vertex 13.852636818452359 1.386923836996421 90.5
      vertex 13.59492833783526 2.985929273137864 90.5
    endloop
  endfacet
  facet normal 0 0 1
    outer loop
      vertex 13.852636818452359 1.386923836996421 90.5
      vertex 14.035511769037806 1.519790265903627 90.5
      vertex 13.59492833783526 2.985929273137864 90.5
    endloop
  endfacet
  facet normal 0 0 1
    outer loop
      vertex 14.035511769037806 1.519790265903627 90.5
      vertex 14.23359727518287 1.628688694438835 90.5
      vertex 13.980243918562675 3.1384865037740064 90.5
    endloop
  endfacet
  facet normal 0 0 1
    outer loop
      vertex 14.23359727518287 1.628688694438835 90.5
      vertex 14.443769410125094 1.7119017293312764 90.5
      vertex 13.980243918562675 3.1384865037740064 90.5
    endloop
  endfacet
  facet normal 0 0 1
    outer loop
      vertex 14.443769410125094 1.7119017293312764 90.5
      vertex 14.662713633745696 1.7681170513116398 90.5
      vertex 14.381641661867109 3.241547927404673 90.5
    endloop
  endfacet
  facet normal 0 0 1
    outer loop
      vertex 15.337286366254304 1.7681170513116398 90.5
      vertex 15.556230589874906 1.7119017293312764 90.5
      vertex 15.618358338132891 3.241547927404673 90.5
    endloop
  endfacet
  facet normal 0 0 1
    outer loop
      vertex 15.556230589874906 1.7119017293312764 90.5
      vertex 15.76640272481713 1.628688694438835 90.5
      vertex 15.618358338132891 3.241547927404673 90.5
    endloop
  endfacet
  facet normal 0 0 1
    outer loop
      vertex 13.543769410125094 1.0580134541264516 90.5
      vertex 13.59492833783526 2.985929273137864 90.5
      vertex 13.231771576569312 2.7862821541566496 90.5
    endloop
  endfacet
  facet normal 0 0 1
    outer loop
      vertex 14.035511769037806 1.519790265903627 90.5
      vertex 13.980243918562675 3.1384865037740064 90.5
      vertex 13.59492833783526 2.985929273137864 90.5
    endloop
  endfacet
  facet normal 0 0 1
    outer loop
      vertex 14.443769410125094 1.7119017293312764 90.5
      vertex 14.381641661867109 3.241547927404673 90.5
      vertex 13.980243918562675 3.1384865037740064 90.5
    endloop
  endfacet
  facet normal 0 0 1
    outer loop
      vertex 14.662713633745696 1.7681170513116398 90.5
      vertex 14.886977064847237 1.7964481111708888 90.5
      vertex 14.381641661867109 3.241547927404673 90.5
    endloop
  endfacet
  facet normal 0 0 1
    outer loop
      vertex 14.886977064847237 1.7964481111708888 90.5
      vertex 15.113022935152763 1.7964481111708888 90.5
      vertex 15.207208714446734 3.293488203813296 90.5
    endloop
  endfacet
  facet normal 0 0 1
    outer loop
      vertex 15.113022935152763 1.7964481111708888 90.5
      vertex 15.337286366254304 1.7681170513116398 90.5
      vertex 15.207208714446734 3.293488203813296 90.5
    endloop
  endfacet
  facet normal 0 0 1
    outer loop
      vertex 14.886977064847237 1.7964481111708888 90.5
      vertex 14.4 3.2438671248503046 90.5
      vertex 14.381641661867109 3.241547927404673 90.5
    endloop
  endfacet
  facet normal 0 0 1
    outer loop
      vertex 14.886977064847237 1.7964481111708888 90.5
      vertex 14.792791285553266 3.293488203813296 90.5
      vertex 14.4 3.2438671248503046 90.5
    endloop
  endfacet
  facet normal 0 0 1
    outer loop
      vertex 14.886977064847237 1.7964481111708888 90.5
      vertex 15.207208714446734 3.293488203813296 90.5
      vertex 14.792791285553266 3.293488203813296 90.5
    endloop
  endfacet
  facet normal 0 0 1
    outer loop
      vertex 15.337286366254304 1.7681170513116398 90.5
      vertex 15.6 3.2438671248503046 90.5
      vertex 15.207208714446734 3.293488203813296 90.5
    endloop
  endfacet
  facet normal 0 0 1
    outer loop
      vertex 15.337286366254304 1.7681170513116398 90.5
      vertex 15.618358338132891 3.241547927404673 90.5
      vertex 15.6 3.2438671248503046 90.5
    endloop
  endfacet
  facet normal 0 0 1
    outer loop
      vertex 18.273978514337777 -0.4135996707622034 90.5
      vertex 18.3 0 90.5
      vertex 18.273978514337777 0.41359967076220405 90.5
    endloop
  endfacet
  facet normal 0 0 1
    outer loop
      vertex 18.273978514337777 0.41359967076220405 90.5
      vertex 18.196324431724484 0.8206766276440208 90.5
      vertex 18.196324431724484 -0.8206766276440196 90.5
    endloop
  endfacet
  facet normal 0 0 1
    outer loop
      vertex 18.196324431724484 0.8206766276440208 90.5
      vertex 18.06826240343123 1.2148110238594372 90.5
      vertex 18.06826240343123 -1.2148110238594385 90.5
    endloop
  endfacet
  facet normal -0.9980267284282716 -0.06279051952931394 0
    outer loop
      vertex 18.3 0 90.5
      vertex 18.3 0 91
      vertex 18.273978514337777 0.41359967076220405 90.5
    endloop
  endfacet
  facet normal -0.9980267284282716 -0.06279051952931394 0
    outer loop
      vertex 18.273978514337777 0.41359967076220405 90.5
      vertex 18.3 0 91
      vertex 18.273978514337777 0.41359967076220405 91
    endloop
  endfacet
  facet normal 0 0 1
    outer loop
      vertex 17.669756081437328 1.9396913325651612 90.5
      vertex 17.405596470490657 2.2590054495646728 90.5
      vertex 17.405596470490657 -2.259005449564672 90.5
    endloop
  endfacet
  facet normal 0 0 1
    outer loop
      vertex 18.06826240343123 1.2148110238594372 90.5
      vertex 17.89181204414475 1.5897871245356605 90.5
      vertex 17.89181204414475 -1.5897871245356607 90.5
    endloop
  endfacet
  facet normal 0 0 1
    outer loop
      vertex 17.89181204414475 1.5897871245356605 90.5
      vertex 17.669756081437328 1.9396913325651612 90.5
      vertex 17.669756081437328 -1.9396913325651612 90.5
    endloop
  endfacet
  facet normal -0.9822872507286892 -0.18738131458572194 0
    outer loop
      vertex 18.273978514337777 0.41359967076220405 90.5
      vertex 18.273978514337777 0.41359967076220405 91
      vertex 18.196324431724484 0.8206766276440208 90.5
    endloop
  endfacet
  facet normal -0.9822872507286892 -0.18738131458572194 0
    outer loop
      vertex 18.273978514337777 0.41359967076220405 91
      vertex 18.273978514337777 0.41359967076220405 100
      vertex 18.196324431724484 0.8206766276440208 90.5
    endloop
  endfacet
  facet normal -0.9822872507286892 -0.18738131458572194 0
    outer loop
      vertex 18.196324431724484 0.8206766276440208 100
      vertex 18.196324431724484 0.8206766276440208 90.5
      vertex 18.273978514337777 0.41359967076220405 100
    endloop
  endfacet
  facet normal 0 0 1
    outer loop
      vertex 16.78580646236606 -0.22559982041574733 90.5
      vertex 17.103499166170675 2.542693701160104 90.5
      vertex 16.8 0 90.5
    endloop
  endfacet
  facet normal 0 0 1
    outer loop
      vertex 16.8 0 90.5
      vertex 17.103499166170675 2.542693701160104 90.5
      vertex 16.78580646236606 0.22559982041574766 90.5
    endloop
  endfacet
  facet normal 0 0 1
    outer loop
      vertex 16.743449690031536 0.44764179689673866 90.5
      vertex 16.76822842343069 2.7862821541566496 90.5
      vertex 16.673597674598852 0.6626241948324204 90.5
    endloop
  endfacet
  facet normal 0 0 1
    outer loop
      vertex 16.743449690031536 0.44764179689673866 90.5
      vertex 16.78580646236606 0.22559982041574766 90.5
      vertex 16.76822842343069 2.7862821541566496 90.5
    endloop
  endfacet
  facet normal 0 0 1
    outer loop
      vertex 16.577352024078955 0.8671566133830876 90.5
      vertex 16.673597674598852 0.6626241948324204 90.5
      vertex 16.76822842343069 2.7862821541566496 90.5
    endloop
  endfacet
  facet normal 0 0 1
    outer loop
      vertex 17.405596470490657 2.2590054495646728 90.5
      vertex 17.103499166170675 2.542693701160104 90.5
      vertex 17.10349916617068 -2.5426937011601036 90.5
    endloop
  endfacet
  facet normal 0 0 1
    outer loop
      vertex 16.31214352935854 1.2321847906716397 90.5
      vertex 16.456230589874906 1.0580134541264516 90.5
      vertex 16.40507166216474 2.985929273137864 90.5
    endloop
  endfacet
  facet normal 0 0 1
    outer loop
      vertex 16.147363181547643 1.3869238369964205 90.5
      vertex 16.31214352935854 1.2321847906716397 90.5
      vertex 16.40507166216474 2.985929273137864 90.5
    endloop
  endfacet
  facet normal 0 0 1
    outer loop
      vertex 16.577352024078955 0.8671566133830876 90.5
      vertex 16.76822842343069 2.7862821541566496 90.5
      vertex 16.456230589874906 1.0580134541264516 90.5
    endloop
  endfacet
  facet normal 0 0 1
    outer loop
      vertex 16.78580646236606 0.22559982041574766 90.5
      vertex 17.103499166170675 2.542693701160104 90.5
      vertex 16.76822842343069 2.7862821541566496 90.5
    endloop
  endfacet
  facet normal 0 0 1
    outer loop
      vertex 15.964488230962194 1.519790265903627 90.5
      vertex 16.147363181547643 1.3869238369964205 90.5
      vertex 16.019756081437325 3.1384865037740064 90.5
    endloop
  endfacet
  facet normal 0 0 1
    outer loop
      vertex 15.76640272481713 1.628688694438835 90.5
      vertex 15.964488230962194 1.519790265903627 90.5
      vertex 16.019756081437325 3.1384865037740064 90.5
    endloop
  endfacet
  facet normal 0 0 1
    outer loop
      vertex 16.147363181547643 1.3869238369964205 90.5
      vertex 16.40507166216474 2.985929273137864 90.5
      vertex 16.019756081437325 3.1384865037740064 90.5
    endloop
  endfacet
  facet normal 0 0 1
    outer loop
      vertex 16.456230589874906 1.0580134541264516 90.5
      vertex 16.76822842343069 2.7862821541566496 90.5
      vertex 16.40507166216474 2.985929273137864 90.5
    endloop
  endfacet
  facet normal 0 0 1
    outer loop
      vertex 15.76640272481713 1.628688694438835 90.5
      vertex 16.019756081437325 3.1384865037740064 90.5
      vertex 15.618358338132891 3.241547927404673 90.5
    endloop
  endfacet
  facet normal 0.12533323356432136 -0.9921147013144757 -4.671087248550331e-16
    outer loop
      vertex 14.489064850121913 3.2551186320076018 93.91420753704078
      vertex 14.401205174107178 3.2440193737461835 91.12178280151765
      vertex 14.407727091732227 3.244843283546033 91.17705032710207
    endloop
  endfacet
  facet normal 0.12533323356430323 -0.992114701314478 0
    outer loop
      vertex 14.792791285553266 3.293488203813296 90.5
      vertex 14.4 3.2438671248503046 91
      vertex 14.4 3.2438671248503046 90.5
    endloop
  endfacet
  facet normal 0.12533323356430323 -0.992114701314478 0
    outer loop
      vertex 14.792791285553266 3.293488203813296 90.5
      vertex 14.792791285553266 3.293488203813296 91
      vertex 14.4 3.2438671248503046 91
    endloop
  endfacet
  facet normal 0 -1 0
    outer loop
      vertex 14.792791285553266 3.293488203813296 90.5
      vertex 15.207208714446734 3.293488203813296 91
      vertex 14.792791285553266 3.293488203813296 91
    endloop
  endfacet
  facet normal 0 -1 0
    outer loop
      vertex 14.792791285553266 3.293488203813296 90.5
      vertex 15.207208714446734 3.293488203813296 90.5
      vertex 15.207208714446734 3.293488203813296 91
    endloop
  endfacet
  facet normal 0.1253332335643031 -0.9921147013144779 1.169472226949232e-16
    outer loop
      vertex 14.489064850121913 3.2551186320076018 93.91420753704078
      vertex 14.429165152805627 3.2475515404765254 93.94713767430534
      vertex 14.401205174107178 3.2440193737461835 91.12178280151765
    endloop
  endfacet
  facet normal -0.12533323356430323 -0.992114701314478 0
    outer loop
      vertex 15.207208714446734 3.293488203813296 90.5
      vertex 15.6 3.2438671248503046 90.5
      vertex 15.207208714446734 3.293488203813296 91
    endloop
  endfacet
  facet normal -0.12533323356430323 -0.992114701314478 0
    outer loop
      vertex 15.207208714446734 3.293488203813296 91
      vertex 15.6 3.2438671248503046 90.5
      vertex 15.6 3.2438671248503046 91
    endloop
  endfacet
  facet normal 0.3681245526846792 0 0.9297764858882509
    outer loop
      vertex -15.370820393249938 -1.759506976591768 3.858732180445816
      vertex -15.510935149878087 -3.8999999999999995 3.9142075370407765
      vertex -15.370820393249938 -3.8999999999999995 3.858732180445816
    endloop
  endfacet
  facet normal 0.24868988716485402 0 0.9685831611286313
    outer loop
      vertex -15.22485757750287 -1.7823201103140571 3.821255299125574
      vertex -15.370820393249938 -3.8999999999999995 3.858732180445816
      vertex -15.22485757750287 -3.8999999999999995 3.821255299125574
    endloop
  endfacet
  facet normal 0.12533323356430845 0 0.9921147013144772
    outer loop
      vertex -15.075348623435177 -1.7964481111708888 3.802367925886074
      vertex -15.22485757750287 -3.8999999999999995 3.821255299125574
      vertex -15.075348623435177 -3.8999999999999995 3.802367925886074
    endloop
  endfacet
  facet normal 0.24868988716485954 -4.55591242656957e-17 -0.96858316112863
    outer loop
      vertex -15.337286366254304 -1.7681170513116395 6.149877894274056
      vertex -15.224857577502869 -3.8999999999999995 6.178744700874427
      vertex -15.370820393249938 -3.8999999999999995 6.141267819554184
    endloop
  endfacet
  facet normal 0.12533323356430265 0 -0.992114701314478
    outer loop
      vertex -15.224857577502869 -1.7823201103140571 6.178744700874427
      vertex -15.075348623435175 -3.8999999999999995 6.197632074113926
      vertex -15.224857577502869 -3.8999999999999995 6.178744700874427
    endloop
  endfacet
  facet normal 0.4817536741017137 0 0.8763066800438646
    outer loop
      vertex -15.510935149878087 -1.7235316216461143 3.9142075370407765
      vertex -15.6 -3.8999999999999995 3.9631713527421497
      vertex -15.510935149878087 -3.8999999999999995 3.9142075370407765
    endloop
  endfacet
  facet normal 0.481753674101717 3.8416646261519325e-16 -0.8763066800438627
    outer loop
      vertex -15.556230589874906 -1.7119017293312764 6.060891084097855
      vertex -15.510935149878087 -3.8999999999999995 6.0857924629592235
      vertex -15.6 -3.8999999999999995 6.03682864725785
    endloop
  endfacet
  facet normal 0.36812455268467675 0 -0.929776485888252
    outer loop
      vertex -15.510935149878087 -1.7235316216461143 6.0857924629592235
      vertex -15.370820393249938 -3.8999999999999995 6.141267819554184
      vertex -15.510935149878087 -3.8999999999999995 6.0857924629592235
    endloop
  endfacet
  facet normal 0 0 1
    outer loop
      vertex -14.924651376564823 -1.7964481111708888 3.802367925886074
      vertex -15.075348623435177 -3.8999999999999995 3.802367925886074
      vertex -14.924651376564823 -3.8999999999999995 3.802367925886074
    endloop
  endfacet
  facet normal -0.12533323356430845 0 0.9921147013144773
    outer loop
      vertex -14.77514242249713 -1.7823201103140571 3.821255299125574
      vertex -14.924651376564823 -3.8999999999999995 3.802367925886074
      vertex -14.77514242249713 -3.8999999999999995 3.821255299125574
    endloop
  endfacet
  facet normal -0.24868988716485402 -1.555759724924889e-16 0.9685831611286312
    outer loop
      vertex -14.662713633745696 -1.7681170513116395 3.8501221057259443
      vertex -14.77514242249713 -3.8999999999999995 3.821255299125574
      vertex -14.629179606750062 -3.8999999999999995 3.858732180445816
    endloop
  endfacet
  facet normal 0 0 -1
    outer loop
      vertex -15.075348623435175 -1.7964481111708888 6.197632074113926
      vertex -14.924651376564825 -3.8999999999999995 6.197632074113926
      vertex -15.075348623435175 -3.8999999999999995 6.197632074113926
    endloop
  endfacet
  facet normal -0.12533323356430268 0 -0.9921147013144781
    outer loop
      vertex -14.924651376564825 -1.7964481111708888 6.197632074113926
      vertex -14.775142422497131 -3.8999999999999995 6.178744700874427
      vertex -14.924651376564825 -3.8999999999999995 6.197632074113926
    endloop
  endfacet
  facet normal -0.2486898871648595 0 -0.96858316112863
    outer loop
      vertex -14.775142422497131 -1.7823201103140571 6.178744700874427
      vertex -14.629179606750062 -3.8999999999999995 6.141267819554184
      vertex -14.775142422497131 -3.8999999999999995 6.178744700874427
    endloop
  endfacet
  facet normal -0.36812455268467664 0 -0.9297764858882518
    outer loop
      vertex -14.629179606750062 -1.759506976591768 6.141267819554184
      vertex -14.489064850121913 -3.8999999999999995 6.0857924629592235
      vertex -14.629179606750062 -3.8999999999999995 6.141267819554184
    endloop
  endfacet
  facet normal -0.36812455268467925 0 0.9297764858882509
    outer loop
      vertex -14.489064850121913 -1.7235316216461143 3.9142075370407765
      vertex -14.629179606750062 -3.8999999999999995 3.858732180445816
      vertex -14.489064850121913 -3.8999999999999995 3.9142075370407765
    endloop
  endfacet
  facet normal -0.481753674101717 2.0768389984019331e-16 0.8763066800438627
    outer loop
      vertex -14.443769410125094 -1.7119017293312764 3.9391089159021457
      vertex -14.489064850121913 -3.8999999999999995 3.9142075370407765
      vertex -14.4 -3.8999999999999995 3.96317135274215
    endloop
  endfacet
  facet normal -0.4817536741017103 0 -0.8763066800438664
    outer loop
      vertex -14.489064850121913 -1.7235316216461143 6.0857924629592235
      vertex -14.4 -3.8999999999999995 6.036828647257851
      vertex -14.489064850121913 -3.8999999999999995 6.0857924629592235
    endloop
  endfacet
  facet normal 0.6845471059286862 0 0.7289686274214139
    outer loop
      vertex -15.764908787698428 -1.6292801859875123 4.075384108669053
      vertex -15.874762352905694 -3.175714565787935 4.178543472885574
      vertex -15.764908787698428 -3.2039201673639712 4.075384108669053
    endloop
  endfacet
  facet normal 0.770513242775791 0 0.6374239897486876
    outer loop
      vertex -15.874762352905694 -1.569117484787269 4.178543472885574
      vertex -15.970820393249937 -3.1510510529650904 4.294657697249033
      vertex -15.874762352905694 -3.175714565787935 4.178543472885574
    endloop
  endfacet
  facet normal 0.6845471059286863 0 -0.7289686274214139
    outer loop
      vertex -15.874762352905694 -1.569117484787269 5.821456527114426
      vertex -15.764908787698428 -3.2039201673639712 5.924615891330947
      vertex -15.874762352905694 -3.175714565787935 5.821456527114426
    endloop
  endfacet
  facet normal 0.9510565162951514 0 0.3090169943749544
    outer loop
      vertex -16.1157317830659 -1.409905393213689 4.558250536778386
      vertex -16.162299793354357 -3.08204945574806 4.7015721354021744
      vertex -16.1157317830659 -3.1004870353352403 4.558250536778386
    endloop
  endfacet
  facet normal 0.8443279255020214 -1.334059056005351e-16 0.5358267949789868
    outer loop
      vertex -15.970820393249937 -1.5151896807073502 4.294657697249033
      vertex -16.051568016052634 -3.1258912678457635 4.421895591077941
      vertex -16.019756081437325 -3.1384865037740064 4.371768003186404
    endloop
  endfacet
  facet normal 0.8443279255020201 0 0.5358267949789887
    outer loop
      vertex -15.970820393249937 -1.5151896807073502 4.294657697249033
      vertex -16.019756081437325 -3.1384865037740064 4.371768003186404
      vertex -15.970820393249937 -3.1510510529650904 4.294657697249033
    endloop
  endfacet
  facet normal 0.9048270524660181 0 0.42577929156507555
    outer loop
      vertex -16.051568016052634 -1.4565230987058537 4.421895591077941
      vertex -16.1157317830659 -3.1004870353352403 4.558250536778386
      vertex -16.051568016052634 -3.1258912678457635 4.421895591077941
    endloop
  endfacet
  facet normal 0.9822872507286908 0 0.18738131458571394
    outer loop
      vertex -16.162299793354357 -1.3728974248847832 4.7015721354021744
      vertex -16.19053764157737 -3.0708693007283894 4.849600119722835
      vertex -16.162299793354357 -3.08204945574806 4.7015721354021744
    endloop
  endfacet
  facet normal 0.9980267284282712 0 0.06279051952932035
    outer loop
      vertex -16.19053764157737 -1.3463803203735836 4.849600119722835
      vertex -16.2 -3.0671228879995884 5
      vertex -16.19053764157737 -3.0708693007283894 4.849600119722835
    endloop
  endfacet
  facet normal 0.9822872507286908 0 -0.18738131458571394
    outer loop
      vertex -16.162299793354357 -1.3728974248847832 5.2984278645978256
      vertex -16.162299793354357 -3.08204945574806 5.2984278645978256
      vertex -16.19053764157737 -3.0708693007283894 5.150399880277165
    endloop
  endfacet
  facet normal 0.9980267284282712 0 -0.06279051952932035
    outer loop
      vertex -16.19053764157737 -1.3463803203735836 5.150399880277165
      vertex -16.19053764157737 -3.0708693007283894 5.150399880277165
      vertex -16.2 -3.0671228879995884 5
    endloop
  endfacet
  facet normal 0.9510565162951513 -7.511618672125978e-16 -0.30901699437495445
    outer loop
      vertex -16.14736318154764 -1.386923836996421 5.344398028856533
      vertex -16.1157317830659 -3.1004870353352403 5.441749463221614
      vertex -16.162299793354357 -3.08204945574806 5.2984278645978256
    endloop
  endfacet
  facet normal 0.8443279255020214 -1.334059056005351e-16 -0.5358267949789868
    outer loop
      vertex -15.970820393249937 -1.5151896807073502 5.705342302750967
      vertex -16.019756081437325 -3.1384865037740064 5.628231996813596
      vertex -16.051568016052634 -3.1258912678457635 5.578104408922059
    endloop
  endfacet
  facet normal 0.8443279255020201 0 -0.5358267949789887
    outer loop
      vertex -15.970820393249937 -1.5151896807073502 5.705342302750967
      vertex -15.970820393249937 -3.1510510529650904 5.705342302750967
      vertex -16.019756081437325 -3.1384865037740064 5.628231996813596
    endloop
  endfacet
  facet normal 0.770513242775791 1.542115746045981e-16 -0.6374239897486875
    outer loop
      vertex -15.964488230962194 -1.519790265903627 5.7129965720859435
      vertex -15.874762352905694 -3.175714565787935 5.821456527114426
      vertex -15.970820393249937 -3.1510510529650904 5.705342302750967
    endloop
  endfacet
  facet normal 0.9048270524660181 0 -0.42577929156507555
    outer loop
      vertex -16.051568016052634 -1.4565230987058537 5.578104408922059
      vertex -16.051568016052634 -3.1258912678457635 5.578104408922059
      vertex -16.1157317830659 -3.1004870353352403 5.441749463221614
    endloop
  endfacet
  facet normal 0.7705132427758071 0 0.6374239897486681
    outer loop
      vertex -15.970820393249937 -1.5151896807073502 4.294657697249033
      vertex -15.970820393249937 -3.1510510529650904 4.294657697249033
      vertex -15.964488230962194 -1.519790265903627 4.2870034279140565
    endloop
  endfacet
  facet normal 0.7705132427757899 1.6490727095589414e-16 0.637423989748689
    outer loop
      vertex -15.964488230962194 -1.519790265903627 4.2870034279140565
      vertex -15.970820393249937 -3.1510510529650904 4.294657697249033
      vertex -15.874762352905694 -1.569117484787269 4.178543472885574
    endloop
  endfacet
  facet normal 0.6845471059286854 0 0.7289686274214147
    outer loop
      vertex -15.874762352905694 -1.569117484787269 4.178543472885574
      vertex -15.874762352905694 -3.175714565787935 4.178543472885574
      vertex -15.76640272481713 -1.6286886944388352 4.076787009003276
    endloop
  endfacet
  facet normal 0.6845471059287452 -7.88601410528805e-15 0.7289686274213584
    outer loop
      vertex -15.764908787698428 -1.6292801859875123 4.075384108669053
      vertex -15.76640272481713 -1.6286886944388352 4.076787009003276
      vertex -15.874762352905694 -3.175714565787935 4.178543472885574
    endloop
  endfacet
  facet normal 0.6845471059287468 0 -0.7289686274213568
    outer loop
      vertex -15.764908787698428 -1.6292801859875123 5.924615891330947
      vertex -15.764908787698428 -3.2039201673639712 5.924615891330947
      vertex -15.76640272481713 -1.6286886944388352 5.923212990996724
    endloop
  endfacet
  facet normal 0.7705132427758071 0 -0.6374239897486681
    outer loop
      vertex -15.970820393249937 -1.5151896807073502 5.705342302750967
      vertex -15.964488230962194 -1.519790265903627 5.7129965720859435
      vertex -15.970820393249937 -3.1510510529650904 5.705342302750967
    endloop
  endfacet
  facet normal 0.6845471059286854 -1.1118468232576198e-16 -0.7289686274214147
    outer loop
      vertex -15.874762352905694 -1.569117484787269 5.821456527114426
      vertex -15.76640272481713 -1.6286886944388352 5.923212990996724
      vertex -15.764908787698428 -3.2039201673639712 5.924615891330947
    endloop
  endfacet
  facet normal 0.7705132427757898 0 -0.6374239897486891
    outer loop
      vertex -15.964488230962194 -1.519790265903627 5.7129965720859435
      vertex -15.874762352905694 -1.569117484787269 5.821456527114426
      vertex -15.874762352905694 -3.175714565787935 5.821456527114426
    endloop
  endfacet
  facet normal 0.9048270524660182 0 0.42577929156507555
    outer loop
      vertex -16.1157317830659 -1.409905393213689 4.558250536778386
      vertex -16.1157317830659 -3.1004870353352403 4.558250536778386
      vertex -16.051568016052634 -1.4565230987058537 4.421895591077941
    endloop
  endfacet
  facet normal 0.9510565162951551 -1.1026656731967046e-15 0.30901699437494273
    outer loop
      vertex -16.14736318154764 -1.386923836996421 4.655601971143467
      vertex -16.162299793354357 -3.08204945574806 4.7015721354021744
      vertex -16.1157317830659 -1.409905393213689 4.558250536778386
    endloop
  endfacet
  facet normal 0.9510565162951432 0 0.30901699437497954
    outer loop
      vertex -16.14736318154764 -1.386923836996421 4.655601971143467
      vertex -16.162299793354357 -1.3728974248847832 4.7015721354021744
      vertex -16.162299793354357 -3.08204945574806 4.7015721354021744
    endloop
  endfacet
  facet normal 0.8443279255020206 0 0.5358267949789879
    outer loop
      vertex -16.051568016052634 -1.4565230987058537 4.421895591077941
      vertex -16.051568016052634 -3.1258912678457635 4.421895591077941
      vertex -15.970820393249937 -1.5151896807073502 4.294657697249033
    endloop
  endfacet
  facet normal 0.9510565162951551 0 -0.30901699437494246
    outer loop
      vertex -16.14736318154764 -1.386923836996421 5.344398028856533
      vertex -16.1157317830659 -1.409905393213689 5.441749463221614
      vertex -16.1157317830659 -3.1004870353352403 5.441749463221614
    endloop
  endfacet
  facet normal 0.9048270524660182 0 -0.42577929156507555
    outer loop
      vertex -16.1157317830659 -1.409905393213689 5.441749463221614
      vertex -16.051568016052634 -1.4565230987058537 5.578104408922059
      vertex -16.1157317830659 -3.1004870353352403 5.441749463221614
    endloop
  endfacet
  facet normal 0.9822872507286907 0 0.18738131458571392
    outer loop
      vertex -16.19053764157737 -1.3463803203735836 4.849600119722835
      vertex -16.19053764157737 -3.0708693007283894 4.849600119722835
      vertex -16.162299793354357 -1.3728974248847832 4.7015721354021744
    endloop
  endfacet
  facet normal 0.9822872507286907 0 -0.18738131458571392
    outer loop
      vertex -16.19053764157737 -1.3463803203735836 5.150399880277165
      vertex -16.162299793354357 -1.3728974248847832 5.2984278645978256
      vertex -16.19053764157737 -3.0708693007283894 5.150399880277165
    endloop
  endfacet
  facet normal 0.9510565162951432 0 -0.30901699437497954
    outer loop
      vertex -16.14736318154764 -1.386923836996421 5.344398028856533
      vertex -16.162299793354357 -3.08204945574806 5.2984278645978256
      vertex -16.162299793354357 -1.3728974248847832 5.2984278645978256
    endloop
  endfacet
  facet normal 0.998026728428271 0 0.06279051952932035
    outer loop
      vertex -16.19053764157737 -1.3463803203735836 4.849600119722835
      vertex -16.2 -1.3374945743622886 5
      vertex -16.2 -3.0671228879995884 5
    endloop
  endfacet
  facet normal 0.998026728428271 0 -0.06279051952932035
    outer loop
      vertex -16.2 -1.3374945743622886 5
      vertex -16.19053764157737 -1.3463803203735836 5.150399880277165
      vertex -16.2 -3.0671228879995884 5
    endloop
  endfacet
  facet normal 0.8443279255020206 0 -0.5358267949789879
    outer loop
      vertex -16.051568016052634 -1.4565230987058537 5.578104408922059
      vertex -15.970820393249937 -1.5151896807073502 5.705342302750967
      vertex -16.051568016052634 -3.1258912678457635 5.578104408922059
    endloop
  endfacet
  facet normal 0.48175367410171815 0 0.8763066800438619
    outer loop
      vertex -15.556230589874906 -1.7119017293312764 3.9391089159021457
      vertex -15.6 -3.243867124850304 3.9631713527421497
      vertex -15.6 -3.8999999999999995 3.9631713527421497
    endloop
  endfacet
  facet normal 0.48175367410173187 0 -0.8763066800438545
    outer loop
      vertex -15.556230589874906 -1.7119017293312764 6.060891084097855
      vertex -15.6 -3.8999999999999995 6.03682864725785
      vertex -15.6 -3.243867124850304 6.03682864725785
    endloop
  endfacet
  facet normal 0.48175367410171727 7.985243546915662e-17 0.8763066800438625
    outer loop
      vertex -15.556230589874906 -1.7119017293312764 3.9391089159021457
      vertex -15.642992153974795 -3.235223038507136 3.9868064893975816
      vertex -15.618358338132891 -3.2415479274046723 3.973263934537235
    endloop
  endfacet
  facet normal 0.4817536741017203 -8.751706308424221e-17 0.8763066800438609
    outer loop
      vertex -15.556230589874906 -1.7119017293312764 3.9391089159021457
      vertex -15.618358338132891 -3.2415479274046723 3.973263934537235
      vertex -15.6 -3.243867124850304 3.9631713527421497
    endloop
  endfacet
  facet normal 0.5877852522924724 0 0.8090169943749479
    outer loop
      vertex -15.642992153974795 -1.6775503960170308 3.9868064893975816
      vertex -15.764908787698428 -3.2039201673639712 4.075384108669053
      vertex -15.642992153974795 -3.235223038507136 3.9868064893975816
    endloop
  endfacet
  facet normal 0.4817536741017051 0 -0.8763066800438691
    outer loop
      vertex -15.642992153974795 -1.6775503960170308 6.013193510602418
      vertex -15.618358338132891 -3.2415479274046723 6.026736065462765
      vertex -15.642992153974795 -3.235223038507136 6.013193510602418
    endloop
  endfacet
  facet normal 0.48175367410172043 3.149818824128608e-16 -0.8763066800438608
    outer loop
      vertex -15.642992153974795 -1.6775503960170308 6.013193510602418
      vertex -15.6 -3.243867124850304 6.03682864725785
      vertex -15.618358338132891 -3.2415479274046723 6.026736065462765
    endloop
  endfacet
  facet normal 0.5877852522924725 0 -0.8090169943749479
    outer loop
      vertex -15.764908787698428 -1.6292801859875123 5.924615891330947
      vertex -15.642992153974795 -3.235223038507136 6.013193510602418
      vertex -15.764908787698428 -3.2039201673639712 5.924615891330947
    endloop
  endfacet
  facet normal 0.36812455268467925 0 0.9297764858882509
    outer loop
      vertex -15.510935149878087 -1.7235316216461143 3.9142075370407765
      vertex -15.510935149878087 -3.8999999999999995 3.9142075370407765
      vertex -15.370820393249938 -1.759506976591768 3.858732180445816
    endloop
  endfacet
  facet normal 0.4817536741017094 2.288924687191396e-16 0.8763066800438667
    outer loop
      vertex -15.556230589874906 -1.7119017293312764 3.9391089159021457
      vertex -15.6 -3.8999999999999995 3.9631713527421497
      vertex -15.510935149878087 -1.7235316216461143 3.9142075370407765
    endloop
  endfacet
  facet normal 0.24868988716485677 -2.0157890471383872e-16 0.9685831611286305
    outer loop
      vertex -15.337286366254304 -1.7681170513116395 3.8501221057259443
      vertex -15.370820393249938 -3.8999999999999995 3.858732180445816
      vertex -15.22485757750287 -1.7823201103140571 3.821255299125574
    endloop
  endfacet
  facet normal 0.24868988716484475 0 0.9685831611286337
    outer loop
      vertex -15.370820393249938 -1.759506976591768 3.858732180445816
      vertex -15.370820393249938 -3.8999999999999995 3.858732180445816
      vertex -15.337286366254304 -1.7681170513116395 3.8501221057259443
    endloop
  endfacet
  facet normal 0.12533323356430617 0 0.9921147013144777
    outer loop
      vertex -15.22485757750287 -1.7823201103140571 3.821255299125574
      vertex -15.22485757750287 -3.8999999999999995 3.821255299125574
      vertex -15.113022935152765 -1.7964481111708888 3.807127298268742
    endloop
  endfacet
  facet normal 0.1253332335643153 -4.940546438632512e-16 0.9921147013144764
    outer loop
      vertex -15.113022935152765 -1.7964481111708888 3.807127298268742
      vertex -15.22485757750287 -3.8999999999999995 3.821255299125574
      vertex -15.075348623435177 -1.7964481111708888 3.802367925886074
    endloop
  endfacet
  facet normal 0.4817536741017027 0 -0.8763066800438705
    outer loop
      vertex -15.556230589874906 -1.7119017293312764 6.060891084097855
      vertex -15.510935149878087 -1.7235316216461143 6.0857924629592235
      vertex -15.510935149878087 -3.8999999999999995 6.0857924629592235
    endloop
  endfacet
  facet normal 0.2486898871648603 0 -0.9685831611286297
    outer loop
      vertex -15.337286366254304 -1.7681170513116395 6.149877894274056
      vertex -15.224857577502869 -1.7823201103140571 6.178744700874427
      vertex -15.224857577502869 -3.8999999999999995 6.178744700874427
    endloop
  endfacet
  facet normal 0.36812455268467675 0 -0.929776485888252
    outer loop
      vertex -15.510935149878087 -1.7235316216461143 6.0857924629592235
      vertex -15.370820393249938 -1.759506976591768 6.141267819554184
      vertex -15.370820393249938 -3.8999999999999995 6.141267819554184
    endloop
  endfacet
  facet normal 0.24868988716485677 0 -0.9685831611286306
    outer loop
      vertex -15.370820393249938 -1.759506976591768 6.141267819554184
      vertex -15.337286366254304 -1.7681170513116395 6.149877894274056
      vertex -15.370820393249938 -3.8999999999999995 6.141267819554184
    endloop
  endfacet
  facet normal 0.12533323356430423 1.1365223454868052e-16 -0.9921147013144778
    outer loop
      vertex -15.224857577502869 -1.7823201103140571 6.178744700874427
      vertex -15.113022935152765 -1.7964481111708888 6.192872701731258
      vertex -15.075348623435175 -3.8999999999999995 6.197632074113926
    endloop
  endfacet
  facet normal 0 0 1
    outer loop
      vertex -15.075348623435177 -1.7964481111708888 3.802367925886074
      vertex -15.075348623435177 -3.8999999999999995 3.802367925886074
      vertex -14.924651376564823 -1.7964481111708888 3.802367925886074
    endloop
  endfacet
  facet normal -0.1253332335643153 0 0.9921147013144764
    outer loop
      vertex -14.924651376564823 -1.7964481111708888 3.802367925886074
      vertex -14.924651376564823 -3.8999999999999995 3.802367925886074
      vertex -14.886977064847235 -1.7964481111708888 3.807127298268742
    endloop
  endfacet
  facet normal -0.12533323356430615 -1.6681215070854456e-16 0.9921147013144775
    outer loop
      vertex -14.886977064847235 -1.7964481111708888 3.807127298268742
      vertex -14.924651376564823 -3.8999999999999995 3.802367925886074
      vertex -14.77514242249713 -1.7823201103140571 3.821255299125574
    endloop
  endfacet
  facet normal -0.2486898871648568 0 0.9685831611286305
    outer loop
      vertex -14.77514242249713 -1.7823201103140571 3.821255299125574
      vertex -14.77514242249713 -3.8999999999999995 3.821255299125574
      vertex -14.662713633745696 -1.7681170513116395 3.8501221057259443
    endloop
  endfacet
  facet normal -0.24868988716484483 0 0.9685831611286337
    outer loop
      vertex -14.662713633745696 -1.7681170513116395 3.8501221057259443
      vertex -14.629179606750062 -3.8999999999999995 3.858732180445816
      vertex -14.629179606750062 -1.759506976591768 3.858732180445816
    endloop
  endfacet
  facet normal -0.3681245526846792 0 0.9297764858882509
    outer loop
      vertex -14.629179606750062 -1.759506976591768 3.858732180445816
      vertex -14.629179606750062 -3.8999999999999995 3.858732180445816
      vertex -14.489064850121913 -1.7235316216461143 3.9142075370407765
    endloop
  endfacet
  facet normal -0.4817536741017093 0 0.8763066800438669
    outer loop
      vertex -14.489064850121913 -1.7235316216461143 3.9142075370407765
      vertex -14.489064850121913 -3.8999999999999995 3.9142075370407765
      vertex -14.443769410125094 -1.7119017293312764 3.9391089159021457
    endloop
  endfacet
  facet normal 0.12533323356429796 0 -0.9921147013144785
    outer loop
      vertex -15.113022935152765 -1.7964481111708888 6.192872701731258
      vertex -15.075348623435175 -1.7964481111708888 6.197632074113926
      vertex -15.075348623435175 -3.8999999999999995 6.197632074113926
    endloop
  endfacet
  facet normal 0 0 -1
    outer loop
      vertex -15.075348623435175 -1.7964481111708888 6.197632074113926
      vertex -14.924651376564825 -1.7964481111708888 6.197632074113926
      vertex -14.924651376564825 -3.8999999999999995 6.197632074113926
    endloop
  endfacet
  facet normal -0.12533323356429796 3.379659514339121e-16 -0.9921147013144785
    outer loop
      vertex -14.924651376564825 -1.7964481111708888 6.197632074113926
      vertex -14.886977064847235 -1.7964481111708888 6.192872701731258
      vertex -14.775142422497131 -3.8999999999999995 6.178744700874427
    endloop
  endfacet
  facet normal -0.12533323356430426 0 -0.9921147013144779
    outer loop
      vertex -14.886977064847235 -1.7964481111708888 6.192872701731258
      vertex -14.775142422497131 -1.7823201103140571 6.178744700874427
      vertex -14.775142422497131 -3.8999999999999995 6.178744700874427
    endloop
  endfacet
  facet normal -0.24868988716486032 -5.946796321275836e-17 -0.9685831611286296
    outer loop
      vertex -14.775142422497131 -1.7823201103140571 6.178744700874427
      vertex -14.662713633745696 -1.7681170513116395 6.149877894274056
      vertex -14.629179606750062 -3.8999999999999995 6.141267819554184
    endloop
  endfacet
  facet normal -0.24868988716485682 0 -0.9685831611286306
    outer loop
      vertex -14.662713633745696 -1.7681170513116395 6.149877894274056
      vertex -14.629179606750062 -1.759506976591768 6.141267819554184
      vertex -14.629179606750062 -3.8999999999999995 6.141267819554184
    endloop
  endfacet
  facet normal -0.3681245526846767 0 -0.9297764858882519
    outer loop
      vertex -14.629179606750062 -1.759506976591768 6.141267819554184
      vertex -14.489064850121913 -1.7235316216461143 6.0857924629592235
      vertex -14.489064850121913 -3.8999999999999995 6.0857924629592235
    endloop
  endfacet
  facet normal -0.4817536741017028 3.967469457798437e-16 -0.8763066800438704
    outer loop
      vertex -14.489064850121913 -1.7235316216461143 6.0857924629592235
      vertex -14.443769410125094 -1.7119017293312764 6.060891084097855
      vertex -14.4 -3.8999999999999995 6.036828647257851
    endloop
  endfacet
  facet normal -0.48175367410172504 0 0.8763066800438583
    outer loop
      vertex -14.443769410125094 -1.7119017293312764 3.9391089159021457
      vertex -14.4 -3.8999999999999995 3.96317135274215
      vertex -14.4 -3.243867124850304 3.96317135274215
    endloop
  endfacet
  facet normal -0.48175367410171815 0 -0.8763066800438619
    outer loop
      vertex -14.443769410125094 -1.7119017293312764 6.060891084097855
      vertex -14.4 -3.243867124850304 6.036828647257851
      vertex -14.4 -3.8999999999999995 6.036828647257851
    endloop
  endfacet
  facet normal -0.48175367410172043 3.1498188241286085e-16 0.8763066800438608
    outer loop
      vertex -14.357007846025205 -1.677550396017031 3.9868064893975816
      vertex -14.4 -3.243867124850304 3.96317135274215
      vertex -14.381641661867109 -3.2415479274046723 3.9732639345372354
    endloop
  endfacet
  facet normal -0.4817536741017051 0 0.8763066800438691
    outer loop
      vertex -14.357007846025205 -1.677550396017031 3.9868064893975816
      vertex -14.381641661867109 -3.2415479274046723 3.9732639345372354
      vertex -14.357007846025205 -3.235223038507136 3.9868064893975816
    endloop
  endfacet
  facet normal -0.5877852522924725 0 0.8090169943749479
    outer loop
      vertex -14.235091212301572 -1.6292801859875121 4.075384108669053
      vertex -14.357007846025205 -3.235223038507136 3.9868064893975816
      vertex -14.235091212301572 -3.2039201673639712 4.075384108669053
    endloop
  endfacet
  facet normal -0.6845471059286863 0 0.7289686274214139
    outer loop
      vertex -14.125237647094306 -1.569117484787269 4.178543472885574
      vertex -14.235091212301572 -3.2039201673639712 4.075384108669053
      vertex -14.125237647094306 -3.175714565787935 4.178543472885574
    endloop
  endfacet
  facet normal -0.4817536741017203 -8.751706308424221e-17 -0.8763066800438609
    outer loop
      vertex -14.443769410125094 -1.7119017293312764 6.060891084097855
      vertex -14.381641661867109 -3.2415479274046723 6.0267360654627655
      vertex -14.4 -3.243867124850304 6.036828647257851
    endloop
  endfacet
  facet normal -0.4817536741017293 -5.589670482840922e-16 -0.8763066800438559
    outer loop
      vertex -14.443769410125094 -1.7119017293312764 6.060891084097855
      vertex -14.357007846025205 -3.235223038507136 6.013193510602418
      vertex -14.381641661867109 -3.2415479274046723 6.0267360654627655
    endloop
  endfacet
  facet normal -0.5877852522924724 0 -0.8090169943749479
    outer loop
      vertex -14.357007846025205 -1.6775503960170308 6.013193510602418
      vertex -14.235091212301572 -3.2039201673639712 5.924615891330947
      vertex -14.357007846025205 -3.235223038507136 6.013193510602418
    endloop
  endfacet
  facet normal -0.6845471059286862 0 -0.7289686274214139
    outer loop
      vertex -14.235091212301572 -1.6292801859875123 5.924615891330947
      vertex -14.125237647094306 -3.175714565787935 5.821456527114426
      vertex -14.235091212301572 -3.2039201673639712 5.924615891330947
    endloop
  endfacet
  facet normal -0.770513242775791 0 -0.6374239897486875
    outer loop
      vertex -14.125237647094306 -1.5691174847872693 5.821456527114426
      vertex -14.029179606750063 -3.1510510529650904 5.705342302750967
      vertex -14.125237647094306 -3.175714565787935 5.821456527114426
    endloop
  endfacet
  facet normal -0.7705132427757909 -3.3750304613463467e-16 0.6374239897486876
    outer loop
      vertex -14.035511769037807 -1.5197902659036275 4.287003427914056
      vertex -14.125237647094306 -3.175714565787935 4.178543472885574
      vertex -14.029179606750063 -3.1510510529650904 4.294657697249033
    endloop
  endfacet
  facet normal -0.8443279255020202 0 0.5358267949789887
    outer loop
      vertex -14.029179606750063 -1.51518968070735 4.294657697249033
      vertex -14.029179606750063 -3.1510510529650904 4.294657697249033
      vertex -13.980243918562675 -3.1384865037740064 4.371768003186404
    endloop
  endfacet
  facet normal -0.844327925502008 1.271802966725081e-15 0.5358267949790079
    outer loop
      vertex -14.029179606750063 -1.51518968070735 4.294657697249033
      vertex -13.980243918562675 -3.1384865037740064 4.371768003186404
      vertex -13.948431983947364 -3.1258912678457635 4.421895591077941
    endloop
  endfacet
  facet normal -0.9048270524660181 0 0.42577929156507555
    outer loop
      vertex -13.948431983947364 -1.4565230987058537 4.421895591077941
      vertex -13.948431983947364 -3.1258912678457635 4.421895591077941
      vertex -13.884268216934098 -3.1004870353352403 4.558250536778386
    endloop
  endfacet
  facet normal -0.9510565162951549 -5.6083369139859695e-16 0.3090169943749438
    outer loop
      vertex -13.852636818452359 -1.3869238369964203 4.6556019711434695
      vertex -13.884268216934098 -3.1004870353352403 4.558250536778386
      vertex -13.837700206645643 -3.08204945574806 4.7015721354021744
    endloop
  endfacet
  facet normal -0.9510565162951548 0 -0.3090169943749437
    outer loop
      vertex -13.884268216934098 -1.409905393213689 5.441749463221614
      vertex -13.837700206645643 -3.08204945574806 5.2984278645978256
      vertex -13.884268216934098 -3.1004870353352403 5.441749463221614
    endloop
  endfacet
  facet normal -0.8443279255020202 0 -0.5358267949789887
    outer loop
      vertex -14.029179606750063 -1.51518968070735 5.705342302750967
      vertex -13.980243918562675 -3.1384865037740064 5.628231996813596
      vertex -14.029179606750063 -3.1510510529650904 5.705342302750967
    endloop
  endfacet
  facet normal -0.844327925502008 1.271802966725081e-15 -0.5358267949790079
    outer loop
      vertex -14.029179606750063 -1.51518968070735 5.705342302750967
      vertex -13.948431983947364 -3.1258912678457635 5.578104408922059
      vertex -13.980243918562675 -3.1384865037740064 5.628231996813596
    endloop
  endfacet
  facet normal -0.9048270524660181 0 -0.42577929156507555
    outer loop
      vertex -13.948431983947364 -1.4565230987058537 5.578104408922059
      vertex -13.884268216934098 -3.1004870353352403 5.441749463221614
      vertex -13.948431983947364 -3.1258912678457635 5.578104408922059
    endloop
  endfacet
  facet normal -0.9822872507286887 0 0.1873813145857253
    outer loop
      vertex -13.837700206645643 -1.372897424884783 4.7015721354021744
      vertex -13.837700206645643 -3.08204945574806 4.7015721354021744
      vertex -13.809462358422627 -3.0708693007283894 4.849600119722835
    endloop
  endfacet
  facet normal -0.9980267284282718 0 0.0627905195293086
    outer loop
      vertex -13.809462358422627 -1.3463803203735836 4.849600119722835
      vertex -13.809462358422627 -3.0708693007283894 4.849600119722835
      vertex -13.8 -3.0671228879995884 5
    endloop
  endfacet
  facet normal -0.9822872507286887 0 -0.1873813145857253
    outer loop
      vertex -13.837700206645643 -1.372897424884783 5.2984278645978256
      vertex -13.809462358422627 -3.0708693007283894 5.150399880277165
      vertex -13.837700206645643 -3.08204945574806 5.2984278645978256
    endloop
  endfacet
  facet normal -0.9980267284282718 0 -0.0627905195293086
    outer loop
      vertex -13.809462358422627 -1.3463803203735836 5.150399880277165
      vertex -13.8 -3.0671228879995884 5
      vertex -13.809462358422627 -3.0708693007283894 5.150399880277165
    endloop
  endfacet
  facet normal 0.4817536741017184 0 0.8763066800438619
    outer loop
      vertex -15.642992153974795 -1.6775503960170308 3.9868064893975816
      vertex -15.642992153974795 -3.235223038507136 3.9868064893975816
      vertex -15.556230589874906 -1.7119017293312764 3.9391089159021457
    endloop
  endfacet
  facet normal 0.5877852522924725 0 0.8090169943749479
    outer loop
      vertex -15.764908787698428 -1.6292801859875123 4.075384108669053
      vertex -15.764908787698428 -3.2039201673639712 4.075384108669053
      vertex -15.642992153974795 -1.6775503960170308 3.9868064893975816
    endloop
  endfacet
  facet normal 0.48175367410172193 3.6471583907448975e-16 -0.8763066800438598
    outer loop
      vertex -15.642992153974795 -1.6775503960170308 6.013193510602418
      vertex -15.556230589874906 -1.7119017293312764 6.060891084097855
      vertex -15.6 -3.243867124850304 6.03682864725785
    endloop
  endfacet
  facet normal 0.5877852522924724 0 -0.8090169943749479
    outer loop
      vertex -15.764908787698428 -1.6292801859875123 5.924615891330947
      vertex -15.642992153974795 -1.6775503960170308 6.013193510602418
      vertex -15.642992153974795 -3.235223038507136 6.013193510602418
    endloop
  endfacet
  facet normal -0.48175367410171854 2.431438927163271e-16 0.8763066800438619
    outer loop
      vertex -14.443769410125094 -1.7119017293312764 3.9391089159021457
      vertex -14.4 -3.243867124850304 3.96317135274215
      vertex -14.357007846025205 -1.677550396017031 3.9868064893975816
    endloop
  endfacet
  facet normal -0.5877852522924725 0 0.809016994374948
    outer loop
      vertex -14.357007846025205 -1.677550396017031 3.9868064893975816
      vertex -14.357007846025205 -3.235223038507136 3.9868064893975816
      vertex -14.235091212301572 -1.6292801859875121 4.075384108669053
    endloop
  endfacet
  facet normal -0.6845471059287469 0 0.7289686274213568
    outer loop
      vertex -14.235091212301572 -1.6292801859875121 4.075384108669053
      vertex -14.235091212301572 -3.2039201673639712 4.075384108669053
      vertex -14.23359727518287 -1.6286886944388352 4.076787009003276
    endloop
  endfacet
  facet normal -0.6845471059286854 -1.0979487379668997e-16 0.7289686274214147
    outer loop
      vertex -14.23359727518287 -1.6286886944388352 4.076787009003276
      vertex -14.235091212301572 -3.2039201673639712 4.075384108669053
      vertex -14.125237647094306 -1.569117484787269 4.178543472885574
    endloop
  endfacet
  facet normal -0.7705132427757934 0 0.6374239897486846
    outer loop
      vertex -14.125237647094306 -1.569117484787269 4.178543472885574
      vertex -14.125237647094306 -3.175714565787935 4.178543472885574
      vertex -14.035511769037807 -1.5197902659036275 4.287003427914056
    endloop
  endfacet
  facet normal -0.7705132427757556 0 0.6374239897487304
    outer loop
      vertex -14.035511769037807 -1.5197902659036275 4.287003427914056
      vertex -14.029179606750063 -3.1510510529650904 4.294657697249033
      vertex -14.029179606750063 -1.51518968070735 4.294657697249033
    endloop
  endfacet
  facet normal -0.4817536741017219 0 -0.87630668004386
    outer loop
      vertex -14.443769410125094 -1.7119017293312764 6.060891084097855
      vertex -14.357007846025205 -1.6775503960170308 6.013193510602418
      vertex -14.357007846025205 -3.235223038507136 6.013193510602418
    endloop
  endfacet
  facet normal -0.5877852522924725 0 -0.8090169943749479
    outer loop
      vertex -14.357007846025205 -1.6775503960170308 6.013193510602418
      vertex -14.235091212301572 -1.6292801859875123 5.924615891330947
      vertex -14.235091212301572 -3.2039201673639712 5.924615891330947
    endloop
  endfacet
  facet normal -0.6845471059286853 0 -0.7289686274214147
    outer loop
      vertex -14.23359727518287 -1.6286886944388352 5.923212990996724
      vertex -14.125237647094306 -1.5691174847872693 5.821456527114426
      vertex -14.125237647094306 -3.175714565787935 5.821456527114426
    endloop
  endfacet
  facet normal -0.6845471059287452 -7.88601410528805e-15 -0.7289686274213584
    outer loop
      vertex -14.235091212301572 -1.6292801859875123 5.924615891330947
      vertex -14.23359727518287 -1.6286886944388352 5.923212990996724
      vertex -14.125237647094306 -3.175714565787935 5.821456527114426
    endloop
  endfacet
  facet normal -0.7705132427757935 -3.618536688403666e-16 -0.6374239897486846
    outer loop
      vertex -14.125237647094306 -1.5691174847872693 5.821456527114426
      vertex -14.035511769037807 -1.5197902659036275 5.712996572085944
      vertex -14.029179606750063 -3.1510510529650904 5.705342302750967
    endloop
  endfacet
  facet normal -0.7705132427757556 0 -0.6374239897487304
    outer loop
      vertex -14.035511769037807 -1.5197902659036275 5.712996572085944
      vertex -14.029179606750063 -1.51518968070735 5.705342302750967
      vertex -14.029179606750063 -3.1510510529650904 5.705342302750967
    endloop
  endfacet
  facet normal -0.8443279255020152 0 0.5358267949789962
    outer loop
      vertex -14.029179606750063 -1.51518968070735 4.294657697249033
      vertex -13.948431983947364 -3.1258912678457635 4.421895591077941
      vertex -13.948431983947364 -1.4565230987058537 4.421895591077941
    endloop
  endfacet
  facet normal -0.9048270524660182 0 0.42577929156507555
    outer loop
      vertex -13.948431983947364 -1.4565230987058537 4.421895591077941
      vertex -13.884268216934098 -3.1004870353352403 4.558250536778386
      vertex -13.884268216934098 -1.409905393213689 4.558250536778386
    endloop
  endfacet
  facet normal -0.9510565162951576 0 0.30901699437493485
    outer loop
      vertex -13.884268216934098 -1.409905393213689 4.558250536778386
      vertex -13.884268216934098 -3.1004870353352403 4.558250536778386
      vertex -13.852636818452359 -1.3869238369964203 4.6556019711434695
    endloop
  endfacet
  facet normal -0.9510565162951486 0 0.3090169943749625
    outer loop
      vertex -13.852636818452359 -1.3869238369964203 4.6556019711434695
      vertex -13.837700206645643 -3.08204945574806 4.7015721354021744
      vertex -13.837700206645643 -1.372897424884783 4.7015721354021744
    endloop
  endfacet
  facet normal -0.8443279255020152 0 -0.5358267949789962
    outer loop
      vertex -14.029179606750063 -1.51518968070735 5.705342302750967
      vertex -13.948431983947364 -1.4565230987058537 5.578104408922059
      vertex -13.948431983947364 -3.1258912678457635 5.578104408922059
    endloop
  endfacet
  facet normal -0.9048270524660182 0 -0.42577929156507555
    outer loop
      vertex -13.948431983947364 -1.4565230987058537 5.578104408922059
      vertex -13.884268216934098 -1.409905393213689 5.441749463221614
      vertex -13.884268216934098 -3.1004870353352403 5.441749463221614
    endloop
  endfacet
  facet normal -0.9822872507286884 0 0.18738131458572524
    outer loop
      vertex -13.837700206645643 -1.372897424884783 4.7015721354021744
      vertex -13.809462358422627 -3.0708693007283894 4.849600119722835
      vertex -13.809462358422627 -1.3463803203735836 4.849600119722835
    endloop
  endfacet
  facet normal -0.9510565162951576 -8.232740330286002e-16 -0.309016994374935
    outer loop
      vertex -13.852636818452359 -1.3869238369964203 5.3443980288565305
      vertex -13.837700206645643 -3.08204945574806 5.2984278645978256
      vertex -13.884268216934098 -1.409905393213689 5.441749463221614
    endloop
  endfacet
  facet normal -0.9510565162951486 0 -0.3090169943749625
    outer loop
      vertex -13.852636818452359 -1.3869238369964203 5.3443980288565305
      vertex -13.837700206645643 -1.372897424884783 5.2984278645978256
      vertex -13.837700206645643 -3.08204945574806 5.2984278645978256
    endloop
  endfacet
  facet normal -0.9822872507286884 0 -0.18738131458572524
    outer loop
      vertex -13.837700206645643 -1.372897424884783 5.2984278645978256
      vertex -13.809462358422627 -1.3463803203735836 5.150399880277165
      vertex -13.809462358422627 -3.0708693007283894 5.150399880277165
    endloop
  endfacet
  facet normal -0.9980267284282719 0 0.06279051952930861
    outer loop
      vertex -13.809462358422627 -1.3463803203735836 4.849600119722835
      vertex -13.8 -3.0671228879995884 5
      vertex -13.8 -1.3374945743622886 5
    endloop
  endfacet
  facet normal -0.9980267284282719 0 -0.06279051952930861
    outer loop
      vertex -13.809462358422627 -1.3463803203735836 5.150399880277165
      vertex -13.8 -1.3374945743622886 5
      vertex -13.8 -3.0671228879995884 5
    endloop
  endfacet
  facet normal 0.9510565162951432 0 0.30901699437497954
    outer loop
      vertex -16.162299793354357 1.3728974248847832 4.7015721354021744
      vertex -16.14736318154764 1.386923836996421 4.655601971143467
      vertex -16.162299793354357 3.08204945574806 4.7015721354021744
    endloop
  endfacet
  facet normal 0.9510565162951551 0 0.30901699437494246
    outer loop
      vertex -16.14736318154764 1.386923836996421 4.655601971143467
      vertex -16.1157317830659 1.409905393213689 4.558250536778386
      vertex -16.1157317830659 3.1004870353352403 4.558250536778386
    endloop
  endfacet
  facet normal 0.9048270524660182 0 0.42577929156507555
    outer loop
      vertex -16.1157317830659 1.409905393213689 4.558250536778386
      vertex -16.051568016052634 1.4565230987058537 4.421895591077941
      vertex -16.1157317830659 3.1004870353352403 4.558250536778386
    endloop
  endfacet
  facet normal 0.8443279255020206 0 0.5358267949789879
    outer loop
      vertex -16.051568016052634 1.4565230987058537 4.421895591077941
      vertex -15.970820393249937 1.5151896807073502 4.294657697249033
      vertex -16.051568016052634 3.1258912678457635 4.421895591077941
    endloop
  endfacet
  facet normal 0.998026728428271 0 0.06279051952932035
    outer loop
      vertex -16.19053764157737 1.3463803203735836 4.849600119722835
      vertex -16.2 3.0671228879995884 5
      vertex -16.2 1.3374945743622886 5
    endloop
  endfacet
  facet normal 0.998026728428271 0 -0.06279051952932035
    outer loop
      vertex -16.2 1.3374945743622886 5
      vertex -16.2 3.0671228879995884 5
      vertex -16.19053764157737 1.3463803203735836 5.150399880277165
    endloop
  endfacet
  facet normal 0.9822872507286907 0 0.18738131458571392
    outer loop
      vertex -16.19053764157737 1.3463803203735836 4.849600119722835
      vertex -16.162299793354357 1.3728974248847832 4.7015721354021744
      vertex -16.19053764157737 3.0708693007283894 4.849600119722835
    endloop
  endfacet
  facet normal 0.9822872507286907 0 -0.18738131458571392
    outer loop
      vertex -16.19053764157737 1.3463803203735836 5.150399880277165
      vertex -16.19053764157737 3.0708693007283894 5.150399880277165
      vertex -16.162299793354357 1.3728974248847832 5.2984278645978256
    endloop
  endfacet
  facet normal 0.9510565162951432 0 -0.30901699437497954
    outer loop
      vertex -16.162299793354357 1.3728974248847832 5.2984278645978256
      vertex -16.162299793354357 3.08204945574806 5.2984278645978256
      vertex -16.14736318154764 1.386923836996421 5.344398028856533
    endloop
  endfacet
  facet normal 0.9510565162951551 1.1026656731967046e-15 -0.30901699437494273
    outer loop
      vertex -16.14736318154764 1.386923836996421 5.344398028856533
      vertex -16.162299793354357 3.08204945574806 5.2984278645978256
      vertex -16.1157317830659 1.409905393213689 5.441749463221614
    endloop
  endfacet
  facet normal 0.9048270524660182 0 -0.42577929156507555
    outer loop
      vertex -16.1157317830659 1.409905393213689 5.441749463221614
      vertex -16.1157317830659 3.1004870353352403 5.441749463221614
      vertex -16.051568016052634 1.4565230987058537 5.578104408922059
    endloop
  endfacet
  facet normal 0.8443279255020206 0 -0.5358267949789879
    outer loop
      vertex -16.051568016052634 1.4565230987058537 5.578104408922059
      vertex -16.051568016052634 3.1258912678457635 5.578104408922059
      vertex -15.970820393249937 1.5151896807073502 5.705342302750967
    endloop
  endfacet
  facet normal 0.7705132427758071 0 0.6374239897486681
    outer loop
      vertex -15.970820393249937 1.5151896807073502 4.294657697249033
      vertex -15.964488230962194 1.519790265903627 4.2870034279140565
      vertex -15.970820393249937 3.1510510529650904 4.294657697249033
    endloop
  endfacet
  facet normal 0.7705132427757898 0 0.6374239897486891
    outer loop
      vertex -15.964488230962194 1.519790265903627 4.2870034279140565
      vertex -15.874762352905694 1.569117484787269 4.178543472885574
      vertex -15.874762352905694 3.175714565787935 4.178543472885574
    endloop
  endfacet
  facet normal 0.6845471059286822 5.262741630086089e-16 0.7289686274214177
    outer loop
      vertex -15.874762352905694 1.569117484787269 4.178543472885574
      vertex -15.76640272481713 1.628688694438835 4.076787009003277
      vertex -15.764908787698428 3.2039201673639712 4.075384108669053
    endloop
  endfacet
  facet normal 0.6845471059289772 0 0.7289686274211405
    outer loop
      vertex -15.764908787698428 1.6292801859875123 4.075384108669053
      vertex -15.764908787698428 3.2039201673639712 4.075384108669053
      vertex -15.76640272481713 1.628688694438835 4.076787009003277
    endloop
  endfacet
  facet normal 0.7705132427758071 0 -0.6374239897486681
    outer loop
      vertex -15.970820393249937 1.5151896807073502 5.705342302750967
      vertex -15.970820393249937 3.1510510529650904 5.705342302750967
      vertex -15.964488230962194 1.519790265903627 5.7129965720859435
    endloop
  endfacet
  facet normal 0.7705132427757899 -1.6490727095589414e-16 -0.637423989748689
    outer loop
      vertex -15.964488230962194 1.519790265903627 5.7129965720859435
      vertex -15.970820393249937 3.1510510529650904 5.705342302750967
      vertex -15.874762352905694 1.569117484787269 5.821456527114426
    endloop
  endfacet
  facet normal 0.6845471059286822 0 -0.7289686274214177
    outer loop
      vertex -15.874762352905694 1.569117484787269 5.821456527114426
      vertex -15.874762352905694 3.175714565787935 5.821456527114426
      vertex -15.76640272481713 1.628688694438835 5.923212990996723
    endloop
  endfacet
  facet normal 0.6845471059289693 3.783290311269972e-14 -0.7289686274211481
    outer loop
      vertex -15.764908787698428 1.6292801859875123 5.924615891330947
      vertex -15.76640272481713 1.628688694438835 5.923212990996723
      vertex -15.874762352905694 3.175714565787935 5.821456527114426
    endloop
  endfacet
  facet normal 0.9510565162951513 7.511618672125978e-16 0.30901699437495445
    outer loop
      vertex -16.14736318154764 1.386923836996421 4.655601971143467
      vertex -16.1157317830659 3.1004870353352403 4.558250536778386
      vertex -16.162299793354357 3.08204945574806 4.7015721354021744
    endloop
  endfacet
  facet normal 0.9048270524660181 0 0.42577929156507555
    outer loop
      vertex -16.051568016052634 1.4565230987058537 4.421895591077941
      vertex -16.051568016052634 3.1258912678457635 4.421895591077941
      vertex -16.1157317830659 3.1004870353352403 4.558250536778386
    endloop
  endfacet
  facet normal 0.770513242775791 -1.542115746045981e-16 0.6374239897486875
    outer loop
      vertex -15.964488230962194 1.519790265903627 4.2870034279140565
      vertex -15.874762352905694 3.175714565787935 4.178543472885574
      vertex -15.970820393249937 3.1510510529650904 4.294657697249033
    endloop
  endfacet
  facet normal 0.8443279255020214 1.334059056005351e-16 0.5358267949789868
    outer loop
      vertex -15.970820393249937 1.5151896807073502 4.294657697249033
      vertex -16.019756081437325 3.1384865037740064 4.371768003186404
      vertex -16.051568016052634 3.1258912678457635 4.421895591077941
    endloop
  endfacet
  facet normal 0.8443279255020201 0 0.5358267949789887
    outer loop
      vertex -15.970820393249937 1.5151896807073502 4.294657697249033
      vertex -15.970820393249937 3.1510510529650904 4.294657697249033
      vertex -16.019756081437325 3.1384865037740064 4.371768003186404
    endloop
  endfacet
  facet normal 0.9980267284282712 0 0.06279051952932035
    outer loop
      vertex -16.19053764157737 1.3463803203735836 4.849600119722835
      vertex -16.19053764157737 3.0708693007283894 4.849600119722835
      vertex -16.2 3.0671228879995884 5
    endloop
  endfacet
  facet normal 0.9822872507286908 0 0.18738131458571394
    outer loop
      vertex -16.162299793354357 1.3728974248847832 4.7015721354021744
      vertex -16.162299793354357 3.08204945574806 4.7015721354021744
      vertex -16.19053764157737 3.0708693007283894 4.849600119722835
    endloop
  endfacet
  facet normal 0.9980267284282712 0 -0.06279051952932035
    outer loop
      vertex -16.19053764157737 1.3463803203735836 5.150399880277165
      vertex -16.2 3.0671228879995884 5
      vertex -16.19053764157737 3.0708693007283894 5.150399880277165
    endloop
  endfacet
  facet normal 0.9822872507286908 0 -0.18738131458571394
    outer loop
      vertex -16.162299793354357 1.3728974248847832 5.2984278645978256
      vertex -16.19053764157737 3.0708693007283894 5.150399880277165
      vertex -16.162299793354357 3.08204945574806 5.2984278645978256
    endloop
  endfacet
  facet normal 0.9510565162951514 0 -0.3090169943749544
    outer loop
      vertex -16.1157317830659 1.409905393213689 5.441749463221614
      vertex -16.162299793354357 3.08204945574806 5.2984278645978256
      vertex -16.1157317830659 3.1004870353352403 5.441749463221614
    endloop
  endfacet
  facet normal 0.9048270524660181 0 -0.42577929156507555
    outer loop
      vertex -16.051568016052634 1.4565230987058537 5.578104408922059
      vertex -16.1157317830659 3.1004870353352403 5.441749463221614
      vertex -16.051568016052634 3.1258912678457635 5.578104408922059
    endloop
  endfacet
  facet normal 0.8443279255020214 1.334059056005351e-16 -0.5358267949789868
    outer loop
      vertex -15.970820393249937 1.5151896807073502 5.705342302750967
      vertex -16.051568016052634 3.1258912678457635 5.578104408922059
      vertex -16.019756081437325 3.1384865037740064 5.628231996813596
    endloop
  endfacet
  facet normal 0.8443279255020201 0 -0.5358267949789887
    outer loop
      vertex -15.970820393249937 1.5151896807073502 5.705342302750967
      vertex -16.019756081437325 3.1384865037740064 5.628231996813596
      vertex -15.970820393249937 3.1510510529650904 5.705342302750967
    endloop
  endfacet
  facet normal 0.6845471059286863 0 0.7289686274214139
    outer loop
      vertex -15.874762352905694 1.569117484787269 4.178543472885574
      vertex -15.764908787698428 3.2039201673639712 4.075384108669053
      vertex -15.874762352905694 3.175714565787935 4.178543472885574
    endloop
  endfacet
  facet normal 0.770513242775791 0 -0.6374239897486876
    outer loop
      vertex -15.874762352905694 1.569117484787269 5.821456527114426
      vertex -15.970820393249937 3.1510510529650904 5.705342302750967
      vertex -15.874762352905694 3.175714565787935 5.821456527114426
    endloop
  endfacet
  facet normal 0.6845471059286862 0 -0.7289686274214139
    outer loop
      vertex -15.764908787698428 1.6292801859875123 5.924615891330947
      vertex -15.874762352905694 3.175714565787935 5.821456527114426
      vertex -15.764908787698428 3.2039201673639712 5.924615891330947
    endloop
  endfacet
  facet normal 0.5877852522924724 0 0.8090169943749479
    outer loop
      vertex -15.764908787698428 1.6292801859875123 4.075384108669053
      vertex -15.642992153974795 1.6775503960170308 3.9868064893975816
      vertex -15.642992153974795 3.2352230385071366 3.9868064893975816
    endloop
  endfacet
  facet normal 0.4817536741017184 1.1309018265875673e-17 0.8763066800438619
    outer loop
      vertex -15.642992153974795 1.6775503960170308 3.9868064893975816
      vertex -15.556230589874906 1.7119017293312764 3.9391089159021457
      vertex -15.6 3.2438671248503046 3.9631713527421497
    endloop
  endfacet
  facet normal 0.5877852522924725 0 -0.8090169943749479
    outer loop
      vertex -15.764908787698428 1.6292801859875123 5.924615891330947
      vertex -15.764908787698428 3.2039201673639712 5.924615891330947
      vertex -15.642992153974795 1.6775503960170308 6.013193510602418
    endloop
  endfacet
  facet normal 0.4817536741017219 0 -0.87630668004386
    outer loop
      vertex -15.642992153974795 1.6775503960170308 6.013193510602418
      vertex -15.642992153974795 3.2352230385071366 6.013193510602418
      vertex -15.556230589874906 1.7119017293312764 6.060891084097855
    endloop
  endfacet
  facet normal -0.9510565162951522 0 0.30901699437495167
    outer loop
      vertex -13.837700206645643 1.372897424884783 4.7015721354021744
      vertex -13.837700206645643 3.08204945574806 4.7015721354021744
      vertex -13.852636818452359 1.3869238369964205 4.655601971143468
    endloop
  endfacet
  facet normal -0.951056516295156 3.476873744313904e-16 0.30901699437494
    outer loop
      vertex -13.884268216934098 1.409905393213689 4.558250536778386
      vertex -13.852636818452359 1.3869238369964205 4.655601971143468
      vertex -13.837700206645643 3.08204945574806 4.7015721354021744
    endloop
  endfacet
  facet normal -0.8443279255020154 0 0.5358267949789963
    outer loop
      vertex -14.029179606750063 1.5151896807073502 4.294657697249033
      vertex -13.948431983947364 1.4565230987058537 4.421895591077941
      vertex -13.948431983947364 3.1258912678457635 4.421895591077941
    endloop
  endfacet
  facet normal -0.9048270524660182 0 0.42577929156507555
    outer loop
      vertex -13.948431983947364 1.4565230987058537 4.421895591077941
      vertex -13.884268216934098 1.409905393213689 4.558250536778386
      vertex -13.884268216934098 3.1004870353352403 4.558250536778386
    endloop
  endfacet
  facet normal -0.9980267284282719 0 0.0627905195293086
    outer loop
      vertex -13.809462358422627 1.3463803203735834 4.849600119722835
      vertex -13.8 1.3374945743622884 5
      vertex -13.8 3.0671228879995884 5
    endloop
  endfacet
  facet normal -0.9980267284282719 0 -0.0627905195293086
    outer loop
      vertex -13.809462358422627 1.3463803203735834 5.150399880277165
      vertex -13.8 3.0671228879995884 5
      vertex -13.8 1.3374945743622884 5
    endloop
  endfacet
  facet normal -0.9822872507286884 0 0.18738131458572524
    outer loop
      vertex -13.837700206645643 1.372897424884783 4.7015721354021744
      vertex -13.809462358422627 1.3463803203735834 4.849600119722835
      vertex -13.809462358422627 3.0708693007283894 4.849600119722835
    endloop
  endfacet
  facet normal -0.9822872507286884 0 -0.18738131458572524
    outer loop
      vertex -13.837700206645643 1.372897424884783 5.2984278645978256
      vertex -13.809462358422627 3.0708693007283894 5.150399880277165
      vertex -13.809462358422627 1.3463803203735834 5.150399880277165
    endloop
  endfacet
  facet normal -0.9510565162951522 0 -0.30901699437495167
    outer loop
      vertex -13.837700206645643 1.372897424884783 5.2984278645978256
      vertex -13.852636818452359 1.3869238369964205 5.344398028856532
      vertex -13.837700206645643 3.08204945574806 5.2984278645978256
    endloop
  endfacet
  facet normal -0.951056516295156 0 -0.30901699437493996
    outer loop
      vertex -13.852636818452359 1.3869238369964205 5.344398028856532
      vertex -13.884268216934098 1.409905393213689 5.441749463221614
      vertex -13.884268216934098 3.1004870353352403 5.441749463221614
    endloop
  endfacet
  facet normal -0.8443279255020154 0 -0.5358267949789963
    outer loop
      vertex -14.029179606750063 1.5151896807073502 5.705342302750967
      vertex -13.948431983947364 3.1258912678457635 5.578104408922059
      vertex -13.948431983947364 1.4565230987058537 5.578104408922059
    endloop
  endfacet
  facet normal -0.9048270524660182 0 -0.42577929156507555
    outer loop
      vertex -13.948431983947364 1.4565230987058537 5.578104408922059
      vertex -13.884268216934098 3.1004870353352403 5.441749463221614
      vertex -13.884268216934098 1.409905393213689 5.441749463221614
    endloop
  endfacet
  facet normal -0.6845471059287451 7.886014105288048e-15 0.7289686274213585
    outer loop
      vertex -14.235091212301572 1.6292801859875121 4.075384108669053
      vertex -14.23359727518287 1.628688694438835 4.076787009003276
      vertex -14.125237647094306 3.175714565787935 4.178543472885574
    endloop
  endfacet
  facet normal -0.6845471059286854 0 0.7289686274214147
    outer loop
      vertex -14.23359727518287 1.628688694438835 4.076787009003276
      vertex -14.125237647094306 1.569117484787269 4.178543472885574
      vertex -14.125237647094306 3.175714565787935 4.178543472885574
    endloop
  endfacet
  facet normal -0.5877852522924725 0 0.8090169943749479
    outer loop
      vertex -14.357007846025205 1.677550396017031 3.9868064893975816
      vertex -14.235091212301572 1.6292801859875121 4.075384108669053
      vertex -14.235091212301572 3.2039201673639712 4.075384108669053
    endloop
  endfacet
  facet normal -0.4817536741017184 0 0.8763066800438619
    outer loop
      vertex -14.443769410125094 1.7119017293312764 3.9391089159021457
      vertex -14.357007846025205 1.677550396017031 3.9868064893975816
      vertex -14.357007846025205 3.2352230385071366 3.9868064893975816
    endloop
  endfacet
  facet normal -0.7705132427758071 0 0.6374239897486682
    outer loop
      vertex -14.035511769037806 1.519790265903627 4.2870034279140565
      vertex -14.029179606750063 1.5151896807073502 4.294657697249033
      vertex -14.029179606750063 3.1510510529650904 4.294657697249033
    endloop
  endfacet
  facet normal -0.7705132427757899 -1.6584959821849922e-16 0.6374239897486889
    outer loop
      vertex -14.125237647094306 1.569117484787269 4.178543472885574
      vertex -14.035511769037806 1.519790265903627 4.2870034279140565
      vertex -14.029179606750063 3.1510510529650904 4.294657697249033
    endloop
  endfacet
  facet normal -0.6845471059286854 1.0979487379668994e-16 -0.7289686274214146
    outer loop
      vertex -14.23359727518287 1.628688694438835 5.923212990996724
      vertex -14.235091212301572 3.2039201673639712 5.924615891330947
      vertex -14.125237647094306 1.5691174847872693 5.821456527114426
    endloop
  endfacet
  facet normal -0.5877852522924724 0 -0.8090169943749479
    outer loop
      vertex -14.357007846025205 1.6775503960170308 6.013193510602418
      vertex -14.357007846025205 3.2352230385071366 6.013193510602418
      vertex -14.235091212301572 1.6292801859875121 5.924615891330947
    endloop
  endfacet
  facet normal -0.48175367410172193 -3.675430936409585e-16 -0.8763066800438599
    outer loop
      vertex -14.443769410125094 1.7119017293312764 6.060891084097855
      vertex -14.4 3.2438671248503046 6.03682864725785
      vertex -14.357007846025205 1.6775503960170308 6.013193510602418
    endloop
  endfacet
  facet normal -0.6845471059287469 0 -0.7289686274213568
    outer loop
      vertex -14.235091212301572 1.6292801859875121 5.924615891330947
      vertex -14.235091212301572 3.2039201673639712 5.924615891330947
      vertex -14.23359727518287 1.628688694438835 5.923212990996724
    endloop
  endfacet
  facet normal -0.7705132427758071 0 -0.6374239897486682
    outer loop
      vertex -14.035511769037806 1.519790265903627 5.7129965720859435
      vertex -14.029179606750063 3.1510510529650904 5.705342302750967
      vertex -14.029179606750063 1.5151896807073502 5.705342302750967
    endloop
  endfacet
  facet normal -0.7705132427757898 0 -0.637423989748689
    outer loop
      vertex -14.125237647094306 1.5691174847872693 5.821456527114426
      vertex -14.125237647094306 3.175714565787935 5.821456527114426
      vertex -14.035511769037806 1.519790265903627 5.7129965720859435
    endloop
  endfacet
  facet normal 0.4817536741017093 0 0.8763066800438668
    outer loop
      vertex -15.556230589874906 1.7119017293312764 3.9391089159021457
      vertex -15.510935149878087 1.7235316216461143 3.9142075370407765
      vertex -15.510935149878087 3.8999999999999995 3.9142075370407765
    endloop
  endfacet
  facet normal 0.3681245526846792 0 0.9297764858882509
    outer loop
      vertex -15.510935149878087 1.7235316216461143 3.9142075370407765
      vertex -15.370820393249938 1.759506976591768 3.858732180445816
      vertex -15.370820393249938 3.8999999999999995 3.858732180445816
    endloop
  endfacet
  facet normal 0.24868988716484475 0 0.9685831611286337
    outer loop
      vertex -15.370820393249938 1.759506976591768 3.858732180445816
      vertex -15.337286366254304 1.7681170513116398 3.8501221057259443
      vertex -15.370820393249938 3.8999999999999995 3.858732180445816
    endloop
  endfacet
  facet normal 0.24868988716485677 0 0.9685831611286305
    outer loop
      vertex -15.337286366254304 1.7681170513116398 3.8501221057259443
      vertex -15.22485757750287 1.7823201103140571 3.821255299125574
      vertex -15.22485757750287 3.8999999999999995 3.821255299125574
    endloop
  endfacet
  facet normal 0.12533323356430806 2.749650835855085e-17 0.9921147013144773
    outer loop
      vertex -15.22485757750287 1.7823201103140571 3.821255299125574
      vertex -15.113022935152763 1.7964481111708888 3.8071272982687416
      vertex -15.075348623435177 3.8999999999999995 3.802367925886074
    endloop
  endfacet
  facet normal 0.48175367410170283 -3.9865438301916985e-16 -0.8763066800438704
    outer loop
      vertex -15.556230589874906 1.7119017293312764 6.060891084097855
      vertex -15.6 3.8999999999999995 6.036828647257851
      vertex -15.510935149878087 1.7235316216461143 6.0857924629592235
    endloop
  endfacet
  facet normal 0.36812455268467675 0 -0.929776485888252
    outer loop
      vertex -15.510935149878087 1.7235316216461143 6.0857924629592235
      vertex -15.510935149878087 3.8999999999999995 6.0857924629592235
      vertex -15.370820393249938 1.759506976591768 6.141267819554184
    endloop
  endfacet
  facet normal 0.24868988716485677 0 -0.9685831611286306
    outer loop
      vertex -15.370820393249938 1.759506976591768 6.141267819554184
      vertex -15.370820393249938 3.8999999999999995 6.141267819554184
      vertex -15.337286366254304 1.7681170513116398 6.149877894274056
    endloop
  endfacet
  facet normal 0.24868988716486032 5.903069877737045e-17 -0.9685831611286297
    outer loop
      vertex -15.337286366254304 1.7681170513116398 6.149877894274056
      vertex -15.370820393249938 3.8999999999999995 6.141267819554184
      vertex -15.224857577502869 1.7823201103140571 6.178744700874427
    endloop
  endfacet
  facet normal 0.12533323356430226 0 -0.9921147013144781
    outer loop
      vertex -15.224857577502869 1.7823201103140571 6.178744700874427
      vertex -15.224857577502869 3.8999999999999995 6.178744700874427
      vertex -15.113022935152763 1.7964481111708888 6.192872701731258
    endloop
  endfacet
  facet normal 0.1253332335643038 8.279487163642409e-17 -0.9921147013144778
    outer loop
      vertex -15.113022935152763 1.7964481111708888 6.192872701731258
      vertex -15.224857577502869 3.8999999999999995 6.178744700874427
      vertex -15.075348623435175 1.7964481111708888 6.197632074113926
    endloop
  endfacet
  facet normal 0.1253332335643096 0 0.9921147013144771
    outer loop
      vertex -15.113022935152763 1.7964481111708888 3.8071272982687416
      vertex -15.075348623435177 1.7964481111708888 3.802367925886074
      vertex -15.075348623435177 3.8999999999999995 3.802367925886074
    endloop
  endfacet
  facet normal 0 0 1
    outer loop
      vertex -15.075348623435177 1.7964481111708888 3.802367925886074
      vertex -14.924651376564823 1.7964481111708888 3.802367925886074
      vertex -14.924651376564823 3.8999999999999995 3.802367925886074
    endloop
  endfacet
  facet normal -0.1253332335643096 8.415216461407428e-17 0.9921147013144771
    outer loop
      vertex -14.924651376564823 1.7964481111708888 3.802367925886074
      vertex -14.886977064847237 1.7964481111708888 3.8071272982687416
      vertex -14.77514242249713 3.8999999999999995 3.821255299125574
    endloop
  endfacet
  facet normal -0.12533323356430806 0 0.9921147013144774
    outer loop
      vertex -14.886977064847237 1.7964481111708888 3.8071272982687416
      vertex -14.77514242249713 1.7823201103140571 3.821255299125574
      vertex -14.77514242249713 3.8999999999999995 3.821255299125574
    endloop
  endfacet
  facet normal -0.2486898871648448 0 0.9685831611286337
    outer loop
      vertex -14.662713633745696 1.7681170513116398 3.8501221057259443
      vertex -14.629179606750062 1.759506976591768 3.858732180445816
      vertex -14.629179606750062 3.8999999999999995 3.858732180445816
    endloop
  endfacet
  facet normal -0.2486898871648568 2.0289069802000252e-16 0.9685831611286305
    outer loop
      vertex -14.77514242249713 1.7823201103140571 3.821255299125574
      vertex -14.662713633745696 1.7681170513116398 3.8501221057259443
      vertex -14.629179606750062 3.8999999999999995 3.858732180445816
    endloop
  endfacet
  facet normal -0.3681245526846792 0 0.9297764858882509
    outer loop
      vertex -14.629179606750062 1.759506976591768 3.858732180445816
      vertex -14.489064850121913 1.7235316216461143 3.9142075370407765
      vertex -14.489064850121913 3.8999999999999995 3.9142075370407765
    endloop
  endfacet
  facet normal -0.48175367410170933 -2.2889246871913967e-16 0.8763066800438668
    outer loop
      vertex -14.489064850121913 1.7235316216461143 3.9142075370407765
      vertex -14.443769410125094 1.7119017293312764 3.9391089159021457
      vertex -14.4 3.8999999999999995 3.9631713527421497
    endloop
  endfacet
  facet normal 0 0 -1
    outer loop
      vertex -15.075348623435175 1.7964481111708888 6.197632074113926
      vertex -15.075348623435175 3.8999999999999995 6.197632074113926
      vertex -14.924651376564825 1.7964481111708888 6.197632074113926
    endloop
  endfacet
  facet normal -0.1253332335643038 0 -0.9921147013144778
    outer loop
      vertex -14.924651376564825 1.7964481111708888 6.197632074113926
      vertex -14.924651376564825 3.8999999999999995 6.197632074113926
      vertex -14.886977064847237 1.7964481111708888 6.192872701731258
    endloop
  endfacet
  facet normal -0.12533323356430226 2.7954783497860504e-17 -0.9921147013144781
    outer loop
      vertex -14.886977064847237 1.7964481111708888 6.192872701731258
      vertex -14.924651376564825 3.8999999999999995 6.197632074113926
      vertex -14.775142422497131 1.7823201103140571 6.178744700874427
    endloop
  endfacet
  facet normal -0.24868988716485677 0 -0.9685831611286306
    outer loop
      vertex -14.662713633745696 1.7681170513116398 6.149877894274056
      vertex -14.629179606750062 3.8999999999999995 6.141267819554184
      vertex -14.629179606750062 1.759506976591768 6.141267819554184
    endloop
  endfacet
  facet normal -0.24868988716486032 0 -0.9685831611286297
    outer loop
      vertex -14.775142422497131 1.7823201103140571 6.178744700874427
      vertex -14.775142422497131 3.8999999999999995 6.178744700874427
      vertex -14.662713633745696 1.7681170513116398 6.149877894274056
    endloop
  endfacet
  facet normal -0.36812455268467664 0 -0.9297764858882518
    outer loop
      vertex -14.629179606750062 1.759506976591768 6.141267819554184
      vertex -14.629179606750062 3.8999999999999995 6.141267819554184
      vertex -14.489064850121913 1.7235316216461143 6.0857924629592235
    endloop
  endfacet
  facet normal -0.48175367410170267 0 -0.8763066800438705
    outer loop
      vertex -14.489064850121913 1.7235316216461143 6.0857924629592235
      vertex -14.489064850121913 3.8999999999999995 6.0857924629592235
      vertex -14.443769410125094 1.7119017293312764 6.060891084097855
    endloop
  endfacet
  facet normal 0.5877852522924725 0 0.8090169943749479
    outer loop
      vertex -15.764908787698428 1.6292801859875123 4.075384108669053
      vertex -15.642992153974795 3.2352230385071366 3.9868064893975816
      vertex -15.764908787698428 3.2039201673639712 4.075384108669053
    endloop
  endfacet
  facet normal 0.4817536741017294 0 0.8763066800438558
    outer loop
      vertex -15.642992153974795 1.6775503960170308 3.9868064893975816
      vertex -15.618358338132891 3.241547927404673 3.9732639345372345
      vertex -15.642992153974795 3.2352230385071366 3.9868064893975816
    endloop
  endfacet
  facet normal 0.48175367410170405 5.172334069095449e-16 0.8763066800438696
    outer loop
      vertex -15.642992153974795 1.6775503960170308 3.9868064893975816
      vertex -15.6 3.2438671248503046 3.9631713527421497
      vertex -15.618358338132891 3.241547927404673 3.9732639345372345
    endloop
  endfacet
  facet normal 0.5877852522924724 0 -0.8090169943749479
    outer loop
      vertex -15.642992153974795 1.6775503960170308 6.013193510602418
      vertex -15.764908787698428 3.2039201673639712 5.924615891330947
      vertex -15.642992153974795 3.2352230385071366 6.013193510602418
    endloop
  endfacet
  facet normal 0.48175367410172953 5.589670482840921e-16 -0.8763066800438558
    outer loop
      vertex -15.556230589874906 1.7119017293312764 6.060891084097855
      vertex -15.642992153974795 3.2352230385071366 6.013193510602418
      vertex -15.618358338132891 3.241547927404673 6.0267360654627655
    endloop
  endfacet
  facet normal 0.48175367410172043 8.751706308424218e-17 -0.8763066800438607
    outer loop
      vertex -15.556230589874906 1.7119017293312764 6.060891084097855
      vertex -15.618358338132891 3.241547927404673 6.0267360654627655
      vertex -15.6 3.2438671248503046 6.036828647257851
    endloop
  endfacet
  facet normal 0.48175367410171815 0 0.8763066800438618
    outer loop
      vertex -15.556230589874906 1.7119017293312764 3.9391089159021457
      vertex -15.6 3.8999999999999995 3.9631713527421497
      vertex -15.6 3.2438671248503046 3.9631713527421497
    endloop
  endfacet
  facet normal 0.48175367410171815 0 -0.8763066800438618
    outer loop
      vertex -15.556230589874906 1.7119017293312764 6.060891084097855
      vertex -15.6 3.2438671248503046 6.036828647257851
      vertex -15.6 3.8999999999999995 6.036828647257851
    endloop
  endfacet
  facet normal -0.8443279255020079 -1.2718029667250812e-15 0.5358267949790079
    outer loop
      vertex -14.029179606750063 1.5151896807073502 4.294657697249033
      vertex -13.948431983947364 3.1258912678457635 4.421895591077941
      vertex -13.980243918562675 3.1384865037740064 4.371768003186404
    endloop
  endfacet
  facet normal -0.8443279255020201 0 0.5358267949789887
    outer loop
      vertex -14.029179606750063 1.5151896807073502 4.294657697249033
      vertex -13.980243918562675 3.1384865037740064 4.371768003186404
      vertex -14.029179606750063 3.1510510529650904 4.294657697249033
    endloop
  endfacet
  facet normal -0.9510565162951548 0 0.3090169943749437
    outer loop
      vertex -13.884268216934098 1.409905393213689 4.558250536778386
      vertex -13.837700206645643 3.08204945574806 4.7015721354021744
      vertex -13.884268216934098 3.1004870353352403 4.558250536778386
    endloop
  endfacet
  facet normal -0.9048270524660181 0 0.42577929156507555
    outer loop
      vertex -13.948431983947364 1.4565230987058537 4.421895591077941
      vertex -13.884268216934098 3.1004870353352403 4.558250536778386
      vertex -13.948431983947364 3.1258912678457635 4.421895591077941
    endloop
  endfacet
  facet normal -0.9980267284282718 0 0.06279051952930861
    outer loop
      vertex -13.809462358422627 1.3463803203735834 4.849600119722835
      vertex -13.8 3.0671228879995884 5
      vertex -13.809462358422627 3.0708693007283894 4.849600119722835
    endloop
  endfacet
  facet normal -0.9822872507286887 0 0.1873813145857253
    outer loop
      vertex -13.837700206645643 1.372897424884783 4.7015721354021744
      vertex -13.809462358422627 3.0708693007283894 4.849600119722835
      vertex -13.837700206645643 3.08204945574806 4.7015721354021744
    endloop
  endfacet
  facet normal -0.9980267284282718 0 -0.06279051952930861
    outer loop
      vertex -13.809462358422627 1.3463803203735834 5.150399880277165
      vertex -13.809462358422627 3.0708693007283894 5.150399880277165
      vertex -13.8 3.0671228879995884 5
    endloop
  endfacet
  facet normal -0.9822872507286887 0 -0.1873813145857253
    outer loop
      vertex -13.837700206645643 1.372897424884783 5.2984278645978256
      vertex -13.837700206645643 3.08204945574806 5.2984278645978256
      vertex -13.809462358422627 3.0708693007283894 5.150399880277165
    endloop
  endfacet
  facet normal -0.9510565162951549 2.376987440165999e-16 -0.30901699437494373
    outer loop
      vertex -13.852636818452359 1.3869238369964205 5.344398028856532
      vertex -13.884268216934098 3.1004870353352403 5.441749463221614
      vertex -13.837700206645643 3.08204945574806 5.2984278645978256
    endloop
  endfacet
  facet normal -0.770513242775791 -1.542115746045981e-16 -0.6374239897486875
    outer loop
      vertex -14.035511769037806 1.519790265903627 5.7129965720859435
      vertex -14.125237647094306 3.175714565787935 5.821456527114426
      vertex -14.029179606750063 3.1510510529650904 5.705342302750967
    endloop
  endfacet
  facet normal -0.8443279255020079 -1.2718029667250812e-15 -0.5358267949790079
    outer loop
      vertex -14.029179606750063 1.5151896807073502 5.705342302750967
      vertex -13.980243918562675 3.1384865037740064 5.628231996813596
      vertex -13.948431983947364 3.1258912678457635 5.578104408922059
    endloop
  endfacet
  facet normal -0.8443279255020201 0 -0.5358267949789887
    outer loop
      vertex -14.029179606750063 1.5151896807073502 5.705342302750967
      vertex -14.029179606750063 3.1510510529650904 5.705342302750967
      vertex -13.980243918562675 3.1384865037740064 5.628231996813596
    endloop
  endfacet
  facet normal -0.9048270524660181 0 -0.42577929156507555
    outer loop
      vertex -13.948431983947364 1.4565230987058537 5.578104408922059
      vertex -13.948431983947364 3.1258912678457635 5.578104408922059
      vertex -13.884268216934098 3.1004870353352403 5.441749463221614
    endloop
  endfacet
  facet normal -0.5877852522924725 0 0.8090169943749479
    outer loop
      vertex -14.357007846025205 1.677550396017031 3.9868064893975816
      vertex -14.235091212301572 3.2039201673639712 4.075384108669053
      vertex -14.357007846025205 3.2352230385071366 3.9868064893975816
    endloop
  endfacet
  facet normal -0.6845471059286863 0 0.7289686274214139
    outer loop
      vertex -14.235091212301572 1.6292801859875121 4.075384108669053
      vertex -14.125237647094306 3.175714565787935 4.178543472885574
      vertex -14.235091212301572 3.2039201673639712 4.075384108669053
    endloop
  endfacet
  facet normal -0.48175367410172043 8.751706308424218e-17 0.8763066800438607
    outer loop
      vertex -14.443769410125094 1.7119017293312764 3.9391089159021457
      vertex -14.381641661867109 3.241547927404673 3.973263934537235
      vertex -14.4 3.2438671248503046 3.9631713527421497
    endloop
  endfacet
  facet normal -0.4817536741017175 -7.985243546915661e-17 0.8763066800438624
    outer loop
      vertex -14.443769410125094 1.7119017293312764 3.9391089159021457
      vertex -14.357007846025205 3.2352230385071366 3.9868064893975816
      vertex -14.381641661867109 3.241547927404673 3.973263934537235
    endloop
  endfacet
  facet normal -0.770513242775791 0 0.6374239897486876
    outer loop
      vertex -14.125237647094306 1.569117484787269 4.178543472885574
      vertex -14.029179606750063 3.1510510529650904 4.294657697249033
      vertex -14.125237647094306 3.175714565787935 4.178543472885574
    endloop
  endfacet
  facet normal -0.5877852522924725 0 -0.8090169943749479
    outer loop
      vertex -14.235091212301572 1.6292801859875121 5.924615891330947
      vertex -14.357007846025205 3.2352230385071366 6.013193510602418
      vertex -14.235091212301572 3.2039201673639712 5.924615891330947
    endloop
  endfacet
  facet normal -0.6845471059286863 0 -0.7289686274214139
    outer loop
      vertex -14.125237647094306 1.5691174847872693 5.821456527114426
      vertex -14.235091212301572 3.2039201673639712 5.924615891330947
      vertex -14.125237647094306 3.175714565787935 5.821456527114426
    endloop
  endfacet
  facet normal -0.4817536741016878 8.521088818958617e-16 -0.8763066800438787
    outer loop
      vertex -14.357007846025205 1.6775503960170308 6.013193510602418
      vertex -14.4 3.2438671248503046 6.03682864725785
      vertex -14.381641661867109 3.241547927404673 6.0267360654627655
    endloop
  endfacet
  facet normal -0.4817536741017294 0 -0.8763066800438558
    outer loop
      vertex -14.357007846025205 1.6775503960170308 6.013193510602418
      vertex -14.381641661867109 3.241547927404673 6.0267360654627655
      vertex -14.357007846025205 3.2352230385071366 6.013193510602418
    endloop
  endfacet
  facet normal -0.48175367410171815 0 0.8763066800438618
    outer loop
      vertex -14.443769410125094 1.7119017293312764 3.9391089159021457
      vertex -14.4 3.2438671248503046 3.9631713527421497
      vertex -14.4 3.8999999999999995 3.9631713527421497
    endloop
  endfacet
  facet normal -0.48175367410173187 0 -0.8763066800438545
    outer loop
      vertex -14.443769410125094 1.7119017293312764 6.060891084097855
      vertex -14.4 3.8999999999999995 6.03682864725785
      vertex -14.4 3.2438671248503046 6.03682864725785
    endloop
  endfacet
  facet normal 0.36812455268467925 0 0.9297764858882509
    outer loop
      vertex -15.510935149878087 1.7235316216461143 3.9142075370407765
      vertex -15.370820393249938 3.8999999999999995 3.858732180445816
      vertex -15.510935149878087 3.8999999999999995 3.9142075370407765
    endloop
  endfacet
  facet normal 0.48175367410171366 -1.1700501399447535e-16 0.8763066800438645
    outer loop
      vertex -15.556230589874906 1.7119017293312764 3.9391089159021457
      vertex -15.510935149878087 3.8999999999999995 3.9142075370407765
      vertex -15.6 3.8999999999999995 3.9631713527421497
    endloop
  endfacet
  facet normal 0.4817536741017103 0 -0.8763066800438664
    outer loop
      vertex -15.510935149878087 1.7235316216461143 6.0857924629592235
      vertex -15.6 3.8999999999999995 6.036828647257851
      vertex -15.510935149878087 3.8999999999999995 6.0857924629592235
    endloop
  endfacet
  facet normal 0.24868988716485402 1.555759724924889e-16 0.9685831611286312
    outer loop
      vertex -15.337286366254304 1.7681170513116398 3.8501221057259443
      vertex -15.22485757750287 3.8999999999999995 3.821255299125574
      vertex -15.370820393249938 3.8999999999999995 3.858732180445816
    endloop
  endfacet
  facet normal 0.12533323356430845 0 0.9921147013144773
    outer loop
      vertex -15.22485757750287 1.7823201103140571 3.821255299125574
      vertex -15.075348623435177 3.8999999999999995 3.802367925886074
      vertex -15.22485757750287 3.8999999999999995 3.821255299125574
    endloop
  endfacet
  facet normal 0.36812455268467664 0 -0.9297764858882518
    outer loop
      vertex -15.370820393249938 1.759506976591768 6.141267819554184
      vertex -15.510935149878087 3.8999999999999995 6.0857924629592235
      vertex -15.370820393249938 3.8999999999999995 6.141267819554184
    endloop
  endfacet
  facet normal 0.2486898871648595 0 -0.96858316112863
    outer loop
      vertex -15.224857577502869 1.7823201103140571 6.178744700874427
      vertex -15.370820393249938 3.8999999999999995 6.141267819554184
      vertex -15.224857577502869 3.8999999999999995 6.178744700874427
    endloop
  endfacet
  facet normal 0.12533323356430268 0 -0.9921147013144781
    outer loop
      vertex -15.075348623435175 1.7964481111708888 6.197632074113926
      vertex -15.224857577502869 3.8999999999999995 6.178744700874427
      vertex -15.075348623435175 3.8999999999999995 6.197632074113926
    endloop
  endfacet
  facet normal -0.4817536741017137 0 0.8763066800438646
    outer loop
      vertex -14.489064850121913 1.7235316216461143 3.9142075370407765
      vertex -14.4 3.8999999999999995 3.9631713527421497
      vertex -14.489064850121913 3.8999999999999995 3.9142075370407765
    endloop
  endfacet
  facet normal -0.36812455268467675 0 -0.929776485888252
    outer loop
      vertex -14.489064850121913 1.7235316216461143 6.0857924629592235
      vertex -14.629179606750062 3.8999999999999995 6.141267819554184
      vertex -14.489064850121913 3.8999999999999995 6.0857924629592235
    endloop
  endfacet
  facet normal -0.481753674101717 -3.8416646261519325e-16 -0.8763066800438627
    outer loop
      vertex -14.443769410125094 1.7119017293312764 6.060891084097855
      vertex -14.489064850121913 3.8999999999999995 6.0857924629592235
      vertex -14.4 3.8999999999999995 6.03682864725785
    endloop
  endfacet
  facet normal 0 0 1
    outer loop
      vertex -15.075348623435177 1.7964481111708888 3.802367925886074
      vertex -14.924651376564823 3.8999999999999995 3.802367925886074
      vertex -15.075348623435177 3.8999999999999995 3.802367925886074
    endloop
  endfacet
  facet normal -0.12533323356430845 0 0.9921147013144772
    outer loop
      vertex -14.924651376564823 1.7964481111708888 3.802367925886074
      vertex -14.77514242249713 3.8999999999999995 3.821255299125574
      vertex -14.924651376564823 3.8999999999999995 3.802367925886074
    endloop
  endfacet
  facet normal -0.24868988716485402 0 0.9685831611286313
    outer loop
      vertex -14.77514242249713 1.7823201103140571 3.821255299125574
      vertex -14.629179606750062 3.8999999999999995 3.858732180445816
      vertex -14.77514242249713 3.8999999999999995 3.821255299125574
    endloop
  endfacet
  facet normal -0.3681245526846792 0 0.9297764858882509
    outer loop
      vertex -14.629179606750062 1.759506976591768 3.858732180445816
      vertex -14.489064850121913 3.8999999999999995 3.9142075370407765
      vertex -14.629179606750062 3.8999999999999995 3.858732180445816
    endloop
  endfacet
  facet normal 0 0 -1
    outer loop
      vertex -14.924651376564825 1.7964481111708888 6.197632074113926
      vertex -15.075348623435175 3.8999999999999995 6.197632074113926
      vertex -14.924651376564825 3.8999999999999995 6.197632074113926
    endloop
  endfacet
  facet normal -0.12533323356430265 0 -0.992114701314478
    outer loop
      vertex -14.775142422497131 1.7823201103140571 6.178744700874427
      vertex -14.924651376564825 3.8999999999999995 6.197632074113926
      vertex -14.775142422497131 3.8999999999999995 6.178744700874427
    endloop
  endfacet
  facet normal -0.24868988716485954 4.55591242656957e-17 -0.96858316112863
    outer loop
      vertex -14.662713633745696 1.7681170513116398 6.149877894274056
      vertex -14.775142422497131 3.8999999999999995 6.178744700874427
      vertex -14.629179606750062 3.8999999999999995 6.141267819554184
    endloop
  endfacet
  facet normal 0.3681245526846792 0 0.9297764858882509
    outer loop
      vertex 14.629179606750062 -1.759506976591768 3.858732180445816
      vertex 14.489064850121913 -3.8999999999999995 3.9142075370407765
      vertex 14.629179606750062 -3.8999999999999995 3.858732180445816
    endloop
  endfacet
  facet normal 0.24868988716485402 0 0.9685831611286313
    outer loop
      vertex 14.77514242249713 -1.7823201103140571 3.821255299125574
      vertex 14.629179606750062 -3.8999999999999995 3.858732180445816
      vertex 14.77514242249713 -3.8999999999999995 3.821255299125574
    endloop
  endfacet
  facet normal 0.12533323356430845 0 0.9921147013144772
    outer loop
      vertex 14.924651376564823 -1.7964481111708888 3.802367925886074
      vertex 14.77514242249713 -3.8999999999999995 3.821255299125574
      vertex 14.924651376564823 -3.8999999999999995 3.802367925886074
    endloop
  endfacet
  facet normal 0 0 1
    outer loop
      vertex 15.075348623435177 -1.7964481111708888 3.802367925886074
      vertex 14.924651376564823 -3.8999999999999995 3.802367925886074
      vertex 15.075348623435177 -3.8999999999999995 3.802367925886074
    endloop
  endfacet
  facet normal 0.24868988716485954 -4.55591242656957e-17 -0.96858316112863
    outer loop
      vertex 14.662713633745696 -1.7681170513116395 6.149877894274056
      vertex 14.775142422497131 -3.8999999999999995 6.178744700874427
      vertex 14.629179606750062 -3.8999999999999995 6.141267819554184
    endloop
  endfacet
  facet normal 0.12533323356430265 0 -0.992114701314478
    outer loop
      vertex 14.775142422497131 -1.7823201103140571 6.178744700874427
      vertex 14.924651376564825 -3.8999999999999995 6.197632074113926
      vertex 14.775142422497131 -3.8999999999999995 6.178744700874427
    endloop
  endfacet
  facet normal 0 0 -1
    outer loop
      vertex 14.924651376564825 -1.7964481111708888 6.197632074113926
      vertex 15.075348623435175 -3.8999999999999995 6.197632074113926
      vertex 14.924651376564825 -3.8999999999999995 6.197632074113926
    endloop
  endfacet
  facet normal 0.4817536741017137 0 0.8763066800438646
    outer loop
      vertex 14.489064850121913 -1.7235316216461143 3.9142075370407765
      vertex 14.4 -3.8999999999999995 3.9631713527421497
      vertex 14.489064850121913 -3.8999999999999995 3.9142075370407765
    endloop
  endfacet
  facet normal 0.481753674101717 3.8416646261519325e-16 -0.8763066800438627
    outer loop
      vertex 14.443769410125094 -1.7119017293312764 6.060891084097855
      vertex 14.489064850121913 -3.8999999999999995 6.0857924629592235
      vertex 14.4 -3.8999999999999995 6.03682864725785
    endloop
  endfacet
  facet normal 0.36812455268467675 0 -0.929776485888252
    outer loop
      vertex 14.489064850121913 -1.7235316216461143 6.0857924629592235
      vertex 14.629179606750062 -3.8999999999999995 6.141267819554184
      vertex 14.489064850121913 -3.8999999999999995 6.0857924629592235
    endloop
  endfacet
  facet normal -0.12533323356430845 0 0.9921147013144773
    outer loop
      vertex 15.22485757750287 -1.7823201103140571 3.821255299125574
      vertex 15.075348623435177 -3.8999999999999995 3.802367925886074
      vertex 15.22485757750287 -3.8999999999999995 3.821255299125574
    endloop
  endfacet
  facet normal -0.24868988716485402 -1.555759724924889e-16 0.9685831611286312
    outer loop
      vertex 15.337286366254304 -1.7681170513116395 3.8501221057259443
      vertex 15.22485757750287 -3.8999999999999995 3.821255299125574
      vertex 15.370820393249938 -3.8999999999999995 3.858732180445816
    endloop
  endfacet
  facet normal -0.12533323356430268 0 -0.9921147013144781
    outer loop
      vertex 15.075348623435175 -1.7964481111708888 6.197632074113926
      vertex 15.224857577502869 -3.8999999999999995 6.178744700874427
      vertex 15.075348623435175 -3.8999999999999995 6.197632074113926
    endloop
  endfacet
  facet normal -0.2486898871648595 0 -0.96858316112863
    outer loop
      vertex 15.224857577502869 -1.7823201103140571 6.178744700874427
      vertex 15.370820393249938 -3.8999999999999995 6.141267819554184
      vertex 15.224857577502869 -3.8999999999999995 6.178744700874427
    endloop
  endfacet
  facet normal -0.36812455268467664 0 -0.9297764858882518
    outer loop
      vertex 15.370820393249938 -1.759506976591768 6.141267819554184
      vertex 15.510935149878087 -3.8999999999999995 6.0857924629592235
      vertex 15.370820393249938 -3.8999999999999995 6.141267819554184
    endloop
  endfacet
  facet normal -0.36812455268467925 0 0.9297764858882509
    outer loop
      vertex 15.510935149878087 -1.7235316216461143 3.9142075370407765
      vertex 15.370820393249938 -3.8999999999999995 3.858732180445816
      vertex 15.510935149878087 -3.8999999999999995 3.9142075370407765
    endloop
  endfacet
  facet normal -0.481753674101717 2.0768389984019331e-16 0.8763066800438627
    outer loop
      vertex 15.556230589874906 -1.7119017293312764 3.9391089159021457
      vertex 15.510935149878087 -3.8999999999999995 3.9142075370407765
      vertex 15.6 -3.8999999999999995 3.96317135274215
    endloop
  endfacet
  facet normal -0.4817536741017103 0 -0.8763066800438664
    outer loop
      vertex 15.510935149878087 -1.7235316216461143 6.0857924629592235
      vertex 15.6 -3.8999999999999995 6.036828647257851
      vertex 15.510935149878087 -3.8999999999999995 6.0857924629592235
    endloop
  endfacet
  facet normal 0.48175367410171815 0 0.8763066800438619
    outer loop
      vertex 14.443769410125094 -1.7119017293312764 3.9391089159021457
      vertex 14.4 -3.243867124850304 3.9631713527421497
      vertex 14.4 -3.8999999999999995 3.9631713527421497
    endloop
  endfacet
  facet normal 0.48175367410173187 0 -0.8763066800438545
    outer loop
      vertex 14.443769410125094 -1.7119017293312764 6.060891084097855
      vertex 14.4 -3.8999999999999995 6.03682864725785
      vertex 14.4 -3.243867124850304 6.03682864725785
    endloop
  endfacet
  facet normal 0.770513242775791 0 0.6374239897486876
    outer loop
      vertex 14.125237647094306 -1.569117484787269 4.178543472885574
      vertex 14.029179606750063 -3.1510510529650904 4.294657697249033
      vertex 14.125237647094306 -3.175714565787935 4.178543472885574
    endloop
  endfacet
  facet normal 0.48175367410171727 7.985243546915662e-17 0.8763066800438625
    outer loop
      vertex 14.443769410125094 -1.7119017293312764 3.9391089159021457
      vertex 14.357007846025205 -3.235223038507136 3.9868064893975816
      vertex 14.381641661867109 -3.2415479274046723 3.973263934537235
    endloop
  endfacet
  facet normal 0.4817536741017203 -8.751706308424221e-17 0.8763066800438609
    outer loop
      vertex 14.443769410125094 -1.7119017293312764 3.9391089159021457
      vertex 14.381641661867109 -3.2415479274046723 3.973263934537235
      vertex 14.4 -3.243867124850304 3.9631713527421497
    endloop
  endfacet
  facet normal 0.6845471059286862 0 0.7289686274214139
    outer loop
      vertex 14.235091212301572 -1.6292801859875123 4.075384108669053
      vertex 14.125237647094306 -3.175714565787935 4.178543472885574
      vertex 14.235091212301572 -3.2039201673639712 4.075384108669053
    endloop
  endfacet
  facet normal 0.5877852522924724 0 0.8090169943749479
    outer loop
      vertex 14.357007846025205 -1.6775503960170308 3.9868064893975816
      vertex 14.235091212301572 -3.2039201673639712 4.075384108669053
      vertex 14.357007846025205 -3.235223038507136 3.9868064893975816
    endloop
  endfacet
  facet normal 0.4817536741017051 0 -0.8763066800438691
    outer loop
      vertex 14.357007846025205 -1.6775503960170308 6.013193510602418
      vertex 14.381641661867109 -3.2415479274046723 6.026736065462765
      vertex 14.357007846025205 -3.235223038507136 6.013193510602418
    endloop
  endfacet
  facet normal 0.48175367410172043 3.149818824128608e-16 -0.8763066800438608
    outer loop
      vertex 14.357007846025205 -1.6775503960170308 6.013193510602418
      vertex 14.4 -3.243867124850304 6.03682864725785
      vertex 14.381641661867109 -3.2415479274046723 6.026736065462765
    endloop
  endfacet
  facet normal 0.6845471059286863 0 -0.7289686274214139
    outer loop
      vertex 14.125237647094306 -1.569117484787269 5.821456527114426
      vertex 14.235091212301572 -3.2039201673639712 5.924615891330947
      vertex 14.125237647094306 -3.175714565787935 5.821456527114426
    endloop
  endfacet
  facet normal 0.5877852522924725 0 -0.8090169943749479
    outer loop
      vertex 14.235091212301572 -1.6292801859875123 5.924615891330947
      vertex 14.357007846025205 -3.235223038507136 6.013193510602418
      vertex 14.235091212301572 -3.2039201673639712 5.924615891330947
    endloop
  endfacet
  facet normal 0.9048270524660181 0 0.42577929156507555
    outer loop
      vertex 13.948431983947364 -1.4565230987058537 4.421895591077941
      vertex 13.884268216934098 -3.1004870353352403 4.558250536778386
      vertex 13.948431983947364 -3.1258912678457635 4.421895591077941
    endloop
  endfacet
  facet normal 0.9510565162951548 0 0.3090169943749437
    outer loop
      vertex 13.884268216934098 -1.409905393213689 4.558250536778386
      vertex 13.837700206645643 -3.08204945574806 4.7015721354021744
      vertex 13.884268216934098 -3.1004870353352403 4.558250536778386
    endloop
  endfacet
  facet normal 0.8443279255020201 0 0.5358267949789887
    outer loop
      vertex 14.029179606750063 -1.5151896807073502 4.294657697249033
      vertex 13.980243918562675 -3.1384865037740064 4.371768003186404
      vertex 14.029179606750063 -3.1510510529650904 4.294657697249033
    endloop
  endfacet
  facet normal 0.8443279255020079 1.2718029667250812e-15 0.5358267949790079
    outer loop
      vertex 14.029179606750063 -1.5151896807073502 4.294657697249033
      vertex 13.948431983947364 -3.1258912678457635 4.421895591077941
      vertex 13.980243918562675 -3.1384865037740064 4.371768003186404
    endloop
  endfacet
  facet normal 0.9048270524660181 0 -0.42577929156507555
    outer loop
      vertex 13.948431983947364 -1.4565230987058537 5.578104408922059
      vertex 13.948431983947364 -3.1258912678457635 5.578104408922059
      vertex 13.884268216934098 -3.1004870353352403 5.441749463221614
    endloop
  endfacet
  facet normal 0.8443279255020201 0 -0.5358267949789887
    outer loop
      vertex 14.029179606750063 -1.5151896807073502 5.705342302750967
      vertex 14.029179606750063 -3.1510510529650904 5.705342302750967
      vertex 13.980243918562675 -3.1384865037740064 5.628231996813596
    endloop
  endfacet
  facet normal 0.8443279255020079 1.2718029667250812e-15 -0.5358267949790079
    outer loop
      vertex 14.029179606750063 -1.5151896807073502 5.705342302750967
      vertex 13.980243918562675 -3.1384865037740064 5.628231996813596
      vertex 13.948431983947364 -3.1258912678457635 5.578104408922059
    endloop
  endfacet
  facet normal 0.770513242775791 1.542115746045981e-16 -0.6374239897486875
    outer loop
      vertex 14.035511769037806 -1.519790265903627 5.7129965720859435
      vertex 14.125237647094306 -3.175714565787935 5.821456527114426
      vertex 14.029179606750063 -3.1510510529650904 5.705342302750967
    endloop
  endfacet
  facet normal 0.9822872507286887 0 0.18738131458572532
    outer loop
      vertex 13.837700206645643 -1.3728974248847832 4.7015721354021744
      vertex 13.809462358422627 -3.0708693007283894 4.849600119722835
      vertex 13.837700206645643 -3.08204945574806 4.7015721354021744
    endloop
  endfacet
  facet normal 0.9980267284282718 0 0.0627905195293086
    outer loop
      vertex 13.809462358422627 -1.3463803203735836 4.849600119722835
      vertex 13.8 -3.0671228879995884 5
      vertex 13.809462358422627 -3.0708693007283894 4.849600119722835
    endloop
  endfacet
  facet normal 0.9822872507286887 0 -0.18738131458572532
    outer loop
      vertex 13.837700206645643 -1.3728974248847832 5.2984278645978256
      vertex 13.837700206645643 -3.08204945574806 5.2984278645978256
      vertex 13.809462358422627 -3.0708693007283894 5.150399880277165
    endloop
  endfacet
  facet normal 0.9510565162951549 -7.69771733292192e-17 -0.30901699437494373
    outer loop
      vertex 13.852636818452359 -1.386923836996421 5.344398028856533
      vertex 13.884268216934098 -3.1004870353352403 5.441749463221614
      vertex 13.837700206645643 -3.08204945574806 5.2984278645978256
    endloop
  endfacet
  facet normal 0.9980267284282718 0 -0.0627905195293086
    outer loop
      vertex 13.809462358422627 -1.3463803203735836 5.150399880277165
      vertex 13.809462358422627 -3.0708693007283894 5.150399880277165
      vertex 13.8 -3.0671228879995884 5
    endloop
  endfacet
  facet normal -0.48175367410172504 0 0.8763066800438583
    outer loop
      vertex 15.556230589874906 -1.7119017293312764 3.9391089159021457
      vertex 15.6 -3.8999999999999995 3.96317135274215
      vertex 15.6 -3.243867124850304 3.96317135274215
    endloop
  endfacet
  facet normal -0.48175367410171815 0 -0.8763066800438619
    outer loop
      vertex 15.556230589874906 -1.7119017293312764 6.060891084097855
      vertex 15.6 -3.243867124850304 6.036828647257851
      vertex 15.6 -3.8999999999999995 6.036828647257851
    endloop
  endfacet
  facet normal -0.48175367410172043 3.1498188241286085e-16 0.8763066800438608
    outer loop
      vertex 15.642992153974795 -1.677550396017031 3.9868064893975816
      vertex 15.6 -3.243867124850304 3.96317135274215
      vertex 15.618358338132891 -3.2415479274046723 3.9732639345372354
    endloop
  endfacet
  facet normal -0.4817536741017051 0 0.8763066800438691
    outer loop
      vertex 15.642992153974795 -1.677550396017031 3.9868064893975816
      vertex 15.618358338132891 -3.2415479274046723 3.9732639345372354
      vertex 15.642992153974795 -3.235223038507136 3.9868064893975816
    endloop
  endfacet
  facet normal -0.5877852522924725 0 0.8090169943749479
    outer loop
      vertex 15.764908787698428 -1.6292801859875121 4.075384108669053
      vertex 15.642992153974795 -3.235223038507136 3.9868064893975816
      vertex 15.764908787698428 -3.2039201673639712 4.075384108669053
    endloop
  endfacet
  facet normal -0.4817536741017203 -8.751706308424221e-17 -0.8763066800438609
    outer loop
      vertex 15.556230589874906 -1.7119017293312764 6.060891084097855
      vertex 15.618358338132891 -3.2415479274046723 6.0267360654627655
      vertex 15.6 -3.243867124850304 6.036828647257851
    endloop
  endfacet
  facet normal -0.4817536741017293 -5.589670482840922e-16 -0.8763066800438559
    outer loop
      vertex 15.556230589874906 -1.7119017293312764 6.060891084097855
      vertex 15.642992153974795 -3.235223038507136 6.013193510602418
      vertex 15.618358338132891 -3.2415479274046723 6.0267360654627655
    endloop
  endfacet
  facet normal -0.5877852522924724 0 -0.8090169943749479
    outer loop
      vertex 15.642992153974795 -1.6775503960170308 6.013193510602418
      vertex 15.764908787698428 -3.2039201673639712 5.924615891330947
      vertex 15.642992153974795 -3.235223038507136 6.013193510602418
    endloop
  endfacet
  facet normal 0.36812455268467925 0 0.9297764858882509
    outer loop
      vertex 14.489064850121913 -1.7235316216461143 3.9142075370407765
      vertex 14.489064850121913 -3.8999999999999995 3.9142075370407765
      vertex 14.629179606750062 -1.759506976591768 3.858732180445816
    endloop
  endfacet
  facet normal 0.24868988716485677 -2.0157890471383872e-16 0.9685831611286305
    outer loop
      vertex 14.662713633745696 -1.7681170513116395 3.8501221057259443
      vertex 14.629179606750062 -3.8999999999999995 3.858732180445816
      vertex 14.77514242249713 -1.7823201103140571 3.821255299125574
    endloop
  endfacet
  facet normal 0.24868988716484475 0 0.9685831611286337
    outer loop
      vertex 14.629179606750062 -1.759506976591768 3.858732180445816
      vertex 14.629179606750062 -3.8999999999999995 3.858732180445816
      vertex 14.662713633745696 -1.7681170513116395 3.8501221057259443
    endloop
  endfacet
  facet normal 0.4817536741017094 2.288924687191396e-16 0.8763066800438667
    outer loop
      vertex 14.443769410125094 -1.7119017293312764 3.9391089159021457
      vertex 14.4 -3.8999999999999995 3.9631713527421497
      vertex 14.489064850121913 -1.7235316216461143 3.9142075370407765
    endloop
  endfacet
  facet normal 0.12533323356430617 0 0.9921147013144777
    outer loop
      vertex 14.77514242249713 -1.7823201103140571 3.821255299125574
      vertex 14.77514242249713 -3.8999999999999995 3.821255299125574
      vertex 14.886977064847235 -1.7964481111708888 3.807127298268742
    endloop
  endfacet
  facet normal 0.1253332335643153 -4.940546438632512e-16 0.9921147013144764
    outer loop
      vertex 14.886977064847235 -1.7964481111708888 3.807127298268742
      vertex 14.77514242249713 -3.8999999999999995 3.821255299125574
      vertex 14.924651376564823 -1.7964481111708888 3.802367925886074
    endloop
  endfacet
  facet normal 0 0 1
    outer loop
      vertex 14.924651376564823 -1.7964481111708888 3.802367925886074
      vertex 14.924651376564823 -3.8999999999999995 3.802367925886074
      vertex 15.075348623435177 -1.7964481111708888 3.802367925886074
    endloop
  endfacet
  facet normal -0.1253332335643153 0 0.9921147013144764
    outer loop
      vertex 15.075348623435177 -1.7964481111708888 3.802367925886074
      vertex 15.075348623435177 -3.8999999999999995 3.802367925886074
      vertex 15.113022935152765 -1.7964481111708888 3.807127298268742
    endloop
  endfacet
  facet normal 0.4817536741017027 0 -0.8763066800438705
    outer loop
      vertex 14.443769410125094 -1.7119017293312764 6.060891084097855
      vertex 14.489064850121913 -1.7235316216461143 6.0857924629592235
      vertex 14.489064850121913 -3.8999999999999995 6.0857924629592235
    endloop
  endfacet
  facet normal 0.36812455268467675 0 -0.929776485888252
    outer loop
      vertex 14.489064850121913 -1.7235316216461143 6.0857924629592235
      vertex 14.629179606750062 -1.759506976591768 6.141267819554184
      vertex 14.629179606750062 -3.8999999999999995 6.141267819554184
    endloop
  endfacet
  facet normal 0.2486898871648603 0 -0.9685831611286297
    outer loop
      vertex 14.662713633745696 -1.7681170513116395 6.149877894274056
      vertex 14.775142422497131 -1.7823201103140571 6.178744700874427
      vertex 14.775142422497131 -3.8999999999999995 6.178744700874427
    endloop
  endfacet
  facet normal 0.24868988716485677 0 -0.9685831611286306
    outer loop
      vertex 14.629179606750062 -1.759506976591768 6.141267819554184
      vertex 14.662713633745696 -1.7681170513116395 6.149877894274056
      vertex 14.629179606750062 -3.8999999999999995 6.141267819554184
    endloop
  endfacet
  facet normal 0.12533323356430423 1.1365223454868052e-16 -0.9921147013144778
    outer loop
      vertex 14.775142422497131 -1.7823201103140571 6.178744700874427
      vertex 14.886977064847235 -1.7964481111708888 6.192872701731258
      vertex 14.924651376564825 -3.8999999999999995 6.197632074113926
    endloop
  endfacet
  facet normal 0.12533323356429796 0 -0.9921147013144785
    outer loop
      vertex 14.886977064847235 -1.7964481111708888 6.192872701731258
      vertex 14.924651376564825 -1.7964481111708888 6.197632074113926
      vertex 14.924651376564825 -3.8999999999999995 6.197632074113926
    endloop
  endfacet
  facet normal 0 0 -1
    outer loop
      vertex 14.924651376564825 -1.7964481111708888 6.197632074113926
      vertex 15.075348623435175 -1.7964481111708888 6.197632074113926
      vertex 15.075348623435175 -3.8999999999999995 6.197632074113926
    endloop
  endfacet
  facet normal -0.12533323356430615 -1.6681215070854456e-16 0.9921147013144775
    outer loop
      vertex 15.113022935152765 -1.7964481111708888 3.807127298268742
      vertex 15.075348623435177 -3.8999999999999995 3.802367925886074
      vertex 15.22485757750287 -1.7823201103140571 3.821255299125574
    endloop
  endfacet
  facet normal -0.2486898871648568 0 0.9685831611286305
    outer loop
      vertex 15.22485757750287 -1.7823201103140571 3.821255299125574
      vertex 15.22485757750287 -3.8999999999999995 3.821255299125574
      vertex 15.337286366254304 -1.7681170513116395 3.8501221057259443
    endloop
  endfacet
  facet normal -0.24868988716484483 0 0.9685831611286337
    outer loop
      vertex 15.337286366254304 -1.7681170513116395 3.8501221057259443
      vertex 15.370820393249938 -3.8999999999999995 3.858732180445816
      vertex 15.370820393249938 -1.759506976591768 3.858732180445816
    endloop
  endfacet
  facet normal -0.3681245526846792 0 0.9297764858882509
    outer loop
      vertex 15.370820393249938 -1.759506976591768 3.858732180445816
      vertex 15.370820393249938 -3.8999999999999995 3.858732180445816
      vertex 15.510935149878087 -1.7235316216461143 3.9142075370407765
    endloop
  endfacet
  facet normal -0.4817536741017093 0 0.8763066800438669
    outer loop
      vertex 15.510935149878087 -1.7235316216461143 3.9142075370407765
      vertex 15.510935149878087 -3.8999999999999995 3.9142075370407765
      vertex 15.556230589874906 -1.7119017293312764 3.9391089159021457
    endloop
  endfacet
  facet normal -0.12533323356429796 3.379659514339121e-16 -0.9921147013144785
    outer loop
      vertex 15.075348623435175 -1.7964481111708888 6.197632074113926
      vertex 15.113022935152765 -1.7964481111708888 6.192872701731258
      vertex 15.224857577502869 -3.8999999999999995 6.178744700874427
    endloop
  endfacet
  facet normal -0.12533323356430426 0 -0.9921147013144779
    outer loop
      vertex 15.113022935152765 -1.7964481111708888 6.192872701731258
      vertex 15.224857577502869 -1.7823201103140571 6.178744700874427
      vertex 15.224857577502869 -3.8999999999999995 6.178744700874427
    endloop
  endfacet
  facet normal -0.24868988716486032 -5.946796321275836e-17 -0.9685831611286296
    outer loop
      vertex 15.224857577502869 -1.7823201103140571 6.178744700874427
      vertex 15.337286366254304 -1.7681170513116395 6.149877894274056
      vertex 15.370820393249938 -3.8999999999999995 6.141267819554184
    endloop
  endfacet
  facet normal -0.24868988716485682 0 -0.9685831611286306
    outer loop
      vertex 15.337286366254304 -1.7681170513116395 6.149877894274056
      vertex 15.370820393249938 -1.759506976591768 6.141267819554184
      vertex 15.370820393249938 -3.8999999999999995 6.141267819554184
    endloop
  endfacet
  facet normal -0.3681245526846767 0 -0.9297764858882519
    outer loop
      vertex 15.370820393249938 -1.759506976591768 6.141267819554184
      vertex 15.510935149878087 -1.7235316216461143 6.0857924629592235
      vertex 15.510935149878087 -3.8999999999999995 6.0857924629592235
    endloop
  endfacet
  facet normal -0.4817536741017028 3.967469457798437e-16 -0.8763066800438704
    outer loop
      vertex 15.510935149878087 -1.7235316216461143 6.0857924629592235
      vertex 15.556230589874906 -1.7119017293312764 6.060891084097855
      vertex 15.6 -3.8999999999999995 6.036828647257851
    endloop
  endfacet
  facet normal 0.7705132427757899 1.6490727095589414e-16 0.637423989748689
    outer loop
      vertex 14.035511769037806 -1.519790265903627 4.2870034279140565
      vertex 14.029179606750063 -3.1510510529650904 4.294657697249033
      vertex 14.125237647094306 -1.569117484787269 4.178543472885574
    endloop
  endfacet
  facet normal 0.7705132427758071 0 0.6374239897486681
    outer loop
      vertex 14.029179606750063 -1.5151896807073502 4.294657697249033
      vertex 14.029179606750063 -3.1510510529650904 4.294657697249033
      vertex 14.035511769037806 -1.519790265903627 4.2870034279140565
    endloop
  endfacet
  facet normal 0.4817536741017184 0 0.8763066800438619
    outer loop
      vertex 14.357007846025205 -1.6775503960170308 3.9868064893975816
      vertex 14.357007846025205 -3.235223038507136 3.9868064893975816
      vertex 14.443769410125094 -1.7119017293312764 3.9391089159021457
    endloop
  endfacet
  facet normal 0.5877852522924725 0 0.8090169943749479
    outer loop
      vertex 14.235091212301572 -1.6292801859875123 4.075384108669053
      vertex 14.235091212301572 -3.2039201673639712 4.075384108669053
      vertex 14.357007846025205 -1.6775503960170308 3.9868064893975816
    endloop
  endfacet
  facet normal 0.6845471059286854 0 0.7289686274214147
    outer loop
      vertex 14.125237647094306 -1.569117484787269 4.178543472885574
      vertex 14.125237647094306 -3.175714565787935 4.178543472885574
      vertex 14.23359727518287 -1.6286886944388352 4.076787009003276
    endloop
  endfacet
  facet normal 0.6845471059287452 -7.88601410528805e-15 0.7289686274213584
    outer loop
      vertex 14.235091212301572 -1.6292801859875123 4.075384108669053
      vertex 14.23359727518287 -1.6286886944388352 4.076787009003276
      vertex 14.125237647094306 -3.175714565787935 4.178543472885574
    endloop
  endfacet
  facet normal 0.7705132427757898 0 -0.6374239897486891
    outer loop
      vertex 14.035511769037806 -1.519790265903627 5.7129965720859435
      vertex 14.125237647094306 -1.569117484787269 5.821456527114426
      vertex 14.125237647094306 -3.175714565787935 5.821456527114426
    endloop
  endfacet
  facet normal 0.7705132427758071 0 -0.6374239897486681
    outer loop
      vertex 14.029179606750063 -1.5151896807073502 5.705342302750967
      vertex 14.035511769037806 -1.519790265903627 5.7129965720859435
      vertex 14.029179606750063 -3.1510510529650904 5.705342302750967
    endloop
  endfacet
  facet normal 0.6845471059287468 0 -0.7289686274213568
    outer loop
      vertex 14.235091212301572 -1.6292801859875123 5.924615891330947
      vertex 14.235091212301572 -3.2039201673639712 5.924615891330947
      vertex 14.23359727518287 -1.6286886944388352 5.923212990996724
    endloop
  endfacet
  facet normal 0.48175367410172193 3.6471583907448975e-16 -0.8763066800438598
    outer loop
      vertex 14.357007846025205 -1.6775503960170308 6.013193510602418
      vertex 14.443769410125094 -1.7119017293312764 6.060891084097855
      vertex 14.4 -3.243867124850304 6.03682864725785
    endloop
  endfacet
  facet normal 0.5877852522924724 0 -0.8090169943749479
    outer loop
      vertex 14.235091212301572 -1.6292801859875123 5.924615891330947
      vertex 14.357007846025205 -1.6775503960170308 6.013193510602418
      vertex 14.357007846025205 -3.235223038507136 6.013193510602418
    endloop
  endfacet
  facet normal 0.6845471059286854 -1.1118468232576198e-16 -0.7289686274214147
    outer loop
      vertex 14.125237647094306 -1.569117484787269 5.821456527114426
      vertex 14.23359727518287 -1.6286886944388352 5.923212990996724
      vertex 14.235091212301572 -3.2039201673639712 5.924615891330947
    endloop
  endfacet
  facet normal 0.9048270524660182 0 0.42577929156507555
    outer loop
      vertex 13.884268216934098 -1.409905393213689 4.558250536778386
      vertex 13.884268216934098 -3.1004870353352403 4.558250536778386
      vertex 13.948431983947364 -1.4565230987058537 4.421895591077941
    endloop
  endfacet
  facet normal 0.8443279255020152 0 0.5358267949789962
    outer loop
      vertex 13.948431983947364 -1.4565230987058537 4.421895591077941
      vertex 13.948431983947364 -3.1258912678457635 4.421895591077941
      vertex 14.029179606750063 -1.5151896807073502 4.294657697249033
    endloop
  endfacet
  facet normal 0.9510565162951553 -1.1299839669020285e-16 0.30901699437494257
    outer loop
      vertex 13.852636818452359 -1.386923836996421 4.655601971143467
      vertex 13.837700206645643 -3.08204945574806 4.7015721354021744
      vertex 13.884268216934098 -1.409905393213689 4.558250536778386
    endloop
  endfacet
  facet normal 0.9510565162951539 0 0.30901699437494623
    outer loop
      vertex 13.852636818452359 -1.386923836996421 4.655601971143467
      vertex 13.837700206645643 -1.3728974248847832 4.7015721354021744
      vertex 13.837700206645643 -3.08204945574806 4.7015721354021744
    endloop
  endfacet
  facet normal 0.9510565162951551 0 -0.30901699437494246
    outer loop
      vertex 13.852636818452359 -1.386923836996421 5.344398028856533
      vertex 13.884268216934098 -1.409905393213689 5.441749463221614
      vertex 13.884268216934098 -3.1004870353352403 5.441749463221614
    endloop
  endfacet
  facet normal 0.9048270524660182 0 -0.42577929156507555
    outer loop
      vertex 13.884268216934098 -1.409905393213689 5.441749463221614
      vertex 13.948431983947364 -1.4565230987058537 5.578104408922059
      vertex 13.884268216934098 -3.1004870353352403 5.441749463221614
    endloop
  endfacet
  facet normal 0.8443279255020152 0 -0.5358267949789962
    outer loop
      vertex 13.948431983947364 -1.4565230987058537 5.578104408922059
      vertex 14.029179606750063 -1.5151896807073502 5.705342302750967
      vertex 13.948431983947364 -3.1258912678457635 5.578104408922059
    endloop
  endfacet
  facet normal 0.9822872507286884 0 0.18738131458572527
    outer loop
      vertex 13.809462358422627 -1.3463803203735836 4.849600119722835
      vertex 13.809462358422627 -3.0708693007283894 4.849600119722835
      vertex 13.837700206645643 -1.3728974248847832 4.7015721354021744
    endloop
  endfacet
  facet normal 0.9510565162951539 0 -0.30901699437494623
    outer loop
      vertex 13.852636818452359 -1.386923836996421 5.344398028856533
      vertex 13.837700206645643 -3.08204945574806 5.2984278645978256
      vertex 13.837700206645643 -1.3728974248847832 5.2984278645978256
    endloop
  endfacet
  facet normal 0.9822872507286884 0 -0.18738131458572527
    outer loop
      vertex 13.809462358422627 -1.3463803203735836 5.150399880277165
      vertex 13.837700206645643 -1.3728974248847832 5.2984278645978256
      vertex 13.809462358422627 -3.0708693007283894 5.150399880277165
    endloop
  endfacet
  facet normal 0.9980267284282719 0 0.06279051952930861
    outer loop
      vertex 13.809462358422627 -1.3463803203735836 4.849600119722835
      vertex 13.8 -1.3374945743622886 5
      vertex 13.8 -3.0671228879995884 5
    endloop
  endfacet
  facet normal 0.9980267284282719 0 -0.06279051952930861
    outer loop
      vertex 13.8 -1.3374945743622886 5
      vertex 13.809462358422627 -1.3463803203735836 5.150399880277165
      vertex 13.8 -3.0671228879995884 5
    endloop
  endfacet
  facet normal -0.48175367410171854 2.431438927163271e-16 0.8763066800438619
    outer loop
      vertex 15.556230589874906 -1.7119017293312764 3.9391089159021457
      vertex 15.6 -3.243867124850304 3.96317135274215
      vertex 15.642992153974795 -1.677550396017031 3.9868064893975816
    endloop
  endfacet
  facet normal -0.5877852522924725 0 0.809016994374948
    outer loop
      vertex 15.642992153974795 -1.677550396017031 3.9868064893975816
      vertex 15.642992153974795 -3.235223038507136 3.9868064893975816
      vertex 15.764908787698428 -1.6292801859875121 4.075384108669053
    endloop
  endfacet
  facet normal -0.4817536741017219 0 -0.87630668004386
    outer loop
      vertex 15.556230589874906 -1.7119017293312764 6.060891084097855
      vertex 15.642992153974795 -1.6775503960170308 6.013193510602418
      vertex 15.642992153974795 -3.235223038507136 6.013193510602418
    endloop
  endfacet
  facet normal -0.5877852522924725 0 -0.8090169943749479
    outer loop
      vertex 15.642992153974795 -1.6775503960170308 6.013193510602418
      vertex 15.764908787698428 -1.6292801859875123 5.924615891330947
      vertex 15.764908787698428 -3.2039201673639712 5.924615891330947
    endloop
  endfacet
  facet normal -0.6845471059286863 0 0.7289686274214139
    outer loop
      vertex 15.874762352905694 -1.569117484787269 4.178543472885574
      vertex 15.764908787698428 -3.2039201673639712 4.075384108669053
      vertex 15.874762352905694 -3.175714565787935 4.178543472885574
    endloop
  endfacet
  facet normal -0.6845471059286862 0 -0.7289686274214139
    outer loop
      vertex 15.764908787698428 -1.6292801859875123 5.924615891330947
      vertex 15.874762352905694 -3.175714565787935 5.821456527114426
      vertex 15.764908787698428 -3.2039201673639712 5.924615891330947
    endloop
  endfacet
  facet normal -0.770513242775791 0 -0.6374239897486875
    outer loop
      vertex 15.874762352905694 -1.5691174847872693 5.821456527114426
      vertex 15.970820393249937 -3.1510510529650904 5.705342302750967
      vertex 15.874762352905694 -3.175714565787935 5.821456527114426
    endloop
  endfacet
  facet normal -0.7705132427757909 -3.3750304613463467e-16 0.6374239897486876
    outer loop
      vertex 15.964488230962193 -1.5197902659036275 4.287003427914056
      vertex 15.874762352905694 -3.175714565787935 4.178543472885574
      vertex 15.970820393249937 -3.1510510529650904 4.294657697249033
    endloop
  endfacet
  facet normal -0.8443279255020202 0 0.5358267949789887
    outer loop
      vertex 15.970820393249937 -1.51518968070735 4.294657697249033
      vertex 15.970820393249937 -3.1510510529650904 4.294657697249033
      vertex 16.019756081437325 -3.1384865037740064 4.371768003186404
    endloop
  endfacet
  facet normal -0.8443279255020214 -1.3340590560053509e-16 0.5358267949789868
    outer loop
      vertex 15.970820393249937 -1.51518968070735 4.294657697249033
      vertex 16.019756081437325 -3.1384865037740064 4.371768003186404
      vertex 16.051568016052634 -3.1258912678457635 4.421895591077941
    endloop
  endfacet
  facet normal -0.9048270524660181 0 0.42577929156507555
    outer loop
      vertex 16.051568016052634 -1.4565230987058537 4.421895591077941
      vertex 16.051568016052634 -3.1258912678457635 4.421895591077941
      vertex 16.1157317830659 -3.1004870353352403 4.558250536778386
    endloop
  endfacet
  facet normal -0.9510565162951513 7.511618672125976e-16 0.3090169943749542
    outer loop
      vertex 16.147363181547643 -1.3869238369964203 4.6556019711434695
      vertex 16.1157317830659 -3.1004870353352403 4.558250536778386
      vertex 16.162299793354357 -3.08204945574806 4.7015721354021744
    endloop
  endfacet
  facet normal -0.8443279255020202 0 -0.5358267949789887
    outer loop
      vertex 15.970820393249937 -1.51518968070735 5.705342302750967
      vertex 16.019756081437325 -3.1384865037740064 5.628231996813596
      vertex 15.970820393249937 -3.1510510529650904 5.705342302750967
    endloop
  endfacet
  facet normal -0.8443279255020214 -1.3340590560053509e-16 -0.5358267949789868
    outer loop
      vertex 15.970820393249937 -1.51518968070735 5.705342302750967
      vertex 16.051568016052634 -3.1258912678457635 5.578104408922059
      vertex 16.019756081437325 -3.1384865037740064 5.628231996813596
    endloop
  endfacet
  facet normal -0.9048270524660181 0 -0.42577929156507555
    outer loop
      vertex 16.051568016052634 -1.4565230987058537 5.578104408922059
      vertex 16.1157317830659 -3.1004870353352403 5.441749463221614
      vertex 16.051568016052634 -3.1258912678457635 5.578104408922059
    endloop
  endfacet
  facet normal -0.9510565162951514 0 -0.3090169943749544
    outer loop
      vertex 16.1157317830659 -1.409905393213689 5.441749463221614
      vertex 16.162299793354357 -3.08204945574806 5.2984278645978256
      vertex 16.1157317830659 -3.1004870353352403 5.441749463221614
    endloop
  endfacet
  facet normal -0.9822872507286908 0 0.18738131458571392
    outer loop
      vertex 16.162299793354357 -1.372897424884783 4.7015721354021744
      vertex 16.162299793354357 -3.08204945574806 4.7015721354021744
      vertex 16.19053764157737 -3.0708693007283894 4.849600119722835
    endloop
  endfacet
  facet normal -0.9980267284282712 0 0.06279051952932035
    outer loop
      vertex 16.19053764157737 -1.3463803203735836 4.849600119722835
      vertex 16.19053764157737 -3.0708693007283894 4.849600119722835
      vertex 16.2 -3.0671228879995884 5
    endloop
  endfacet
  facet normal -0.9822872507286908 0 -0.18738131458571392
    outer loop
      vertex 16.162299793354357 -1.372897424884783 5.2984278645978256
      vertex 16.19053764157737 -3.0708693007283894 5.150399880277165
      vertex 16.162299793354357 -3.08204945574806 5.2984278645978256
    endloop
  endfacet
  facet normal -0.9980267284282712 0 -0.06279051952932035
    outer loop
      vertex 16.19053764157737 -1.3463803203735836 5.150399880277165
      vertex 16.2 -3.0671228879995884 5
      vertex 16.19053764157737 -3.0708693007283894 5.150399880277165
    endloop
  endfacet
  facet normal -0.6845471059287469 0 0.7289686274213568
    outer loop
      vertex 15.764908787698428 -1.6292801859875121 4.075384108669053
      vertex 15.764908787698428 -3.2039201673639712 4.075384108669053
      vertex 15.76640272481713 -1.6286886944388352 4.076787009003276
    endloop
  endfacet
  facet normal -0.6845471059286854 -1.0979487379668997e-16 0.7289686274214147
    outer loop
      vertex 15.76640272481713 -1.6286886944388352 4.076787009003276
      vertex 15.764908787698428 -3.2039201673639712 4.075384108669053
      vertex 15.874762352905694 -1.569117484787269 4.178543472885574
    endloop
  endfacet
  facet normal -0.7705132427757934 0 0.6374239897486846
    outer loop
      vertex 15.874762352905694 -1.569117484787269 4.178543472885574
      vertex 15.874762352905694 -3.175714565787935 4.178543472885574
      vertex 15.964488230962193 -1.5197902659036275 4.287003427914056
    endloop
  endfacet
  facet normal -0.7705132427757556 0 0.6374239897487304
    outer loop
      vertex 15.964488230962193 -1.5197902659036275 4.287003427914056
      vertex 15.970820393249937 -3.1510510529650904 4.294657697249033
      vertex 15.970820393249937 -1.51518968070735 4.294657697249033
    endloop
  endfacet
  facet normal -0.6845471059286853 0 -0.7289686274214147
    outer loop
      vertex 15.76640272481713 -1.6286886944388352 5.923212990996724
      vertex 15.874762352905694 -1.5691174847872693 5.821456527114426
      vertex 15.874762352905694 -3.175714565787935 5.821456527114426
    endloop
  endfacet
  facet normal -0.6845471059287452 -7.88601410528805e-15 -0.7289686274213584
    outer loop
      vertex 15.764908787698428 -1.6292801859875123 5.924615891330947
      vertex 15.76640272481713 -1.6286886944388352 5.923212990996724
      vertex 15.874762352905694 -3.175714565787935 5.821456527114426
    endloop
  endfacet
  facet normal -0.7705132427757935 -3.618536688403666e-16 -0.6374239897486846
    outer loop
      vertex 15.874762352905694 -1.5691174847872693 5.821456527114426
      vertex 15.964488230962193 -1.5197902659036275 5.712996572085944
      vertex 15.970820393249937 -3.1510510529650904 5.705342302750967
    endloop
  endfacet
  facet normal -0.7705132427757556 0 -0.6374239897487304
    outer loop
      vertex 15.964488230962193 -1.5197902659036275 5.712996572085944
      vertex 15.970820393249937 -1.51518968070735 5.705342302750967
      vertex 15.970820393249937 -3.1510510529650904 5.705342302750967
    endloop
  endfacet
  facet normal -0.8443279255020206 0 0.5358267949789879
    outer loop
      vertex 15.970820393249937 -1.51518968070735 4.294657697249033
      vertex 16.051568016052634 -3.1258912678457635 4.421895591077941
      vertex 16.051568016052634 -1.4565230987058537 4.421895591077941
    endloop
  endfacet
  facet normal -0.9048270524660182 0 0.42577929156507555
    outer loop
      vertex 16.051568016052634 -1.4565230987058537 4.421895591077941
      vertex 16.1157317830659 -3.1004870353352403 4.558250536778386
      vertex 16.1157317830659 -1.409905393213689 4.558250536778386
    endloop
  endfacet
  facet normal -0.9510565162951474 0 0.3090169943749662
    outer loop
      vertex 16.1157317830659 -1.409905393213689 4.558250536778386
      vertex 16.1157317830659 -3.1004870353352403 4.558250536778386
      vertex 16.147363181547643 -1.3869238369964203 4.6556019711434695
    endloop
  endfacet
  facet normal -0.9510565162951595 0 0.30901699437492924
    outer loop
      vertex 16.147363181547643 -1.3869238369964203 4.6556019711434695
      vertex 16.162299793354357 -3.08204945574806 4.7015721354021744
      vertex 16.162299793354357 -1.372897424884783 4.7015721354021744
    endloop
  endfacet
  facet normal -0.8443279255020206 0 -0.5358267949789879
    outer loop
      vertex 15.970820393249937 -1.51518968070735 5.705342302750967
      vertex 16.051568016052634 -1.4565230987058537 5.578104408922059
      vertex 16.051568016052634 -3.1258912678457635 5.578104408922059
    endloop
  endfacet
  facet normal -0.9048270524660182 0 -0.42577929156507555
    outer loop
      vertex 16.051568016052634 -1.4565230987058537 5.578104408922059
      vertex 16.1157317830659 -1.409905393213689 5.441749463221614
      vertex 16.1157317830659 -3.1004870353352403 5.441749463221614
    endloop
  endfacet
  facet normal -0.9822872507286907 0 0.18738131458571392
    outer loop
      vertex 16.162299793354357 -1.372897424884783 4.7015721354021744
      vertex 16.19053764157737 -3.0708693007283894 4.849600119722835
      vertex 16.19053764157737 -1.3463803203735836 4.849600119722835
    endloop
  endfacet
  facet normal -0.9510565162951474 1.1026656731966654e-15 -0.309016994374966
    outer loop
      vertex 16.147363181547643 -1.3869238369964203 5.3443980288565305
      vertex 16.162299793354357 -3.08204945574806 5.2984278645978256
      vertex 16.1157317830659 -1.409905393213689 5.441749463221614
    endloop
  endfacet
  facet normal -0.9510565162951595 0 -0.30901699437492924
    outer loop
      vertex 16.147363181547643 -1.3869238369964203 5.3443980288565305
      vertex 16.162299793354357 -1.372897424884783 5.2984278645978256
      vertex 16.162299793354357 -3.08204945574806 5.2984278645978256
    endloop
  endfacet
  facet normal -0.9822872507286907 0 -0.18738131458571392
    outer loop
      vertex 16.162299793354357 -1.372897424884783 5.2984278645978256
      vertex 16.19053764157737 -1.3463803203735836 5.150399880277165
      vertex 16.19053764157737 -3.0708693007283894 5.150399880277165
    endloop
  endfacet
  facet normal -0.998026728428271 0 0.06279051952932035
    outer loop
      vertex 16.19053764157737 -1.3463803203735836 4.849600119722835
      vertex 16.2 -3.0671228879995884 5
      vertex 16.2 -1.3374945743622886 5
    endloop
  endfacet
  facet normal -0.998026728428271 0 -0.06279051952932035
    outer loop
      vertex 16.19053764157737 -1.3463803203735836 5.150399880277165
      vertex 16.2 -1.3374945743622886 5
      vertex 16.2 -3.0671228879995884 5
    endloop
  endfacet
  facet normal 0.9510565162951539 0 0.30901699437494623
    outer loop
      vertex 13.837700206645643 1.3728974248847832 4.7015721354021744
      vertex 13.852636818452359 1.386923836996421 4.655601971143467
      vertex 13.837700206645643 3.08204945574806 4.7015721354021744
    endloop
  endfacet
  facet normal 0.9510565162951551 0 0.30901699437494246
    outer loop
      vertex 13.852636818452359 1.386923836996421 4.655601971143467
      vertex 13.884268216934098 1.409905393213689 4.558250536778386
      vertex 13.884268216934098 3.1004870353352403 4.558250536778386
    endloop
  endfacet
  facet normal 0.9048270524660182 0 0.42577929156507555
    outer loop
      vertex 13.884268216934098 1.409905393213689 4.558250536778386
      vertex 13.948431983947364 1.4565230987058537 4.421895591077941
      vertex 13.884268216934098 3.1004870353352403 4.558250536778386
    endloop
  endfacet
  facet normal 0.8443279255020152 0 0.5358267949789962
    outer loop
      vertex 13.948431983947364 1.4565230987058537 4.421895591077941
      vertex 14.029179606750063 1.5151896807073502 4.294657697249033
      vertex 13.948431983947364 3.1258912678457635 4.421895591077941
    endloop
  endfacet
  facet normal 0.9980267284282719 0 0.06279051952930861
    outer loop
      vertex 13.809462358422627 1.3463803203735836 4.849600119722835
      vertex 13.8 3.0671228879995884 5
      vertex 13.8 1.3374945743622886 5
    endloop
  endfacet
  facet normal 0.9980267284282719 0 -0.06279051952930861
    outer loop
      vertex 13.8 1.3374945743622886 5
      vertex 13.8 3.0671228879995884 5
      vertex 13.809462358422627 1.3463803203735836 5.150399880277165
    endloop
  endfacet
  facet normal 0.9822872507286884 0 0.18738131458572527
    outer loop
      vertex 13.809462358422627 1.3463803203735836 4.849600119722835
      vertex 13.837700206645643 1.3728974248847832 4.7015721354021744
      vertex 13.809462358422627 3.0708693007283894 4.849600119722835
    endloop
  endfacet
  facet normal 0.9822872507286884 0 -0.18738131458572527
    outer loop
      vertex 13.809462358422627 1.3463803203735836 5.150399880277165
      vertex 13.809462358422627 3.0708693007283894 5.150399880277165
      vertex 13.837700206645643 1.3728974248847832 5.2984278645978256
    endloop
  endfacet
  facet normal 0.9510565162951539 0 -0.30901699437494623
    outer loop
      vertex 13.837700206645643 1.3728974248847832 5.2984278645978256
      vertex 13.837700206645643 3.08204945574806 5.2984278645978256
      vertex 13.852636818452359 1.386923836996421 5.344398028856533
    endloop
  endfacet
  facet normal 0.9510565162951553 1.1299839669020285e-16 -0.30901699437494257
    outer loop
      vertex 13.852636818452359 1.386923836996421 5.344398028856533
      vertex 13.837700206645643 3.08204945574806 5.2984278645978256
      vertex 13.884268216934098 1.409905393213689 5.441749463221614
    endloop
  endfacet
  facet normal 0.9048270524660182 0 -0.42577929156507555
    outer loop
      vertex 13.884268216934098 1.409905393213689 5.441749463221614
      vertex 13.884268216934098 3.1004870353352403 5.441749463221614
      vertex 13.948431983947364 1.4565230987058537 5.578104408922059
    endloop
  endfacet
  facet normal 0.8443279255020152 0 -0.5358267949789962
    outer loop
      vertex 13.948431983947364 1.4565230987058537 5.578104408922059
      vertex 13.948431983947364 3.1258912678457635 5.578104408922059
      vertex 14.029179606750063 1.5151896807073502 5.705342302750967
    endloop
  endfacet
  facet normal 0.7705132427758071 0 0.6374239897486681
    outer loop
      vertex 14.029179606750063 1.5151896807073502 4.294657697249033
      vertex 14.035511769037806 1.519790265903627 4.2870034279140565
      vertex 14.029179606750063 3.1510510529650904 4.294657697249033
    endloop
  endfacet
  facet normal 0.7705132427757898 0 0.6374239897486891
    outer loop
      vertex 14.035511769037806 1.519790265903627 4.2870034279140565
      vertex 14.125237647094306 1.569117484787269 4.178543472885574
      vertex 14.125237647094306 3.175714565787935 4.178543472885574
    endloop
  endfacet
  facet normal 0.6845471059286822 5.262741630086089e-16 0.7289686274214177
    outer loop
      vertex 14.125237647094306 1.569117484787269 4.178543472885574
      vertex 14.23359727518287 1.628688694438835 4.076787009003277
      vertex 14.235091212301572 3.2039201673639712 4.075384108669053
    endloop
  endfacet
  facet normal 0.6845471059289772 0 0.7289686274211405
    outer loop
      vertex 14.235091212301572 1.6292801859875123 4.075384108669053
      vertex 14.235091212301572 3.2039201673639712 4.075384108669053
      vertex 14.23359727518287 1.628688694438835 4.076787009003277
    endloop
  endfacet
  facet normal 0.5877852522924724 0 0.8090169943749479
    outer loop
      vertex 14.235091212301572 1.6292801859875123 4.075384108669053
      vertex 14.357007846025205 1.6775503960170308 3.9868064893975816
      vertex 14.357007846025205 3.2352230385071366 3.9868064893975816
    endloop
  endfacet
  facet normal 0.4817536741017184 1.1309018265875673e-17 0.8763066800438619
    outer loop
      vertex 14.357007846025205 1.6775503960170308 3.9868064893975816
      vertex 14.443769410125094 1.7119017293312764 3.9391089159021457
      vertex 14.4 3.2438671248503046 3.9631713527421497
    endloop
  endfacet
  facet normal 0.7705132427758071 0 -0.6374239897486681
    outer loop
      vertex 14.029179606750063 1.5151896807073502 5.705342302750967
      vertex 14.029179606750063 3.1510510529650904 5.705342302750967
      vertex 14.035511769037806 1.519790265903627 5.7129965720859435
    endloop
  endfacet
  facet normal 0.7705132427757899 -1.6490727095589414e-16 -0.637423989748689
    outer loop
      vertex 14.035511769037806 1.519790265903627 5.7129965720859435
      vertex 14.029179606750063 3.1510510529650904 5.705342302750967
      vertex 14.125237647094306 1.569117484787269 5.821456527114426
    endloop
  endfacet
  facet normal 0.6845471059286822 0 -0.7289686274214177
    outer loop
      vertex 14.125237647094306 1.569117484787269 5.821456527114426
      vertex 14.125237647094306 3.175714565787935 5.821456527114426
      vertex 14.23359727518287 1.628688694438835 5.923212990996723
    endloop
  endfacet
  facet normal 0.6845471059289693 3.783290311269972e-14 -0.7289686274211481
    outer loop
      vertex 14.235091212301572 1.6292801859875123 5.924615891330947
      vertex 14.23359727518287 1.628688694438835 5.923212990996723
      vertex 14.125237647094306 3.175714565787935 5.821456527114426
    endloop
  endfacet
  facet normal 0.5877852522924725 0 -0.8090169943749479
    outer loop
      vertex 14.235091212301572 1.6292801859875123 5.924615891330947
      vertex 14.235091212301572 3.2039201673639712 5.924615891330947
      vertex 14.357007846025205 1.6775503960170308 6.013193510602418
    endloop
  endfacet
  facet normal 0.4817536741017219 0 -0.87630668004386
    outer loop
      vertex 14.357007846025205 1.6775503960170308 6.013193510602418
      vertex 14.357007846025205 3.2352230385071366 6.013193510602418
      vertex 14.443769410125094 1.7119017293312764 6.060891084097855
    endloop
  endfacet
  facet normal -0.5877852522924725 0 0.8090169943749479
    outer loop
      vertex 15.642992153974795 1.677550396017031 3.9868064893975816
      vertex 15.764908787698428 1.6292801859875121 4.075384108669053
      vertex 15.764908787698428 3.2039201673639712 4.075384108669053
    endloop
  endfacet
  facet normal -0.4817536741017184 0 0.8763066800438619
    outer loop
      vertex 15.556230589874906 1.7119017293312764 3.9391089159021457
      vertex 15.642992153974795 1.677550396017031 3.9868064893975816
      vertex 15.642992153974795 3.2352230385071366 3.9868064893975816
    endloop
  endfacet
  facet normal -0.5877852522924724 0 -0.8090169943749479
    outer loop
      vertex 15.642992153974795 1.6775503960170308 6.013193510602418
      vertex 15.642992153974795 3.2352230385071366 6.013193510602418
      vertex 15.764908787698428 1.6292801859875121 5.924615891330947
    endloop
  endfacet
  facet normal -0.48175367410172193 -3.675430936409585e-16 -0.8763066800438599
    outer loop
      vertex 15.556230589874906 1.7119017293312764 6.060891084097855
      vertex 15.6 3.2438671248503046 6.03682864725785
      vertex 15.642992153974795 1.6775503960170308 6.013193510602418
    endloop
  endfacet
  facet normal 0.9510565162951549 7.69771733292192e-17 0.30901699437494373
    outer loop
      vertex 13.852636818452359 1.386923836996421 4.655601971143467
      vertex 13.884268216934098 3.1004870353352403 4.558250536778386
      vertex 13.837700206645643 3.08204945574806 4.7015721354021744
    endloop
  endfacet
  facet normal 0.9048270524660181 0 0.42577929156507555
    outer loop
      vertex 13.948431983947364 1.4565230987058537 4.421895591077941
      vertex 13.948431983947364 3.1258912678457635 4.421895591077941
      vertex 13.884268216934098 3.1004870353352403 4.558250536778386
    endloop
  endfacet
  facet normal 0.770513242775791 -1.542115746045981e-16 0.6374239897486875
    outer loop
      vertex 14.035511769037806 1.519790265903627 4.2870034279140565
      vertex 14.125237647094306 3.175714565787935 4.178543472885574
      vertex 14.029179606750063 3.1510510529650904 4.294657697249033
    endloop
  endfacet
  facet normal 0.8443279255020079 -1.2718029667250812e-15 0.5358267949790079
    outer loop
      vertex 14.029179606750063 1.5151896807073502 4.294657697249033
      vertex 13.980243918562675 3.1384865037740064 4.371768003186404
      vertex 13.948431983947364 3.1258912678457635 4.421895591077941
    endloop
  endfacet
  facet normal 0.8443279255020201 0 0.5358267949789887
    outer loop
      vertex 14.029179606750063 1.5151896807073502 4.294657697249033
      vertex 14.029179606750063 3.1510510529650904 4.294657697249033
      vertex 13.980243918562675 3.1384865037740064 4.371768003186404
    endloop
  endfacet
  facet normal 0.9980267284282718 0 0.0627905195293086
    outer loop
      vertex 13.809462358422627 1.3463803203735836 4.849600119722835
      vertex 13.809462358422627 3.0708693007283894 4.849600119722835
      vertex 13.8 3.0671228879995884 5
    endloop
  endfacet
  facet normal 0.9822872507286887 0 0.18738131458572532
    outer loop
      vertex 13.837700206645643 1.3728974248847832 4.7015721354021744
      vertex 13.837700206645643 3.08204945574806 4.7015721354021744
      vertex 13.809462358422627 3.0708693007283894 4.849600119722835
    endloop
  endfacet
  facet normal 0.9980267284282718 0 -0.0627905195293086
    outer loop
      vertex 13.809462358422627 1.3463803203735836 5.150399880277165
      vertex 13.8 3.0671228879995884 5
      vertex 13.809462358422627 3.0708693007283894 5.150399880277165
    endloop
  endfacet
  facet normal 0.9822872507286887 0 -0.18738131458572532
    outer loop
      vertex 13.837700206645643 1.3728974248847832 5.2984278645978256
      vertex 13.809462358422627 3.0708693007283894 5.150399880277165
      vertex 13.837700206645643 3.08204945574806 5.2984278645978256
    endloop
  endfacet
  facet normal 0.9510565162951548 0 -0.3090169943749437
    outer loop
      vertex 13.884268216934098 1.409905393213689 5.441749463221614
      vertex 13.837700206645643 3.08204945574806 5.2984278645978256
      vertex 13.884268216934098 3.1004870353352403 5.441749463221614
    endloop
  endfacet
  facet normal 0.9048270524660181 0 -0.42577929156507555
    outer loop
      vertex 13.948431983947364 1.4565230987058537 5.578104408922059
      vertex 13.884268216934098 3.1004870353352403 5.441749463221614
      vertex 13.948431983947364 3.1258912678457635 5.578104408922059
    endloop
  endfacet
  facet normal 0.8443279255020079 -1.2718029667250812e-15 -0.5358267949790079
    outer loop
      vertex 14.029179606750063 1.5151896807073502 5.705342302750967
      vertex 13.948431983947364 3.1258912678457635 5.578104408922059
      vertex 13.980243918562675 3.1384865037740064 5.628231996813596
    endloop
  endfacet
  facet normal 0.8443279255020201 0 -0.5358267949789887
    outer loop
      vertex 14.029179606750063 1.5151896807073502 5.705342302750967
      vertex 13.980243918562675 3.1384865037740064 5.628231996813596
      vertex 14.029179606750063 3.1510510529650904 5.705342302750967
    endloop
  endfacet
  facet normal 0.6845471059286863 0 0.7289686274214139
    outer loop
      vertex 14.125237647094306 1.569117484787269 4.178543472885574
      vertex 14.235091212301572 3.2039201673639712 4.075384108669053
      vertex 14.125237647094306 3.175714565787935 4.178543472885574
    endloop
  endfacet
  facet normal 0.5877852522924725 0 0.8090169943749479
    outer loop
      vertex 14.235091212301572 1.6292801859875123 4.075384108669053
      vertex 14.357007846025205 3.2352230385071366 3.9868064893975816
      vertex 14.235091212301572 3.2039201673639712 4.075384108669053
    endloop
  endfacet
  facet normal 0.4817536741017294 0 0.8763066800438558
    outer loop
      vertex 14.357007846025205 1.6775503960170308 3.9868064893975816
      vertex 14.381641661867109 3.241547927404673 3.9732639345372345
      vertex 14.357007846025205 3.2352230385071366 3.9868064893975816
    endloop
  endfacet
  facet normal 0.48175367410170405 5.172334069095449e-16 0.8763066800438696
    outer loop
      vertex 14.357007846025205 1.6775503960170308 3.9868064893975816
      vertex 14.4 3.2438671248503046 3.9631713527421497
      vertex 14.381641661867109 3.241547927404673 3.9732639345372345
    endloop
  endfacet
  facet normal 0.770513242775791 0 -0.6374239897486876
    outer loop
      vertex 14.125237647094306 1.569117484787269 5.821456527114426
      vertex 14.029179606750063 3.1510510529650904 5.705342302750967
      vertex 14.125237647094306 3.175714565787935 5.821456527114426
    endloop
  endfacet
  facet normal 0.6845471059286862 0 -0.7289686274214139
    outer loop
      vertex 14.235091212301572 1.6292801859875123 5.924615891330947
      vertex 14.125237647094306 3.175714565787935 5.821456527114426
      vertex 14.235091212301572 3.2039201673639712 5.924615891330947
    endloop
  endfacet
  facet normal 0.5877852522924724 0 -0.8090169943749479
    outer loop
      vertex 14.357007846025205 1.6775503960170308 6.013193510602418
      vertex 14.235091212301572 3.2039201673639712 5.924615891330947
      vertex 14.357007846025205 3.2352230385071366 6.013193510602418
    endloop
  endfacet
  facet normal 0.48175367410172953 5.589670482840921e-16 -0.8763066800438558
    outer loop
      vertex 14.443769410125094 1.7119017293312764 6.060891084097855
      vertex 14.357007846025205 3.2352230385071366 6.013193510602418
      vertex 14.381641661867109 3.241547927404673 6.0267360654627655
    endloop
  endfacet
  facet normal 0.48175367410172043 8.751706308424218e-17 -0.8763066800438607
    outer loop
      vertex 14.443769410125094 1.7119017293312764 6.060891084097855
      vertex 14.381641661867109 3.241547927404673 6.0267360654627655
      vertex 14.4 3.2438671248503046 6.036828647257851
    endloop
  endfacet
  facet normal 0.48175367410171815 0 0.8763066800438618
    outer loop
      vertex 14.443769410125094 1.7119017293312764 3.9391089159021457
      vertex 14.4 3.8999999999999995 3.9631713527421497
      vertex 14.4 3.2438671248503046 3.9631713527421497
    endloop
  endfacet
  facet normal 0.48175367410171815 0 -0.8763066800438618
    outer loop
      vertex 14.443769410125094 1.7119017293312764 6.060891084097855
      vertex 14.4 3.2438671248503046 6.036828647257851
      vertex 14.4 3.8999999999999995 6.036828647257851
    endloop
  endfacet
  facet normal 0.3681245526846792 0 0.9297764858882509
    outer loop
      vertex 14.489064850121913 1.7235316216461143 3.9142075370407765
      vertex 14.629179606750062 1.759506976591768 3.858732180445816
      vertex 14.629179606750062 3.8999999999999995 3.858732180445816
    endloop
  endfacet
  facet normal 0.24868988716484475 0 0.9685831611286337
    outer loop
      vertex 14.629179606750062 1.759506976591768 3.858732180445816
      vertex 14.662713633745696 1.7681170513116398 3.8501221057259443
      vertex 14.629179606750062 3.8999999999999995 3.858732180445816
    endloop
  endfacet
  facet normal 0.24868988716485677 0 0.9685831611286305
    outer loop
      vertex 14.662713633745696 1.7681170513116398 3.8501221057259443
      vertex 14.77514242249713 1.7823201103140571 3.821255299125574
      vertex 14.77514242249713 3.8999999999999995 3.821255299125574
    endloop
  endfacet
  facet normal 0.4817536741017093 0 0.8763066800438668
    outer loop
      vertex 14.443769410125094 1.7119017293312764 3.9391089159021457
      vertex 14.489064850121913 1.7235316216461143 3.9142075370407765
      vertex 14.489064850121913 3.8999999999999995 3.9142075370407765
    endloop
  endfacet
  facet normal 0.12533323356430806 2.749650835855085e-17 0.9921147013144773
    outer loop
      vertex 14.77514242249713 1.7823201103140571 3.821255299125574
      vertex 14.886977064847237 1.7964481111708888 3.8071272982687416
      vertex 14.924651376564823 3.8999999999999995 3.802367925886074
    endloop
  endfacet
  facet normal 0.1253332335643096 0 0.9921147013144771
    outer loop
      vertex 14.886977064847237 1.7964481111708888 3.8071272982687416
      vertex 14.924651376564823 1.7964481111708888 3.802367925886074
      vertex 14.924651376564823 3.8999999999999995 3.802367925886074
    endloop
  endfacet
  facet normal 0 0 1
    outer loop
      vertex 14.924651376564823 1.7964481111708888 3.802367925886074
      vertex 15.075348623435177 1.7964481111708888 3.802367925886074
      vertex 15.075348623435177 3.8999999999999995 3.802367925886074
    endloop
  endfacet
  facet normal 0.48175367410170283 -3.9865438301916985e-16 -0.8763066800438704
    outer loop
      vertex 14.443769410125094 1.7119017293312764 6.060891084097855
      vertex 14.4 3.8999999999999995 6.036828647257851
      vertex 14.489064850121913 1.7235316216461143 6.0857924629592235
    endloop
  endfacet
  facet normal 0.36812455268467675 0 -0.929776485888252
    outer loop
      vertex 14.489064850121913 1.7235316216461143 6.0857924629592235
      vertex 14.489064850121913 3.8999999999999995 6.0857924629592235
      vertex 14.629179606750062 1.759506976591768 6.141267819554184
    endloop
  endfacet
  facet normal 0.24868988716485677 0 -0.9685831611286306
    outer loop
      vertex 14.629179606750062 1.759506976591768 6.141267819554184
      vertex 14.629179606750062 3.8999999999999995 6.141267819554184
      vertex 14.662713633745696 1.7681170513116398 6.149877894274056
    endloop
  endfacet
  facet normal 0.24868988716486032 5.903069877737045e-17 -0.9685831611286297
    outer loop
      vertex 14.662713633745696 1.7681170513116398 6.149877894274056
      vertex 14.629179606750062 3.8999999999999995 6.141267819554184
      vertex 14.775142422497131 1.7823201103140571 6.178744700874427
    endloop
  endfacet
  facet normal 0.12533323356430226 0 -0.9921147013144781
    outer loop
      vertex 14.775142422497131 1.7823201103140571 6.178744700874427
      vertex 14.775142422497131 3.8999999999999995 6.178744700874427
      vertex 14.886977064847237 1.7964481111708888 6.192872701731258
    endloop
  endfacet
  facet normal 0.1253332335643038 8.279487163642409e-17 -0.9921147013144778
    outer loop
      vertex 14.886977064847237 1.7964481111708888 6.192872701731258
      vertex 14.775142422497131 3.8999999999999995 6.178744700874427
      vertex 14.924651376564825 1.7964481111708888 6.197632074113926
    endloop
  endfacet
  facet normal 0 0 -1
    outer loop
      vertex 14.924651376564825 1.7964481111708888 6.197632074113926
      vertex 14.924651376564825 3.8999999999999995 6.197632074113926
      vertex 15.075348623435175 1.7964481111708888 6.197632074113926
    endloop
  endfacet
  facet normal -0.1253332335643038 0 -0.9921147013144778
    outer loop
      vertex 15.075348623435175 1.7964481111708888 6.197632074113926
      vertex 15.075348623435175 3.8999999999999995 6.197632074113926
      vertex 15.113022935152763 1.7964481111708888 6.192872701731258
    endloop
  endfacet
  facet normal -0.1253332335643096 8.415216461407428e-17 0.9921147013144771
    outer loop
      vertex 15.075348623435177 1.7964481111708888 3.802367925886074
      vertex 15.113022935152763 1.7964481111708888 3.8071272982687416
      vertex 15.22485757750287 3.8999999999999995 3.821255299125574
    endloop
  endfacet
  facet normal -0.12533323356430806 0 0.9921147013144774
    outer loop
      vertex 15.113022935152763 1.7964481111708888 3.8071272982687416
      vertex 15.22485757750287 1.7823201103140571 3.821255299125574
      vertex 15.22485757750287 3.8999999999999995 3.821255299125574
    endloop
  endfacet
  facet normal -0.2486898871648448 0 0.9685831611286337
    outer loop
      vertex 15.337286366254304 1.7681170513116398 3.8501221057259443
      vertex 15.370820393249938 1.759506976591768 3.858732180445816
      vertex 15.370820393249938 3.8999999999999995 3.858732180445816
    endloop
  endfacet
  facet normal -0.2486898871648568 2.0289069802000252e-16 0.9685831611286305
    outer loop
      vertex 15.22485757750287 1.7823201103140571 3.821255299125574
      vertex 15.337286366254304 1.7681170513116398 3.8501221057259443
      vertex 15.370820393249938 3.8999999999999995 3.858732180445816
    endloop
  endfacet
  facet normal -0.3681245526846792 0 0.9297764858882509
    outer loop
      vertex 15.370820393249938 1.759506976591768 3.858732180445816
      vertex 15.510935149878087 1.7235316216461143 3.9142075370407765
      vertex 15.510935149878087 3.8999999999999995 3.9142075370407765
    endloop
  endfacet
  facet normal -0.48175367410170933 -2.2889246871913967e-16 0.8763066800438668
    outer loop
      vertex 15.510935149878087 1.7235316216461143 3.9142075370407765
      vertex 15.556230589874906 1.7119017293312764 3.9391089159021457
      vertex 15.6 3.8999999999999995 3.9631713527421497
    endloop
  endfacet
  facet normal -0.12533323356430226 2.7954783497860504e-17 -0.9921147013144781
    outer loop
      vertex 15.113022935152763 1.7964481111708888 6.192872701731258
      vertex 15.075348623435175 3.8999999999999995 6.197632074113926
      vertex 15.224857577502869 1.7823201103140571 6.178744700874427
    endloop
  endfacet
  facet normal -0.24868988716485677 0 -0.9685831611286306
    outer loop
      vertex 15.337286366254304 1.7681170513116398 6.149877894274056
      vertex 15.370820393249938 3.8999999999999995 6.141267819554184
      vertex 15.370820393249938 1.759506976591768 6.141267819554184
    endloop
  endfacet
  facet normal -0.36812455268467664 0 -0.9297764858882518
    outer loop
      vertex 15.370820393249938 1.759506976591768 6.141267819554184
      vertex 15.370820393249938 3.8999999999999995 6.141267819554184
      vertex 15.510935149878087 1.7235316216461143 6.0857924629592235
    endloop
  endfacet
  facet normal -0.24868988716486032 0 -0.9685831611286297
    outer loop
      vertex 15.224857577502869 1.7823201103140571 6.178744700874427
      vertex 15.224857577502869 3.8999999999999995 6.178744700874427
      vertex 15.337286366254304 1.7681170513116398 6.149877894274056
    endloop
  endfacet
  facet normal -0.48175367410170267 0 -0.8763066800438705
    outer loop
      vertex 15.510935149878087 1.7235316216461143 6.0857924629592235
      vertex 15.510935149878087 3.8999999999999995 6.0857924629592235
      vertex 15.556230589874906 1.7119017293312764 6.060891084097855
    endloop
  endfacet
  facet normal -0.5877852522924725 0 0.8090169943749479
    outer loop
      vertex 15.642992153974795 1.677550396017031 3.9868064893975816
      vertex 15.764908787698428 3.2039201673639712 4.075384108669053
      vertex 15.642992153974795 3.2352230385071366 3.9868064893975816
    endloop
  endfacet
  facet normal -0.48175367410172043 8.751706308424218e-17 0.8763066800438607
    outer loop
      vertex 15.556230589874906 1.7119017293312764 3.9391089159021457
      vertex 15.618358338132891 3.241547927404673 3.973263934537235
      vertex 15.6 3.2438671248503046 3.9631713527421497
    endloop
  endfacet
  facet normal -0.4817536741017175 -7.985243546915661e-17 0.8763066800438624
    outer loop
      vertex 15.556230589874906 1.7119017293312764 3.9391089159021457
      vertex 15.642992153974795 3.2352230385071366 3.9868064893975816
      vertex 15.618358338132891 3.241547927404673 3.973263934537235
    endloop
  endfacet
  facet normal -0.5877852522924725 0 -0.8090169943749479
    outer loop
      vertex 15.764908787698428 1.6292801859875121 5.924615891330947
      vertex 15.642992153974795 3.2352230385071366 6.013193510602418
      vertex 15.764908787698428 3.2039201673639712 5.924615891330947
    endloop
  endfacet
  facet normal -0.4817536741016878 8.521088818958617e-16 -0.8763066800438787
    outer loop
      vertex 15.642992153974795 1.6775503960170308 6.013193510602418
      vertex 15.6 3.2438671248503046 6.03682864725785
      vertex 15.618358338132891 3.241547927404673 6.0267360654627655
    endloop
  endfacet
  facet normal -0.4817536741017294 0 -0.8763066800438558
    outer loop
      vertex 15.642992153974795 1.6775503960170308 6.013193510602418
      vertex 15.618358338132891 3.241547927404673 6.0267360654627655
      vertex 15.642992153974795 3.2352230385071366 6.013193510602418
    endloop
  endfacet
  facet normal -0.48175367410171815 0 0.8763066800438618
    outer loop
      vertex 15.556230589874906 1.7119017293312764 3.9391089159021457
      vertex 15.6 3.2438671248503046 3.9631713527421497
      vertex 15.6 3.8999999999999995 3.9631713527421497
    endloop
  endfacet
  facet normal -0.48175367410173187 0 -0.8763066800438545
    outer loop
      vertex 15.556230589874906 1.7119017293312764 6.060891084097855
      vertex 15.6 3.8999999999999995 6.03682864725785
      vertex 15.6 3.2438671248503046 6.03682864725785
    endloop
  endfacet
  facet normal -0.8443279255020206 0 0.5358267949789879
    outer loop
      vertex 15.970820393249937 1.5151896807073502 4.294657697249033
      vertex 16.051568016052634 1.4565230987058537 4.421895591077941
      vertex 16.051568016052634 3.1258912678457635 4.421895591077941
    endloop
  endfacet
  facet normal -0.9510565162951629 0 0.3090169943749184
    outer loop
      vertex 16.162299793354357 1.372897424884783 4.7015721354021744
      vertex 16.162299793354357 3.08204945574806 4.7015721354021744
      vertex 16.147363181547643 1.3869238369964205 4.655601971143468
    endloop
  endfacet
  facet normal -0.9510565162951459 -1.579494072416871e-15 0.309016994374971
    outer loop
      vertex 16.1157317830659 1.409905393213689 4.558250536778386
      vertex 16.147363181547643 1.3869238369964205 4.655601971143468
      vertex 16.162299793354357 3.08204945574806 4.7015721354021744
    endloop
  endfacet
  facet normal -0.9048270524660182 0 0.42577929156507555
    outer loop
      vertex 16.051568016052634 1.4565230987058537 4.421895591077941
      vertex 16.1157317830659 1.409905393213689 4.558250536778386
      vertex 16.1157317830659 3.1004870353352403 4.558250536778386
    endloop
  endfacet
  facet normal -0.8443279255020206 0 -0.5358267949789879
    outer loop
      vertex 15.970820393249937 1.5151896807073502 5.705342302750967
      vertex 16.051568016052634 3.1258912678457635 5.578104408922059
      vertex 16.051568016052634 1.4565230987058537 5.578104408922059
    endloop
  endfacet
  facet normal -0.998026728428271 0 0.06279051952932034
    outer loop
      vertex 16.19053764157737 1.3463803203735834 4.849600119722835
      vertex 16.2 1.3374945743622884 5
      vertex 16.2 3.0671228879995884 5
    endloop
  endfacet
  facet normal -0.998026728428271 0 -0.06279051952932034
    outer loop
      vertex 16.19053764157737 1.3463803203735834 5.150399880277165
      vertex 16.2 3.0671228879995884 5
      vertex 16.2 1.3374945743622884 5
    endloop
  endfacet
  facet normal -0.9822872507286907 0 0.1873813145857139
    outer loop
      vertex 16.162299793354357 1.372897424884783 4.7015721354021744
      vertex 16.19053764157737 1.3463803203735834 4.849600119722835
      vertex 16.19053764157737 3.0708693007283894 4.849600119722835
    endloop
  endfacet
  facet normal -0.9510565162951629 0 -0.3090169943749184
    outer loop
      vertex 16.162299793354357 1.372897424884783 5.2984278645978256
      vertex 16.147363181547643 1.3869238369964205 5.344398028856532
      vertex 16.162299793354357 3.08204945574806 5.2984278645978256
    endloop
  endfacet
  facet normal -0.9822872507286907 0 -0.1873813145857139
    outer loop
      vertex 16.162299793354357 1.372897424884783 5.2984278645978256
      vertex 16.19053764157737 3.0708693007283894 5.150399880277165
      vertex 16.19053764157737 1.3463803203735834 5.150399880277165
    endloop
  endfacet
  facet normal -0.9510565162951458 0 -0.3090169943749713
    outer loop
      vertex 16.147363181547643 1.3869238369964205 5.344398028856532
      vertex 16.1157317830659 1.409905393213689 5.441749463221614
      vertex 16.1157317830659 3.1004870353352403 5.441749463221614
    endloop
  endfacet
  facet normal -0.9048270524660182 0 -0.42577929156507555
    outer loop
      vertex 16.051568016052634 1.4565230987058537 5.578104408922059
      vertex 16.1157317830659 3.1004870353352403 5.441749463221614
      vertex 16.1157317830659 1.409905393213689 5.441749463221614
    endloop
  endfacet
  facet normal -0.6845471059287451 7.886014105288048e-15 0.7289686274213585
    outer loop
      vertex 15.764908787698428 1.6292801859875121 4.075384108669053
      vertex 15.76640272481713 1.628688694438835 4.076787009003276
      vertex 15.874762352905694 3.175714565787935 4.178543472885574
    endloop
  endfacet
  facet normal -0.6845471059286854 0 0.7289686274214147
    outer loop
      vertex 15.76640272481713 1.628688694438835 4.076787009003276
      vertex 15.874762352905694 1.569117484787269 4.178543472885574
      vertex 15.874762352905694 3.175714565787935 4.178543472885574
    endloop
  endfacet
  facet normal -0.7705132427757899 -1.6584959821849922e-16 0.6374239897486889
    outer loop
      vertex 15.874762352905694 1.569117484787269 4.178543472885574
      vertex 15.964488230962194 1.519790265903627 4.2870034279140565
      vertex 15.970820393249937 3.1510510529650904 4.294657697249033
    endloop
  endfacet
  facet normal -0.7705132427758071 0 0.6374239897486682
    outer loop
      vertex 15.964488230962194 1.519790265903627 4.2870034279140565
      vertex 15.970820393249937 1.5151896807073502 4.294657697249033
      vertex 15.970820393249937 3.1510510529650904 4.294657697249033
    endloop
  endfacet
  facet normal -0.7705132427757898 0 -0.637423989748689
    outer loop
      vertex 15.874762352905694 1.5691174847872693 5.821456527114426
      vertex 15.874762352905694 3.175714565787935 5.821456527114426
      vertex 15.964488230962194 1.519790265903627 5.7129965720859435
    endloop
  endfacet
  facet normal -0.6845471059286854 1.0979487379668994e-16 -0.7289686274214146
    outer loop
      vertex 15.76640272481713 1.628688694438835 5.923212990996724
      vertex 15.764908787698428 3.2039201673639712 5.924615891330947
      vertex 15.874762352905694 1.5691174847872693 5.821456527114426
    endloop
  endfacet
  facet normal -0.7705132427758071 0 -0.6374239897486682
    outer loop
      vertex 15.964488230962194 1.519790265903627 5.7129965720859435
      vertex 15.970820393249937 3.1510510529650904 5.705342302750967
      vertex 15.970820393249937 1.5151896807073502 5.705342302750967
    endloop
  endfacet
  facet normal -0.6845471059287469 0 -0.7289686274213568
    outer loop
      vertex 15.764908787698428 1.6292801859875121 5.924615891330947
      vertex 15.764908787698428 3.2039201673639712 5.924615891330947
      vertex 15.76640272481713 1.628688694438835 5.923212990996724
    endloop
  endfacet
  facet normal -0.9048270524660181 0 0.42577929156507555
    outer loop
      vertex 16.051568016052634 1.4565230987058537 4.421895591077941
      vertex 16.1157317830659 3.1004870353352403 4.558250536778386
      vertex 16.051568016052634 3.1258912678457635 4.421895591077941
    endloop
  endfacet
  facet normal -0.8443279255020201 0 0.5358267949789887
    outer loop
      vertex 15.970820393249937 1.5151896807073502 4.294657697249033
      vertex 16.019756081437325 3.1384865037740064 4.371768003186404
      vertex 15.970820393249937 3.1510510529650904 4.294657697249033
    endloop
  endfacet
  facet normal -0.8443279255020214 1.334059056005351e-16 0.5358267949789868
    outer loop
      vertex 15.970820393249937 1.5151896807073502 4.294657697249033
      vertex 16.051568016052634 3.1258912678457635 4.421895591077941
      vertex 16.019756081437325 3.1384865037740064 4.371768003186404
    endloop
  endfacet
  facet normal -0.9510565162951514 0 0.3090169943749544
    outer loop
      vertex 16.1157317830659 1.409905393213689 4.558250536778386
      vertex 16.162299793354357 3.08204945574806 4.7015721354021744
      vertex 16.1157317830659 3.1004870353352403 4.558250536778386
    endloop
  endfacet
  facet normal -0.9048270524660181 0 -0.42577929156507555
    outer loop
      vertex 16.051568016052634 1.4565230987058537 5.578104408922059
      vertex 16.051568016052634 3.1258912678457635 5.578104408922059
      vertex 16.1157317830659 3.1004870353352403 5.441749463221614
    endloop
  endfacet
  facet normal -0.770513242775791 -1.542115746045981e-16 -0.6374239897486875
    outer loop
      vertex 15.964488230962194 1.519790265903627 5.7129965720859435
      vertex 15.874762352905694 3.175714565787935 5.821456527114426
      vertex 15.970820393249937 3.1510510529650904 5.705342302750967
    endloop
  endfacet
  facet normal -0.8443279255020201 0 -0.5358267949789887
    outer loop
      vertex 15.970820393249937 1.5151896807073502 5.705342302750967
      vertex 15.970820393249937 3.1510510529650904 5.705342302750967
      vertex 16.019756081437325 3.1384865037740064 5.628231996813596
    endloop
  endfacet
  facet normal -0.8443279255020214 1.334059056005351e-16 -0.5358267949789868
    outer loop
      vertex 15.970820393249937 1.5151896807073502 5.705342302750967
      vertex 16.019756081437325 3.1384865037740064 5.628231996813596
      vertex 16.051568016052634 3.1258912678457635 5.578104408922059
    endloop
  endfacet
  facet normal -0.9980267284282712 0 0.06279051952932037
    outer loop
      vertex 16.19053764157737 1.3463803203735834 4.849600119722835
      vertex 16.2 3.0671228879995884 5
      vertex 16.19053764157737 3.0708693007283894 4.849600119722835
    endloop
  endfacet
  facet normal -0.9822872507286908 0 0.18738131458571392
    outer loop
      vertex 16.162299793354357 1.372897424884783 4.7015721354021744
      vertex 16.19053764157737 3.0708693007283894 4.849600119722835
      vertex 16.162299793354357 3.08204945574806 4.7015721354021744
    endloop
  endfacet
  facet normal -0.9510565162951513 -1.0734509115909756e-15 -0.3090169943749542
    outer loop
      vertex 16.147363181547643 1.3869238369964205 5.344398028856532
      vertex 16.1157317830659 3.1004870353352403 5.441749463221614
      vertex 16.162299793354357 3.08204945574806 5.2984278645978256
    endloop
  endfacet
  facet normal -0.9980267284282712 0 -0.06279051952932037
    outer loop
      vertex 16.19053764157737 1.3463803203735834 5.150399880277165
      vertex 16.19053764157737 3.0708693007283894 5.150399880277165
      vertex 16.2 3.0671228879995884 5
    endloop
  endfacet
  facet normal -0.9822872507286908 0 -0.18738131458571392
    outer loop
      vertex 16.162299793354357 1.372897424884783 5.2984278645978256
      vertex 16.162299793354357 3.08204945574806 5.2984278645978256
      vertex 16.19053764157737 3.0708693007283894 5.150399880277165
    endloop
  endfacet
  facet normal -0.770513242775791 0 0.6374239897486876
    outer loop
      vertex 15.874762352905694 1.569117484787269 4.178543472885574
      vertex 15.970820393249937 3.1510510529650904 4.294657697249033
      vertex 15.874762352905694 3.175714565787935 4.178543472885574
    endloop
  endfacet
  facet normal -0.6845471059286863 0 0.7289686274214139
    outer loop
      vertex 15.764908787698428 1.6292801859875121 4.075384108669053
      vertex 15.874762352905694 3.175714565787935 4.178543472885574
      vertex 15.764908787698428 3.2039201673639712 4.075384108669053
    endloop
  endfacet
  facet normal -0.6845471059286863 0 -0.7289686274214139
    outer loop
      vertex 15.874762352905694 1.5691174847872693 5.821456527114426
      vertex 15.764908787698428 3.2039201673639712 5.924615891330947
      vertex 15.874762352905694 3.175714565787935 5.821456527114426
    endloop
  endfacet
  facet normal 0.36812455268467925 0 0.9297764858882509
    outer loop
      vertex 14.489064850121913 1.7235316216461143 3.9142075370407765
      vertex 14.629179606750062 3.8999999999999995 3.858732180445816
      vertex 14.489064850121913 3.8999999999999995 3.9142075370407765
    endloop
  endfacet
  facet normal 0.48175367410171366 -1.1700501399447535e-16 0.8763066800438645
    outer loop
      vertex 14.443769410125094 1.7119017293312764 3.9391089159021457
      vertex 14.489064850121913 3.8999999999999995 3.9142075370407765
      vertex 14.4 3.8999999999999995 3.9631713527421497
    endloop
  endfacet
  facet normal 0.4817536741017103 0 -0.8763066800438664
    outer loop
      vertex 14.489064850121913 1.7235316216461143 6.0857924629592235
      vertex 14.4 3.8999999999999995 6.036828647257851
      vertex 14.489064850121913 3.8999999999999995 6.0857924629592235
    endloop
  endfacet
  facet normal 0.24868988716485402 1.555759724924889e-16 0.9685831611286312
    outer loop
      vertex 14.662713633745696 1.7681170513116398 3.8501221057259443
      vertex 14.77514242249713 3.8999999999999995 3.821255299125574
      vertex 14.629179606750062 3.8999999999999995 3.858732180445816
    endloop
  endfacet
  facet normal 0.12533323356430845 0 0.9921147013144773
    outer loop
      vertex 14.77514242249713 1.7823201103140571 3.821255299125574
      vertex 14.924651376564823 3.8999999999999995 3.802367925886074
      vertex 14.77514242249713 3.8999999999999995 3.821255299125574
    endloop
  endfacet
  facet normal 0 0 1
    outer loop
      vertex 14.924651376564823 1.7964481111708888 3.802367925886074
      vertex 15.075348623435177 3.8999999999999995 3.802367925886074
      vertex 14.924651376564823 3.8999999999999995 3.802367925886074
    endloop
  endfacet
  facet normal 0.36812455268467664 0 -0.9297764858882518
    outer loop
      vertex 14.629179606750062 1.759506976591768 6.141267819554184
      vertex 14.489064850121913 3.8999999999999995 6.0857924629592235
      vertex 14.629179606750062 3.8999999999999995 6.141267819554184
    endloop
  endfacet
  facet normal 0.2486898871648595 0 -0.96858316112863
    outer loop
      vertex 14.775142422497131 1.7823201103140571 6.178744700874427
      vertex 14.629179606750062 3.8999999999999995 6.141267819554184
      vertex 14.775142422497131 3.8999999999999995 6.178744700874427
    endloop
  endfacet
  facet normal 0.12533323356430268 0 -0.9921147013144781
    outer loop
      vertex 14.924651376564825 1.7964481111708888 6.197632074113926
      vertex 14.775142422497131 3.8999999999999995 6.178744700874427
      vertex 14.924651376564825 3.8999999999999995 6.197632074113926
    endloop
  endfacet
  facet normal 0 0 -1
    outer loop
      vertex 15.075348623435175 1.7964481111708888 6.197632074113926
      vertex 14.924651376564825 3.8999999999999995 6.197632074113926
      vertex 15.075348623435175 3.8999999999999995 6.197632074113926
    endloop
  endfacet
  facet normal -0.4817536741017137 0 0.8763066800438646
    outer loop
      vertex 15.510935149878087 1.7235316216461143 3.9142075370407765
      vertex 15.6 3.8999999999999995 3.9631713527421497
      vertex 15.510935149878087 3.8999999999999995 3.9142075370407765
    endloop
  endfacet
  facet normal -0.36812455268467675 0 -0.929776485888252
    outer loop
      vertex 15.510935149878087 1.7235316216461143 6.0857924629592235
      vertex 15.370820393249938 3.8999999999999995 6.141267819554184
      vertex 15.510935149878087 3.8999999999999995 6.0857924629592235
    endloop
  endfacet
  facet normal -0.481753674101717 -3.8416646261519325e-16 -0.8763066800438627
    outer loop
      vertex 15.556230589874906 1.7119017293312764 6.060891084097855
      vertex 15.510935149878087 3.8999999999999995 6.0857924629592235
      vertex 15.6 3.8999999999999995 6.03682864725785
    endloop
  endfacet
  facet normal -0.12533323356430845 0 0.9921147013144772
    outer loop
      vertex 15.075348623435177 1.7964481111708888 3.802367925886074
      vertex 15.22485757750287 3.8999999999999995 3.821255299125574
      vertex 15.075348623435177 3.8999999999999995 3.802367925886074
    endloop
  endfacet
  facet normal -0.24868988716485402 0 0.9685831611286313
    outer loop
      vertex 15.22485757750287 1.7823201103140571 3.821255299125574
      vertex 15.370820393249938 3.8999999999999995 3.858732180445816
      vertex 15.22485757750287 3.8999999999999995 3.821255299125574
    endloop
  endfacet
  facet normal -0.3681245526846792 0 0.9297764858882509
    outer loop
      vertex 15.370820393249938 1.759506976591768 3.858732180445816
      vertex 15.510935149878087 3.8999999999999995 3.9142075370407765
      vertex 15.370820393249938 3.8999999999999995 3.858732180445816
    endloop
  endfacet
  facet normal -0.12533323356430265 0 -0.992114701314478
    outer loop
      vertex 15.224857577502869 1.7823201103140571 6.178744700874427
      vertex 15.075348623435175 3.8999999999999995 6.197632074113926
      vertex 15.224857577502869 3.8999999999999995 6.178744700874427
    endloop
  endfacet
  facet normal -0.24868988716485954 4.55591242656957e-17 -0.96858316112863
    outer loop
      vertex 15.337286366254304 1.7681170513116398 6.149877894274056
      vertex 15.224857577502869 3.8999999999999995 6.178744700874427
      vertex 15.370820393249938 3.8999999999999995 6.141267819554184
    endloop
  endfacet
endsolid OpenSCAD_Model
