solid OpenSCAD_Model
  facet normal -0.7771459614569703 -0.629320391049838 4.791478545976353e-16
    outer loop
      vertex -2.72362578537465 -2.4523636723052156 0.4
      vertex -2.72362578537465 -2.452363672305215 0.9832738110421965
      vertex -2.9650472843841826 -2.154232949651914 0.9832738110421962
    endloop
  endfacet
  facet normal -0.8386705679454244 -0.5446390350150265 0
    outer loop
      vertex -2.9650472843841826 -2.154232949651914 0.4
      vertex -3.1739831048699676 -1.8325 0.9832738110421964
      vertex -3.1739831048699676 -1.8325 0.4
    endloop
  endfacet
  facet normal -0.7771459614569709 -0.6293203910498374 0
    outer loop
      vertex -2.9650472843841826 -2.154232949651914 0.4
      vertex -2.72362578537465 -2.4523636723052156 0.4
      vertex -2.9650472843841826 -2.154232949651914 0.9832738110421962
    endloop
  endfacet
  facet normal -0.8386705679454245 -0.5446390350150265 0
    outer loop
      vertex -2.9650472843841826 -2.154232949651914 0.4
      vertex -2.9650472843841826 -2.154232949651914 0.9832738110421962
      vertex -3.1739831048699676 -1.8325 0.9832738110421964
    endloop
  endfacet
  facet normal -0.6293203910498375 -0.7771459614569709 0
    outer loop
      vertex -2.154232949651914 -2.9650472843841826 0.4
      vertex -2.4523636723052156 -2.72362578537465 0.9832738110421965
      vertex -2.4523636723052156 -2.72362578537465 0.4
    endloop
  endfacet
  facet normal -0.5446390350150265 -0.8386705679454245 0
    outer loop
      vertex -2.154232949651914 -2.9650472843841826 0.4
      vertex -1.8325 -3.1739831048699676 0.4
      vertex -2.154232949651914 -2.9650472843841826 0.9832738110421962
    endloop
  endfacet
  facet normal -0.6293203910498374 -0.7771459614569709 0
    outer loop
      vertex -2.154232949651914 -2.9650472843841826 0.4
      vertex -2.154232949651914 -2.9650472843841826 0.9832738110421962
      vertex -2.4523636723052156 -2.72362578537465 0.9832738110421965
    endloop
  endfacet
  facet normal -0.5446390350150265 -0.8386705679454245 0
    outer loop
      vertex -1.8325 -3.1739831048699676 0.4
      vertex -1.8325 -3.1739831048699676 0.9832738110421962
      vertex -2.154232949651914 -2.9650472843841826 0.9832738110421962
    endloop
  endfacet
  facet normal 0 0 -1
    outer loop
      vertex -2.72362578537465 -2.4523636723052156 0.4
      vertex -2.4453690018345142 -0.5197792270443984 0.4
      vertex -2.4523636723052156 -2.72362578537465 0.4
    endloop
  endfacet
  facet normal 0 0 -1
    outer loop
      vertex -2.154232949651914 -2.9650472843841826 0.4
      vertex -2.4523636723052156 -2.72362578537465 0.4
      vertex -2.0225424859373686 -1.469463130731183 0.4
    endloop
  endfacet
  facet normal 0 0 -1
    outer loop
      vertex -2.154232949651914 -2.9650472843841826 0.4
      vertex -1.6728265158971456 -1.8578620636934855 0.4
      vertex -1.8325 -3.1739831048699676 0.4
    endloop
  endfacet
  facet normal 0 0 -1
    outer loop
      vertex -2.154232949651914 -2.9650472843841826 0.4
      vertex -1.8578620636934855 -1.6728265158971456 0.4
      vertex -1.6728265158971456 -1.8578620636934855 0.4
    endloop
  endfacet
  facet normal 0 0 -1
    outer loop
      vertex -2.154232949651914 -2.9650472843841826 0.4
      vertex -2.0225424859373686 -1.469463130731183 0.4
      vertex -1.8578620636934855 -1.6728265158971456 0.4
    endloop
  endfacet
  facet normal -0.7071067811865475 -0.7071067811865475 5.383723489584853e-16
    outer loop
      vertex -2.72362578537465 -2.4523636723052156 0.4
      vertex -2.4523636723052156 -2.72362578537465 0.4
      vertex -2.72362578537465 -2.452363672305215 0.9832738110421965
    endloop
  endfacet
  facet normal -0.707106781186548 -0.7071067811865469 0
    outer loop
      vertex -2.4523636723052156 -2.72362578537465 0.4
      vertex -2.4523636723052156 -2.72362578537465 0.9832738110421965
      vertex -2.72362578537465 -2.452363672305215 0.9832738110421965
    endloop
  endfacet
  facet normal -0.8910065241883678 -0.4539904997395469 0
    outer loop
      vertex -3.3481441022601324 -1.4906897968728077 0.4
      vertex -3.1739831048699676 -1.8325 0.4
      vertex -3.3481441022601324 -1.4906897968728077 0.9832738110421964
    endloop
  endfacet
  facet normal -0.8910065241883678 -0.4539904997395469 0
    outer loop
      vertex -3.1739831048699676 -1.8325 0.4
      vertex -3.1739831048699676 -1.8325 0.9832738110421964
      vertex -3.3481441022601324 -1.4906897968728077 0.9832738110421964
    endloop
  endfacet
  facet normal -0.933580426497202 -0.35836794954529994 0
    outer loop
      vertex -3.3481441022601324 -1.4906897968728077 0.4
      vertex -3.485622132221738 -1.1325472843841822 0.9832738110421964
      vertex -3.485622132221738 -1.1325472843841822 0.4
    endloop
  endfacet
  facet normal -0.9659258262890681 -0.2588190451025212 0
    outer loop
      vertex -3.485622132221738 -1.1325472843841822 0.4
      vertex -3.485622132221738 -1.1325472843841822 0.9832738110421964
      vertex -3.5849109566893977 -0.761996346847088 0.9832738110421961
    endloop
  endfacet
  facet normal -0.933580426497202 -0.35836794954529994 0
    outer loop
      vertex -3.3481441022601324 -1.4906897968728077 0.4
      vertex -3.3481441022601324 -1.4906897968728077 0.9832738110421964
      vertex -3.485622132221738 -1.1325472843841822 0.9832738110421964
    endloop
  endfacet
  facet normal 0 0 -1
    outer loop
      vertex -3.3481441022601324 -1.4906897968728077 0.4
      vertex -3.1739831048699676 1.8325 0.4
      vertex -3.1739831048699676 -1.8325 0.4
    endloop
  endfacet
  facet normal 0 0 -1
    outer loop
      vertex -3.485622132221738 -1.1325472843841822 0.4
      vertex -3.5849109566893977 -0.761996346847088 0.4
      vertex -3.485622132221738 1.1325472843841822 0.4
    endloop
  endfacet
  facet normal 0 0 -1
    outer loop
      vertex -3.5849109566893977 -0.761996346847088 0.4
      vertex -3.644922746524722 -0.38309681787594996 0.4
      vertex -3.5849109566893977 0.761996346847088 0.4
    endloop
  endfacet
  facet normal 0 0 -1
    outer loop
      vertex -3.3481441022601324 -1.4906897968728077 0.4
      vertex -3.485622132221738 -1.1325472843841822 0.4
      vertex -3.3481441022601324 1.4906897968728077 0.4
    endloop
  endfacet
  facet normal 0 0 -1
    outer loop
      vertex -2.9650472843841826 -2.154232949651914 0.4
      vertex -3.1739831048699676 -1.8325 0.4
      vertex -2.9650472843841826 2.154232949651914 0.4
    endloop
  endfacet
  facet normal 0 0 -1
    outer loop
      vertex -2.9650472843841826 -2.154232949651914 0.4
      vertex -2.72362578537465 2.4523636723052156 0.4
      vertex -2.72362578537465 -2.4523636723052156 0.4
    endloop
  endfacet
  facet normal -0.9659258262890681 -0.2588190451025212 0
    outer loop
      vertex -3.485622132221738 -1.1325472843841822 0.4
      vertex -3.5849109566893977 -0.761996346847088 0.9832738110421961
      vertex -3.5849109566893977 -0.761996346847088 0.4
    endloop
  endfacet
  facet normal -0.9876883405951377 -0.15643446504023073 0
    outer loop
      vertex -3.5849109566893977 -0.761996346847088 0.4
      vertex -3.644922746524722 -0.38309681787594996 0.9832738110421965
      vertex -3.644922746524722 -0.38309681787594996 0.4
    endloop
  endfacet
  facet normal -0.9876883405951377 -0.15643446504023076 0
    outer loop
      vertex -3.5849109566893977 -0.761996346847088 0.4
      vertex -3.5849109566893977 -0.761996346847088 0.9832738110421961
      vertex -3.644922746524722 -0.38309681787594996 0.9832738110421965
    endloop
  endfacet
  facet normal -0.9986295347545738 -0.052335956242943835 0
    outer loop
      vertex -3.644922746524722 -0.38309681787594996 0.4
      vertex -3.665 0 0.9832738110421962
      vertex -3.665 0 0.4
    endloop
  endfacet
  facet normal -0.9986295347545738 -0.05233595624294384 0
    outer loop
      vertex -3.644922746524722 -0.38309681787594996 0.4
      vertex -3.644922746524722 -0.38309681787594996 0.9832738110421965
      vertex -3.665 0 0.9832738110421962
    endloop
  endfacet
  facet normal 0 0 -1
    outer loop
      vertex -2.4523636723052156 -2.72362578537465 0.4
      vertex -2.283863644106502 -1.0168416076895006 0.4
      vertex -2.1650635094610964 -1.25 0.4
    endloop
  endfacet
  facet normal 0 0 -1
    outer loop
      vertex -2.4523636723052156 -2.72362578537465 0.4
      vertex -2.3776412907378837 -0.7725424859373685 0.4
      vertex -2.283863644106502 -1.0168416076895006 0.4
    endloop
  endfacet
  facet normal 0 0 -1
    outer loop
      vertex -2.72362578537465 -2.4523636723052156 0.4
      vertex -2.4863047384206833 -0.2613211581691337 0.4
      vertex -2.4453690018345142 -0.5197792270443984 0.4
    endloop
  endfacet
  facet normal 0 0 -1
    outer loop
      vertex -2.4523636723052156 -2.72362578537465 0.4
      vertex -2.4453690018345142 -0.5197792270443984 0.4
      vertex -2.3776412907378837 -0.7725424859373685 0.4
    endloop
  endfacet
  facet normal 0 0 -1
    outer loop
      vertex -2.4523636723052156 -2.72362578537465 0.4
      vertex -2.1650635094610964 -1.25 0.4
      vertex -2.0225424859373686 -1.469463130731183 0.4
    endloop
  endfacet
  facet normal 0 0 -1
    outer loop
      vertex -2.72362578537465 -2.4523636723052156 0.4
      vertex -2.5 0 0.4
      vertex -2.4863047384206833 -0.2613211581691337 0.4
    endloop
  endfacet
  facet normal 0 0 -1
    outer loop
      vertex -1.4906897968728077 -3.3481441022601324 0.4
      vertex -1.8325 -3.1739831048699676 0.4
      vertex -1.469463130731183 -2.0225424859373686 0.4
    endloop
  endfacet
  facet normal 0 0 -1
    outer loop
      vertex -1.4906897968728077 -3.3481441022601324 0.4
      vertex -1.0168416076895006 -2.283863644106502 0.4
      vertex -1.1325472843841822 -3.485622132221738 0.4
    endloop
  endfacet
  facet normal -0.4539904997395469 -0.8910065241883678 0
    outer loop
      vertex -1.4906897968728077 -3.3481441022601324 0.4
      vertex -1.8325 -3.1739831048699676 0.9832738110421962
      vertex -1.8325 -3.1739831048699676 0.4
    endloop
  endfacet
  facet normal -0.4539904997395472 -0.8910065241883676 -1.7282816277018227e-16
    outer loop
      vertex -1.4906897968728077 -3.3481441022601324 0.4
      vertex -1.490689796872808 -3.3481441022601324 0.9832738110421966
      vertex -1.8325 -3.1739831048699676 0.9832738110421962
    endloop
  endfacet
  facet normal -0.3583679495452999 -0.9335804264972019 -1.3642592598559677e-16
    outer loop
      vertex -1.4906897968728077 -3.3481441022601324 0.4
      vertex -1.1325472843841822 -3.485622132221738 0.4
      vertex -1.490689796872808 -3.3481441022601324 0.9832738110421966
    endloop
  endfacet
  facet normal -0.2588190451025212 -0.9659258262890681 -9.852897820695332e-17
    outer loop
      vertex -1.1325472843841822 -3.485622132221738 0.4
      vertex -0.761996346847088 -3.5849109566893977 0.4
      vertex -1.1325472843841824 -3.485622132221738 0.9832738110421964
    endloop
  endfacet
  facet normal -0.35836794954529994 -0.9335804264972019 -1.3642592598559682e-16
    outer loop
      vertex -1.1325472843841822 -3.485622132221738 0.4
      vertex -1.1325472843841824 -3.485622132221738 0.9832738110421964
      vertex -1.490689796872808 -3.3481441022601324 0.9832738110421966
    endloop
  endfacet
  facet normal 0 0 -1
    outer loop
      vertex -1.8325 -3.1739831048699676 0.4
      vertex -1.6728265158971456 -1.8578620636934855 0.4
      vertex -1.469463130731183 -2.0225424859373686 0.4
    endloop
  endfacet
  facet normal 0 0 -1
    outer loop
      vertex -1.4906897968728077 -3.3481441022601324 0.4
      vertex -1.469463130731183 -2.0225424859373686 0.4
      vertex -1.25 -2.1650635094610964 0.4
    endloop
  endfacet
  facet normal 0 0 -1
    outer loop
      vertex -1.4906897968728077 -3.3481441022601324 0.4
      vertex -1.25 -2.1650635094610964 0.4
      vertex -1.0168416076895006 -2.283863644106502 0.4
    endloop
  endfacet
  facet normal 0 0 -1
    outer loop
      vertex -1.1325472843841822 -3.485622132221738 0.4
      vertex -1.0168416076895006 -2.283863644106502 0.4
      vertex -0.7725424859373685 -2.3776412907378837 0.4
    endloop
  endfacet
  facet normal 0 0 -1
    outer loop
      vertex -0.761996346847088 -3.5849109566893977 0.4
      vertex -0.2613211581691337 -2.4863047384206833 0.4
      vertex -0.38309681787594996 -3.644922746524722 0.4
    endloop
  endfacet
  facet normal 0 0 -1
    outer loop
      vertex -1.1325472843841822 -3.485622132221738 0.4
      vertex -0.5197792270443984 -2.4453690018345142 0.4
      vertex -0.761996346847088 -3.5849109566893977 0.4
    endloop
  endfacet
  facet normal 0 0 -1
    outer loop
      vertex -1.1325472843841822 -3.485622132221738 0.4
      vertex -0.7725424859373685 -2.3776412907378837 0.4
      vertex -0.5197792270443984 -2.4453690018345142 0.4
    endloop
  endfacet
  facet normal 0 0 -1
    outer loop
      vertex -0.761996346847088 -3.5849109566893977 0.4
      vertex -0.5197792270443984 -2.4453690018345142 0.4
      vertex -0.2613211581691337 -2.4863047384206833 0.4
    endloop
  endfacet
  facet normal 0 0 -1
    outer loop
      vertex -0.38309681787594996 -3.644922746524722 0.4
      vertex -0.2613211581691337 -2.4863047384206833 0.4
      vertex 0 -3.665 0.4
    endloop
  endfacet
  facet normal 0 0 -1
    outer loop
      vertex -0.2613211581691337 -2.4863047384206833 0.4
      vertex 0 -2.5 0.4
      vertex 0 -3.665 0.4
    endloop
  endfacet
  facet normal -0.15643446504023076 -0.9876883405951377 0
    outer loop
      vertex -0.761996346847088 -3.5849109566893977 0.4
      vertex -0.38309681787594996 -3.644922746524722 0.4
      vertex -0.761996346847088 -3.5849109566893977 0.9832738110421959
    endloop
  endfacet
  facet normal -0.2588190451025211 -0.9659258262890682 0
    outer loop
      vertex -0.761996346847088 -3.5849109566893977 0.4
      vertex -0.761996346847088 -3.5849109566893977 0.9832738110421959
      vertex -1.1325472843841824 -3.485622132221738 0.9832738110421964
    endloop
  endfacet
  facet normal -0.15643446504023076 -0.9876883405951377 -1.4888131581139924e-17
    outer loop
      vertex -0.38309681787594996 -3.644922746524722 0.4
      vertex -0.38309681787595 -3.644922746524722 0.9832738110421965
      vertex -0.761996346847088 -3.5849109566893977 0.9832738110421959
    endloop
  endfacet
  facet normal -0.05233595624294384 -0.9986295347545738 -4.9809011253967846e-18
    outer loop
      vertex -0.38309681787594996 -3.644922746524722 0.4
      vertex 0 -3.665 0.4
      vertex -0.38309681787595 -3.644922746524722 0.9832738110421965
    endloop
  endfacet
  facet normal -0.05233595624294383 -0.9986295347545738 0
    outer loop
      vertex 0 -3.665 0.4
      vertex 0 -3.665 0.9832738110421962
      vertex -0.38309681787595 -3.644922746524722 0.9832738110421965
    endloop
  endfacet
  facet normal -0.7771459614569708 -0.6293203910498375 0
    outer loop
      vertex -2.9650472843841826 -2.154232949651914 2.9
      vertex -2.72362578537465 -2.4523636723052156 2.3167261889578032
      vertex -2.72362578537465 -2.4523636723052156 2.9
    endloop
  endfacet
  facet normal -0.8386705679454243 -0.5446390350150269 0
    outer loop
      vertex -3.1739831048699676 -1.8325 2.9
      vertex -3.1739831048699676 -1.8325 2.3167261889578032
      vertex -2.965047284384182 -2.1542329496519144 2.3167261889578037
    endloop
  endfacet
  facet normal -0.777145961456971 -0.6293203910498373 -1.125504686048549e-16
    outer loop
      vertex -2.9650472843841826 -2.154232949651914 2.9
      vertex -2.965047284384182 -2.1542329496519144 2.3167261889578037
      vertex -2.72362578537465 -2.4523636723052156 2.3167261889578032
    endloop
  endfacet
  facet normal -0.8386705679454245 -0.5446390350150265 -2.2386781072297566e-16
    outer loop
      vertex -2.9650472843841826 -2.154232949651914 2.9
      vertex -3.1739831048699676 -1.8325 2.9
      vertex -2.965047284384182 -2.1542329496519144 2.3167261889578037
    endloop
  endfacet
  facet normal -0.6293203910498375 -0.7771459614569708 0
    outer loop
      vertex -2.4523636723052156 -2.72362578537465 2.9
      vertex -2.4523636723052156 -2.72362578537465 2.3167261889578032
      vertex -2.154232949651914 -2.9650472843841826 2.3167261889578032
    endloop
  endfacet
  facet normal -0.5446390350150265 -0.8386705679454244 0
    outer loop
      vertex -2.154232949651914 -2.9650472843841826 2.9
      vertex -2.154232949651914 -2.9650472843841826 2.3167261889578032
      vertex -1.8325 -3.1739831048699676 2.3167261889578032
    endloop
  endfacet
  facet normal -0.6293203910498375 -0.7771459614569708 0
    outer loop
      vertex -2.154232949651914 -2.9650472843841826 2.9
      vertex -2.4523636723052156 -2.72362578537465 2.9
      vertex -2.154232949651914 -2.9650472843841826 2.3167261889578032
    endloop
  endfacet
  facet normal -0.5446390350150265 -0.8386705679454244 0
    outer loop
      vertex -2.154232949651914 -2.9650472843841826 2.9
      vertex -1.8325 -3.1739831048699676 2.3167261889578032
      vertex -1.8325 -3.1739831048699676 2.9
    endloop
  endfacet
  facet normal -0.7071067811865476 -0.7071067811865476 0
    outer loop
      vertex -2.72362578537465 -2.4523636723052156 2.9
      vertex -2.72362578537465 -2.4523636723052156 2.3167261889578032
      vertex -2.4523636723052156 -2.72362578537465 2.3167261889578032
    endloop
  endfacet
  facet normal -0.7071067811865476 -0.7071067811865476 0
    outer loop
      vertex -2.72362578537465 -2.4523636723052156 2.9
      vertex -2.4523636723052156 -2.72362578537465 2.3167261889578032
      vertex -2.4523636723052156 -2.72362578537465 2.9
    endloop
  endfacet
  facet normal 0 0 1
    outer loop
      vertex -2.154232949651914 -2.9650472843841826 2.9
      vertex -2.283863644106502 -1.0168416076895006 2.9
      vertex -2.4523636723052156 -2.72362578537465 2.9
    endloop
  endfacet
  facet normal 0 0 1
    outer loop
      vertex -2.154232949651914 -2.9650472843841826 2.9
      vertex -1.8325 -3.1739831048699676 2.9
      vertex -2.0225424859373686 -1.469463130731183 2.9
    endloop
  endfacet
  facet normal 0 0 1
    outer loop
      vertex -2.154232949651914 -2.9650472843841826 2.9
      vertex -2.0225424859373686 -1.469463130731183 2.9
      vertex -2.1650635094610964 -1.25 2.9
    endloop
  endfacet
  facet normal 0 0 1
    outer loop
      vertex -1.8578620636934855 -1.6728265158971456 2.9
      vertex -2.0225424859373686 -1.469463130731183 2.9
      vertex -1.8325 -3.1739831048699676 2.9
    endloop
  endfacet
  facet normal -0.8910065241883677 -0.4539904997395472 1.7282816277018225e-16
    outer loop
      vertex -3.3481441022601324 -1.4906897968728077 2.9
      vertex -3.3481441022601324 -1.490689796872808 2.3167261889578032
      vertex -3.1739831048699676 -1.8325 2.3167261889578032
    endloop
  endfacet
  facet normal -0.8910065241883678 -0.45399049973954697 0
    outer loop
      vertex -3.3481441022601324 -1.4906897968728077 2.9
      vertex -3.1739831048699676 -1.8325 2.3167261889578032
      vertex -3.1739831048699676 -1.8325 2.9
    endloop
  endfacet
  facet normal -0.933580426497202 -0.3583679495452997 0
    outer loop
      vertex -3.485622132221738 -1.1325472843841822 2.9
      vertex -3.485622132221738 -1.1325472843841822 2.3167261889578032
      vertex -3.3481441022601324 -1.490689796872808 2.3167261889578032
    endloop
  endfacet
  facet normal -0.9659258262890681 -0.2588190451025212 0
    outer loop
      vertex -3.485622132221738 -1.1325472843841822 2.9
      vertex -3.5849109566893977 -0.761996346847088 2.9
      vertex -3.485622132221738 -1.1325472843841822 2.3167261889578032
    endloop
  endfacet
  facet normal -0.9335804264972019 -0.3583679495452999 1.3642592598559675e-16
    outer loop
      vertex -3.3481441022601324 -1.4906897968728077 2.9
      vertex -3.485622132221738 -1.1325472843841822 2.9
      vertex -3.3481441022601324 -1.490689796872808 2.3167261889578032
    endloop
  endfacet
  facet normal -0.9659258262890682 -0.2588190451025212 0
    outer loop
      vertex -3.5849109566893977 -0.761996346847088 2.9
      vertex -3.5849109566893977 -0.761996346847088 2.3167261889578037
      vertex -3.485622132221738 -1.1325472843841822 2.3167261889578032
    endloop
  endfacet
  facet normal -0.9876883405951378 -0.15643446504023076 1.4888131581139918e-17
    outer loop
      vertex -3.644922746524722 -0.38309681787594996 2.9
      vertex -3.644922746524722 -0.38309681787595 2.3167261889578032
      vertex -3.5849109566893977 -0.761996346847088 2.3167261889578037
    endloop
  endfacet
  facet normal -0.9876883405951377 -0.15643446504023073 0
    outer loop
      vertex -3.5849109566893977 -0.761996346847088 2.9
      vertex -3.644922746524722 -0.38309681787594996 2.9
      vertex -3.5849109566893977 -0.761996346847088 2.3167261889578037
    endloop
  endfacet
  facet normal -0.9986295347545738 -0.05233595624294383 0
    outer loop
      vertex -3.665 0 2.9
      vertex -3.665 0 2.3167261889578032
      vertex -3.644922746524722 -0.38309681787595 2.3167261889578032
    endloop
  endfacet
  facet normal -0.9986295347545738 -0.052335956242943835 4.980901125396782e-18
    outer loop
      vertex -3.644922746524722 -0.38309681787594996 2.9
      vertex -3.665 0 2.9
      vertex -3.644922746524722 -0.38309681787595 2.3167261889578032
    endloop
  endfacet
  facet normal 0 0 1
    outer loop
      vertex -3.3481441022601324 -1.4906897968728077 2.9
      vertex -3.485622132221738 1.1325472843841822 2.9
      vertex -3.485622132221738 -1.1325472843841822 2.9
    endloop
  endfacet
  facet normal 0 0 1
    outer loop
      vertex -3.3481441022601324 -1.4906897968728077 2.9
      vertex -3.1739831048699676 -1.8325 2.9
      vertex -3.3481441022601324 1.4906897968728077 2.9
    endloop
  endfacet
  facet normal 0 0 1
    outer loop
      vertex -3.485622132221738 -1.1325472843841822 2.9
      vertex -3.5849109566893977 0.761996346847088 2.9
      vertex -3.5849109566893977 -0.761996346847088 2.9
    endloop
  endfacet
  facet normal 0 0 1
    outer loop
      vertex -3.5849109566893977 -0.761996346847088 2.9
      vertex -3.644922746524722 0.38309681787594996 2.9
      vertex -3.644922746524722 -0.38309681787594996 2.9
    endloop
  endfacet
  facet normal 0 0 1
    outer loop
      vertex -2.9650472843841826 -2.154232949651914 2.9
      vertex -3.1739831048699676 1.8325 2.9
      vertex -3.1739831048699676 -1.8325 2.9
    endloop
  endfacet
  facet normal 0 0 1
    outer loop
      vertex -2.9650472843841826 -2.154232949651914 2.9
      vertex -2.72362578537465 -2.4523636723052156 2.9
      vertex -2.9650472843841826 2.154232949651914 2.9
    endloop
  endfacet
  facet normal 0 0 1
    outer loop
      vertex -2.4523636723052156 -2.72362578537465 2.9
      vertex -2.283863644106502 -1.0168416076895006 2.9
      vertex -2.3776412907378837 -0.7725424859373685 2.9
    endloop
  endfacet
  facet normal 0 0 1
    outer loop
      vertex -2.4523636723052156 -2.72362578537465 2.9
      vertex -2.3776412907378837 -0.7725424859373685 2.9
      vertex -2.4453690018345142 -0.5197792270443984 2.9
    endloop
  endfacet
  facet normal 0 0 1
    outer loop
      vertex -2.4523636723052156 -2.72362578537465 2.9
      vertex -2.4453690018345142 -0.5197792270443984 2.9
      vertex -2.4863047384206833 -0.2613211581691337 2.9
    endloop
  endfacet
  facet normal 0 0 1
    outer loop
      vertex -2.4523636723052156 -2.72362578537465 2.9
      vertex -2.4863047384206833 -0.2613211581691337 2.9
      vertex -2.5 0 2.9
    endloop
  endfacet
  facet normal 0 0 1
    outer loop
      vertex -2.154232949651914 -2.9650472843841826 2.9
      vertex -2.1650635094610964 -1.25 2.9
      vertex -2.283863644106502 -1.0168416076895006 2.9
    endloop
  endfacet
  facet normal 0 0 1
    outer loop
      vertex -2.72362578537465 -2.4523636723052156 2.9
      vertex -2.4523636723052156 -2.72362578537465 2.9
      vertex -2.72362578537465 2.4523636723052156 2.9
    endloop
  endfacet
  facet normal 0 0 1
    outer loop
      vertex -2.4523636723052156 -2.72362578537465 2.9
      vertex -2.5 0 2.9
      vertex -2.72362578537465 2.4523636723052156 2.9
    endloop
  endfacet
  facet normal -0.45399049973954697 -0.8910065241883678 0
    outer loop
      vertex -1.8325 -3.1739831048699676 2.9
      vertex -1.8325 -3.1739831048699676 2.3167261889578032
      vertex -1.4906897968728077 -3.3481441022601324 2.3167261889578032
    endloop
  endfacet
  facet normal -0.45399049973954697 -0.8910065241883678 0
    outer loop
      vertex -1.4906897968728077 -3.3481441022601324 2.9
      vertex -1.8325 -3.1739831048699676 2.9
      vertex -1.4906897968728077 -3.3481441022601324 2.3167261889578032
    endloop
  endfacet
  facet normal -0.3583679495452999 -0.9335804264972019 0
    outer loop
      vertex -1.4906897968728077 -3.3481441022601324 2.9
      vertex -1.4906897968728077 -3.3481441022601324 2.3167261889578032
      vertex -1.1325472843841822 -3.485622132221738 2.3167261889578032
    endloop
  endfacet
  facet normal -0.2588190451025212 -0.9659258262890681 0
    outer loop
      vertex -1.1325472843841822 -3.485622132221738 2.9
      vertex -1.1325472843841822 -3.485622132221738 2.3167261889578032
      vertex -0.761996346847088 -3.5849109566893977 2.3167261889578037
    endloop
  endfacet
  facet normal -0.3583679495452999 -0.9335804264972019 0
    outer loop
      vertex -1.4906897968728077 -3.3481441022601324 2.9
      vertex -1.1325472843841822 -3.485622132221738 2.3167261889578032
      vertex -1.1325472843841822 -3.485622132221738 2.9
    endloop
  endfacet
  facet normal 0 0 1
    outer loop
      vertex -1.4906897968728077 -3.3481441022601324 2.9
      vertex -1.6728265158971456 -1.8578620636934855 2.9
      vertex -1.8325 -3.1739831048699676 2.9
    endloop
  endfacet
  facet normal 0 0 1
    outer loop
      vertex -1.4906897968728077 -3.3481441022601324 2.9
      vertex -1.1325472843841822 -3.485622132221738 2.9
      vertex -1.25 -2.1650635094610964 2.9
    endloop
  endfacet
  facet normal 0 0 1
    outer loop
      vertex -1.1325472843841822 -3.485622132221738 2.9
      vertex -0.761996346847088 -3.5849109566893977 2.9
      vertex -1.0168416076895006 -2.283863644106502 2.9
    endloop
  endfacet
  facet normal 0 0 1
    outer loop
      vertex -1.4906897968728077 -3.3481441022601324 2.9
      vertex -1.469463130731183 -2.0225424859373686 2.9
      vertex -1.6728265158971456 -1.8578620636934855 2.9
    endloop
  endfacet
  facet normal 0 0 1
    outer loop
      vertex -1.4906897968728077 -3.3481441022601324 2.9
      vertex -1.25 -2.1650635094610964 2.9
      vertex -1.469463130731183 -2.0225424859373686 2.9
    endloop
  endfacet
  facet normal 0 0 1
    outer loop
      vertex -1.8578620636934855 -1.6728265158971456 2.9
      vertex -1.8325 -3.1739831048699676 2.9
      vertex -1.6728265158971456 -1.8578620636934855 2.9
    endloop
  endfacet
  facet normal 0 0 1
    outer loop
      vertex -1.1325472843841822 -3.485622132221738 2.9
      vertex -1.0168416076895006 -2.283863644106502 2.9
      vertex -1.25 -2.1650635094610964 2.9
    endloop
  endfacet
  facet normal -0.15643446504023073 -0.9876883405951377 0
    outer loop
      vertex -0.761996346847088 -3.5849109566893977 2.9
      vertex -0.761996346847088 -3.5849109566893977 2.3167261889578037
      vertex -0.38309681787594996 -3.644922746524722 2.3167261889578032
    endloop
  endfacet
  facet normal -0.2588190451025212 -0.9659258262890682 0
    outer loop
      vertex -1.1325472843841822 -3.485622132221738 2.9
      vertex -0.761996346847088 -3.5849109566893977 2.3167261889578037
      vertex -0.761996346847088 -3.5849109566893977 2.9
    endloop
  endfacet
  facet normal -0.15643446504023073 -0.9876883405951378 0
    outer loop
      vertex -0.761996346847088 -3.5849109566893977 2.9
      vertex -0.38309681787594996 -3.644922746524722 2.3167261889578032
      vertex -0.38309681787594996 -3.644922746524722 2.9
    endloop
  endfacet
  facet normal -0.052335956242943835 -0.9986295347545738 0
    outer loop
      vertex -0.38309681787594996 -3.644922746524722 2.9
      vertex -0.38309681787594996 -3.644922746524722 2.3167261889578032
      vertex 0 -3.665 2.3167261889578032
    endloop
  endfacet
  facet normal -0.052335956242943835 -0.9986295347545738 0
    outer loop
      vertex -0.38309681787594996 -3.644922746524722 2.9
      vertex 0 -3.665 2.3167261889578032
      vertex 0 -3.665 2.9
    endloop
  endfacet
  facet normal 0 0 1
    outer loop
      vertex -0.761996346847088 -3.5849109566893977 2.9
      vertex -0.38309681787594996 -3.644922746524722 2.9
      vertex -0.5197792270443984 -2.4453690018345142 2.9
    endloop
  endfacet
  facet normal 0 0 1
    outer loop
      vertex -1.0168416076895006 -2.283863644106502 2.9
      vertex -0.761996346847088 -3.5849109566893977 2.9
      vertex -0.7725424859373685 -2.3776412907378837 2.9
    endloop
  endfacet
  facet normal 0 0 1
    outer loop
      vertex -0.761996346847088 -3.5849109566893977 2.9
      vertex -0.5197792270443984 -2.4453690018345142 2.9
      vertex -0.7725424859373685 -2.3776412907378837 2.9
    endloop
  endfacet
  facet normal 0 0 1
    outer loop
      vertex -0.38309681787594996 -3.644922746524722 2.9
      vertex 0 -3.665 2.9
      vertex -0.2613211581691337 -2.4863047384206833 2.9
    endloop
  endfacet
  facet normal 0 0 1
    outer loop
      vertex -0.38309681787594996 -3.644922746524722 2.9
      vertex -0.2613211581691337 -2.4863047384206833 2.9
      vertex -0.5197792270443984 -2.4453690018345142 2.9
    endloop
  endfacet
  facet normal 0 0 1
    outer loop
      vertex -0.2613211581691337 -2.4863047384206833 2.9
      vertex 0 -3.665 2.9
      vertex 0 -2.5 2.9
    endloop
  endfacet
  facet normal 0 0 -1
    outer loop
      vertex -3.644922746524722 -0.38309681787594996 0.4
      vertex -3.665 0 0.4
      vertex -3.644922746524722 0.38309681787594996 0.4
    endloop
  endfacet
  facet normal 0 0 -1
    outer loop
      vertex -3.644922746524722 -0.38309681787594996 0.4
      vertex -3.644922746524722 0.38309681787594996 0.4
      vertex -3.5849109566893977 0.761996346847088 0.4
    endloop
  endfacet
  facet normal 0 0 -1
    outer loop
      vertex -3.5849109566893977 -0.761996346847088 0.4
      vertex -3.5849109566893977 0.761996346847088 0.4
      vertex -3.485622132221738 1.1325472843841822 0.4
    endloop
  endfacet
  facet normal 0 0 -1
    outer loop
      vertex -3.485622132221738 -1.1325472843841822 0.4
      vertex -3.485622132221738 1.1325472843841822 0.4
      vertex -3.3481441022601324 1.4906897968728077 0.4
    endloop
  endfacet
  facet normal 0 0 -1
    outer loop
      vertex -3.3481441022601324 -1.4906897968728077 0.4
      vertex -3.3481441022601324 1.4906897968728077 0.4
      vertex -3.1739831048699676 1.8325 0.4
    endloop
  endfacet
  facet normal 0 0 -1
    outer loop
      vertex -3.1739831048699676 -1.8325 0.4
      vertex -3.1739831048699676 1.8325 0.4
      vertex -2.9650472843841826 2.154232949651914 0.4
    endloop
  endfacet
  facet normal 0 0 -1
    outer loop
      vertex -2.9650472843841826 -2.154232949651914 0.4
      vertex -2.9650472843841826 2.154232949651914 0.4
      vertex -2.72362578537465 2.4523636723052156 0.4
    endloop
  endfacet
  facet normal -0.9986295347545738 0.05233595624294384 -7.752711811917419e-18
    outer loop
      vertex -3.665 0 0.4
      vertex -3.644922746524722 0.38309681787595 0.9832738110421965
      vertex -3.644922746524722 0.38309681787594996 0.4
    endloop
  endfacet
  facet normal -0.9986295347545738 0.05233595624294383 0
    outer loop
      vertex -3.665 0 0.4
      vertex -3.665 0 0.9832738110421962
      vertex -3.644922746524722 0.38309681787595 0.9832738110421965
    endloop
  endfacet
  facet normal -0.9876883405951377 0.15643446504023076 0
    outer loop
      vertex -3.644922746524722 0.38309681787594996 0.4
      vertex -3.5849109566893977 0.761996346847088 0.9832738110421961
      vertex -3.5849109566893977 0.761996346847088 0.4
    endloop
  endfacet
  facet normal -0.9876883405951377 0.15643446504023076 -1.4888131581139924e-17
    outer loop
      vertex -3.644922746524722 0.38309681787594996 0.4
      vertex -3.644922746524722 0.38309681787595 0.9832738110421965
      vertex -3.5849109566893977 0.761996346847088 0.9832738110421961
    endloop
  endfacet
  facet normal -0.9659258262890681 0.2588190451025212 0
    outer loop
      vertex -3.5849109566893977 0.761996346847088 0.4
      vertex -3.5849109566893977 0.761996346847088 0.9832738110421961
      vertex -3.485622132221738 1.1325472843841822 0.9832738110421964
    endloop
  endfacet
  facet normal -0.9659258262890681 0.2588190451025212 0
    outer loop
      vertex -3.5849109566893977 0.761996346847088 0.4
      vertex -3.485622132221738 1.1325472843841822 0.9832738110421964
      vertex -3.485622132221738 1.1325472843841822 0.4
    endloop
  endfacet
  facet normal -0.933580426497202 0.35836794954529994 -1.2404338899067872e-16
    outer loop
      vertex -3.485622132221738 1.1325472843841822 0.4
      vertex -3.3481441022601324 1.490689796872808 0.9832738110421964
      vertex -3.3481441022601324 1.4906897968728077 0.4
    endloop
  endfacet
  facet normal -0.933580426497202 0.3583679495452997 0
    outer loop
      vertex -3.485622132221738 1.1325472843841822 0.4
      vertex -3.485622132221738 1.1325472843841822 0.9832738110421964
      vertex -3.3481441022601324 1.490689796872808 0.9832738110421964
    endloop
  endfacet
  facet normal -0.8910065241883678 0.4539904997395469 0
    outer loop
      vertex -3.3481441022601324 1.4906897968728077 0.4
      vertex -3.1739831048699676 1.8325 0.9832738110421964
      vertex -3.1739831048699676 1.8325 0.4
    endloop
  endfacet
  facet normal -0.8910065241883677 0.4539904997395472 -1.7282816277018235e-16
    outer loop
      vertex -3.3481441022601324 1.4906897968728077 0.4
      vertex -3.3481441022601324 1.490689796872808 0.9832738110421964
      vertex -3.1739831048699676 1.8325 0.9832738110421964
    endloop
  endfacet
  facet normal 0 0 -1
    outer loop
      vertex -2.72362578537465 -2.4523636723052156 0.4
      vertex -2.4523636723052156 2.72362578537465 0.4
      vertex -2.5 0 0.4
    endloop
  endfacet
  facet normal 0 0 -1
    outer loop
      vertex -2.72362578537465 -2.4523636723052156 0.4
      vertex -2.72362578537465 2.4523636723052156 0.4
      vertex -2.4523636723052156 2.72362578537465 0.4
    endloop
  endfacet
  facet normal 0 0 -1
    outer loop
      vertex -2.5 0 0.4
      vertex -2.4523636723052156 2.72362578537465 0.4
      vertex -2.4863047384206833 0.2613211581691337 0.4
    endloop
  endfacet
  facet normal 0 0 -1
    outer loop
      vertex -2.4863047384206833 0.2613211581691337 0.4
      vertex -2.4523636723052156 2.72362578537465 0.4
      vertex -2.4453690018345142 0.5197792270443984 0.4
    endloop
  endfacet
  facet normal 0 0 -1
    outer loop
      vertex -2.4453690018345142 0.5197792270443984 0.4
      vertex -2.4523636723052156 2.72362578537465 0.4
      vertex -2.3776412907378837 0.7725424859373685 0.4
    endloop
  endfacet
  facet normal 0 0 -1
    outer loop
      vertex -2.3776412907378837 0.7725424859373685 0.4
      vertex -2.4523636723052156 2.72362578537465 0.4
      vertex -2.283863644106502 1.0168416076895006 0.4
    endloop
  endfacet
  facet normal 0 0 -1
    outer loop
      vertex -2.283863644106502 1.0168416076895006 0.4
      vertex -2.154232949651914 2.9650472843841826 0.4
      vertex -2.1650635094610964 1.25 0.4
    endloop
  endfacet
  facet normal -0.8386705679454244 0.5446390350150265 2.4808677798135774e-16
    outer loop
      vertex -3.1739831048699676 1.8325 0.4
      vertex -2.965047284384182 2.1542329496519144 0.9832738110421961
      vertex -2.9650472843841826 2.154232949651914 0.4
    endloop
  endfacet
  facet normal -0.8386705679454243 0.5446390350150269 0
    outer loop
      vertex -3.1739831048699676 1.8325 0.4
      vertex -3.1739831048699676 1.8325 0.9832738110421964
      vertex -2.965047284384182 2.1542329496519144 0.9832738110421961
    endloop
  endfacet
  facet normal -0.7771459614569709 0.6293203910498374 1.1255046860485493e-16
    outer loop
      vertex -2.9650472843841826 2.154232949651914 0.4
      vertex -2.965047284384182 2.1542329496519144 0.9832738110421961
      vertex -2.72362578537465 2.4523636723052156 0.9832738110421965
    endloop
  endfacet
  facet normal -0.7771459614569709 0.6293203910498375 0
    outer loop
      vertex -2.9650472843841826 2.154232949651914 0.4
      vertex -2.72362578537465 2.4523636723052156 0.9832738110421965
      vertex -2.72362578537465 2.4523636723052156 0.4
    endloop
  endfacet
  facet normal 0 0 -1
    outer loop
      vertex -2.283863644106502 1.0168416076895006 0.4
      vertex -2.4523636723052156 2.72362578537465 0.4
      vertex -2.154232949651914 2.9650472843841826 0.4
    endloop
  endfacet
  facet normal 0 0 -1
    outer loop
      vertex -2.1650635094610964 1.25 0.4
      vertex -2.154232949651914 2.9650472843841826 0.4
      vertex -2.0225424859373686 1.469463130731183 0.4
    endloop
  endfacet
  facet normal 0 0 -1
    outer loop
      vertex -2.0225424859373686 1.469463130731183 0.4
      vertex -1.8325 3.1739831048699676 0.4
      vertex -1.8578620636934855 1.6728265158971456 0.4
    endloop
  endfacet
  facet normal 0 0 -1
    outer loop
      vertex -2.0225424859373686 1.469463130731183 0.4
      vertex -2.154232949651914 2.9650472843841826 0.4
      vertex -1.8325 3.1739831048699676 0.4
    endloop
  endfacet
  facet normal -0.7071067811865475 0.7071067811865475 0
    outer loop
      vertex -2.72362578537465 2.4523636723052156 0.4
      vertex -2.4523636723052156 2.72362578537465 0.9832738110421965
      vertex -2.4523636723052156 2.72362578537465 0.4
    endloop
  endfacet
  facet normal -0.7071067811865475 0.7071067811865475 0
    outer loop
      vertex -2.72362578537465 2.4523636723052156 0.4
      vertex -2.72362578537465 2.4523636723052156 0.9832738110421965
      vertex -2.4523636723052156 2.72362578537465 0.9832738110421965
    endloop
  endfacet
  facet normal -0.6293203910498375 0.7771459614569709 0
    outer loop
      vertex -2.4523636723052156 2.72362578537465 0.4
      vertex -2.4523636723052156 2.72362578537465 0.9832738110421965
      vertex -2.154232949651914 2.9650472843841826 0.9832738110421962
    endloop
  endfacet
  facet normal -0.6293203910498374 0.7771459614569709 0
    outer loop
      vertex -2.4523636723052156 2.72362578537465 0.4
      vertex -2.154232949651914 2.9650472843841826 0.9832738110421962
      vertex -2.154232949651914 2.9650472843841826 0.4
    endloop
  endfacet
  facet normal -0.5446390350150265 0.8386705679454245 0
    outer loop
      vertex -2.154232949651914 2.9650472843841826 0.4
      vertex -1.8325 3.1739831048699676 0.9832738110421962
      vertex -1.8325 3.1739831048699676 0.4
    endloop
  endfacet
  facet normal -0.5446390350150265 0.8386705679454245 0
    outer loop
      vertex -2.154232949651914 2.9650472843841826 0.4
      vertex -2.154232949651914 2.9650472843841826 0.9832738110421962
      vertex -1.8325 3.1739831048699676 0.9832738110421962
    endloop
  endfacet
  facet normal 0 0 -1
    outer loop
      vertex -1.8578620636934855 1.6728265158971456 0.4
      vertex -1.8325 3.1739831048699676 0.4
      vertex -1.6728265158971456 1.8578620636934855 0.4
    endloop
  endfacet
  facet normal 0 0 -1
    outer loop
      vertex -1.6728265158971456 1.8578620636934855 0.4
      vertex -1.4906897968728077 3.3481441022601324 0.4
      vertex -1.469463130731183 2.0225424859373686 0.4
    endloop
  endfacet
  facet normal 0 0 -1
    outer loop
      vertex -1.469463130731183 2.0225424859373686 0.4
      vertex -1.4906897968728077 3.3481441022601324 0.4
      vertex -1.25 2.1650635094610964 0.4
    endloop
  endfacet
  facet normal 0 0 -1
    outer loop
      vertex -1.25 2.1650635094610964 0.4
      vertex -1.1325472843841822 3.485622132221738 0.4
      vertex -1.0168416076895006 2.283863644106502 0.4
    endloop
  endfacet
  facet normal 0 0 -1
    outer loop
      vertex -1.6728265158971456 1.8578620636934855 0.4
      vertex -1.8325 3.1739831048699676 0.4
      vertex -1.4906897968728077 3.3481441022601324 0.4
    endloop
  endfacet
  facet normal 0 0 -1
    outer loop
      vertex -1.25 2.1650635094610964 0.4
      vertex -1.4906897968728077 3.3481441022601324 0.4
      vertex -1.1325472843841822 3.485622132221738 0.4
    endloop
  endfacet
  facet normal 0 0 -1
    outer loop
      vertex -1.0168416076895006 2.283863644106502 0.4
      vertex -1.1325472843841822 3.485622132221738 0.4
      vertex -0.761996346847088 3.5849109566893977 0.4
    endloop
  endfacet
  facet normal -0.4539904997395469 0.8910065241883678 0
    outer loop
      vertex -1.8325 3.1739831048699676 0.4
      vertex -1.4906897968728077 3.3481441022601324 0.9832738110421966
      vertex -1.4906897968728077 3.3481441022601324 0.4
    endloop
  endfacet
  facet normal -0.4539904997395469 0.8910065241883678 0
    outer loop
      vertex -1.8325 3.1739831048699676 0.4
      vertex -1.8325 3.1739831048699676 0.9832738110421962
      vertex -1.4906897968728077 3.3481441022601324 0.9832738110421966
    endloop
  endfacet
  facet normal -0.35836794954529994 0.933580426497202 0
    outer loop
      vertex -1.4906897968728077 3.3481441022601324 0.4
      vertex -1.1325472843841822 3.485622132221738 0.9832738110421964
      vertex -1.1325472843841822 3.485622132221738 0.4
    endloop
  endfacet
  facet normal -0.3583679495452999 0.9335804264972019 0
    outer loop
      vertex -1.4906897968728077 3.3481441022601324 0.4
      vertex -1.4906897968728077 3.3481441022601324 0.9832738110421966
      vertex -1.1325472843841822 3.485622132221738 0.9832738110421964
    endloop
  endfacet
  facet normal -0.2588190451025212 0.9659258262890681 0
    outer loop
      vertex -1.1325472843841822 3.485622132221738 0.4
      vertex -1.1325472843841822 3.485622132221738 0.9832738110421964
      vertex -0.761996346847088 3.5849109566893977 0.9832738110421959
    endloop
  endfacet
  facet normal 0 0 -1
    outer loop
      vertex -1.0168416076895006 2.283863644106502 0.4
      vertex -0.761996346847088 3.5849109566893977 0.4
      vertex -0.7725424859373685 2.3776412907378837 0.4
    endloop
  endfacet
  facet normal 0 0 -1
    outer loop
      vertex -0.7725424859373685 2.3776412907378837 0.4
      vertex -0.761996346847088 3.5849109566893977 0.4
      vertex -0.5197792270443984 2.4453690018345142 0.4
    endloop
  endfacet
  facet normal 0 0 -1
    outer loop
      vertex -0.5197792270443984 2.4453690018345142 0.4
      vertex -0.761996346847088 3.5849109566893977 0.4
      vertex -0.38309681787594996 3.644922746524722 0.4
    endloop
  endfacet
  facet normal 0 0 -1
    outer loop
      vertex -0.5197792270443984 2.4453690018345142 0.4
      vertex -0.38309681787594996 3.644922746524722 0.4
      vertex -0.2613211581691337 2.4863047384206833 0.4
    endloop
  endfacet
  facet normal 0 0 -1
    outer loop
      vertex -0.2613211581691337 2.4863047384206833 0.4
      vertex 0 3.665 0.4
      vertex 0 2.5 0.4
    endloop
  endfacet
  facet normal 0 0 -1
    outer loop
      vertex -0.2613211581691337 2.4863047384206833 0.4
      vertex -0.38309681787594996 3.644922746524722 0.4
      vertex 0 3.665 0.4
    endloop
  endfacet
  facet normal -0.2588190451025212 0.9659258262890682 0
    outer loop
      vertex -1.1325472843841822 3.485622132221738 0.4
      vertex -0.761996346847088 3.5849109566893977 0.9832738110421959
      vertex -0.761996346847088 3.5849109566893977 0.4
    endloop
  endfacet
  facet normal -0.15643446504023073 0.9876883405951377 0
    outer loop
      vertex -0.761996346847088 3.5849109566893977 0.4
      vertex -0.38309681787594996 3.644922746524722 0.9832738110421965
      vertex -0.38309681787594996 3.644922746524722 0.4
    endloop
  endfacet
  facet normal -0.15643446504023076 0.9876883405951377 0
    outer loop
      vertex -0.761996346847088 3.5849109566893977 0.4
      vertex -0.761996346847088 3.5849109566893977 0.9832738110421959
      vertex -0.38309681787594996 3.644922746524722 0.9832738110421965
    endloop
  endfacet
  facet normal -0.052335956242943835 0.9986295347545738 0
    outer loop
      vertex -0.38309681787594996 3.644922746524722 0.4
      vertex 0 3.665 0.9832738110421962
      vertex 0 3.665 0.4
    endloop
  endfacet
  facet normal -0.05233595624294384 0.9986295347545738 0
    outer loop
      vertex -0.38309681787594996 3.644922746524722 0.4
      vertex -0.38309681787594996 3.644922746524722 0.9832738110421965
      vertex 0 3.665 0.9832738110421962
    endloop
  endfacet
  facet normal -0.9986295347545738 0.052335956242943835 0
    outer loop
      vertex -3.644922746524722 0.38309681787594996 2.9
      vertex -3.644922746524722 0.38309681787594996 2.3167261889578032
      vertex -3.665 0 2.3167261889578032
    endloop
  endfacet
  facet normal -0.9986295347545738 0.052335956242943835 0
    outer loop
      vertex -3.665 0 2.9
      vertex -3.644922746524722 0.38309681787594996 2.9
      vertex -3.665 0 2.3167261889578032
    endloop
  endfacet
  facet normal -0.9876883405951377 0.15643446504023073 0
    outer loop
      vertex -3.5849109566893977 0.761996346847088 2.9
      vertex -3.5849109566893977 0.761996346847088 2.3167261889578037
      vertex -3.644922746524722 0.38309681787594996 2.3167261889578032
    endloop
  endfacet
  facet normal -0.9876883405951378 0.15643446504023073 0
    outer loop
      vertex -3.644922746524722 0.38309681787594996 2.9
      vertex -3.5849109566893977 0.761996346847088 2.9
      vertex -3.644922746524722 0.38309681787594996 2.3167261889578032
    endloop
  endfacet
  facet normal -0.9659258262890682 0.2588190451025212 0
    outer loop
      vertex -3.5849109566893977 0.761996346847088 2.9
      vertex -3.485622132221738 1.1325472843841822 2.9
      vertex -3.5849109566893977 0.761996346847088 2.3167261889578037
    endloop
  endfacet
  facet normal 0 0 1
    outer loop
      vertex -3.644922746524722 -0.38309681787594996 2.9
      vertex -3.644922746524722 0.38309681787594996 2.9
      vertex -3.665 0 2.9
    endloop
  endfacet
  facet normal 0 0 1
    outer loop
      vertex -3.5849109566893977 -0.761996346847088 2.9
      vertex -3.5849109566893977 0.761996346847088 2.9
      vertex -3.644922746524722 0.38309681787594996 2.9
    endloop
  endfacet
  facet normal 0 0 1
    outer loop
      vertex -3.485622132221738 -1.1325472843841822 2.9
      vertex -3.485622132221738 1.1325472843841822 2.9
      vertex -3.5849109566893977 0.761996346847088 2.9
    endloop
  endfacet
  facet normal 0 0 1
    outer loop
      vertex -3.3481441022601324 -1.4906897968728077 2.9
      vertex -3.3481441022601324 1.4906897968728077 2.9
      vertex -3.485622132221738 1.1325472843841822 2.9
    endloop
  endfacet
  facet normal 0 0 1
    outer loop
      vertex -3.1739831048699676 -1.8325 2.9
      vertex -3.1739831048699676 1.8325 2.9
      vertex -3.3481441022601324 1.4906897968728077 2.9
    endloop
  endfacet
  facet normal 0 0 1
    outer loop
      vertex -2.9650472843841826 -2.154232949651914 2.9
      vertex -2.9650472843841826 2.154232949651914 2.9
      vertex -3.1739831048699676 1.8325 2.9
    endloop
  endfacet
  facet normal 0 0 1
    outer loop
      vertex -2.72362578537465 -2.4523636723052156 2.9
      vertex -2.72362578537465 2.4523636723052156 2.9
      vertex -2.9650472843841826 2.154232949651914 2.9
    endloop
  endfacet
  facet normal -0.9659258262890681 0.2588190451025212 0
    outer loop
      vertex -3.485622132221738 1.1325472843841822 2.9
      vertex -3.485622132221738 1.1325472843841822 2.3167261889578032
      vertex -3.5849109566893977 0.761996346847088 2.3167261889578037
    endloop
  endfacet
  facet normal -0.9335804264972019 0.3583679495452999 0
    outer loop
      vertex -3.3481441022601324 1.4906897968728077 2.9
      vertex -3.3481441022601324 1.4906897968728077 2.3167261889578032
      vertex -3.485622132221738 1.1325472843841822 2.3167261889578032
    endloop
  endfacet
  facet normal -0.9335804264972019 0.3583679495452999 0
    outer loop
      vertex -3.485622132221738 1.1325472843841822 2.9
      vertex -3.3481441022601324 1.4906897968728077 2.9
      vertex -3.485622132221738 1.1325472843841822 2.3167261889578032
    endloop
  endfacet
  facet normal -0.8910065241883678 0.45399049973954697 0
    outer loop
      vertex -3.1739831048699676 1.8325 2.9
      vertex -3.1739831048699676 1.8325 2.3167261889578032
      vertex -3.3481441022601324 1.4906897968728077 2.3167261889578032
    endloop
  endfacet
  facet normal -0.8910065241883678 0.45399049973954697 0
    outer loop
      vertex -3.3481441022601324 1.4906897968728077 2.9
      vertex -3.1739831048699676 1.8325 2.9
      vertex -3.3481441022601324 1.4906897968728077 2.3167261889578032
    endloop
  endfacet
  facet normal 0 0 1
    outer loop
      vertex -2.5 0 2.9
      vertex -2.4863047384206833 0.2613211581691337 2.9
      vertex -2.72362578537465 2.4523636723052156 2.9
    endloop
  endfacet
  facet normal 0 0 1
    outer loop
      vertex -2.4863047384206833 0.2613211581691337 2.9
      vertex -2.4453690018345142 0.5197792270443984 2.9
      vertex -2.72362578537465 2.4523636723052156 2.9
    endloop
  endfacet
  facet normal 0 0 1
    outer loop
      vertex -2.4453690018345142 0.5197792270443984 2.9
      vertex -2.3776412907378837 0.7725424859373685 2.9
      vertex -2.4523636723052156 2.72362578537465 2.9
    endloop
  endfacet
  facet normal 0 0 1
    outer loop
      vertex -2.3776412907378837 0.7725424859373685 2.9
      vertex -2.283863644106502 1.0168416076895006 2.9
      vertex -2.4523636723052156 2.72362578537465 2.9
    endloop
  endfacet
  facet normal 0 0 1
    outer loop
      vertex -2.283863644106502 1.0168416076895006 2.9
      vertex -2.1650635094610964 1.25 2.9
      vertex -2.4523636723052156 2.72362578537465 2.9
    endloop
  endfacet
  facet normal 0 0 1
    outer loop
      vertex -2.1650635094610964 1.25 2.9
      vertex -2.0225424859373686 1.469463130731183 2.9
      vertex -2.4523636723052156 2.72362578537465 2.9
    endloop
  endfacet
  facet normal -0.8386705679454245 0.5446390350150265 0
    outer loop
      vertex -2.9650472843841826 2.154232949651914 2.9
      vertex -2.9650472843841826 2.154232949651914 2.3167261889578037
      vertex -3.1739831048699676 1.8325 2.3167261889578032
    endloop
  endfacet
  facet normal -0.8386705679454244 0.5446390350150265 0
    outer loop
      vertex -3.1739831048699676 1.8325 2.9
      vertex -2.9650472843841826 2.154232949651914 2.9
      vertex -3.1739831048699676 1.8325 2.3167261889578032
    endloop
  endfacet
  facet normal -0.7771459614569709 0.6293203910498374 0
    outer loop
      vertex -2.9650472843841826 2.154232949651914 2.9
      vertex -2.72362578537465 2.4523636723052156 2.9
      vertex -2.9650472843841826 2.154232949651914 2.3167261889578037
    endloop
  endfacet
  facet normal -0.7771459614569705 0.6293203910498381 -4.791478545976352e-16
    outer loop
      vertex -2.72362578537465 2.4523636723052156 2.9
      vertex -2.72362578537465 2.452363672305215 2.3167261889578032
      vertex -2.9650472843841826 2.154232949651914 2.3167261889578037
    endloop
  endfacet
  facet normal -0.707106781186548 0.7071067811865469 0
    outer loop
      vertex -2.4523636723052156 2.72362578537465 2.9
      vertex -2.4523636723052156 2.72362578537465 2.3167261889578032
      vertex -2.72362578537465 2.452363672305215 2.3167261889578032
    endloop
  endfacet
  facet normal -0.7071067811865476 0.7071067811865476 -5.383723489584851e-16
    outer loop
      vertex -2.72362578537465 2.4523636723052156 2.9
      vertex -2.4523636723052156 2.72362578537465 2.9
      vertex -2.72362578537465 2.452363672305215 2.3167261889578032
    endloop
  endfacet
  facet normal 0 0 1
    outer loop
      vertex -2.4453690018345142 0.5197792270443984 2.9
      vertex -2.4523636723052156 2.72362578537465 2.9
      vertex -2.72362578537465 2.4523636723052156 2.9
    endloop
  endfacet
  facet normal 0 0 1
    outer loop
      vertex -2.0225424859373686 1.469463130731183 2.9
      vertex -1.8578620636934855 1.6728265158971456 2.9
      vertex -2.154232949651914 2.9650472843841826 2.9
    endloop
  endfacet
  facet normal 0 0 1
    outer loop
      vertex -1.8578620636934855 1.6728265158971456 2.9
      vertex -1.6728265158971456 1.8578620636934855 2.9
      vertex -2.154232949651914 2.9650472843841826 2.9
    endloop
  endfacet
  facet normal 0 0 1
    outer loop
      vertex -2.0225424859373686 1.469463130731183 2.9
      vertex -2.154232949651914 2.9650472843841826 2.9
      vertex -2.4523636723052156 2.72362578537465 2.9
    endloop
  endfacet
  facet normal 0 0 1
    outer loop
      vertex -2.154232949651914 2.9650472843841826 2.9
      vertex -1.6728265158971456 1.8578620636934855 2.9
      vertex -1.8325 3.1739831048699676 2.9
    endloop
  endfacet
  facet normal -0.6293203910498375 0.7771459614569708 0
    outer loop
      vertex -2.4523636723052156 2.72362578537465 2.9
      vertex -2.154232949651914 2.9650472843841826 2.9
      vertex -2.4523636723052156 2.72362578537465 2.3167261889578032
    endloop
  endfacet
  facet normal -0.6293203910498375 0.7771459614569708 0
    outer loop
      vertex -2.154232949651914 2.9650472843841826 2.9
      vertex -2.154232949651914 2.9650472843841826 2.3167261889578032
      vertex -2.4523636723052156 2.72362578537465 2.3167261889578032
    endloop
  endfacet
  facet normal -0.5446390350150265 0.8386705679454244 0
    outer loop
      vertex -1.8325 3.1739831048699676 2.9
      vertex -1.8325 3.1739831048699676 2.3167261889578032
      vertex -2.154232949651914 2.9650472843841826 2.3167261889578032
    endloop
  endfacet
  facet normal -0.5446390350150265 0.8386705679454244 0
    outer loop
      vertex -2.154232949651914 2.9650472843841826 2.9
      vertex -1.8325 3.1739831048699676 2.9
      vertex -2.154232949651914 2.9650472843841826 2.3167261889578032
    endloop
  endfacet
  facet normal 0 0 1
    outer loop
      vertex -1.6728265158971456 1.8578620636934855 2.9
      vertex -1.469463130731183 2.0225424859373686 2.9
      vertex -1.8325 3.1739831048699676 2.9
    endloop
  endfacet
  facet normal 0 0 1
    outer loop
      vertex -1.469463130731183 2.0225424859373686 2.9
      vertex -1.25 2.1650635094610964 2.9
      vertex -1.4906897968728077 3.3481441022601324 2.9
    endloop
  endfacet
  facet normal 0 0 1
    outer loop
      vertex -1.25 2.1650635094610964 2.9
      vertex -1.0168416076895006 2.283863644106502 2.9
      vertex -1.4906897968728077 3.3481441022601324 2.9
    endloop
  endfacet
  facet normal 0 0 1
    outer loop
      vertex -1.0168416076895006 2.283863644106502 2.9
      vertex -0.7725424859373685 2.3776412907378837 2.9
      vertex -1.1325472843841822 3.485622132221738 2.9
    endloop
  endfacet
  facet normal -0.4539904997395472 0.8910065241883677 1.7282816277018225e-16
    outer loop
      vertex -1.4906897968728077 3.3481441022601324 2.9
      vertex -1.490689796872808 3.3481441022601324 2.3167261889578032
      vertex -1.8325 3.1739831048699676 2.3167261889578032
    endloop
  endfacet
  facet normal -0.45399049973954697 0.8910065241883678 0
    outer loop
      vertex -1.8325 3.1739831048699676 2.9
      vertex -1.4906897968728077 3.3481441022601324 2.9
      vertex -1.8325 3.1739831048699676 2.3167261889578032
    endloop
  endfacet
  facet normal -0.35836794954529994 0.9335804264972019 1.3642592598559677e-16
    outer loop
      vertex -1.1325472843841822 3.485622132221738 2.9
      vertex -1.1325472843841824 3.485622132221738 2.3167261889578032
      vertex -1.490689796872808 3.3481441022601324 2.3167261889578032
    endloop
  endfacet
  facet normal -0.3583679495452999 0.9335804264972019 1.3642592598559675e-16
    outer loop
      vertex -1.4906897968728077 3.3481441022601324 2.9
      vertex -1.1325472843841822 3.485622132221738 2.9
      vertex -1.490689796872808 3.3481441022601324 2.3167261889578032
    endloop
  endfacet
  facet normal -0.2588190451025212 0.9659258262890681 9.852897820695326e-17
    outer loop
      vertex -1.1325472843841822 3.485622132221738 2.9
      vertex -0.761996346847088 3.5849109566893977 2.9
      vertex -1.1325472843841824 3.485622132221738 2.3167261889578032
    endloop
  endfacet
  facet normal 0 0 1
    outer loop
      vertex -1.469463130731183 2.0225424859373686 2.9
      vertex -1.4906897968728077 3.3481441022601324 2.9
      vertex -1.8325 3.1739831048699676 2.9
    endloop
  endfacet
  facet normal 0 0 1
    outer loop
      vertex -1.0168416076895006 2.283863644106502 2.9
      vertex -1.1325472843841822 3.485622132221738 2.9
      vertex -1.4906897968728077 3.3481441022601324 2.9
    endloop
  endfacet
  facet normal -0.258819045102521 0.9659258262890681 0
    outer loop
      vertex -0.761996346847088 3.5849109566893977 2.9
      vertex -0.761996346847088 3.5849109566893977 2.3167261889578037
      vertex -1.1325472843841824 3.485622132221738 2.3167261889578032
    endloop
  endfacet
  facet normal -0.15643446504023076 0.9876883405951378 1.4888131581139918e-17
    outer loop
      vertex -0.38309681787594996 3.644922746524722 2.9
      vertex -0.38309681787595 3.644922746524722 2.3167261889578032
      vertex -0.761996346847088 3.5849109566893977 2.3167261889578037
    endloop
  endfacet
  facet normal -0.15643446504023073 0.9876883405951377 0
    outer loop
      vertex -0.761996346847088 3.5849109566893977 2.9
      vertex -0.38309681787594996 3.644922746524722 2.9
      vertex -0.761996346847088 3.5849109566893977 2.3167261889578037
    endloop
  endfacet
  facet normal -0.05233595624294383 0.9986295347545738 0
    outer loop
      vertex 0 3.665 2.9
      vertex 0 3.665 2.3167261889578032
      vertex -0.38309681787595 3.644922746524722 2.3167261889578032
    endloop
  endfacet
  facet normal -0.052335956242943835 0.9986295347545738 4.980901125396782e-18
    outer loop
      vertex -0.38309681787594996 3.644922746524722 2.9
      vertex 0 3.665 2.9
      vertex -0.38309681787595 3.644922746524722 2.3167261889578032
    endloop
  endfacet
  facet normal 0 0 1
    outer loop
      vertex -1.1325472843841822 3.485622132221738 2.9
      vertex -0.7725424859373685 2.3776412907378837 2.9
      vertex -0.5197792270443984 2.4453690018345142 2.9
    endloop
  endfacet
  facet normal 0 0 1
    outer loop
      vertex -1.1325472843841822 3.485622132221738 2.9
      vertex -0.5197792270443984 2.4453690018345142 2.9
      vertex -0.761996346847088 3.5849109566893977 2.9
    endloop
  endfacet
  facet normal 0 0 1
    outer loop
      vertex -0.5197792270443984 2.4453690018345142 2.9
      vertex -0.2613211581691337 2.4863047384206833 2.9
      vertex -0.761996346847088 3.5849109566893977 2.9
    endloop
  endfacet
  facet normal 0 0 1
    outer loop
      vertex -0.2613211581691337 2.4863047384206833 2.9
      vertex -0.38309681787594996 3.644922746524722 2.9
      vertex -0.761996346847088 3.5849109566893977 2.9
    endloop
  endfacet
  facet normal 0 0 1
    outer loop
      vertex -0.2613211581691337 2.4863047384206833 2.9
      vertex 0 2.5 2.9
      vertex 0 3.665 2.9
    endloop
  endfacet
  facet normal 0 0 1
    outer loop
      vertex -0.2613211581691337 2.4863047384206833 2.9
      vertex 0 3.665 2.9
      vertex -0.38309681787594996 3.644922746524722 2.9
    endloop
  endfacet
  facet normal 0 0 -1
    outer loop
      vertex 0 -3.665 0.4
      vertex 0.2613211581691337 -2.4863047384206833 0.4
      vertex 0.38309681787594996 -3.644922746524722 0.4
    endloop
  endfacet
  facet normal 0 0 -1
    outer loop
      vertex 0 -3.665 0.4
      vertex 0 -2.5 0.4
      vertex 0.2613211581691337 -2.4863047384206833 0.4
    endloop
  endfacet
  facet normal 0 0 -1
    outer loop
      vertex 0.38309681787594996 -3.644922746524722 0.4
      vertex 0.2613211581691337 -2.4863047384206833 0.4
      vertex 0.5197792270443984 -2.4453690018345142 0.4
    endloop
  endfacet
  facet normal 0 0 -1
    outer loop
      vertex 0.38309681787594996 -3.644922746524722 0.4
      vertex 0.5197792270443984 -2.4453690018345142 0.4
      vertex 0.761996346847088 -3.5849109566893977 0.4
    endloop
  endfacet
  facet normal 0 0 -1
    outer loop
      vertex 0.761996346847088 -3.5849109566893977 0.4
      vertex 0.5197792270443984 -2.4453690018345142 0.4
      vertex 0.7725424859373685 -2.3776412907378837 0.4
    endloop
  endfacet
  facet normal 0 0 -1
    outer loop
      vertex 0.761996346847088 -3.5849109566893977 0.4
      vertex 0.7725424859373685 -2.3776412907378837 0.4
      vertex 1.0168416076895006 -2.283863644106502 0.4
    endloop
  endfacet
  facet normal 0.052335956242943835 -0.9986295347545738 0
    outer loop
      vertex 0 -3.665 0.4
      vertex 0.38309681787594996 -3.644922746524722 0.4
      vertex 0 -3.665 0.9832738110421962
    endloop
  endfacet
  facet normal 0.05233595624294384 -0.9986295347545738 0
    outer loop
      vertex 0.38309681787594996 -3.644922746524722 0.4
      vertex 0.38309681787594996 -3.644922746524722 0.9832738110421965
      vertex 0 -3.665 0.9832738110421962
    endloop
  endfacet
  facet normal 0.15643446504023073 -0.9876883405951377 0
    outer loop
      vertex 0.38309681787594996 -3.644922746524722 0.4
      vertex 0.761996346847088 -3.5849109566893977 0.4
      vertex 0.38309681787594996 -3.644922746524722 0.9832738110421965
    endloop
  endfacet
  facet normal 0.2588190451025212 -0.9659258262890682 0
    outer loop
      vertex 0.761996346847088 -3.5849109566893977 0.4
      vertex 1.1325472843841822 -3.485622132221738 0.4
      vertex 0.761996346847088 -3.5849109566893977 0.9832738110421959
    endloop
  endfacet
  facet normal 0.15643446504023076 -0.9876883405951377 0
    outer loop
      vertex 0.761996346847088 -3.5849109566893977 0.4
      vertex 0.761996346847088 -3.5849109566893977 0.9832738110421959
      vertex 0.38309681787594996 -3.644922746524722 0.9832738110421965
    endloop
  endfacet
  facet normal 0 0 -1
    outer loop
      vertex 0.761996346847088 -3.5849109566893977 0.4
      vertex 1.0168416076895006 -2.283863644106502 0.4
      vertex 1.1325472843841822 -3.485622132221738 0.4
    endloop
  endfacet
  facet normal 0 0 -1
    outer loop
      vertex 1.1325472843841822 -3.485622132221738 0.4
      vertex 1.25 -2.1650635094610964 0.4
      vertex 1.4906897968728077 -3.3481441022601324 0.4
    endloop
  endfacet
  facet normal 0 0 -1
    outer loop
      vertex 1.4906897968728077 -3.3481441022601324 0.4
      vertex 1.6728265158971456 -1.8578620636934855 0.4
      vertex 1.8325 -3.1739831048699676 0.4
    endloop
  endfacet
  facet normal 0.35836794954529994 -0.933580426497202 0
    outer loop
      vertex 1.1325472843841822 -3.485622132221738 0.4
      vertex 1.4906897968728077 -3.3481441022601324 0.4
      vertex 1.1325472843841822 -3.485622132221738 0.9832738110421964
    endloop
  endfacet
  facet normal 0.2588190451025212 -0.9659258262890681 0
    outer loop
      vertex 1.1325472843841822 -3.485622132221738 0.4
      vertex 1.1325472843841822 -3.485622132221738 0.9832738110421964
      vertex 0.761996346847088 -3.5849109566893977 0.9832738110421959
    endloop
  endfacet
  facet normal 0.3583679495452999 -0.9335804264972019 0
    outer loop
      vertex 1.4906897968728077 -3.3481441022601324 0.4
      vertex 1.4906897968728077 -3.3481441022601324 0.9832738110421966
      vertex 1.1325472843841822 -3.485622132221738 0.9832738110421964
    endloop
  endfacet
  facet normal 0.4539904997395469 -0.8910065241883678 0
    outer loop
      vertex 1.4906897968728077 -3.3481441022601324 0.4
      vertex 1.8325 -3.1739831048699676 0.4
      vertex 1.4906897968728077 -3.3481441022601324 0.9832738110421966
    endloop
  endfacet
  facet normal 0.4539904997395469 -0.8910065241883678 0
    outer loop
      vertex 1.8325 -3.1739831048699676 0.4
      vertex 1.8325 -3.1739831048699676 0.9832738110421962
      vertex 1.4906897968728077 -3.3481441022601324 0.9832738110421966
    endloop
  endfacet
  facet normal 0 0 -1
    outer loop
      vertex 1.1325472843841822 -3.485622132221738 0.4
      vertex 1.0168416076895006 -2.283863644106502 0.4
      vertex 1.25 -2.1650635094610964 0.4
    endloop
  endfacet
  facet normal 0 0 -1
    outer loop
      vertex 1.4906897968728077 -3.3481441022601324 0.4
      vertex 1.25 -2.1650635094610964 0.4
      vertex 1.469463130731183 -2.0225424859373686 0.4
    endloop
  endfacet
  facet normal 0 0 -1
    outer loop
      vertex 1.4906897968728077 -3.3481441022601324 0.4
      vertex 1.469463130731183 -2.0225424859373686 0.4
      vertex 1.6728265158971456 -1.8578620636934855 0.4
    endloop
  endfacet
  facet normal 0 0 -1
    outer loop
      vertex 1.6728265158971456 -1.8578620636934855 0.4
      vertex 1.8578620636934855 -1.6728265158971456 0.4
      vertex 1.8325 -3.1739831048699676 0.4
    endloop
  endfacet
  facet normal 0.5446390350150265 -0.8386705679454245 0
    outer loop
      vertex 1.8325 -3.1739831048699676 0.4
      vertex 2.154232949651914 -2.9650472843841826 0.4
      vertex 1.8325 -3.1739831048699676 0.9832738110421962
    endloop
  endfacet
  facet normal 0.6293203910498374 -0.7771459614569709 0
    outer loop
      vertex 2.154232949651914 -2.9650472843841826 0.4
      vertex 2.4523636723052156 -2.72362578537465 0.4
      vertex 2.154232949651914 -2.9650472843841826 0.9832738110421962
    endloop
  endfacet
  facet normal 0.5446390350150265 -0.8386705679454245 0
    outer loop
      vertex 2.154232949651914 -2.9650472843841826 0.4
      vertex 2.154232949651914 -2.9650472843841826 0.9832738110421962
      vertex 1.8325 -3.1739831048699676 0.9832738110421962
    endloop
  endfacet
  facet normal 0.6293203910498375 -0.7771459614569709 0
    outer loop
      vertex 2.4523636723052156 -2.72362578537465 0.4
      vertex 2.4523636723052156 -2.72362578537465 0.9832738110421965
      vertex 2.154232949651914 -2.9650472843841826 0.9832738110421962
    endloop
  endfacet
  facet normal 0 0 -1
    outer loop
      vertex 1.8325 -3.1739831048699676 0.4
      vertex 2.0225424859373686 -1.469463130731183 0.4
      vertex 2.154232949651914 -2.9650472843841826 0.4
    endloop
  endfacet
  facet normal 0 0 -1
    outer loop
      vertex 1.8325 -3.1739831048699676 0.4
      vertex 1.8578620636934855 -1.6728265158971456 0.4
      vertex 2.0225424859373686 -1.469463130731183 0.4
    endloop
  endfacet
  facet normal 0 0 -1
    outer loop
      vertex 2.154232949651914 -2.9650472843841826 0.4
      vertex 2.0225424859373686 -1.469463130731183 0.4
      vertex 2.1650635094610964 -1.25 0.4
    endloop
  endfacet
  facet normal 0 0 -1
    outer loop
      vertex 2.154232949651914 -2.9650472843841826 0.4
      vertex 2.283863644106502 -1.0168416076895006 0.4
      vertex 2.4523636723052156 -2.72362578537465 0.4
    endloop
  endfacet
  facet normal 0.7071067811865475 -0.7071067811865475 0
    outer loop
      vertex 2.4523636723052156 -2.72362578537465 0.4
      vertex 2.72362578537465 -2.4523636723052156 0.4
      vertex 2.4523636723052156 -2.72362578537465 0.9832738110421965
    endloop
  endfacet
  facet normal 0.7071067811865475 -0.7071067811865475 0
    outer loop
      vertex 2.72362578537465 -2.4523636723052156 0.4
      vertex 2.72362578537465 -2.4523636723052156 0.9832738110421965
      vertex 2.4523636723052156 -2.72362578537465 0.9832738110421965
    endloop
  endfacet
  facet normal 0.7771459614569709 -0.6293203910498375 0
    outer loop
      vertex 2.72362578537465 -2.4523636723052156 0.4
      vertex 2.9650472843841826 -2.154232949651914 0.4
      vertex 2.72362578537465 -2.4523636723052156 0.9832738110421965
    endloop
  endfacet
  facet normal 0.8386705679454244 -0.5446390350150265 2.2386781072297566e-16
    outer loop
      vertex 2.9650472843841826 -2.154232949651914 0.4
      vertex 3.1739831048699676 -1.8325 0.4
      vertex 2.965047284384182 -2.1542329496519144 0.9832738110421961
    endloop
  endfacet
  facet normal 0.7771459614569709 -0.6293203910498374 1.1255046860485493e-16
    outer loop
      vertex 2.9650472843841826 -2.154232949651914 0.4
      vertex 2.965047284384182 -2.1542329496519144 0.9832738110421961
      vertex 2.72362578537465 -2.4523636723052156 0.9832738110421965
    endloop
  endfacet
  facet normal 0.8386705679454243 -0.5446390350150269 0
    outer loop
      vertex 3.1739831048699676 -1.8325 0.4
      vertex 3.1739831048699676 -1.8325 0.9832738110421964
      vertex 2.965047284384182 -2.1542329496519144 0.9832738110421961
    endloop
  endfacet
  facet normal 0 0 -1
    outer loop
      vertex 2.154232949651914 -2.9650472843841826 0.4
      vertex 2.1650635094610964 -1.25 0.4
      vertex 2.283863644106502 -1.0168416076895006 0.4
    endloop
  endfacet
  facet normal 0 0 -1
    outer loop
      vertex 2.4523636723052156 -2.72362578537465 0.4
      vertex 2.283863644106502 -1.0168416076895006 0.4
      vertex 2.3776412907378837 -0.7725424859373685 0.4
    endloop
  endfacet
  facet normal 0 0 -1
    outer loop
      vertex 2.4523636723052156 -2.72362578537465 0.4
      vertex 2.3776412907378837 -0.7725424859373685 0.4
      vertex 2.4453690018345142 -0.5197792270443984 0.4
    endloop
  endfacet
  facet normal 0 0 -1
    outer loop
      vertex 2.4523636723052156 -2.72362578537465 0.4
      vertex 2.4453690018345142 -0.5197792270443984 0.4
      vertex 2.4863047384206833 -0.2613211581691337 0.4
    endloop
  endfacet
  facet normal 0 0 -1
    outer loop
      vertex 2.4523636723052156 -2.72362578537465 0.4
      vertex 2.4863047384206833 -0.2613211581691337 0.4
      vertex 2.5 0 0.4
    endloop
  endfacet
  facet normal 0 0 -1
    outer loop
      vertex 2.4523636723052156 -2.72362578537465 0.4
      vertex 2.72362578537465 2.4523636723052156 0.4
      vertex 2.72362578537465 -2.4523636723052156 0.4
    endloop
  endfacet
  facet normal 0 0 -1
    outer loop
      vertex 2.4523636723052156 -2.72362578537465 0.4
      vertex 2.5 0 0.4
      vertex 2.72362578537465 2.4523636723052156 0.4
    endloop
  endfacet
  facet normal 0.8910065241883678 -0.4539904997395469 0
    outer loop
      vertex 3.1739831048699676 -1.8325 0.4
      vertex 3.3481441022601324 -1.4906897968728077 0.4
      vertex 3.1739831048699676 -1.8325 0.9832738110421964
    endloop
  endfacet
  facet normal 0.8910065241883677 -0.4539904997395472 -1.7282816277018235e-16
    outer loop
      vertex 3.3481441022601324 -1.4906897968728077 0.4
      vertex 3.3481441022601324 -1.490689796872808 0.9832738110421964
      vertex 3.1739831048699676 -1.8325 0.9832738110421964
    endloop
  endfacet
  facet normal 0.933580426497202 -0.35836794954529994 -1.3642592598559682e-16
    outer loop
      vertex 3.3481441022601324 -1.4906897968728077 0.4
      vertex 3.485622132221738 -1.1325472843841822 0.4
      vertex 3.3481441022601324 -1.490689796872808 0.9832738110421964
    endloop
  endfacet
  facet normal 0.9659258262890681 -0.2588190451025212 0
    outer loop
      vertex 3.485622132221738 -1.1325472843841822 0.4
      vertex 3.5849109566893977 -0.761996346847088 0.4
      vertex 3.485622132221738 -1.1325472843841822 0.9832738110421964
    endloop
  endfacet
  facet normal 0.933580426497202 -0.3583679495452997 0
    outer loop
      vertex 3.485622132221738 -1.1325472843841822 0.4
      vertex 3.485622132221738 -1.1325472843841822 0.9832738110421964
      vertex 3.3481441022601324 -1.490689796872808 0.9832738110421964
    endloop
  endfacet
  facet normal 0 0 -1
    outer loop
      vertex 2.72362578537465 -2.4523636723052156 0.4
      vertex 2.9650472843841826 2.154232949651914 0.4
      vertex 2.9650472843841826 -2.154232949651914 0.4
    endloop
  endfacet
  facet normal 0 0 -1
    outer loop
      vertex 2.9650472843841826 -2.154232949651914 0.4
      vertex 3.1739831048699676 1.8325 0.4
      vertex 3.1739831048699676 -1.8325 0.4
    endloop
  endfacet
  facet normal 0 0 -1
    outer loop
      vertex 3.1739831048699676 -1.8325 0.4
      vertex 3.3481441022601324 1.4906897968728077 0.4
      vertex 3.3481441022601324 -1.4906897968728077 0.4
    endloop
  endfacet
  facet normal 0 0 -1
    outer loop
      vertex 3.3481441022601324 -1.4906897968728077 0.4
      vertex 3.485622132221738 1.1325472843841822 0.4
      vertex 3.485622132221738 -1.1325472843841822 0.4
    endloop
  endfacet
  facet normal 0 0 -1
    outer loop
      vertex 3.485622132221738 -1.1325472843841822 0.4
      vertex 3.5849109566893977 0.761996346847088 0.4
      vertex 3.5849109566893977 -0.761996346847088 0.4
    endloop
  endfacet
  facet normal 0 0 -1
    outer loop
      vertex 3.5849109566893977 -0.761996346847088 0.4
      vertex 3.644922746524722 0.38309681787594996 0.4
      vertex 3.644922746524722 -0.38309681787594996 0.4
    endloop
  endfacet
  facet normal 0.9876883405951377 -0.15643446504023076 0
    outer loop
      vertex 3.5849109566893977 -0.761996346847088 0.4
      vertex 3.644922746524722 -0.38309681787594996 0.4
      vertex 3.5849109566893977 -0.761996346847088 0.9832738110421961
    endloop
  endfacet
  facet normal 0.9659258262890681 -0.2588190451025212 0
    outer loop
      vertex 3.5849109566893977 -0.761996346847088 0.4
      vertex 3.5849109566893977 -0.761996346847088 0.9832738110421961
      vertex 3.485622132221738 -1.1325472843841822 0.9832738110421964
    endloop
  endfacet
  facet normal 0.9876883405951377 -0.15643446504023076 -1.4888131581139924e-17
    outer loop
      vertex 3.644922746524722 -0.38309681787594996 0.4
      vertex 3.644922746524722 -0.38309681787595 0.9832738110421965
      vertex 3.5849109566893977 -0.761996346847088 0.9832738110421961
    endloop
  endfacet
  facet normal 0.9986295347545738 -0.05233595624294384 -4.9809011253967846e-18
    outer loop
      vertex 3.644922746524722 -0.38309681787594996 0.4
      vertex 3.665 0 0.4
      vertex 3.644922746524722 -0.38309681787595 0.9832738110421965
    endloop
  endfacet
  facet normal 0.9986295347545738 -0.05233595624294383 0
    outer loop
      vertex 3.665 0 0.4
      vertex 3.665 0 0.9832738110421962
      vertex 3.644922746524722 -0.38309681787595 0.9832738110421965
    endloop
  endfacet
  facet normal 0.05233595624294383 -0.9986295347545738 0
    outer loop
      vertex 0 -3.665 2.9
      vertex 0 -3.665 2.3167261889578032
      vertex 0.38309681787595 -3.644922746524722 2.3167261889578032
    endloop
  endfacet
  facet normal 0.052335956242943835 -0.9986295347545738 7.752711811917416e-18
    outer loop
      vertex 0 -3.665 2.9
      vertex 0.38309681787595 -3.644922746524722 2.3167261889578032
      vertex 0.38309681787594996 -3.644922746524722 2.9
    endloop
  endfacet
  facet normal 0.15643446504023076 -0.9876883405951378 1.4888131581139918e-17
    outer loop
      vertex 0.38309681787594996 -3.644922746524722 2.9
      vertex 0.38309681787595 -3.644922746524722 2.3167261889578032
      vertex 0.761996346847088 -3.5849109566893977 2.3167261889578037
    endloop
  endfacet
  facet normal 0.258819045102521 -0.9659258262890681 0
    outer loop
      vertex 0.761996346847088 -3.5849109566893977 2.9
      vertex 0.761996346847088 -3.5849109566893977 2.3167261889578037
      vertex 1.1325472843841824 -3.485622132221738 2.3167261889578032
    endloop
  endfacet
  facet normal 0.15643446504023073 -0.9876883405951377 0
    outer loop
      vertex 0.38309681787594996 -3.644922746524722 2.9
      vertex 0.761996346847088 -3.5849109566893977 2.3167261889578037
      vertex 0.761996346847088 -3.5849109566893977 2.9
    endloop
  endfacet
  facet normal 0 0 1
    outer loop
      vertex 0 -3.665 2.9
      vertex 0.38309681787594996 -3.644922746524722 2.9
      vertex 0.2613211581691337 -2.4863047384206833 2.9
    endloop
  endfacet
  facet normal 0 0 1
    outer loop
      vertex 0 -3.665 2.9
      vertex 0.2613211581691337 -2.4863047384206833 2.9
      vertex 0 -2.5 2.9
    endloop
  endfacet
  facet normal 0 0 1
    outer loop
      vertex 0.38309681787594996 -3.644922746524722 2.9
      vertex 0.761996346847088 -3.5849109566893977 2.9
      vertex 0.2613211581691337 -2.4863047384206833 2.9
    endloop
  endfacet
  facet normal 0 0 1
    outer loop
      vertex 0.761996346847088 -3.5849109566893977 2.9
      vertex 0.5197792270443984 -2.4453690018345142 2.9
      vertex 0.2613211581691337 -2.4863047384206833 2.9
    endloop
  endfacet
  facet normal 0 0 1
    outer loop
      vertex 0.761996346847088 -3.5849109566893977 2.9
      vertex 1.1325472843841822 -3.485622132221738 2.9
      vertex 0.5197792270443984 -2.4453690018345142 2.9
    endloop
  endfacet
  facet normal 0 0 1
    outer loop
      vertex 0.5197792270443984 -2.4453690018345142 2.9
      vertex 1.1325472843841822 -3.485622132221738 2.9
      vertex 0.7725424859373685 -2.3776412907378837 2.9
    endloop
  endfacet
  facet normal 0.35836794954529994 -0.9335804264972019 1.3642592598559677e-16
    outer loop
      vertex 1.1325472843841822 -3.485622132221738 2.9
      vertex 1.1325472843841824 -3.485622132221738 2.3167261889578032
      vertex 1.490689796872808 -3.3481441022601324 2.3167261889578032
    endloop
  endfacet
  facet normal 0.2588190451025212 -0.9659258262890681 1.2404338899067867e-16
    outer loop
      vertex 0.761996346847088 -3.5849109566893977 2.9
      vertex 1.1325472843841824 -3.485622132221738 2.3167261889578032
      vertex 1.1325472843841822 -3.485622132221738 2.9
    endloop
  endfacet
  facet normal 0.3583679495452999 -0.9335804264972019 1.2404338899067865e-16
    outer loop
      vertex 1.1325472843841822 -3.485622132221738 2.9
      vertex 1.490689796872808 -3.3481441022601324 2.3167261889578032
      vertex 1.4906897968728077 -3.3481441022601324 2.9
    endloop
  endfacet
  facet normal 0.4539904997395472 -0.8910065241883677 1.7282816277018225e-16
    outer loop
      vertex 1.4906897968728077 -3.3481441022601324 2.9
      vertex 1.490689796872808 -3.3481441022601324 2.3167261889578032
      vertex 1.8325 -3.1739831048699676 2.3167261889578032
    endloop
  endfacet
  facet normal 0.45399049973954697 -0.8910065241883678 0
    outer loop
      vertex 1.4906897968728077 -3.3481441022601324 2.9
      vertex 1.8325 -3.1739831048699676 2.3167261889578032
      vertex 1.8325 -3.1739831048699676 2.9
    endloop
  endfacet
  facet normal 0 0 1
    outer loop
      vertex 1.1325472843841822 -3.485622132221738 2.9
      vertex 1.4906897968728077 -3.3481441022601324 2.9
      vertex 1.0168416076895006 -2.283863644106502 2.9
    endloop
  endfacet
  facet normal 0 0 1
    outer loop
      vertex 1.4906897968728077 -3.3481441022601324 2.9
      vertex 1.8325 -3.1739831048699676 2.9
      vertex 1.469463130731183 -2.0225424859373686 2.9
    endloop
  endfacet
  facet normal 0 0 1
    outer loop
      vertex 0.7725424859373685 -2.3776412907378837 2.9
      vertex 1.1325472843841822 -3.485622132221738 2.9
      vertex 1.0168416076895006 -2.283863644106502 2.9
    endloop
  endfacet
  facet normal 0 0 1
    outer loop
      vertex 1.4906897968728077 -3.3481441022601324 2.9
      vertex 1.25 -2.1650635094610964 2.9
      vertex 1.0168416076895006 -2.283863644106502 2.9
    endloop
  endfacet
  facet normal 0 0 1
    outer loop
      vertex 1.4906897968728077 -3.3481441022601324 2.9
      vertex 1.469463130731183 -2.0225424859373686 2.9
      vertex 1.25 -2.1650635094610964 2.9
    endloop
  endfacet
  facet normal 0 0 1
    outer loop
      vertex 1.469463130731183 -2.0225424859373686 2.9
      vertex 1.8325 -3.1739831048699676 2.9
      vertex 1.6728265158971456 -1.8578620636934855 2.9
    endloop
  endfacet
  facet normal 0.5446390350150265 -0.8386705679454244 0
    outer loop
      vertex 1.8325 -3.1739831048699676 2.9
      vertex 1.8325 -3.1739831048699676 2.3167261889578032
      vertex 2.154232949651914 -2.9650472843841826 2.3167261889578032
    endloop
  endfacet
  facet normal 0.6293203910498375 -0.7771459614569708 0
    outer loop
      vertex 2.154232949651914 -2.9650472843841826 2.9
      vertex 2.154232949651914 -2.9650472843841826 2.3167261889578032
      vertex 2.4523636723052156 -2.72362578537465 2.3167261889578032
    endloop
  endfacet
  facet normal 0.5446390350150265 -0.8386705679454244 0
    outer loop
      vertex 1.8325 -3.1739831048699676 2.9
      vertex 2.154232949651914 -2.9650472843841826 2.3167261889578032
      vertex 2.154232949651914 -2.9650472843841826 2.9
    endloop
  endfacet
  facet normal 0.6293203910498375 -0.7771459614569708 0
    outer loop
      vertex 2.154232949651914 -2.9650472843841826 2.9
      vertex 2.4523636723052156 -2.72362578537465 2.3167261889578032
      vertex 2.4523636723052156 -2.72362578537465 2.9
    endloop
  endfacet
  facet normal 0.707106781186548 -0.7071067811865469 0
    outer loop
      vertex 2.4523636723052156 -2.72362578537465 2.9
      vertex 2.4523636723052156 -2.72362578537465 2.3167261889578032
      vertex 2.72362578537465 -2.452363672305215 2.3167261889578032
    endloop
  endfacet
  facet normal 0.7071067811865476 -0.7071067811865476 -4.961735559627148e-16
    outer loop
      vertex 2.4523636723052156 -2.72362578537465 2.9
      vertex 2.72362578537465 -2.452363672305215 2.3167261889578032
      vertex 2.72362578537465 -2.4523636723052156 2.9
    endloop
  endfacet
  facet normal 0 0 1
    outer loop
      vertex 1.6728265158971456 -1.8578620636934855 2.9
      vertex 1.8325 -3.1739831048699676 2.9
      vertex 2.154232949651914 -2.9650472843841826 2.9
    endloop
  endfacet
  facet normal 0 0 1
    outer loop
      vertex 2.154232949651914 -2.9650472843841826 2.9
      vertex 2.4523636723052156 -2.72362578537465 2.9
      vertex 2.0225424859373686 -1.469463130731183 2.9
    endloop
  endfacet
  facet normal 0 0 1
    outer loop
      vertex 1.6728265158971456 -1.8578620636934855 2.9
      vertex 2.154232949651914 -2.9650472843841826 2.9
      vertex 1.8578620636934855 -1.6728265158971456 2.9
    endloop
  endfacet
  facet normal 0 0 1
    outer loop
      vertex 2.154232949651914 -2.9650472843841826 2.9
      vertex 2.0225424859373686 -1.469463130731183 2.9
      vertex 1.8578620636934855 -1.6728265158971456 2.9
    endloop
  endfacet
  facet normal 0 0 1
    outer loop
      vertex 2.4523636723052156 -2.72362578537465 2.9
      vertex 2.72362578537465 -2.4523636723052156 2.9
      vertex 2.4453690018345142 -0.5197792270443984 2.9
    endloop
  endfacet
  facet normal 0.7771459614569705 -0.6293203910498381 -4.791478545976352e-16
    outer loop
      vertex 2.72362578537465 -2.4523636723052156 2.9
      vertex 2.72362578537465 -2.452363672305215 2.3167261889578032
      vertex 2.9650472843841826 -2.154232949651914 2.3167261889578037
    endloop
  endfacet
  facet normal 0.8386705679454245 -0.5446390350150265 0
    outer loop
      vertex 2.9650472843841826 -2.154232949651914 2.9
      vertex 2.9650472843841826 -2.154232949651914 2.3167261889578037
      vertex 3.1739831048699676 -1.8325 2.3167261889578032
    endloop
  endfacet
  facet normal 0.7771459614569709 -0.6293203910498374 0
    outer loop
      vertex 2.72362578537465 -2.4523636723052156 2.9
      vertex 2.9650472843841826 -2.154232949651914 2.3167261889578037
      vertex 2.9650472843841826 -2.154232949651914 2.9
    endloop
  endfacet
  facet normal 0.8386705679454244 -0.5446390350150265 0
    outer loop
      vertex 2.9650472843841826 -2.154232949651914 2.9
      vertex 3.1739831048699676 -1.8325 2.3167261889578032
      vertex 3.1739831048699676 -1.8325 2.9
    endloop
  endfacet
  facet normal 0 0 1
    outer loop
      vertex 2.4523636723052156 -2.72362578537465 2.9
      vertex 2.1650635094610964 -1.25 2.9
      vertex 2.0225424859373686 -1.469463130731183 2.9
    endloop
  endfacet
  facet normal 0 0 1
    outer loop
      vertex 2.4523636723052156 -2.72362578537465 2.9
      vertex 2.283863644106502 -1.0168416076895006 2.9
      vertex 2.1650635094610964 -1.25 2.9
    endloop
  endfacet
  facet normal 0 0 1
    outer loop
      vertex 2.4523636723052156 -2.72362578537465 2.9
      vertex 2.3776412907378837 -0.7725424859373685 2.9
      vertex 2.283863644106502 -1.0168416076895006 2.9
    endloop
  endfacet
  facet normal 0 0 1
    outer loop
      vertex 2.4523636723052156 -2.72362578537465 2.9
      vertex 2.4453690018345142 -0.5197792270443984 2.9
      vertex 2.3776412907378837 -0.7725424859373685 2.9
    endloop
  endfacet
  facet normal 0 0 1
    outer loop
      vertex 2.72362578537465 -2.4523636723052156 2.9
      vertex 2.4863047384206833 -0.2613211581691337 2.9
      vertex 2.4453690018345142 -0.5197792270443984 2.9
    endloop
  endfacet
  facet normal 0 0 1
    outer loop
      vertex 2.72362578537465 -2.4523636723052156 2.9
      vertex 2.5 0 2.9
      vertex 2.4863047384206833 -0.2613211581691337 2.9
    endloop
  endfacet
  facet normal 0.8910065241883678 -0.45399049973954697 0
    outer loop
      vertex 3.1739831048699676 -1.8325 2.9
      vertex 3.1739831048699676 -1.8325 2.3167261889578032
      vertex 3.3481441022601324 -1.4906897968728077 2.3167261889578032
    endloop
  endfacet
  facet normal 0.8910065241883678 -0.45399049973954697 0
    outer loop
      vertex 3.1739831048699676 -1.8325 2.9
      vertex 3.3481441022601324 -1.4906897968728077 2.3167261889578032
      vertex 3.3481441022601324 -1.4906897968728077 2.9
    endloop
  endfacet
  facet normal 0.9335804264972019 -0.3583679495452999 0
    outer loop
      vertex 3.3481441022601324 -1.4906897968728077 2.9
      vertex 3.3481441022601324 -1.4906897968728077 2.3167261889578032
      vertex 3.485622132221738 -1.1325472843841822 2.3167261889578032
    endloop
  endfacet
  facet normal 0.9659258262890681 -0.2588190451025212 0
    outer loop
      vertex 3.485622132221738 -1.1325472843841822 2.9
      vertex 3.485622132221738 -1.1325472843841822 2.3167261889578032
      vertex 3.5849109566893977 -0.761996346847088 2.3167261889578037
    endloop
  endfacet
  facet normal 0.9335804264972019 -0.3583679495452999 0
    outer loop
      vertex 3.3481441022601324 -1.4906897968728077 2.9
      vertex 3.485622132221738 -1.1325472843841822 2.3167261889578032
      vertex 3.485622132221738 -1.1325472843841822 2.9
    endloop
  endfacet
  facet normal 0.9876883405951377 -0.15643446504023073 0
    outer loop
      vertex 3.5849109566893977 -0.761996346847088 2.9
      vertex 3.5849109566893977 -0.761996346847088 2.3167261889578037
      vertex 3.644922746524722 -0.38309681787594996 2.3167261889578032
    endloop
  endfacet
  facet normal 0.9659258262890682 -0.2588190451025212 0
    outer loop
      vertex 3.485622132221738 -1.1325472843841822 2.9
      vertex 3.5849109566893977 -0.761996346847088 2.3167261889578037
      vertex 3.5849109566893977 -0.761996346847088 2.9
    endloop
  endfacet
  facet normal 0.9876883405951378 -0.15643446504023073 0
    outer loop
      vertex 3.5849109566893977 -0.761996346847088 2.9
      vertex 3.644922746524722 -0.38309681787594996 2.3167261889578032
      vertex 3.644922746524722 -0.38309681787594996 2.9
    endloop
  endfacet
  facet normal 0.9986295347545738 -0.052335956242943835 0
    outer loop
      vertex 3.644922746524722 -0.38309681787594996 2.9
      vertex 3.644922746524722 -0.38309681787594996 2.3167261889578032
      vertex 3.665 0 2.3167261889578032
    endloop
  endfacet
  facet normal 0.9986295347545738 -0.052335956242943835 0
    outer loop
      vertex 3.644922746524722 -0.38309681787594996 2.9
      vertex 3.665 0 2.3167261889578032
      vertex 3.665 0 2.9
    endloop
  endfacet
  facet normal 0 0 1
    outer loop
      vertex 2.72362578537465 -2.4523636723052156 2.9
      vertex 2.9650472843841826 -2.154232949651914 2.9
      vertex 2.72362578537465 2.4523636723052156 2.9
    endloop
  endfacet
  facet normal 0 0 1
    outer loop
      vertex 2.9650472843841826 -2.154232949651914 2.9
      vertex 3.1739831048699676 -1.8325 2.9
      vertex 2.9650472843841826 2.154232949651914 2.9
    endloop
  endfacet
  facet normal 0 0 1
    outer loop
      vertex 3.1739831048699676 -1.8325 2.9
      vertex 3.3481441022601324 -1.4906897968728077 2.9
      vertex 3.1739831048699676 1.8325 2.9
    endloop
  endfacet
  facet normal 0 0 1
    outer loop
      vertex 3.3481441022601324 -1.4906897968728077 2.9
      vertex 3.485622132221738 -1.1325472843841822 2.9
      vertex 3.3481441022601324 1.4906897968728077 2.9
    endloop
  endfacet
  facet normal 0 0 1
    outer loop
      vertex 3.485622132221738 -1.1325472843841822 2.9
      vertex 3.5849109566893977 -0.761996346847088 2.9
      vertex 3.485622132221738 1.1325472843841822 2.9
    endloop
  endfacet
  facet normal 0 0 1
    outer loop
      vertex 3.5849109566893977 -0.761996346847088 2.9
      vertex 3.644922746524722 -0.38309681787594996 2.9
      vertex 3.5849109566893977 0.761996346847088 2.9
    endloop
  endfacet
  facet normal 0 0 -1
    outer loop
      vertex 0 2.5 0.4
      vertex 0 3.665 0.4
      vertex 0.2613211581691337 2.4863047384206833 0.4
    endloop
  endfacet
  facet normal 0 0 -1
    outer loop
      vertex 0.2613211581691337 2.4863047384206833 0.4
      vertex 0 3.665 0.4
      vertex 0.38309681787594996 3.644922746524722 0.4
    endloop
  endfacet
  facet normal 0 0 -1
    outer loop
      vertex 0.2613211581691337 2.4863047384206833 0.4
      vertex 0.761996346847088 3.5849109566893977 0.4
      vertex 0.5197792270443984 2.4453690018345142 0.4
    endloop
  endfacet
  facet normal 0 0 -1
    outer loop
      vertex 0.5197792270443984 2.4453690018345142 0.4
      vertex 1.1325472843841822 3.485622132221738 0.4
      vertex 0.7725424859373685 2.3776412907378837 0.4
    endloop
  endfacet
  facet normal 0 0 -1
    outer loop
      vertex 0.5197792270443984 2.4453690018345142 0.4
      vertex 0.761996346847088 3.5849109566893977 0.4
      vertex 1.1325472843841822 3.485622132221738 0.4
    endloop
  endfacet
  facet normal 0 0 -1
    outer loop
      vertex 0.2613211581691337 2.4863047384206833 0.4
      vertex 0.38309681787594996 3.644922746524722 0.4
      vertex 0.761996346847088 3.5849109566893977 0.4
    endloop
  endfacet
  facet normal 0.05233595624294384 0.9986295347545738 -7.752711811917419e-18
    outer loop
      vertex 0 3.665 0.4
      vertex 0.38309681787595 3.644922746524722 0.9832738110421965
      vertex 0.38309681787594996 3.644922746524722 0.4
    endloop
  endfacet
  facet normal 0.05233595624294383 0.9986295347545738 0
    outer loop
      vertex 0 3.665 0.4
      vertex 0 3.665 0.9832738110421962
      vertex 0.38309681787595 3.644922746524722 0.9832738110421965
    endloop
  endfacet
  facet normal 0.15643446504023076 0.9876883405951377 0
    outer loop
      vertex 0.38309681787594996 3.644922746524722 0.4
      vertex 0.761996346847088 3.5849109566893977 0.9832738110421959
      vertex 0.761996346847088 3.5849109566893977 0.4
    endloop
  endfacet
  facet normal 0.15643446504023076 0.9876883405951377 -1.4888131581139924e-17
    outer loop
      vertex 0.38309681787594996 3.644922746524722 0.4
      vertex 0.38309681787595 3.644922746524722 0.9832738110421965
      vertex 0.761996346847088 3.5849109566893977 0.9832738110421959
    endloop
  endfacet
  facet normal 0.2588190451025211 0.9659258262890682 0
    outer loop
      vertex 0.761996346847088 3.5849109566893977 0.4
      vertex 0.761996346847088 3.5849109566893977 0.9832738110421959
      vertex 1.1325472843841824 3.485622132221738 0.9832738110421964
    endloop
  endfacet
  facet normal 0 0 -1
    outer loop
      vertex 0.7725424859373685 2.3776412907378837 0.4
      vertex 1.1325472843841822 3.485622132221738 0.4
      vertex 1.0168416076895006 2.283863644106502 0.4
    endloop
  endfacet
  facet normal 0 0 -1
    outer loop
      vertex 1.0168416076895006 2.283863644106502 0.4
      vertex 1.4906897968728077 3.3481441022601324 0.4
      vertex 1.25 2.1650635094610964 0.4
    endloop
  endfacet
  facet normal 0 0 -1
    outer loop
      vertex 1.25 2.1650635094610964 0.4
      vertex 1.4906897968728077 3.3481441022601324 0.4
      vertex 1.469463130731183 2.0225424859373686 0.4
    endloop
  endfacet
  facet normal 0 0 -1
    outer loop
      vertex 1.469463130731183 2.0225424859373686 0.4
      vertex 1.8325 3.1739831048699676 0.4
      vertex 1.6728265158971456 1.8578620636934855 0.4
    endloop
  endfacet
  facet normal 0 0 -1
    outer loop
      vertex 1.0168416076895006 2.283863644106502 0.4
      vertex 1.1325472843841822 3.485622132221738 0.4
      vertex 1.4906897968728077 3.3481441022601324 0.4
    endloop
  endfacet
  facet normal 0 0 -1
    outer loop
      vertex 1.469463130731183 2.0225424859373686 0.4
      vertex 1.4906897968728077 3.3481441022601324 0.4
      vertex 1.8325 3.1739831048699676 0.4
    endloop
  endfacet
  facet normal 0.2588190451025212 0.9659258262890681 -1.2404338899067875e-16
    outer loop
      vertex 0.761996346847088 3.5849109566893977 0.4
      vertex 1.1325472843841824 3.485622132221738 0.9832738110421964
      vertex 1.1325472843841822 3.485622132221738 0.4
    endloop
  endfacet
  facet normal 0.3583679495452999 0.9335804264972019 -1.2404338899067867e-16
    outer loop
      vertex 1.1325472843841822 3.485622132221738 0.4
      vertex 1.490689796872808 3.3481441022601324 0.9832738110421966
      vertex 1.4906897968728077 3.3481441022601324 0.4
    endloop
  endfacet
  facet normal 0.35836794954529994 0.9335804264972019 -1.3642592598559682e-16
    outer loop
      vertex 1.1325472843841822 3.485622132221738 0.4
      vertex 1.1325472843841824 3.485622132221738 0.9832738110421964
      vertex 1.490689796872808 3.3481441022601324 0.9832738110421966
    endloop
  endfacet
  facet normal 0.4539904997395469 0.8910065241883678 0
    outer loop
      vertex 1.4906897968728077 3.3481441022601324 0.4
      vertex 1.8325 3.1739831048699676 0.9832738110421962
      vertex 1.8325 3.1739831048699676 0.4
    endloop
  endfacet
  facet normal 0.4539904997395472 0.8910065241883676 -1.7282816277018227e-16
    outer loop
      vertex 1.4906897968728077 3.3481441022601324 0.4
      vertex 1.490689796872808 3.3481441022601324 0.9832738110421966
      vertex 1.8325 3.1739831048699676 0.9832738110421962
    endloop
  endfacet
  facet normal 0 0 -1
    outer loop
      vertex 2.5 0 0.4
      vertex 2.4863047384206833 0.2613211581691337 0.4
      vertex 2.72362578537465 2.4523636723052156 0.4
    endloop
  endfacet
  facet normal 0 0 -1
    outer loop
      vertex 2.1650635094610964 1.25 0.4
      vertex 2.0225424859373686 1.469463130731183 0.4
      vertex 2.4523636723052156 2.72362578537465 0.4
    endloop
  endfacet
  facet normal 0 0 -1
    outer loop
      vertex 2.4453690018345142 0.5197792270443984 0.4
      vertex 2.3776412907378837 0.7725424859373685 0.4
      vertex 2.4523636723052156 2.72362578537465 0.4
    endloop
  endfacet
  facet normal 0 0 -1
    outer loop
      vertex 2.4863047384206833 0.2613211581691337 0.4
      vertex 2.4453690018345142 0.5197792270443984 0.4
      vertex 2.72362578537465 2.4523636723052156 0.4
    endloop
  endfacet
  facet normal 0 0 -1
    outer loop
      vertex 2.3776412907378837 0.7725424859373685 0.4
      vertex 2.283863644106502 1.0168416076895006 0.4
      vertex 2.4523636723052156 2.72362578537465 0.4
    endloop
  endfacet
  facet normal 0 0 -1
    outer loop
      vertex 2.283863644106502 1.0168416076895006 0.4
      vertex 2.1650635094610964 1.25 0.4
      vertex 2.4523636723052156 2.72362578537465 0.4
    endloop
  endfacet
  facet normal 0 0 -1
    outer loop
      vertex 2.72362578537465 -2.4523636723052156 0.4
      vertex 2.72362578537465 2.4523636723052156 0.4
      vertex 2.9650472843841826 2.154232949651914 0.4
    endloop
  endfacet
  facet normal 0 0 -1
    outer loop
      vertex 2.9650472843841826 -2.154232949651914 0.4
      vertex 2.9650472843841826 2.154232949651914 0.4
      vertex 3.1739831048699676 1.8325 0.4
    endloop
  endfacet
  facet normal 0 0 -1
    outer loop
      vertex 3.3481441022601324 -1.4906897968728077 0.4
      vertex 3.3481441022601324 1.4906897968728077 0.4
      vertex 3.485622132221738 1.1325472843841822 0.4
    endloop
  endfacet
  facet normal 0 0 -1
    outer loop
      vertex 3.644922746524722 -0.38309681787594996 0.4
      vertex 3.644922746524722 0.38309681787594996 0.4
      vertex 3.665 0 0.4
    endloop
  endfacet
  facet normal 0 0 -1
    outer loop
      vertex 3.5849109566893977 -0.761996346847088 0.4
      vertex 3.5849109566893977 0.761996346847088 0.4
      vertex 3.644922746524722 0.38309681787594996 0.4
    endloop
  endfacet
  facet normal 0 0 -1
    outer loop
      vertex 3.485622132221738 -1.1325472843841822 0.4
      vertex 3.485622132221738 1.1325472843841822 0.4
      vertex 3.5849109566893977 0.761996346847088 0.4
    endloop
  endfacet
  facet normal 0 0 -1
    outer loop
      vertex 3.1739831048699676 -1.8325 0.4
      vertex 3.1739831048699676 1.8325 0.4
      vertex 3.3481441022601324 1.4906897968728077 0.4
    endloop
  endfacet
  facet normal 0.9986295347545738 0.052335956242943835 0
    outer loop
      vertex 3.665 0 0.4
      vertex 3.644922746524722 0.38309681787594996 0.4
      vertex 3.665 0 0.9832738110421962
    endloop
  endfacet
  facet normal 0.9986295347545738 0.05233595624294384 0
    outer loop
      vertex 3.644922746524722 0.38309681787594996 0.4
      vertex 3.644922746524722 0.38309681787594996 0.9832738110421965
      vertex 3.665 0 0.9832738110421962
    endloop
  endfacet
  facet normal 0.9876883405951377 0.15643446504023073 0
    outer loop
      vertex 3.644922746524722 0.38309681787594996 0.4
      vertex 3.5849109566893977 0.761996346847088 0.4
      vertex 3.644922746524722 0.38309681787594996 0.9832738110421965
    endloop
  endfacet
  facet normal 0.9659258262890681 0.2588190451025212 0
    outer loop
      vertex 3.5849109566893977 0.761996346847088 0.4
      vertex 3.485622132221738 1.1325472843841822 0.4
      vertex 3.5849109566893977 0.761996346847088 0.9832738110421961
    endloop
  endfacet
  facet normal 0.9876883405951377 0.15643446504023076 0
    outer loop
      vertex 3.5849109566893977 0.761996346847088 0.4
      vertex 3.5849109566893977 0.761996346847088 0.9832738110421961
      vertex 3.644922746524722 0.38309681787594996 0.9832738110421965
    endloop
  endfacet
  facet normal 0.933580426497202 0.35836794954529994 0
    outer loop
      vertex 3.485622132221738 1.1325472843841822 0.4
      vertex 3.3481441022601324 1.4906897968728077 0.4
      vertex 3.485622132221738 1.1325472843841822 0.9832738110421964
    endloop
  endfacet
  facet normal 0.933580426497202 0.35836794954529994 0
    outer loop
      vertex 3.3481441022601324 1.4906897968728077 0.4
      vertex 3.3481441022601324 1.4906897968728077 0.9832738110421964
      vertex 3.485622132221738 1.1325472843841822 0.9832738110421964
    endloop
  endfacet
  facet normal 0.9659258262890681 0.2588190451025212 0
    outer loop
      vertex 3.485622132221738 1.1325472843841822 0.4
      vertex 3.485622132221738 1.1325472843841822 0.9832738110421964
      vertex 3.5849109566893977 0.761996346847088 0.9832738110421961
    endloop
  endfacet
  facet normal 0.8910065241883678 0.4539904997395469 0
    outer loop
      vertex 3.3481441022601324 1.4906897968728077 0.4
      vertex 3.1739831048699676 1.8325 0.4
      vertex 3.3481441022601324 1.4906897968728077 0.9832738110421964
    endloop
  endfacet
  facet normal 0.8910065241883678 0.4539904997395469 0
    outer loop
      vertex 3.1739831048699676 1.8325 0.4
      vertex 3.1739831048699676 1.8325 0.9832738110421964
      vertex 3.3481441022601324 1.4906897968728077 0.9832738110421964
    endloop
  endfacet
  facet normal 0 0 -1
    outer loop
      vertex 2.0225424859373686 1.469463130731183 0.4
      vertex 1.8578620636934855 1.6728265158971456 0.4
      vertex 2.154232949651914 2.9650472843841826 0.4
    endloop
  endfacet
  facet normal 0 0 -1
    outer loop
      vertex 1.6728265158971456 1.8578620636934855 0.4
      vertex 2.154232949651914 2.9650472843841826 0.4
      vertex 1.8578620636934855 1.6728265158971456 0.4
    endloop
  endfacet
  facet normal 0 0 -1
    outer loop
      vertex 1.6728265158971456 1.8578620636934855 0.4
      vertex 1.8325 3.1739831048699676 0.4
      vertex 2.154232949651914 2.9650472843841826 0.4
    endloop
  endfacet
  facet normal 0 0 -1
    outer loop
      vertex 2.0225424859373686 1.469463130731183 0.4
      vertex 2.154232949651914 2.9650472843841826 0.4
      vertex 2.4523636723052156 2.72362578537465 0.4
    endloop
  endfacet
  facet normal 0 0 -1
    outer loop
      vertex 2.4453690018345142 0.5197792270443984 0.4
      vertex 2.4523636723052156 2.72362578537465 0.4
      vertex 2.72362578537465 2.4523636723052156 0.4
    endloop
  endfacet
  facet normal 0.7071067811865475 0.7071067811865475 4.96173555962715e-16
    outer loop
      vertex 2.4523636723052156 2.72362578537465 0.4
      vertex 2.72362578537465 2.452363672305215 0.9832738110421965
      vertex 2.72362578537465 2.4523636723052156 0.4
    endloop
  endfacet
  facet normal 0.707106781186548 0.7071067811865469 0
    outer loop
      vertex 2.4523636723052156 2.72362578537465 0.4
      vertex 2.4523636723052156 2.72362578537465 0.9832738110421965
      vertex 2.72362578537465 2.452363672305215 0.9832738110421965
    endloop
  endfacet
  facet normal 0.5446390350150265 0.8386705679454245 0
    outer loop
      vertex 1.8325 3.1739831048699676 0.4
      vertex 2.154232949651914 2.9650472843841826 0.9832738110421962
      vertex 2.154232949651914 2.9650472843841826 0.4
    endloop
  endfacet
  facet normal 0.5446390350150265 0.8386705679454245 0
    outer loop
      vertex 1.8325 3.1739831048699676 0.4
      vertex 1.8325 3.1739831048699676 0.9832738110421962
      vertex 2.154232949651914 2.9650472843841826 0.9832738110421962
    endloop
  endfacet
  facet normal 0.6293203910498374 0.7771459614569709 0
    outer loop
      vertex 2.154232949651914 2.9650472843841826 0.4
      vertex 2.154232949651914 2.9650472843841826 0.9832738110421962
      vertex 2.4523636723052156 2.72362578537465 0.9832738110421965
    endloop
  endfacet
  facet normal 0.6293203910498375 0.7771459614569709 0
    outer loop
      vertex 2.4523636723052156 2.72362578537465 0.4
      vertex 2.154232949651914 2.9650472843841826 0.4
      vertex 2.4523636723052156 2.72362578537465 0.9832738110421965
    endloop
  endfacet
  facet normal 0.7771459614569709 0.6293203910498374 0
    outer loop
      vertex 2.72362578537465 2.4523636723052156 0.4
      vertex 2.9650472843841826 2.154232949651914 0.9832738110421962
      vertex 2.9650472843841826 2.154232949651914 0.4
    endloop
  endfacet
  facet normal 0.8386705679454244 0.5446390350150265 0
    outer loop
      vertex 2.9650472843841826 2.154232949651914 0.4
      vertex 3.1739831048699676 1.8325 0.9832738110421964
      vertex 3.1739831048699676 1.8325 0.4
    endloop
  endfacet
  facet normal 0.8386705679454245 0.5446390350150265 0
    outer loop
      vertex 2.9650472843841826 2.154232949651914 0.4
      vertex 2.9650472843841826 2.154232949651914 0.9832738110421962
      vertex 3.1739831048699676 1.8325 0.9832738110421964
    endloop
  endfacet
  facet normal 0.7771459614569703 0.629320391049838 4.791478545976353e-16
    outer loop
      vertex 2.72362578537465 2.4523636723052156 0.4
      vertex 2.72362578537465 2.452363672305215 0.9832738110421965
      vertex 2.9650472843841826 2.154232949651914 0.9832738110421962
    endloop
  endfacet
  facet normal 0.052335956242943835 0.9986295347545738 0
    outer loop
      vertex 0.38309681787594996 3.644922746524722 2.9
      vertex 0.38309681787594996 3.644922746524722 2.3167261889578032
      vertex 0 3.665 2.3167261889578032
    endloop
  endfacet
  facet normal 0.052335956242943835 0.9986295347545738 0
    outer loop
      vertex 0 3.665 2.9
      vertex 0.38309681787594996 3.644922746524722 2.9
      vertex 0 3.665 2.3167261889578032
    endloop
  endfacet
  facet normal 0.15643446504023073 0.9876883405951377 0
    outer loop
      vertex 0.761996346847088 3.5849109566893977 2.9
      vertex 0.761996346847088 3.5849109566893977 2.3167261889578037
      vertex 0.38309681787594996 3.644922746524722 2.3167261889578032
    endloop
  endfacet
  facet normal 0.15643446504023073 0.9876883405951378 0
    outer loop
      vertex 0.38309681787594996 3.644922746524722 2.9
      vertex 0.761996346847088 3.5849109566893977 2.9
      vertex 0.38309681787594996 3.644922746524722 2.3167261889578032
    endloop
  endfacet
  facet normal 0.2588190451025212 0.9659258262890682 0
    outer loop
      vertex 0.761996346847088 3.5849109566893977 2.9
      vertex 1.1325472843841822 3.485622132221738 2.9
      vertex 0.761996346847088 3.5849109566893977 2.3167261889578037
    endloop
  endfacet
  facet normal 0 0 1
    outer loop
      vertex 0 2.5 2.9
      vertex 0.2613211581691337 2.4863047384206833 2.9
      vertex 0 3.665 2.9
    endloop
  endfacet
  facet normal 0 0 1
    outer loop
      vertex 0.2613211581691337 2.4863047384206833 2.9
      vertex 0.5197792270443984 2.4453690018345142 2.9
      vertex 0.38309681787594996 3.644922746524722 2.9
    endloop
  endfacet
  facet normal 0 0 1
    outer loop
      vertex 0.2613211581691337 2.4863047384206833 2.9
      vertex 0.38309681787594996 3.644922746524722 2.9
      vertex 0 3.665 2.9
    endloop
  endfacet
  facet normal 0 0 1
    outer loop
      vertex 0.5197792270443984 2.4453690018345142 2.9
      vertex 0.7725424859373685 2.3776412907378837 2.9
      vertex 0.761996346847088 3.5849109566893977 2.9
    endloop
  endfacet
  facet normal 0 0 1
    outer loop
      vertex 0.7725424859373685 2.3776412907378837 2.9
      vertex 1.0168416076895006 2.283863644106502 2.9
      vertex 0.761996346847088 3.5849109566893977 2.9
    endloop
  endfacet
  facet normal 0 0 1
    outer loop
      vertex 0.5197792270443984 2.4453690018345142 2.9
      vertex 0.761996346847088 3.5849109566893977 2.9
      vertex 0.38309681787594996 3.644922746524722 2.9
    endloop
  endfacet
  facet normal 0 0 1
    outer loop
      vertex 1.0168416076895006 2.283863644106502 2.9
      vertex 1.25 2.1650635094610964 2.9
      vertex 1.1325472843841822 3.485622132221738 2.9
    endloop
  endfacet
  facet normal 0 0 1
    outer loop
      vertex 1.6728265158971456 1.8578620636934855 2.9
      vertex 1.8578620636934855 1.6728265158971456 2.9
      vertex 1.8325 3.1739831048699676 2.9
    endloop
  endfacet
  facet normal 0 0 1
    outer loop
      vertex 1.25 2.1650635094610964 2.9
      vertex 1.469463130731183 2.0225424859373686 2.9
      vertex 1.4906897968728077 3.3481441022601324 2.9
    endloop
  endfacet
  facet normal 0 0 1
    outer loop
      vertex 1.469463130731183 2.0225424859373686 2.9
      vertex 1.6728265158971456 1.8578620636934855 2.9
      vertex 1.4906897968728077 3.3481441022601324 2.9
    endloop
  endfacet
  facet normal 0.2588190451025212 0.9659258262890681 0
    outer loop
      vertex 1.1325472843841822 3.485622132221738 2.9
      vertex 1.1325472843841822 3.485622132221738 2.3167261889578032
      vertex 0.761996346847088 3.5849109566893977 2.3167261889578037
    endloop
  endfacet
  facet normal 0.3583679495452999 0.9335804264972019 0
    outer loop
      vertex 1.4906897968728077 3.3481441022601324 2.9
      vertex 1.4906897968728077 3.3481441022601324 2.3167261889578032
      vertex 1.1325472843841822 3.485622132221738 2.3167261889578032
    endloop
  endfacet
  facet normal 0.3583679495452999 0.9335804264972019 0
    outer loop
      vertex 1.1325472843841822 3.485622132221738 2.9
      vertex 1.4906897968728077 3.3481441022601324 2.9
      vertex 1.1325472843841822 3.485622132221738 2.3167261889578032
    endloop
  endfacet
  facet normal 0.45399049973954697 0.8910065241883678 0
    outer loop
      vertex 1.8325 3.1739831048699676 2.9
      vertex 1.8325 3.1739831048699676 2.3167261889578032
      vertex 1.4906897968728077 3.3481441022601324 2.3167261889578032
    endloop
  endfacet
  facet normal 0.45399049973954697 0.8910065241883678 0
    outer loop
      vertex 1.4906897968728077 3.3481441022601324 2.9
      vertex 1.8325 3.1739831048699676 2.9
      vertex 1.4906897968728077 3.3481441022601324 2.3167261889578032
    endloop
  endfacet
  facet normal 0 0 1
    outer loop
      vertex 0.761996346847088 3.5849109566893977 2.9
      vertex 1.0168416076895006 2.283863644106502 2.9
      vertex 1.1325472843841822 3.485622132221738 2.9
    endloop
  endfacet
  facet normal 0 0 1
    outer loop
      vertex 1.25 2.1650635094610964 2.9
      vertex 1.4906897968728077 3.3481441022601324 2.9
      vertex 1.1325472843841822 3.485622132221738 2.9
    endloop
  endfacet
  facet normal 0 0 1
    outer loop
      vertex 1.6728265158971456 1.8578620636934855 2.9
      vertex 1.8325 3.1739831048699676 2.9
      vertex 1.4906897968728077 3.3481441022601324 2.9
    endloop
  endfacet
  facet normal 0 0 1
    outer loop
      vertex 2.72362578537465 -2.4523636723052156 2.9
      vertex 2.4523636723052156 2.72362578537465 2.9
      vertex 2.5 0 2.9
    endloop
  endfacet
  facet normal 0 0 1
    outer loop
      vertex 2.72362578537465 -2.4523636723052156 2.9
      vertex 2.72362578537465 2.4523636723052156 2.9
      vertex 2.4523636723052156 2.72362578537465 2.9
    endloop
  endfacet
  facet normal 0 0 1
    outer loop
      vertex 2.283863644106502 1.0168416076895006 2.9
      vertex 2.154232949651914 2.9650472843841826 2.9
      vertex 2.1650635094610964 1.25 2.9
    endloop
  endfacet
  facet normal 0 0 1
    outer loop
      vertex 2.5 0 2.9
      vertex 2.4523636723052156 2.72362578537465 2.9
      vertex 2.4863047384206833 0.2613211581691337 2.9
    endloop
  endfacet
  facet normal 0 0 1
    outer loop
      vertex 2.4863047384206833 0.2613211581691337 2.9
      vertex 2.4523636723052156 2.72362578537465 2.9
      vertex 2.4453690018345142 0.5197792270443984 2.9
    endloop
  endfacet
  facet normal 0 0 1
    outer loop
      vertex 2.4453690018345142 0.5197792270443984 2.9
      vertex 2.4523636723052156 2.72362578537465 2.9
      vertex 2.3776412907378837 0.7725424859373685 2.9
    endloop
  endfacet
  facet normal 0 0 1
    outer loop
      vertex 2.3776412907378837 0.7725424859373685 2.9
      vertex 2.4523636723052156 2.72362578537465 2.9
      vertex 2.283863644106502 1.0168416076895006 2.9
    endloop
  endfacet
  facet normal 0.9986295347545738 0.05233595624294383 0
    outer loop
      vertex 3.665 0 2.9
      vertex 3.665 0 2.3167261889578032
      vertex 3.644922746524722 0.38309681787595 2.3167261889578032
    endloop
  endfacet
  facet normal 0.9986295347545738 0.052335956242943835 7.752711811917416e-18
    outer loop
      vertex 3.665 0 2.9
      vertex 3.644922746524722 0.38309681787595 2.3167261889578032
      vertex 3.644922746524722 0.38309681787594996 2.9
    endloop
  endfacet
  facet normal 0.9876883405951378 0.15643446504023076 1.4888131581139918e-17
    outer loop
      vertex 3.644922746524722 0.38309681787594996 2.9
      vertex 3.644922746524722 0.38309681787595 2.3167261889578032
      vertex 3.5849109566893977 0.761996346847088 2.3167261889578037
    endloop
  endfacet
  facet normal 0.9659258262890682 0.2588190451025212 0
    outer loop
      vertex 3.5849109566893977 0.761996346847088 2.9
      vertex 3.5849109566893977 0.761996346847088 2.3167261889578037
      vertex 3.485622132221738 1.1325472843841822 2.3167261889578032
    endloop
  endfacet
  facet normal 0.9876883405951377 0.15643446504023073 0
    outer loop
      vertex 3.644922746524722 0.38309681787594996 2.9
      vertex 3.5849109566893977 0.761996346847088 2.3167261889578037
      vertex 3.5849109566893977 0.761996346847088 2.9
    endloop
  endfacet
  facet normal 0 0 1
    outer loop
      vertex 2.9650472843841826 -2.154232949651914 2.9
      vertex 2.9650472843841826 2.154232949651914 2.9
      vertex 2.72362578537465 2.4523636723052156 2.9
    endloop
  endfacet
  facet normal 0 0 1
    outer loop
      vertex 3.1739831048699676 -1.8325 2.9
      vertex 3.1739831048699676 1.8325 2.9
      vertex 2.9650472843841826 2.154232949651914 2.9
    endloop
  endfacet
  facet normal 0 0 1
    outer loop
      vertex 3.644922746524722 -0.38309681787594996 2.9
      vertex 3.665 0 2.9
      vertex 3.644922746524722 0.38309681787594996 2.9
    endloop
  endfacet
  facet normal 0 0 1
    outer loop
      vertex 3.644922746524722 -0.38309681787594996 2.9
      vertex 3.644922746524722 0.38309681787594996 2.9
      vertex 3.5849109566893977 0.761996346847088 2.9
    endloop
  endfacet
  facet normal 0 0 1
    outer loop
      vertex 3.5849109566893977 -0.761996346847088 2.9
      vertex 3.5849109566893977 0.761996346847088 2.9
      vertex 3.485622132221738 1.1325472843841822 2.9
    endloop
  endfacet
  facet normal 0 0 1
    outer loop
      vertex 3.3481441022601324 -1.4906897968728077 2.9
      vertex 3.3481441022601324 1.4906897968728077 2.9
      vertex 3.1739831048699676 1.8325 2.9
    endloop
  endfacet
  facet normal 0 0 1
    outer loop
      vertex 3.485622132221738 -1.1325472843841822 2.9
      vertex 3.485622132221738 1.1325472843841822 2.9
      vertex 3.3481441022601324 1.4906897968728077 2.9
    endloop
  endfacet
  facet normal 0.933580426497202 0.3583679495452997 0
    outer loop
      vertex 3.485622132221738 1.1325472843841822 2.9
      vertex 3.485622132221738 1.1325472843841822 2.3167261889578032
      vertex 3.3481441022601324 1.490689796872808 2.3167261889578032
    endloop
  endfacet
  facet normal 0.9335804264972019 0.3583679495452999 1.2404338899067865e-16
    outer loop
      vertex 3.485622132221738 1.1325472843841822 2.9
      vertex 3.3481441022601324 1.490689796872808 2.3167261889578032
      vertex 3.3481441022601324 1.4906897968728077 2.9
    endloop
  endfacet
  facet normal 0.9659258262890681 0.2588190451025212 0
    outer loop
      vertex 3.5849109566893977 0.761996346847088 2.9
      vertex 3.485622132221738 1.1325472843841822 2.3167261889578032
      vertex 3.485622132221738 1.1325472843841822 2.9
    endloop
  endfacet
  facet normal 0.8910065241883677 0.4539904997395472 1.7282816277018225e-16
    outer loop
      vertex 3.3481441022601324 1.4906897968728077 2.9
      vertex 3.3481441022601324 1.490689796872808 2.3167261889578032
      vertex 3.1739831048699676 1.8325 2.3167261889578032
    endloop
  endfacet
  facet normal 0.8910065241883678 0.45399049973954697 0
    outer loop
      vertex 3.3481441022601324 1.4906897968728077 2.9
      vertex 3.1739831048699676 1.8325 2.3167261889578032
      vertex 3.1739831048699676 1.8325 2.9
    endloop
  endfacet
  facet normal 0.7071067811865476 0.7071067811865476 0
    outer loop
      vertex 2.72362578537465 2.4523636723052156 2.9
      vertex 2.72362578537465 2.4523636723052156 2.3167261889578032
      vertex 2.4523636723052156 2.72362578537465 2.3167261889578032
    endloop
  endfacet
  facet normal 0.7071067811865476 0.7071067811865476 0
    outer loop
      vertex 2.4523636723052156 2.72362578537465 2.9
      vertex 2.72362578537465 2.4523636723052156 2.9
      vertex 2.4523636723052156 2.72362578537465 2.3167261889578032
    endloop
  endfacet
  facet normal 0 0 1
    outer loop
      vertex 2.0225424859373686 1.469463130731183 2.9
      vertex 1.8325 3.1739831048699676 2.9
      vertex 1.8578620636934855 1.6728265158971456 2.9
    endloop
  endfacet
  facet normal 0 0 1
    outer loop
      vertex 2.1650635094610964 1.25 2.9
      vertex 2.154232949651914 2.9650472843841826 2.9
      vertex 2.0225424859373686 1.469463130731183 2.9
    endloop
  endfacet
  facet normal 0 0 1
    outer loop
      vertex 2.0225424859373686 1.469463130731183 2.9
      vertex 2.154232949651914 2.9650472843841826 2.9
      vertex 1.8325 3.1739831048699676 2.9
    endloop
  endfacet
  facet normal 0 0 1
    outer loop
      vertex 2.283863644106502 1.0168416076895006 2.9
      vertex 2.4523636723052156 2.72362578537465 2.9
      vertex 2.154232949651914 2.9650472843841826 2.9
    endloop
  endfacet
  facet normal 0.5446390350150265 0.8386705679454244 0
    outer loop
      vertex 2.154232949651914 2.9650472843841826 2.9
      vertex 2.154232949651914 2.9650472843841826 2.3167261889578032
      vertex 1.8325 3.1739831048699676 2.3167261889578032
    endloop
  endfacet
  facet normal 0.5446390350150265 0.8386705679454244 0
    outer loop
      vertex 1.8325 3.1739831048699676 2.9
      vertex 2.154232949651914 2.9650472843841826 2.9
      vertex 1.8325 3.1739831048699676 2.3167261889578032
    endloop
  endfacet
  facet normal 0.6293203910498375 0.7771459614569708 0
    outer loop
      vertex 2.4523636723052156 2.72362578537465 2.9
      vertex 2.154232949651914 2.9650472843841826 2.3167261889578032
      vertex 2.154232949651914 2.9650472843841826 2.9
    endloop
  endfacet
  facet normal 0.6293203910498375 0.7771459614569708 0
    outer loop
      vertex 2.4523636723052156 2.72362578537465 2.9
      vertex 2.4523636723052156 2.72362578537465 2.3167261889578032
      vertex 2.154232949651914 2.9650472843841826 2.3167261889578032
    endloop
  endfacet
  facet normal 0.777145961456971 0.6293203910498373 -1.125504686048549e-16
    outer loop
      vertex 2.9650472843841826 2.154232949651914 2.9
      vertex 2.965047284384182 2.1542329496519144 2.3167261889578037
      vertex 2.72362578537465 2.4523636723052156 2.3167261889578032
    endloop
  endfacet
  facet normal 0.8386705679454243 0.5446390350150269 0
    outer loop
      vertex 3.1739831048699676 1.8325 2.9
      vertex 3.1739831048699676 1.8325 2.3167261889578032
      vertex 2.965047284384182 2.1542329496519144 2.3167261889578037
    endloop
  endfacet
  facet normal 0.8386705679454245 0.5446390350150265 -2.2386781072297566e-16
    outer loop
      vertex 2.9650472843841826 2.154232949651914 2.9
      vertex 3.1739831048699676 1.8325 2.9
      vertex 2.965047284384182 2.1542329496519144 2.3167261889578037
    endloop
  endfacet
  facet normal 0.7771459614569708 0.6293203910498375 0
    outer loop
      vertex 2.72362578537465 2.4523636723052156 2.9
      vertex 2.9650472843841826 2.154232949651914 2.9
      vertex 2.72362578537465 2.4523636723052156 2.3167261889578032
    endloop
  endfacet
  facet normal -0.933580426497202 -0.35836794954529966 0
    outer loop
      vertex -2.283863644106502 -1.0168416076895006 0
      vertex -2.283863644106502 -1.0168416076895006 0.4
      vertex -2.3776412907378837 -0.7725424859373685 0
    endloop
  endfacet
  facet normal -0.8386705679454247 -0.544639035015026 0
    outer loop
      vertex -2.0225424859373686 -1.469463130731183 0
      vertex -2.0225424859373686 -1.469463130731183 0.4
      vertex -2.1650635094610964 -1.25 0
    endloop
  endfacet
  facet normal -0.7771459614569705 -0.629320391049838 0
    outer loop
      vertex -1.8578620636934855 -1.6728265158971456 0
      vertex -1.8578620636934855 -1.6728265158971456 0.4
      vertex -2.0225424859373686 -1.469463130731183 0
    endloop
  endfacet
  facet normal -0.7771459614569705 -0.629320391049838 0
    outer loop
      vertex -2.0225424859373686 -1.469463130731183 0
      vertex -1.8578620636934855 -1.6728265158971456 0.4
      vertex -2.0225424859373686 -1.469463130731183 0.4
    endloop
  endfacet
  facet normal -0.8910065241883677 -0.4539904997395473 0
    outer loop
      vertex -2.1650635094610964 -1.25 0
      vertex -2.1650635094610964 -1.25 0.4
      vertex -2.283863644106502 -1.0168416076895006 0
    endloop
  endfacet
  facet normal -0.8386705679454247 -0.544639035015026 0
    outer loop
      vertex -2.0225424859373686 -1.469463130731183 0.4
      vertex -2.1650635094610964 -1.25 0.4
      vertex -2.1650635094610964 -1.25 0
    endloop
  endfacet
  facet normal -0.8910065241883677 -0.4539904997395473 0
    outer loop
      vertex -2.283863644106502 -1.0168416076895006 0
      vertex -2.1650635094610964 -1.25 0.4
      vertex -2.283863644106502 -1.0168416076895006 0.4
    endloop
  endfacet
  facet normal -0.965925826289068 -0.2588190451025223 0
    outer loop
      vertex -2.3776412907378837 -0.7725424859373685 0
      vertex -2.3776412907378837 -0.7725424859373685 0.4
      vertex -2.4453690018345142 -0.5197792270443984 0
    endloop
  endfacet
  facet normal -0.933580426497202 -0.35836794954529966 0
    outer loop
      vertex -2.283863644106502 -1.0168416076895006 0.4
      vertex -2.3776412907378837 -0.7725424859373685 0.4
      vertex -2.3776412907378837 -0.7725424859373685 0
    endloop
  endfacet
  facet normal -0.965925826289068 -0.2588190451025223 0
    outer loop
      vertex -2.4453690018345142 -0.5197792270443984 0
      vertex -2.3776412907378837 -0.7725424859373685 0.4
      vertex -2.4453690018345142 -0.5197792270443984 0.4
    endloop
  endfacet
  facet normal 0 0 -1
    outer loop
      vertex -2.283863644106502 -1.0168416076895006 0
      vertex -2.3776412907378837 -0.7725424859373685 0
      vertex -2.283863644106502 1.0168416076895006 0
    endloop
  endfacet
  facet normal -0.9876883405951378 -0.15643446504023037 0
    outer loop
      vertex -2.4453690018345142 -0.5197792270443984 0
      vertex -2.4453690018345142 -0.5197792270443984 0.4
      vertex -2.4863047384206833 -0.2613211581691337 0
    endloop
  endfacet
  facet normal 0 0 -1
    outer loop
      vertex -2.4453690018345142 -0.5197792270443984 0
      vertex -2.4863047384206833 -0.2613211581691337 0
      vertex -2.4453690018345142 0.5197792270443984 0
    endloop
  endfacet
  facet normal 0 0 -1
    outer loop
      vertex -2.3776412907378837 -0.7725424859373685 0
      vertex -2.4453690018345142 -0.5197792270443984 0
      vertex -2.3776412907378837 0.7725424859373685 0
    endloop
  endfacet
  facet normal -0.9986295347545739 -0.052335956242943855 0
    outer loop
      vertex -2.4863047384206833 -0.2613211581691337 0
      vertex -2.4863047384206833 -0.2613211581691337 0.4
      vertex -2.5 0 0
    endloop
  endfacet
  facet normal -0.9876883405951378 -0.15643446504023037 0
    outer loop
      vertex -2.4453690018345142 -0.5197792270443984 0.4
      vertex -2.4863047384206833 -0.2613211581691337 0.4
      vertex -2.4863047384206833 -0.2613211581691337 0
    endloop
  endfacet
  facet normal -0.9986295347545739 -0.052335956242943855 0
    outer loop
      vertex -2.4863047384206833 -0.2613211581691337 0.4
      vertex -2.5 0 0.4
      vertex -2.5 0 0
    endloop
  endfacet
  facet normal 0 0 -1
    outer loop
      vertex -1.8578620636934855 -1.6728265158971456 0
      vertex -2.0225424859373686 -1.469463130731183 0
      vertex -1.8578620636934855 1.6728265158971456 0
    endloop
  endfacet
  facet normal 0 0 -1
    outer loop
      vertex -2.1650635094610964 -1.25 0
      vertex -2.283863644106502 -1.0168416076895006 0
      vertex -2.1650635094610964 1.25 0
    endloop
  endfacet
  facet normal 0 0 -1
    outer loop
      vertex -2.0225424859373686 -1.469463130731183 0
      vertex -2.1650635094610964 -1.25 0
      vertex -2.0225424859373686 1.469463130731183 0
    endloop
  endfacet
  facet normal -0.629320391049838 -0.7771459614569705 0
    outer loop
      vertex -1.6728265158971456 -1.8578620636934855 0
      vertex -1.469463130731183 -2.0225424859373686 0
      vertex -1.469463130731183 -2.0225424859373686 0.4
    endloop
  endfacet
  facet normal -0.629320391049838 -0.7771459614569705 0
    outer loop
      vertex -1.6728265158971456 -1.8578620636934855 0
      vertex -1.469463130731183 -2.0225424859373686 0.4
      vertex -1.6728265158971456 -1.8578620636934855 0.4
    endloop
  endfacet
  facet normal -0.544639035015026 -0.8386705679454247 0
    outer loop
      vertex -1.469463130731183 -2.0225424859373686 0
      vertex -1.25 -2.1650635094610964 0.4
      vertex -1.469463130731183 -2.0225424859373686 0.4
    endloop
  endfacet
  facet normal -0.35836794954529966 -0.933580426497202 0
    outer loop
      vertex -1.0168416076895006 -2.283863644106502 0
      vertex -0.7725424859373685 -2.3776412907378837 0.4
      vertex -1.0168416076895006 -2.283863644106502 0.4
    endloop
  endfacet
  facet normal -0.544639035015026 -0.8386705679454247 0
    outer loop
      vertex -1.469463130731183 -2.0225424859373686 0
      vertex -1.25 -2.1650635094610964 0
      vertex -1.25 -2.1650635094610964 0.4
    endloop
  endfacet
  facet normal -0.4539904997395473 -0.8910065241883677 0
    outer loop
      vertex -1.25 -2.1650635094610964 0
      vertex -1.0168416076895006 -2.283863644106502 0
      vertex -1.0168416076895006 -2.283863644106502 0.4
    endloop
  endfacet
  facet normal 0 0 -1
    outer loop
      vertex -1.25 -2.1650635094610964 0
      vertex -0.9992349288972043 -1.3753288904374106 0
      vertex -1.0168416076895006 -2.283863644106502 0
    endloop
  endfacet
  facet normal -0.4539904997395473 -0.8910065241883677 0
    outer loop
      vertex -1.25 -2.1650635094610964 0
      vertex -1.0168416076895006 -2.283863644106502 0.4
      vertex -1.25 -2.1650635094610964 0.4
    endloop
  endfacet
  facet normal -0.35836794954529966 -0.933580426497202 0
    outer loop
      vertex -1.0168416076895006 -2.283863644106502 0
      vertex -0.7725424859373685 -2.3776412907378837 0
      vertex -0.7725424859373685 -2.3776412907378837 0.4
    endloop
  endfacet
  facet normal -0.2588190451025223 -0.965925826289068 0
    outer loop
      vertex -0.7725424859373685 -2.3776412907378837 0
      vertex -0.5197792270443984 -2.4453690018345142 0
      vertex -0.5197792270443984 -2.4453690018345142 0.4
    endloop
  endfacet
  facet normal -0.2588190451025223 -0.965925826289068 0
    outer loop
      vertex -0.7725424859373685 -2.3776412907378837 0
      vertex -0.5197792270443984 -2.4453690018345142 0.4
      vertex -0.7725424859373685 -2.3776412907378837 0.4
    endloop
  endfacet
  facet normal 0 0 -1
    outer loop
      vertex -1.0168416076895006 -2.283863644106502 0
      vertex -0.6914522932288604 -1.5530272779924215 0
      vertex -0.7725424859373685 -2.3776412907378837 0
    endloop
  endfacet
  facet normal 0 0 -1
    outer loop
      vertex -0.7725424859373685 -2.3776412907378837 0
      vertex -0.3534498743901909 -1.6628509212474696 0
      vertex -0.5197792270443984 -2.4453690018345142 0
    endloop
  endfacet
  facet normal 0 0 -1
    outer loop
      vertex -0.7725424859373685 -2.3776412907378837 0
      vertex -0.6914522932288604 -1.5530272779924215 0
      vertex -0.5253288904374106 -1.616796077701761 0
    endloop
  endfacet
  facet normal 0 0 -1
    outer loop
      vertex -0.7725424859373685 -2.3776412907378837 0
      vertex -0.5253288904374106 -1.616796077701761 0
      vertex -0.3534498743901909 -1.6628509212474696 0
    endloop
  endfacet
  facet normal -0.15643446504023037 -0.9876883405951378 0
    outer loop
      vertex -0.5197792270443984 -2.4453690018345142 0
      vertex -0.2613211581691337 -2.4863047384206833 0
      vertex -0.2613211581691337 -2.4863047384206833 0.4
    endloop
  endfacet
  facet normal -0.052335956242943855 -0.9986295347545739 0
    outer loop
      vertex -0.2613211581691337 -2.4863047384206833 0
      vertex 0 -2.5 0
      vertex 0 -2.5 0.4
    endloop
  endfacet
  facet normal -0.15643446504023037 -0.9876883405951378 0
    outer loop
      vertex -0.5197792270443984 -2.4453690018345142 0
      vertex -0.2613211581691337 -2.4863047384206833 0.4
      vertex -0.5197792270443984 -2.4453690018345142 0.4
    endloop
  endfacet
  facet normal -0.052335956242943855 -0.9986295347545739 0
    outer loop
      vertex -0.2613211581691337 -2.4863047384206833 0
      vertex 0 -2.5 0.4
      vertex -0.2613211581691337 -2.4863047384206833 0.4
    endloop
  endfacet
  facet normal 0 0 -1
    outer loop
      vertex -0.5197792270443984 -2.4453690018345142 0
      vertex -0.17769838755501088 -1.6906872221260645 0
      vertex -0.2613211581691337 -2.4863047384206833 0
    endloop
  endfacet
  facet normal 0 0 -1
    outer loop
      vertex -0.5197792270443984 -2.4453690018345142 0
      vertex -0.3534498743901909 -1.6628509212474696 0
      vertex -0.17769838755501088 -1.6906872221260645 0
    endloop
  endfacet
  facet normal 0 0 -1
    outer loop
      vertex -0.2613211581691337 -2.4863047384206833 0
      vertex -0.17769838755501088 -1.6906872221260645 0
      vertex 0 -2.5 0
    endloop
  endfacet
  facet normal 0 0 -1
    outer loop
      vertex 0 -2.5 0
      vertex -0.17769838755501088 -1.6906872221260645 0
      vertex 0 -1.7 0
    endloop
  endfacet
  facet normal -0.7071067811865476 -0.7071067811865476 0
    outer loop
      vertex -1.8578620636934855 -1.6728265158971456 0
      vertex -1.6728265158971456 -1.8578620636934855 0
      vertex -1.6728265158971456 -1.8578620636934855 0.4
    endloop
  endfacet
  facet normal 0 0 -1
    outer loop
      vertex -1.6728265158971456 -1.8578620636934855 0
      vertex -1.3753288904374106 -0.9992349288972043 0
      vertex -1.469463130731183 -2.0225424859373686 0
    endloop
  endfacet
  facet normal -0.7071067811865476 -0.7071067811865476 0
    outer loop
      vertex -1.8578620636934855 -1.6728265158971456 0
      vertex -1.6728265158971456 -1.8578620636934855 0.4
      vertex -1.8578620636934855 -1.6728265158971456 0.4
    endloop
  endfacet
  facet normal 0 0 -1
    outer loop
      vertex -1.8578620636934855 -1.6728265158971456 0
      vertex -1.6628509212474696 -0.3534498743901909 0
      vertex -1.6728265158971456 -1.8578620636934855 0
    endloop
  endfacet
  facet normal 0 0 -1
    outer loop
      vertex -1.6728265158971456 -1.8578620636934855 0
      vertex -1.616796077701761 -0.5253288904374106 0
      vertex -1.5530272779924215 -0.6914522932288604 0
    endloop
  endfacet
  facet normal 0 0 -1
    outer loop
      vertex -1.6728265158971456 -1.8578620636934855 0
      vertex -1.4722431864335457 -0.85 0
      vertex -1.3753288904374106 -0.9992349288972043 0
    endloop
  endfacet
  facet normal 0 0 -1
    outer loop
      vertex -1.6728265158971456 -1.8578620636934855 0
      vertex -1.5530272779924215 -0.6914522932288604 0
      vertex -1.4722431864335457 -0.85 0
    endloop
  endfacet
  facet normal 0 0 -1
    outer loop
      vertex -1.469463130731183 -2.0225424859373686 0
      vertex -1.1375220308100589 -1.26334620331157 0
      vertex -1.25 -2.1650635094610964 0
    endloop
  endfacet
  facet normal 0 0 -1
    outer loop
      vertex -1.469463130731183 -2.0225424859373686 0
      vertex -1.3753288904374106 -0.9992349288972043 0
      vertex -1.26334620331157 -1.1375220308100589 0
    endloop
  endfacet
  facet normal 0 0 -1
    outer loop
      vertex -1.469463130731183 -2.0225424859373686 0
      vertex -1.26334620331157 -1.1375220308100589 0
      vertex -1.1375220308100589 -1.26334620331157 0
    endloop
  endfacet
  facet normal 0 0 -1
    outer loop
      vertex -1.0168416076895006 -2.283863644106502 0
      vertex -0.9992349288972043 -1.3753288904374106 0
      vertex -0.85 -1.4722431864335457 0
    endloop
  endfacet
  facet normal 0 0 -1
    outer loop
      vertex -1.25 -2.1650635094610964 0
      vertex -1.1375220308100589 -1.26334620331157 0
      vertex -0.9992349288972043 -1.3753288904374106 0
    endloop
  endfacet
  facet normal 0 0 -1
    outer loop
      vertex -1.8578620636934855 -1.6728265158971456 0
      vertex -1.6906872221260645 -0.17769838755501088 0
      vertex -1.6628509212474696 -0.3534498743901909 0
    endloop
  endfacet
  facet normal 0 0 -1
    outer loop
      vertex -1.6728265158971456 -1.8578620636934855 0
      vertex -1.6628509212474696 -0.3534498743901909 0
      vertex -1.616796077701761 -0.5253288904374106 0
    endloop
  endfacet
  facet normal 0 0 -1
    outer loop
      vertex -1.8578620636934855 -1.6728265158971456 0
      vertex -1.7 0 0
      vertex -1.6906872221260645 -0.17769838755501088 0
    endloop
  endfacet
  facet normal 0 0 -1
    outer loop
      vertex -1.0168416076895006 -2.283863644106502 0
      vertex -0.85 -1.4722431864335457 0
      vertex -0.6914522932288604 -1.5530272779924215 0
    endloop
  endfacet
  facet normal -0.933580426497202 -0.3583679495452996 0
    outer loop
      vertex -2.283863644106502 -1.0168416076895006 2.9
      vertex -2.283863644106502 -1.0168416076895006 3.3
      vertex -2.3776412907378837 -0.7725424859373685 2.9
    endloop
  endfacet
  facet normal -0.8386705679454248 -0.5446390350150261 0
    outer loop
      vertex -2.0225424859373686 -1.469463130731183 2.9
      vertex -2.0225424859373686 -1.469463130731183 3.3
      vertex -2.1650635094610964 -1.25 2.9
    endloop
  endfacet
  facet normal -0.7771459614569705 -0.629320391049838 0
    outer loop
      vertex -1.8578620636934855 -1.6728265158971456 2.9
      vertex -1.8578620636934855 -1.6728265158971456 3.3
      vertex -2.0225424859373686 -1.469463130731183 2.9
    endloop
  endfacet
  facet normal -0.7771459614569705 -0.629320391049838 0
    outer loop
      vertex -2.0225424859373686 -1.469463130731183 2.9
      vertex -1.8578620636934855 -1.6728265158971456 3.3
      vertex -2.0225424859373686 -1.469463130731183 3.3
    endloop
  endfacet
  facet normal -0.8910065241883677 -0.4539904997395473 0
    outer loop
      vertex -2.1650635094610964 -1.25 2.9
      vertex -2.1650635094610964 -1.25 3.3
      vertex -2.283863644106502 -1.0168416076895006 2.9
    endloop
  endfacet
  facet normal -0.8386705679454248 -0.5446390350150261 0
    outer loop
      vertex -2.0225424859373686 -1.469463130731183 3.3
      vertex -2.1650635094610964 -1.25 3.3
      vertex -2.1650635094610964 -1.25 2.9
    endloop
  endfacet
  facet normal -0.8910065241883677 -0.4539904997395473 0
    outer loop
      vertex -2.283863644106502 -1.0168416076895006 2.9
      vertex -2.1650635094610964 -1.25 3.3
      vertex -2.283863644106502 -1.0168416076895006 3.3
    endloop
  endfacet
  facet normal -0.9659258262890679 -0.25881904510252224 0
    outer loop
      vertex -2.3776412907378837 -0.7725424859373685 2.9
      vertex -2.3776412907378837 -0.7725424859373685 3.3
      vertex -2.4453690018345142 -0.5197792270443984 2.9
    endloop
  endfacet
  facet normal -0.933580426497202 -0.3583679495452996 0
    outer loop
      vertex -2.283863644106502 -1.0168416076895006 3.3
      vertex -2.3776412907378837 -0.7725424859373685 3.3
      vertex -2.3776412907378837 -0.7725424859373685 2.9
    endloop
  endfacet
  facet normal -0.9659258262890679 -0.25881904510252224 0
    outer loop
      vertex -2.4453690018345142 -0.5197792270443984 2.9
      vertex -2.3776412907378837 -0.7725424859373685 3.3
      vertex -2.4453690018345142 -0.5197792270443984 3.3
    endloop
  endfacet
  facet normal -0.9876883405951379 -0.1564344650402304 0
    outer loop
      vertex -2.4453690018345142 -0.5197792270443984 2.9
      vertex -2.4453690018345142 -0.5197792270443984 3.3
      vertex -2.4863047384206833 -0.2613211581691337 2.9
    endloop
  endfacet
  facet normal -0.9986295347545738 -0.05233595624294385 0
    outer loop
      vertex -2.4863047384206833 -0.2613211581691337 2.9
      vertex -2.4863047384206833 -0.2613211581691337 3.3
      vertex -2.5 0 2.9
    endloop
  endfacet
  facet normal -0.9876883405951379 -0.1564344650402304 0
    outer loop
      vertex -2.4453690018345142 -0.5197792270443984 3.3
      vertex -2.4863047384206833 -0.2613211581691337 3.3
      vertex -2.4863047384206833 -0.2613211581691337 2.9
    endloop
  endfacet
  facet normal 0 0 1
    outer loop
      vertex -2.3776412907378837 -0.7725424859373685 3.3
      vertex -2.4453690018345142 0.5197792270443984 3.3
      vertex -2.4453690018345142 -0.5197792270443984 3.3
    endloop
  endfacet
  facet normal 0 0 1
    outer loop
      vertex -2.283863644106502 -1.0168416076895006 3.3
      vertex -2.3776412907378837 0.7725424859373685 3.3
      vertex -2.3776412907378837 -0.7725424859373685 3.3
    endloop
  endfacet
  facet normal -0.9986295347545738 -0.05233595624294385 0
    outer loop
      vertex -2.4863047384206833 -0.2613211581691337 3.3
      vertex -2.5 0 3.3
      vertex -2.5 0 2.9
    endloop
  endfacet
  facet normal 0 0 1
    outer loop
      vertex -2.4453690018345142 -0.5197792270443984 3.3
      vertex -2.4863047384206833 0.2613211581691337 3.3
      vertex -2.4863047384206833 -0.2613211581691337 3.3
    endloop
  endfacet
  facet normal 0 0 1
    outer loop
      vertex -2.0225424859373686 -1.469463130731183 3.3
      vertex -2.1650635094610964 1.25 3.3
      vertex -2.1650635094610964 -1.25 3.3
    endloop
  endfacet
  facet normal 0 0 1
    outer loop
      vertex -1.8578620636934855 -1.6728265158971456 3.3
      vertex -2.0225424859373686 1.469463130731183 3.3
      vertex -2.0225424859373686 -1.469463130731183 3.3
    endloop
  endfacet
  facet normal 0 0 1
    outer loop
      vertex -2.1650635094610964 -1.25 3.3
      vertex -2.283863644106502 1.0168416076895006 3.3
      vertex -2.283863644106502 -1.0168416076895006 3.3
    endloop
  endfacet
  facet normal -0.629320391049838 -0.7771459614569705 0
    outer loop
      vertex -1.6728265158971456 -1.8578620636934855 2.9
      vertex -1.469463130731183 -2.0225424859373686 2.9
      vertex -1.469463130731183 -2.0225424859373686 3.3
    endloop
  endfacet
  facet normal -0.629320391049838 -0.7771459614569705 0
    outer loop
      vertex -1.6728265158971456 -1.8578620636934855 2.9
      vertex -1.469463130731183 -2.0225424859373686 3.3
      vertex -1.6728265158971456 -1.8578620636934855 3.3
    endloop
  endfacet
  facet normal -0.5446390350150261 -0.8386705679454248 0
    outer loop
      vertex -1.469463130731183 -2.0225424859373686 2.9
      vertex -1.25 -2.1650635094610964 3.3
      vertex -1.469463130731183 -2.0225424859373686 3.3
    endloop
  endfacet
  facet normal -0.3583679495452996 -0.933580426497202 0
    outer loop
      vertex -1.0168416076895006 -2.283863644106502 2.9
      vertex -0.7725424859373685 -2.3776412907378837 3.3
      vertex -1.0168416076895006 -2.283863644106502 3.3
    endloop
  endfacet
  facet normal -0.5446390350150261 -0.8386705679454248 0
    outer loop
      vertex -1.469463130731183 -2.0225424859373686 2.9
      vertex -1.25 -2.1650635094610964 2.9
      vertex -1.25 -2.1650635094610964 3.3
    endloop
  endfacet
  facet normal -0.4539904997395473 -0.8910065241883677 0
    outer loop
      vertex -1.25 -2.1650635094610964 2.9
      vertex -1.0168416076895006 -2.283863644106502 2.9
      vertex -1.0168416076895006 -2.283863644106502 3.3
    endloop
  endfacet
  facet normal -0.4539904997395473 -0.8910065241883677 0
    outer loop
      vertex -1.25 -2.1650635094610964 2.9
      vertex -1.0168416076895006 -2.283863644106502 3.3
      vertex -1.25 -2.1650635094610964 3.3
    endloop
  endfacet
  facet normal 0 0 1
    outer loop
      vertex -1.25 -2.1650635094610964 3.3
      vertex -1.0168416076895006 -2.283863644106502 3.3
      vertex -1.1375220308100589 -1.26334620331157 3.3
    endloop
  endfacet
  facet normal -0.3583679495452996 -0.933580426497202 0
    outer loop
      vertex -1.0168416076895006 -2.283863644106502 2.9
      vertex -0.7725424859373685 -2.3776412907378837 2.9
      vertex -0.7725424859373685 -2.3776412907378837 3.3
    endloop
  endfacet
  facet normal -0.25881904510252224 -0.9659258262890679 0
    outer loop
      vertex -0.7725424859373685 -2.3776412907378837 2.9
      vertex -0.5197792270443984 -2.4453690018345142 2.9
      vertex -0.5197792270443984 -2.4453690018345142 3.3
    endloop
  endfacet
  facet normal -0.25881904510252224 -0.9659258262890679 0
    outer loop
      vertex -0.7725424859373685 -2.3776412907378837 2.9
      vertex -0.5197792270443984 -2.4453690018345142 3.3
      vertex -0.7725424859373685 -2.3776412907378837 3.3
    endloop
  endfacet
  facet normal 0 0 1
    outer loop
      vertex -1.0168416076895006 -2.283863644106502 3.3
      vertex -0.7725424859373685 -2.3776412907378837 3.3
      vertex -0.85 -1.4722431864335457 3.3
    endloop
  endfacet
  facet normal 0 0 1
    outer loop
      vertex -0.7725424859373685 -2.3776412907378837 3.3
      vertex -0.5197792270443984 -2.4453690018345142 3.3
      vertex -0.6914522932288604 -1.5530272779924215 3.3
    endloop
  endfacet
  facet normal 0 0 1
    outer loop
      vertex -0.5197792270443984 -2.4453690018345142 3.3
      vertex -0.5253288904374106 -1.616796077701761 3.3
      vertex -0.6914522932288604 -1.5530272779924215 3.3
    endloop
  endfacet
  facet normal 0 0 1
    outer loop
      vertex -0.5197792270443984 -2.4453690018345142 3.3
      vertex -0.3534498743901909 -1.6628509212474696 3.3
      vertex -0.5253288904374106 -1.616796077701761 3.3
    endloop
  endfacet
  facet normal -0.1564344650402304 -0.9876883405951379 0
    outer loop
      vertex -0.5197792270443984 -2.4453690018345142 2.9
      vertex -0.2613211581691337 -2.4863047384206833 2.9
      vertex -0.2613211581691337 -2.4863047384206833 3.3
    endloop
  endfacet
  facet normal -0.05233595624294385 -0.9986295347545738 0
    outer loop
      vertex -0.2613211581691337 -2.4863047384206833 2.9
      vertex 0 -2.5 2.9
      vertex 0 -2.5 3.3
    endloop
  endfacet
  facet normal -0.1564344650402304 -0.9876883405951379 0
    outer loop
      vertex -0.5197792270443984 -2.4453690018345142 2.9
      vertex -0.2613211581691337 -2.4863047384206833 3.3
      vertex -0.5197792270443984 -2.4453690018345142 3.3
    endloop
  endfacet
  facet normal -0.05233595624294385 -0.9986295347545738 0
    outer loop
      vertex -0.2613211581691337 -2.4863047384206833 2.9
      vertex 0 -2.5 3.3
      vertex -0.2613211581691337 -2.4863047384206833 3.3
    endloop
  endfacet
  facet normal 0 0 1
    outer loop
      vertex -0.5197792270443984 -2.4453690018345142 3.3
      vertex -0.2613211581691337 -2.4863047384206833 3.3
      vertex -0.3534498743901909 -1.6628509212474696 3.3
    endloop
  endfacet
  facet normal 0 0 1
    outer loop
      vertex -0.2613211581691337 -2.4863047384206833 3.3
      vertex -0.17769838755501088 -1.6906872221260645 3.3
      vertex -0.3534498743901909 -1.6628509212474696 3.3
    endloop
  endfacet
  facet normal 0 0 1
    outer loop
      vertex -0.2613211581691337 -2.4863047384206833 3.3
      vertex 0 -2.5 3.3
      vertex -0.17769838755501088 -1.6906872221260645 3.3
    endloop
  endfacet
  facet normal 0 0 1
    outer loop
      vertex 0 -2.5 3.3
      vertex 0 -1.7 3.3
      vertex -0.17769838755501088 -1.6906872221260645 3.3
    endloop
  endfacet
  facet normal -0.7071067811865475 -0.7071067811865475 0
    outer loop
      vertex -1.8578620636934855 -1.6728265158971456 2.9
      vertex -1.6728265158971456 -1.8578620636934855 2.9
      vertex -1.6728265158971456 -1.8578620636934855 3.3
    endloop
  endfacet
  facet normal -0.7071067811865475 -0.7071067811865475 0
    outer loop
      vertex -1.8578620636934855 -1.6728265158971456 2.9
      vertex -1.6728265158971456 -1.8578620636934855 3.3
      vertex -1.8578620636934855 -1.6728265158971456 3.3
    endloop
  endfacet
  facet normal 0 0 1
    outer loop
      vertex -1.6728265158971456 -1.8578620636934855 3.3
      vertex -1.469463130731183 -2.0225424859373686 3.3
      vertex -1.5530272779924215 -0.6914522932288604 3.3
    endloop
  endfacet
  facet normal 0 0 1
    outer loop
      vertex -1.6728265158971456 -1.8578620636934855 3.3
      vertex -1.5530272779924215 -0.6914522932288604 3.3
      vertex -1.616796077701761 -0.5253288904374106 3.3
    endloop
  endfacet
  facet normal 0 0 1
    outer loop
      vertex -1.469463130731183 -2.0225424859373686 3.3
      vertex -1.4722431864335457 -0.85 3.3
      vertex -1.5530272779924215 -0.6914522932288604 3.3
    endloop
  endfacet
  facet normal 0 0 1
    outer loop
      vertex -1.469463130731183 -2.0225424859373686 3.3
      vertex -1.3753288904374106 -0.9992349288972043 3.3
      vertex -1.4722431864335457 -0.85 3.3
    endloop
  endfacet
  facet normal 0 0 1
    outer loop
      vertex -1.469463130731183 -2.0225424859373686 3.3
      vertex -1.25 -2.1650635094610964 3.3
      vertex -1.3753288904374106 -0.9992349288972043 3.3
    endloop
  endfacet
  facet normal 0 0 1
    outer loop
      vertex -1.25 -2.1650635094610964 3.3
      vertex -1.26334620331157 -1.1375220308100589 3.3
      vertex -1.3753288904374106 -0.9992349288972043 3.3
    endloop
  endfacet
  facet normal 0 0 1
    outer loop
      vertex -1.25 -2.1650635094610964 3.3
      vertex -1.1375220308100589 -1.26334620331157 3.3
      vertex -1.26334620331157 -1.1375220308100589 3.3
    endloop
  endfacet
  facet normal 0 0 1
    outer loop
      vertex -1.0168416076895006 -2.283863644106502 3.3
      vertex -0.9992349288972043 -1.3753288904374106 3.3
      vertex -1.1375220308100589 -1.26334620331157 3.3
    endloop
  endfacet
  facet normal 0 0 1
    outer loop
      vertex -1.0168416076895006 -2.283863644106502 3.3
      vertex -0.85 -1.4722431864335457 3.3
      vertex -0.9992349288972043 -1.3753288904374106 3.3
    endloop
  endfacet
  facet normal 0 0 1
    outer loop
      vertex -1.6728265158971456 -1.8578620636934855 3.3
      vertex -1.616796077701761 -0.5253288904374106 3.3
      vertex -1.6628509212474696 -0.3534498743901909 3.3
    endloop
  endfacet
  facet normal 0 0 1
    outer loop
      vertex -1.6728265158971456 -1.8578620636934855 3.3
      vertex -1.6628509212474696 -0.3534498743901909 3.3
      vertex -1.6906872221260645 -0.17769838755501088 3.3
    endloop
  endfacet
  facet normal 0 0 1
    outer loop
      vertex -1.8578620636934855 -1.6728265158971456 3.3
      vertex -1.6728265158971456 -1.8578620636934855 3.3
      vertex -1.8578620636934855 1.6728265158971456 3.3
    endloop
  endfacet
  facet normal 0 0 1
    outer loop
      vertex -1.6728265158971456 -1.8578620636934855 3.3
      vertex -1.6906872221260645 -0.17769838755501088 3.3
      vertex -1.7 0 3.3
    endloop
  endfacet
  facet normal 0 0 1
    outer loop
      vertex -1.6728265158971456 -1.8578620636934855 3.3
      vertex -1.7 0 3.3
      vertex -1.8578620636934855 1.6728265158971456 3.3
    endloop
  endfacet
  facet normal 0 0 1
    outer loop
      vertex -0.7725424859373685 -2.3776412907378837 3.3
      vertex -0.6914522932288604 -1.5530272779924215 3.3
      vertex -0.85 -1.4722431864335457 3.3
    endloop
  endfacet
  facet normal 0 0 -1
    outer loop
      vertex -2.4863047384206833 -0.2613211581691337 0
      vertex -2.5 0 0
      vertex -2.4863047384206833 0.2613211581691337 0
    endloop
  endfacet
  facet normal 0 0 -1
    outer loop
      vertex -2.4863047384206833 -0.2613211581691337 0
      vertex -2.4863047384206833 0.2613211581691337 0
      vertex -2.4453690018345142 0.5197792270443984 0
    endloop
  endfacet
  facet normal -0.9986295347545739 0.052335956242943855 0
    outer loop
      vertex -2.5 0 0
      vertex -2.5 0 0.4
      vertex -2.4863047384206833 0.2613211581691337 0
    endloop
  endfacet
  facet normal 0 0 -1
    outer loop
      vertex -2.4453690018345142 -0.5197792270443984 0
      vertex -2.4453690018345142 0.5197792270443984 0
      vertex -2.3776412907378837 0.7725424859373685 0
    endloop
  endfacet
  facet normal 0 0 -1
    outer loop
      vertex -2.3776412907378837 -0.7725424859373685 0
      vertex -2.3776412907378837 0.7725424859373685 0
      vertex -2.283863644106502 1.0168416076895006 0
    endloop
  endfacet
  facet normal -0.9876883405951378 0.15643446504023037 0
    outer loop
      vertex -2.4863047384206833 0.2613211581691337 0
      vertex -2.4863047384206833 0.2613211581691337 0.4
      vertex -2.4453690018345142 0.5197792270443984 0
    endloop
  endfacet
  facet normal -0.9986295347545739 0.052335956242943855 0
    outer loop
      vertex -2.4863047384206833 0.2613211581691337 0
      vertex -2.5 0 0.4
      vertex -2.4863047384206833 0.2613211581691337 0.4
    endloop
  endfacet
  facet normal -0.9876883405951378 0.15643446504023037 0
    outer loop
      vertex -2.4863047384206833 0.2613211581691337 0.4
      vertex -2.4453690018345142 0.5197792270443984 0.4
      vertex -2.4453690018345142 0.5197792270443984 0
    endloop
  endfacet
  facet normal -0.965925826289068 0.2588190451025223 0
    outer loop
      vertex -2.4453690018345142 0.5197792270443984 0
      vertex -2.4453690018345142 0.5197792270443984 0.4
      vertex -2.3776412907378837 0.7725424859373685 0
    endloop
  endfacet
  facet normal -0.933580426497202 0.35836794954529966 0
    outer loop
      vertex -2.3776412907378837 0.7725424859373685 0
      vertex -2.3776412907378837 0.7725424859373685 0.4
      vertex -2.283863644106502 1.0168416076895006 0
    endloop
  endfacet
  facet normal -0.965925826289068 0.2588190451025223 0
    outer loop
      vertex -2.3776412907378837 0.7725424859373685 0
      vertex -2.4453690018345142 0.5197792270443984 0.4
      vertex -2.3776412907378837 0.7725424859373685 0.4
    endloop
  endfacet
  facet normal 0 0 -1
    outer loop
      vertex -2.283863644106502 -1.0168416076895006 0
      vertex -2.283863644106502 1.0168416076895006 0
      vertex -2.1650635094610964 1.25 0
    endloop
  endfacet
  facet normal 0 0 -1
    outer loop
      vertex -2.1650635094610964 -1.25 0
      vertex -2.1650635094610964 1.25 0
      vertex -2.0225424859373686 1.469463130731183 0
    endloop
  endfacet
  facet normal 0 0 -1
    outer loop
      vertex -2.0225424859373686 -1.469463130731183 0
      vertex -2.0225424859373686 1.469463130731183 0
      vertex -1.8578620636934855 1.6728265158971456 0
    endloop
  endfacet
  facet normal -0.933580426497202 0.35836794954529966 0
    outer loop
      vertex -2.3776412907378837 0.7725424859373685 0.4
      vertex -2.283863644106502 1.0168416076895006 0.4
      vertex -2.283863644106502 1.0168416076895006 0
    endloop
  endfacet
  facet normal -0.8910065241883677 0.4539904997395473 0
    outer loop
      vertex -2.283863644106502 1.0168416076895006 0
      vertex -2.283863644106502 1.0168416076895006 0.4
      vertex -2.1650635094610964 1.25 0
    endloop
  endfacet
  facet normal -0.8386705679454247 0.544639035015026 0
    outer loop
      vertex -2.1650635094610964 1.25 0
      vertex -2.1650635094610964 1.25 0.4
      vertex -2.0225424859373686 1.469463130731183 0
    endloop
  endfacet
  facet normal -0.8910065241883677 0.4539904997395473 0
    outer loop
      vertex -2.1650635094610964 1.25 0
      vertex -2.283863644106502 1.0168416076895006 0.4
      vertex -2.1650635094610964 1.25 0.4
    endloop
  endfacet
  facet normal -0.7771459614569705 0.629320391049838 0
    outer loop
      vertex -2.0225424859373686 1.469463130731183 0
      vertex -2.0225424859373686 1.469463130731183 0.4
      vertex -1.8578620636934855 1.6728265158971456 0
    endloop
  endfacet
  facet normal -0.8386705679454247 0.544639035015026 0
    outer loop
      vertex -2.1650635094610964 1.25 0.4
      vertex -2.0225424859373686 1.469463130731183 0.4
      vertex -2.0225424859373686 1.469463130731183 0
    endloop
  endfacet
  facet normal -0.7771459614569705 0.629320391049838 0
    outer loop
      vertex -1.8578620636934855 1.6728265158971456 0
      vertex -2.0225424859373686 1.469463130731183 0.4
      vertex -1.8578620636934855 1.6728265158971456 0.4
    endloop
  endfacet
  facet normal 0 0 -1
    outer loop
      vertex -1.8578620636934855 -1.6728265158971456 0
      vertex -1.6728265158971456 1.8578620636934855 0
      vertex -1.7 0 0
    endloop
  endfacet
  facet normal 0 0 -1
    outer loop
      vertex -1.8578620636934855 -1.6728265158971456 0
      vertex -1.8578620636934855 1.6728265158971456 0
      vertex -1.6728265158971456 1.8578620636934855 0
    endloop
  endfacet
  facet normal 0 0 -1
    outer loop
      vertex -1.6728265158971456 1.8578620636934855 0
      vertex -1.6906872221260645 0.17769838755501088 0
      vertex -1.7 0 0
    endloop
  endfacet
  facet normal 0 0 -1
    outer loop
      vertex -1.6728265158971456 1.8578620636934855 0
      vertex -1.6628509212474696 0.3534498743901909 0
      vertex -1.6906872221260645 0.17769838755501088 0
    endloop
  endfacet
  facet normal 0 0 -1
    outer loop
      vertex -1.6728265158971456 1.8578620636934855 0
      vertex -1.616796077701761 0.5253288904374106 0
      vertex -1.6628509212474696 0.3534498743901909 0
    endloop
  endfacet
  facet normal 0 0 -1
    outer loop
      vertex -1.6728265158971456 1.8578620636934855 0
      vertex -1.5530272779924215 0.6914522932288604 0
      vertex -1.616796077701761 0.5253288904374106 0
    endloop
  endfacet
  facet normal 0 0 -1
    outer loop
      vertex -1.469463130731183 2.0225424859373686 0
      vertex -1.4722431864335457 0.85 0
      vertex -1.5530272779924215 0.6914522932288604 0
    endloop
  endfacet
  facet normal 0 0 -1
    outer loop
      vertex -1.469463130731183 2.0225424859373686 0
      vertex -1.3753288904374106 0.9992349288972043 0
      vertex -1.4722431864335457 0.85 0
    endloop
  endfacet
  facet normal -0.7071067811865476 0.7071067811865476 0
    outer loop
      vertex -1.8578620636934855 1.6728265158971456 0
      vertex -1.8578620636934855 1.6728265158971456 0.4
      vertex -1.6728265158971456 1.8578620636934855 0
    endloop
  endfacet
  facet normal 0 0 -1
    outer loop
      vertex -1.6728265158971456 1.8578620636934855 0
      vertex -1.469463130731183 2.0225424859373686 0
      vertex -1.5530272779924215 0.6914522932288604 0
    endloop
  endfacet
  facet normal -0.7071067811865476 0.7071067811865476 0
    outer loop
      vertex -1.8578620636934855 1.6728265158971456 0.4
      vertex -1.6728265158971456 1.8578620636934855 0.4
      vertex -1.6728265158971456 1.8578620636934855 0
    endloop
  endfacet
  facet normal 0 0 -1
    outer loop
      vertex -1.25 2.1650635094610964 0
      vertex -1.26334620331157 1.1375220308100589 0
      vertex -1.3753288904374106 0.9992349288972043 0
    endloop
  endfacet
  facet normal 0 0 -1
    outer loop
      vertex -1.25 2.1650635094610964 0
      vertex -1.1375220308100589 1.26334620331157 0
      vertex -1.26334620331157 1.1375220308100589 0
    endloop
  endfacet
  facet normal 0 0 -1
    outer loop
      vertex -1.469463130731183 2.0225424859373686 0
      vertex -1.25 2.1650635094610964 0
      vertex -1.3753288904374106 0.9992349288972043 0
    endloop
  endfacet
  facet normal 0 0 -1
    outer loop
      vertex -1.0168416076895006 2.283863644106502 0
      vertex -0.9992349288972043 1.3753288904374106 0
      vertex -1.1375220308100589 1.26334620331157 0
    endloop
  endfacet
  facet normal 0 0 -1
    outer loop
      vertex -1.0168416076895006 2.283863644106502 0
      vertex -0.85 1.4722431864335457 0
      vertex -0.9992349288972043 1.3753288904374106 0
    endloop
  endfacet
  facet normal 0 0 -1
    outer loop
      vertex -0.7725424859373685 2.3776412907378837 0
      vertex -0.6914522932288604 1.5530272779924215 0
      vertex -0.85 1.4722431864335457 0
    endloop
  endfacet
  facet normal -0.629320391049838 0.7771459614569705 0
    outer loop
      vertex -1.6728265158971456 1.8578620636934855 0
      vertex -1.6728265158971456 1.8578620636934855 0.4
      vertex -1.469463130731183 2.0225424859373686 0
    endloop
  endfacet
  facet normal -0.544639035015026 0.8386705679454247 0
    outer loop
      vertex -1.469463130731183 2.0225424859373686 0
      vertex -1.469463130731183 2.0225424859373686 0.4
      vertex -1.25 2.1650635094610964 0
    endloop
  endfacet
  facet normal -0.629320391049838 0.7771459614569705 0
    outer loop
      vertex -1.469463130731183 2.0225424859373686 0
      vertex -1.6728265158971456 1.8578620636934855 0.4
      vertex -1.469463130731183 2.0225424859373686 0.4
    endloop
  endfacet
  facet normal -0.4539904997395473 0.8910065241883677 0
    outer loop
      vertex -1.25 2.1650635094610964 0
      vertex -1.25 2.1650635094610964 0.4
      vertex -1.0168416076895006 2.283863644106502 0
    endloop
  endfacet
  facet normal 0 0 -1
    outer loop
      vertex -1.25 2.1650635094610964 0
      vertex -1.0168416076895006 2.283863644106502 0
      vertex -1.1375220308100589 1.26334620331157 0
    endloop
  endfacet
  facet normal -0.544639035015026 0.8386705679454247 0
    outer loop
      vertex -1.469463130731183 2.0225424859373686 0.4
      vertex -1.25 2.1650635094610964 0.4
      vertex -1.25 2.1650635094610964 0
    endloop
  endfacet
  facet normal -0.4539904997395473 0.8910065241883677 0
    outer loop
      vertex -1.0168416076895006 2.283863644106502 0
      vertex -1.25 2.1650635094610964 0.4
      vertex -1.0168416076895006 2.283863644106502 0.4
    endloop
  endfacet
  facet normal -0.35836794954529966 0.933580426497202 0
    outer loop
      vertex -1.0168416076895006 2.283863644106502 0
      vertex -1.0168416076895006 2.283863644106502 0.4
      vertex -0.7725424859373685 2.3776412907378837 0
    endloop
  endfacet
  facet normal 0 0 -1
    outer loop
      vertex -1.0168416076895006 2.283863644106502 0
      vertex -0.7725424859373685 2.3776412907378837 0
      vertex -0.85 1.4722431864335457 0
    endloop
  endfacet
  facet normal 0 0 -1
    outer loop
      vertex -0.5197792270443984 2.4453690018345142 0
      vertex -0.5253288904374106 1.616796077701761 0
      vertex -0.6914522932288604 1.5530272779924215 0
    endloop
  endfacet
  facet normal 0 0 -1
    outer loop
      vertex -0.5197792270443984 2.4453690018345142 0
      vertex -0.3534498743901909 1.6628509212474696 0
      vertex -0.5253288904374106 1.616796077701761 0
    endloop
  endfacet
  facet normal 0 0 -1
    outer loop
      vertex -0.7725424859373685 2.3776412907378837 0
      vertex -0.5197792270443984 2.4453690018345142 0
      vertex -0.6914522932288604 1.5530272779924215 0
    endloop
  endfacet
  facet normal -0.2588190451025223 0.965925826289068 0
    outer loop
      vertex -0.7725424859373685 2.3776412907378837 0
      vertex -0.7725424859373685 2.3776412907378837 0.4
      vertex -0.5197792270443984 2.4453690018345142 0
    endloop
  endfacet
  facet normal -0.35836794954529966 0.933580426497202 0
    outer loop
      vertex -1.0168416076895006 2.283863644106502 0.4
      vertex -0.7725424859373685 2.3776412907378837 0.4
      vertex -0.7725424859373685 2.3776412907378837 0
    endloop
  endfacet
  facet normal -0.2588190451025223 0.965925826289068 0
    outer loop
      vertex -0.5197792270443984 2.4453690018345142 0
      vertex -0.7725424859373685 2.3776412907378837 0.4
      vertex -0.5197792270443984 2.4453690018345142 0.4
    endloop
  endfacet
  facet normal 0 0 -1
    outer loop
      vertex -0.2613211581691337 2.4863047384206833 0
      vertex -0.17769838755501088 1.6906872221260645 0
      vertex -0.3534498743901909 1.6628509212474696 0
    endloop
  endfacet
  facet normal 0 0 -1
    outer loop
      vertex -0.5197792270443984 2.4453690018345142 0
      vertex -0.2613211581691337 2.4863047384206833 0
      vertex -0.3534498743901909 1.6628509212474696 0
    endloop
  endfacet
  facet normal 0 0 -1
    outer loop
      vertex 0 2.5 0
      vertex 0 1.7 0
      vertex -0.17769838755501088 1.6906872221260645 0
    endloop
  endfacet
  facet normal 0 0 -1
    outer loop
      vertex -0.2613211581691337 2.4863047384206833 0
      vertex 0 2.5 0
      vertex -0.17769838755501088 1.6906872221260645 0
    endloop
  endfacet
  facet normal -0.15643446504023037 0.9876883405951378 0
    outer loop
      vertex -0.5197792270443984 2.4453690018345142 0
      vertex -0.5197792270443984 2.4453690018345142 0.4
      vertex -0.2613211581691337 2.4863047384206833 0
    endloop
  endfacet
  facet normal -0.052335956242943855 0.9986295347545739 0
    outer loop
      vertex -0.2613211581691337 2.4863047384206833 0
      vertex -0.2613211581691337 2.4863047384206833 0.4
      vertex 0 2.5 0
    endloop
  endfacet
  facet normal -0.15643446504023037 0.9876883405951378 0
    outer loop
      vertex -0.5197792270443984 2.4453690018345142 0.4
      vertex -0.2613211581691337 2.4863047384206833 0.4
      vertex -0.2613211581691337 2.4863047384206833 0
    endloop
  endfacet
  facet normal -0.052335956242943855 0.9986295347545739 0
    outer loop
      vertex -0.2613211581691337 2.4863047384206833 0.4
      vertex 0 2.5 0.4
      vertex 0 2.5 0
    endloop
  endfacet
  facet normal -0.9986295347545738 0.05233595624294385 0
    outer loop
      vertex -2.5 0 2.9
      vertex -2.5 0 3.3
      vertex -2.4863047384206833 0.2613211581691337 2.9
    endloop
  endfacet
  facet normal -0.9876883405951379 0.1564344650402304 0
    outer loop
      vertex -2.4863047384206833 0.2613211581691337 2.9
      vertex -2.4863047384206833 0.2613211581691337 3.3
      vertex -2.4453690018345142 0.5197792270443984 2.9
    endloop
  endfacet
  facet normal -0.9986295347545738 0.05233595624294385 0
    outer loop
      vertex -2.4863047384206833 0.2613211581691337 2.9
      vertex -2.5 0 3.3
      vertex -2.4863047384206833 0.2613211581691337 3.3
    endloop
  endfacet
  facet normal 0 0 1
    outer loop
      vertex -2.4863047384206833 -0.2613211581691337 3.3
      vertex -2.4863047384206833 0.2613211581691337 3.3
      vertex -2.5 0 3.3
    endloop
  endfacet
  facet normal 0 0 1
    outer loop
      vertex -2.4453690018345142 -0.5197792270443984 3.3
      vertex -2.4453690018345142 0.5197792270443984 3.3
      vertex -2.4863047384206833 0.2613211581691337 3.3
    endloop
  endfacet
  facet normal 0 0 1
    outer loop
      vertex -2.3776412907378837 -0.7725424859373685 3.3
      vertex -2.3776412907378837 0.7725424859373685 3.3
      vertex -2.4453690018345142 0.5197792270443984 3.3
    endloop
  endfacet
  facet normal -0.9876883405951379 0.1564344650402304 0
    outer loop
      vertex -2.4863047384206833 0.2613211581691337 3.3
      vertex -2.4453690018345142 0.5197792270443984 3.3
      vertex -2.4453690018345142 0.5197792270443984 2.9
    endloop
  endfacet
  facet normal 0 0 1
    outer loop
      vertex -2.283863644106502 -1.0168416076895006 3.3
      vertex -2.283863644106502 1.0168416076895006 3.3
      vertex -2.3776412907378837 0.7725424859373685 3.3
    endloop
  endfacet
  facet normal -0.9659258262890679 0.25881904510252224 0
    outer loop
      vertex -2.4453690018345142 0.5197792270443984 2.9
      vertex -2.4453690018345142 0.5197792270443984 3.3
      vertex -2.3776412907378837 0.7725424859373685 2.9
    endloop
  endfacet
  facet normal -0.933580426497202 0.3583679495452996 0
    outer loop
      vertex -2.3776412907378837 0.7725424859373685 2.9
      vertex -2.3776412907378837 0.7725424859373685 3.3
      vertex -2.283863644106502 1.0168416076895006 2.9
    endloop
  endfacet
  facet normal -0.9659258262890679 0.25881904510252224 0
    outer loop
      vertex -2.3776412907378837 0.7725424859373685 2.9
      vertex -2.4453690018345142 0.5197792270443984 3.3
      vertex -2.3776412907378837 0.7725424859373685 3.3
    endloop
  endfacet
  facet normal 0 0 1
    outer loop
      vertex -2.1650635094610964 -1.25 3.3
      vertex -2.1650635094610964 1.25 3.3
      vertex -2.283863644106502 1.0168416076895006 3.3
    endloop
  endfacet
  facet normal 0 0 1
    outer loop
      vertex -2.0225424859373686 -1.469463130731183 3.3
      vertex -2.0225424859373686 1.469463130731183 3.3
      vertex -2.1650635094610964 1.25 3.3
    endloop
  endfacet
  facet normal 0 0 1
    outer loop
      vertex -1.8578620636934855 -1.6728265158971456 3.3
      vertex -1.8578620636934855 1.6728265158971456 3.3
      vertex -2.0225424859373686 1.469463130731183 3.3
    endloop
  endfacet
  facet normal -0.933580426497202 0.3583679495452996 0
    outer loop
      vertex -2.3776412907378837 0.7725424859373685 3.3
      vertex -2.283863644106502 1.0168416076895006 3.3
      vertex -2.283863644106502 1.0168416076895006 2.9
    endloop
  endfacet
  facet normal -0.8910065241883677 0.4539904997395473 0
    outer loop
      vertex -2.283863644106502 1.0168416076895006 2.9
      vertex -2.283863644106502 1.0168416076895006 3.3
      vertex -2.1650635094610964 1.25 2.9
    endloop
  endfacet
  facet normal -0.8386705679454248 0.5446390350150261 0
    outer loop
      vertex -2.1650635094610964 1.25 2.9
      vertex -2.1650635094610964 1.25 3.3
      vertex -2.0225424859373686 1.469463130731183 2.9
    endloop
  endfacet
  facet normal -0.8910065241883677 0.4539904997395473 0
    outer loop
      vertex -2.1650635094610964 1.25 2.9
      vertex -2.283863644106502 1.0168416076895006 3.3
      vertex -2.1650635094610964 1.25 3.3
    endloop
  endfacet
  facet normal -0.7771459614569705 0.629320391049838 0
    outer loop
      vertex -2.0225424859373686 1.469463130731183 2.9
      vertex -2.0225424859373686 1.469463130731183 3.3
      vertex -1.8578620636934855 1.6728265158971456 2.9
    endloop
  endfacet
  facet normal -0.8386705679454248 0.5446390350150261 0
    outer loop
      vertex -2.1650635094610964 1.25 3.3
      vertex -2.0225424859373686 1.469463130731183 3.3
      vertex -2.0225424859373686 1.469463130731183 2.9
    endloop
  endfacet
  facet normal -0.7771459614569705 0.629320391049838 0
    outer loop
      vertex -1.8578620636934855 1.6728265158971456 2.9
      vertex -2.0225424859373686 1.469463130731183 3.3
      vertex -1.8578620636934855 1.6728265158971456 3.3
    endloop
  endfacet
  facet normal 0 0 1
    outer loop
      vertex -1.8578620636934855 1.6728265158971456 3.3
      vertex -1.7 0 3.3
      vertex -1.6906872221260645 0.17769838755501088 3.3
    endloop
  endfacet
  facet normal 0 0 1
    outer loop
      vertex -1.8578620636934855 1.6728265158971456 3.3
      vertex -1.6906872221260645 0.17769838755501088 3.3
      vertex -1.6628509212474696 0.3534498743901909 3.3
    endloop
  endfacet
  facet normal 0 0 1
    outer loop
      vertex -1.6728265158971456 1.8578620636934855 3.3
      vertex -1.6628509212474696 0.3534498743901909 3.3
      vertex -1.616796077701761 0.5253288904374106 3.3
    endloop
  endfacet
  facet normal 0 0 1
    outer loop
      vertex -1.6728265158971456 1.8578620636934855 3.3
      vertex -1.616796077701761 0.5253288904374106 3.3
      vertex -1.5530272779924215 0.6914522932288604 3.3
    endloop
  endfacet
  facet normal 0 0 1
    outer loop
      vertex -1.8578620636934855 1.6728265158971456 3.3
      vertex -1.6628509212474696 0.3534498743901909 3.3
      vertex -1.6728265158971456 1.8578620636934855 3.3
    endloop
  endfacet
  facet normal 0 0 1
    outer loop
      vertex -1.6728265158971456 1.8578620636934855 3.3
      vertex -1.5530272779924215 0.6914522932288604 3.3
      vertex -1.4722431864335457 0.85 3.3
    endloop
  endfacet
  facet normal 0 0 1
    outer loop
      vertex -1.6728265158971456 1.8578620636934855 3.3
      vertex -1.4722431864335457 0.85 3.3
      vertex -1.3753288904374106 0.9992349288972043 3.3
    endloop
  endfacet
  facet normal -0.7071067811865475 0.7071067811865475 0
    outer loop
      vertex -1.8578620636934855 1.6728265158971456 2.9
      vertex -1.8578620636934855 1.6728265158971456 3.3
      vertex -1.6728265158971456 1.8578620636934855 2.9
    endloop
  endfacet
  facet normal -0.7071067811865475 0.7071067811865475 0
    outer loop
      vertex -1.8578620636934855 1.6728265158971456 3.3
      vertex -1.6728265158971456 1.8578620636934855 3.3
      vertex -1.6728265158971456 1.8578620636934855 2.9
    endloop
  endfacet
  facet normal 0 0 1
    outer loop
      vertex -1.6728265158971456 1.8578620636934855 3.3
      vertex -1.3753288904374106 0.9992349288972043 3.3
      vertex -1.469463130731183 2.0225424859373686 3.3
    endloop
  endfacet
  facet normal 0 0 1
    outer loop
      vertex -1.469463130731183 2.0225424859373686 3.3
      vertex -1.3753288904374106 0.9992349288972043 3.3
      vertex -1.26334620331157 1.1375220308100589 3.3
    endloop
  endfacet
  facet normal 0 0 1
    outer loop
      vertex -1.469463130731183 2.0225424859373686 3.3
      vertex -1.26334620331157 1.1375220308100589 3.3
      vertex -1.1375220308100589 1.26334620331157 3.3
    endloop
  endfacet
  facet normal 0 0 1
    outer loop
      vertex -1.469463130731183 2.0225424859373686 3.3
      vertex -1.1375220308100589 1.26334620331157 3.3
      vertex -1.25 2.1650635094610964 3.3
    endloop
  endfacet
  facet normal 0 0 1
    outer loop
      vertex -1.25 2.1650635094610964 3.3
      vertex -1.1375220308100589 1.26334620331157 3.3
      vertex -0.9992349288972043 1.3753288904374106 3.3
    endloop
  endfacet
  facet normal 0 0 1
    outer loop
      vertex -1.0168416076895006 2.283863644106502 3.3
      vertex -0.9992349288972043 1.3753288904374106 3.3
      vertex -0.85 1.4722431864335457 3.3
    endloop
  endfacet
  facet normal 0 0 1
    outer loop
      vertex -1.0168416076895006 2.283863644106502 3.3
      vertex -0.85 1.4722431864335457 3.3
      vertex -0.6914522932288604 1.5530272779924215 3.3
    endloop
  endfacet
  facet normal -0.629320391049838 0.7771459614569705 0
    outer loop
      vertex -1.6728265158971456 1.8578620636934855 2.9
      vertex -1.6728265158971456 1.8578620636934855 3.3
      vertex -1.469463130731183 2.0225424859373686 2.9
    endloop
  endfacet
  facet normal -0.5446390350150261 0.8386705679454248 0
    outer loop
      vertex -1.469463130731183 2.0225424859373686 2.9
      vertex -1.469463130731183 2.0225424859373686 3.3
      vertex -1.25 2.1650635094610964 2.9
    endloop
  endfacet
  facet normal -0.629320391049838 0.7771459614569705 0
    outer loop
      vertex -1.469463130731183 2.0225424859373686 2.9
      vertex -1.6728265158971456 1.8578620636934855 3.3
      vertex -1.469463130731183 2.0225424859373686 3.3
    endloop
  endfacet
  facet normal -0.4539904997395473 0.8910065241883677 0
    outer loop
      vertex -1.25 2.1650635094610964 2.9
      vertex -1.25 2.1650635094610964 3.3
      vertex -1.0168416076895006 2.283863644106502 2.9
    endloop
  endfacet
  facet normal -0.5446390350150261 0.8386705679454248 0
    outer loop
      vertex -1.469463130731183 2.0225424859373686 3.3
      vertex -1.25 2.1650635094610964 3.3
      vertex -1.25 2.1650635094610964 2.9
    endloop
  endfacet
  facet normal 0 0 1
    outer loop
      vertex -1.25 2.1650635094610964 3.3
      vertex -0.9992349288972043 1.3753288904374106 3.3
      vertex -1.0168416076895006 2.283863644106502 3.3
    endloop
  endfacet
  facet normal -0.4539904997395473 0.8910065241883677 0
    outer loop
      vertex -1.0168416076895006 2.283863644106502 2.9
      vertex -1.25 2.1650635094610964 3.3
      vertex -1.0168416076895006 2.283863644106502 3.3
    endloop
  endfacet
  facet normal -0.3583679495452996 0.933580426497202 0
    outer loop
      vertex -1.0168416076895006 2.283863644106502 2.9
      vertex -1.0168416076895006 2.283863644106502 3.3
      vertex -0.7725424859373685 2.3776412907378837 2.9
    endloop
  endfacet
  facet normal 0 0 1
    outer loop
      vertex -1.0168416076895006 2.283863644106502 3.3
      vertex -0.6914522932288604 1.5530272779924215 3.3
      vertex -0.7725424859373685 2.3776412907378837 3.3
    endloop
  endfacet
  facet normal 0 0 1
    outer loop
      vertex -0.7725424859373685 2.3776412907378837 3.3
      vertex -0.6914522932288604 1.5530272779924215 3.3
      vertex -0.5253288904374106 1.616796077701761 3.3
    endloop
  endfacet
  facet normal 0 0 1
    outer loop
      vertex -0.7725424859373685 2.3776412907378837 3.3
      vertex -0.5253288904374106 1.616796077701761 3.3
      vertex -0.3534498743901909 1.6628509212474696 3.3
    endloop
  endfacet
  facet normal 0 0 1
    outer loop
      vertex -0.7725424859373685 2.3776412907378837 3.3
      vertex -0.3534498743901909 1.6628509212474696 3.3
      vertex -0.5197792270443984 2.4453690018345142 3.3
    endloop
  endfacet
  facet normal -0.25881904510252224 0.9659258262890679 0
    outer loop
      vertex -0.7725424859373685 2.3776412907378837 2.9
      vertex -0.7725424859373685 2.3776412907378837 3.3
      vertex -0.5197792270443984 2.4453690018345142 2.9
    endloop
  endfacet
  facet normal -0.3583679495452996 0.933580426497202 0
    outer loop
      vertex -1.0168416076895006 2.283863644106502 3.3
      vertex -0.7725424859373685 2.3776412907378837 3.3
      vertex -0.7725424859373685 2.3776412907378837 2.9
    endloop
  endfacet
  facet normal -0.25881904510252224 0.9659258262890679 0
    outer loop
      vertex -0.5197792270443984 2.4453690018345142 2.9
      vertex -0.7725424859373685 2.3776412907378837 3.3
      vertex -0.5197792270443984 2.4453690018345142 3.3
    endloop
  endfacet
  facet normal 0 0 1
    outer loop
      vertex -0.5197792270443984 2.4453690018345142 3.3
      vertex -0.3534498743901909 1.6628509212474696 3.3
      vertex -0.17769838755501088 1.6906872221260645 3.3
    endloop
  endfacet
  facet normal 0 0 1
    outer loop
      vertex -0.5197792270443984 2.4453690018345142 3.3
      vertex -0.17769838755501088 1.6906872221260645 3.3
      vertex -0.2613211581691337 2.4863047384206833 3.3
    endloop
  endfacet
  facet normal 0 0 1
    outer loop
      vertex 0 2.5 3.3
      vertex -0.17769838755501088 1.6906872221260645 3.3
      vertex 0 1.7 3.3
    endloop
  endfacet
  facet normal 0 0 1
    outer loop
      vertex -0.2613211581691337 2.4863047384206833 3.3
      vertex -0.17769838755501088 1.6906872221260645 3.3
      vertex 0 2.5 3.3
    endloop
  endfacet
  facet normal -0.1564344650402304 0.9876883405951379 0
    outer loop
      vertex -0.5197792270443984 2.4453690018345142 2.9
      vertex -0.5197792270443984 2.4453690018345142 3.3
      vertex -0.2613211581691337 2.4863047384206833 2.9
    endloop
  endfacet
  facet normal -0.05233595624294385 0.9986295347545738 0
    outer loop
      vertex -0.2613211581691337 2.4863047384206833 2.9
      vertex -0.2613211581691337 2.4863047384206833 3.3
      vertex 0 2.5 2.9
    endloop
  endfacet
  facet normal -0.1564344650402304 0.9876883405951379 0
    outer loop
      vertex -0.5197792270443984 2.4453690018345142 3.3
      vertex -0.2613211581691337 2.4863047384206833 3.3
      vertex -0.2613211581691337 2.4863047384206833 2.9
    endloop
  endfacet
  facet normal -0.05233595624294385 0.9986295347545738 0
    outer loop
      vertex -0.2613211581691337 2.4863047384206833 3.3
      vertex 0 2.5 3.3
      vertex 0 2.5 2.9
    endloop
  endfacet
  facet normal 0.052335956242943855 -0.9986295347545739 0
    outer loop
      vertex 0 -2.5 0
      vertex 0.2613211581691337 -2.4863047384206833 0
      vertex 0.2613211581691337 -2.4863047384206833 0.4
    endloop
  endfacet
  facet normal 0.15643446504023037 -0.9876883405951378 0
    outer loop
      vertex 0.2613211581691337 -2.4863047384206833 0
      vertex 0.5197792270443984 -2.4453690018345142 0
      vertex 0.5197792270443984 -2.4453690018345142 0.4
    endloop
  endfacet
  facet normal 0.052335956242943855 -0.9986295347545739 0
    outer loop
      vertex 0 -2.5 0
      vertex 0.2613211581691337 -2.4863047384206833 0.4
      vertex 0 -2.5 0.4
    endloop
  endfacet
  facet normal 0.15643446504023037 -0.9876883405951378 0
    outer loop
      vertex 0.2613211581691337 -2.4863047384206833 0
      vertex 0.5197792270443984 -2.4453690018345142 0.4
      vertex 0.2613211581691337 -2.4863047384206833 0.4
    endloop
  endfacet
  facet normal 0 0 -1
    outer loop
      vertex 0 -2.5 0
      vertex 0.17769838755501088 -1.6906872221260645 0
      vertex 0.2613211581691337 -2.4863047384206833 0
    endloop
  endfacet
  facet normal 0 0 -1
    outer loop
      vertex 0 -2.5 0
      vertex 0 -1.7 0
      vertex 0.17769838755501088 -1.6906872221260645 0
    endloop
  endfacet
  facet normal 0 0 -1
    outer loop
      vertex 0.2613211581691337 -2.4863047384206833 0
      vertex 0.3534498743901909 -1.6628509212474696 0
      vertex 0.5197792270443984 -2.4453690018345142 0
    endloop
  endfacet
  facet normal 0 0 -1
    outer loop
      vertex 0.2613211581691337 -2.4863047384206833 0
      vertex 0.17769838755501088 -1.6906872221260645 0
      vertex 0.3534498743901909 -1.6628509212474696 0
    endloop
  endfacet
  facet normal 0.2588190451025223 -0.965925826289068 0
    outer loop
      vertex 0.5197792270443984 -2.4453690018345142 0
      vertex 0.7725424859373685 -2.3776412907378837 0
      vertex 0.7725424859373685 -2.3776412907378837 0.4
    endloop
  endfacet
  facet normal 0.2588190451025223 -0.965925826289068 0
    outer loop
      vertex 0.5197792270443984 -2.4453690018345142 0
      vertex 0.7725424859373685 -2.3776412907378837 0.4
      vertex 0.5197792270443984 -2.4453690018345142 0.4
    endloop
  endfacet
  facet normal 0.35836794954529966 -0.933580426497202 0
    outer loop
      vertex 0.7725424859373685 -2.3776412907378837 0
      vertex 1.0168416076895006 -2.283863644106502 0.4
      vertex 0.7725424859373685 -2.3776412907378837 0.4
    endloop
  endfacet
  facet normal 0 0 -1
    outer loop
      vertex 0.5197792270443984 -2.4453690018345142 0
      vertex 0.6914522932288604 -1.5530272779924215 0
      vertex 0.7725424859373685 -2.3776412907378837 0
    endloop
  endfacet
  facet normal 0 0 -1
    outer loop
      vertex 0.5197792270443984 -2.4453690018345142 0
      vertex 0.3534498743901909 -1.6628509212474696 0
      vertex 0.5253288904374106 -1.616796077701761 0
    endloop
  endfacet
  facet normal 0 0 -1
    outer loop
      vertex 0.5197792270443984 -2.4453690018345142 0
      vertex 0.5253288904374106 -1.616796077701761 0
      vertex 0.6914522932288604 -1.5530272779924215 0
    endloop
  endfacet
  facet normal 0 0 -1
    outer loop
      vertex 0.7725424859373685 -2.3776412907378837 0
      vertex 0.85 -1.4722431864335457 0
      vertex 1.0168416076895006 -2.283863644106502 0
    endloop
  endfacet
  facet normal 0.35836794954529966 -0.933580426497202 0
    outer loop
      vertex 0.7725424859373685 -2.3776412907378837 0
      vertex 1.0168416076895006 -2.283863644106502 0
      vertex 1.0168416076895006 -2.283863644106502 0.4
    endloop
  endfacet
  facet normal 0 0 -1
    outer loop
      vertex 1.0168416076895006 -2.283863644106502 0
      vertex 1.1375220308100589 -1.26334620331157 0
      vertex 1.25 -2.1650635094610964 0
    endloop
  endfacet
  facet normal 0.4539904997395473 -0.8910065241883677 0
    outer loop
      vertex 1.0168416076895006 -2.283863644106502 0
      vertex 1.25 -2.1650635094610964 0
      vertex 1.25 -2.1650635094610964 0.4
    endloop
  endfacet
  facet normal 0.4539904997395473 -0.8910065241883677 0
    outer loop
      vertex 1.0168416076895006 -2.283863644106502 0
      vertex 1.25 -2.1650635094610964 0.4
      vertex 1.0168416076895006 -2.283863644106502 0.4
    endloop
  endfacet
  facet normal 0.544639035015026 -0.8386705679454247 0
    outer loop
      vertex 1.25 -2.1650635094610964 0
      vertex 1.469463130731183 -2.0225424859373686 0.4
      vertex 1.25 -2.1650635094610964 0.4
    endloop
  endfacet
  facet normal 0.544639035015026 -0.8386705679454247 0
    outer loop
      vertex 1.25 -2.1650635094610964 0
      vertex 1.469463130731183 -2.0225424859373686 0
      vertex 1.469463130731183 -2.0225424859373686 0.4
    endloop
  endfacet
  facet normal 0.629320391049838 -0.7771459614569705 0
    outer loop
      vertex 1.469463130731183 -2.0225424859373686 0
      vertex 1.6728265158971456 -1.8578620636934855 0
      vertex 1.6728265158971456 -1.8578620636934855 0.4
    endloop
  endfacet
  facet normal 0.629320391049838 -0.7771459614569705 0
    outer loop
      vertex 1.469463130731183 -2.0225424859373686 0
      vertex 1.6728265158971456 -1.8578620636934855 0.4
      vertex 1.469463130731183 -2.0225424859373686 0.4
    endloop
  endfacet
  facet normal 0 0 -1
    outer loop
      vertex 0.7725424859373685 -2.3776412907378837 0
      vertex 0.6914522932288604 -1.5530272779924215 0
      vertex 0.85 -1.4722431864335457 0
    endloop
  endfacet
  facet normal 0 0 -1
    outer loop
      vertex 1.0168416076895006 -2.283863644106502 0
      vertex 0.85 -1.4722431864335457 0
      vertex 0.9992349288972043 -1.3753288904374106 0
    endloop
  endfacet
  facet normal 0 0 -1
    outer loop
      vertex 1.0168416076895006 -2.283863644106502 0
      vertex 0.9992349288972043 -1.3753288904374106 0
      vertex 1.1375220308100589 -1.26334620331157 0
    endloop
  endfacet
  facet normal 0 0 -1
    outer loop
      vertex 1.25 -2.1650635094610964 0
      vertex 1.3753288904374106 -0.9992349288972043 0
      vertex 1.469463130731183 -2.0225424859373686 0
    endloop
  endfacet
  facet normal 0 0 -1
    outer loop
      vertex 1.25 -2.1650635094610964 0
      vertex 1.1375220308100589 -1.26334620331157 0
      vertex 1.26334620331157 -1.1375220308100589 0
    endloop
  endfacet
  facet normal 0 0 -1
    outer loop
      vertex 1.25 -2.1650635094610964 0
      vertex 1.26334620331157 -1.1375220308100589 0
      vertex 1.3753288904374106 -0.9992349288972043 0
    endloop
  endfacet
  facet normal 0 0 -1
    outer loop
      vertex 1.469463130731183 -2.0225424859373686 0
      vertex 1.5530272779924215 -0.6914522932288604 0
      vertex 1.6728265158971456 -1.8578620636934855 0
    endloop
  endfacet
  facet normal 0.7071067811865476 -0.7071067811865476 0
    outer loop
      vertex 1.6728265158971456 -1.8578620636934855 0
      vertex 1.8578620636934855 -1.6728265158971456 0
      vertex 1.8578620636934855 -1.6728265158971456 0.4
    endloop
  endfacet
  facet normal 0.7071067811865476 -0.7071067811865476 0
    outer loop
      vertex 1.6728265158971456 -1.8578620636934855 0
      vertex 1.8578620636934855 -1.6728265158971456 0.4
      vertex 1.6728265158971456 -1.8578620636934855 0.4
    endloop
  endfacet
  facet normal 0 0 -1
    outer loop
      vertex 1.469463130731183 -2.0225424859373686 0
      vertex 1.3753288904374106 -0.9992349288972043 0
      vertex 1.4722431864335457 -0.85 0
    endloop
  endfacet
  facet normal 0 0 -1
    outer loop
      vertex 1.469463130731183 -2.0225424859373686 0
      vertex 1.4722431864335457 -0.85 0
      vertex 1.5530272779924215 -0.6914522932288604 0
    endloop
  endfacet
  facet normal 0 0 -1
    outer loop
      vertex 1.6728265158971456 -1.8578620636934855 0
      vertex 1.5530272779924215 -0.6914522932288604 0
      vertex 1.616796077701761 -0.5253288904374106 0
    endloop
  endfacet
  facet normal 0 0 -1
    outer loop
      vertex 1.6728265158971456 -1.8578620636934855 0
      vertex 1.616796077701761 -0.5253288904374106 0
      vertex 1.6628509212474696 -0.3534498743901909 0
    endloop
  endfacet
  facet normal 0 0 -1
    outer loop
      vertex 1.6728265158971456 -1.8578620636934855 0
      vertex 1.6628509212474696 -0.3534498743901909 0
      vertex 1.6906872221260645 -0.17769838755501088 0
    endloop
  endfacet
  facet normal 0 0 -1
    outer loop
      vertex 1.6728265158971456 -1.8578620636934855 0
      vertex 1.6906872221260645 -0.17769838755501088 0
      vertex 1.7 0 0
    endloop
  endfacet
  facet normal 0 0 -1
    outer loop
      vertex 1.6728265158971456 -1.8578620636934855 0
      vertex 1.8578620636934855 1.6728265158971456 0
      vertex 1.8578620636934855 -1.6728265158971456 0
    endloop
  endfacet
  facet normal 0 0 -1
    outer loop
      vertex 1.6728265158971456 -1.8578620636934855 0
      vertex 1.7 0 0
      vertex 1.8578620636934855 1.6728265158971456 0
    endloop
  endfacet
  facet normal 0.7771459614569705 -0.629320391049838 0
    outer loop
      vertex 1.8578620636934855 -1.6728265158971456 0
      vertex 2.0225424859373686 -1.469463130731183 0
      vertex 2.0225424859373686 -1.469463130731183 0.4
    endloop
  endfacet
  facet normal 0.7771459614569705 -0.629320391049838 0
    outer loop
      vertex 1.8578620636934855 -1.6728265158971456 0
      vertex 2.0225424859373686 -1.469463130731183 0.4
      vertex 1.8578620636934855 -1.6728265158971456 0.4
    endloop
  endfacet
  facet normal 0.8386705679454247 -0.544639035015026 0
    outer loop
      vertex 2.0225424859373686 -1.469463130731183 0
      vertex 2.1650635094610964 -1.25 0.4
      vertex 2.0225424859373686 -1.469463130731183 0.4
    endloop
  endfacet
  facet normal 0.8386705679454247 -0.544639035015026 0
    outer loop
      vertex 2.0225424859373686 -1.469463130731183 0
      vertex 2.1650635094610964 -1.25 0
      vertex 2.1650635094610964 -1.25 0.4
    endloop
  endfacet
  facet normal 0.8910065241883677 -0.4539904997395473 0
    outer loop
      vertex 2.1650635094610964 -1.25 0
      vertex 2.283863644106502 -1.0168416076895006 0
      vertex 2.283863644106502 -1.0168416076895006 0.4
    endloop
  endfacet
  facet normal 0.8910065241883677 -0.4539904997395473 0
    outer loop
      vertex 2.1650635094610964 -1.25 0
      vertex 2.283863644106502 -1.0168416076895006 0.4
      vertex 2.1650635094610964 -1.25 0.4
    endloop
  endfacet
  facet normal 0.933580426497202 -0.35836794954529966 0
    outer loop
      vertex 2.283863644106502 -1.0168416076895006 0
      vertex 2.3776412907378837 -0.7725424859373685 0.4
      vertex 2.283863644106502 -1.0168416076895006 0.4
    endloop
  endfacet
  facet normal 0 0 -1
    outer loop
      vertex 1.8578620636934855 -1.6728265158971456 0
      vertex 2.0225424859373686 1.469463130731183 0
      vertex 2.0225424859373686 -1.469463130731183 0
    endloop
  endfacet
  facet normal 0 0 -1
    outer loop
      vertex 2.0225424859373686 -1.469463130731183 0
      vertex 2.1650635094610964 1.25 0
      vertex 2.1650635094610964 -1.25 0
    endloop
  endfacet
  facet normal 0 0 -1
    outer loop
      vertex 2.1650635094610964 -1.25 0
      vertex 2.283863644106502 1.0168416076895006 0
      vertex 2.283863644106502 -1.0168416076895006 0
    endloop
  endfacet
  facet normal 0.933580426497202 -0.35836794954529966 0
    outer loop
      vertex 2.283863644106502 -1.0168416076895006 0
      vertex 2.3776412907378837 -0.7725424859373685 0
      vertex 2.3776412907378837 -0.7725424859373685 0.4
    endloop
  endfacet
  facet normal 0.965925826289068 -0.2588190451025223 0
    outer loop
      vertex 2.3776412907378837 -0.7725424859373685 0
      vertex 2.4453690018345142 -0.5197792270443984 0
      vertex 2.4453690018345142 -0.5197792270443984 0.4
    endloop
  endfacet
  facet normal 0.965925826289068 -0.2588190451025223 0
    outer loop
      vertex 2.3776412907378837 -0.7725424859373685 0
      vertex 2.4453690018345142 -0.5197792270443984 0.4
      vertex 2.3776412907378837 -0.7725424859373685 0.4
    endloop
  endfacet
  facet normal 0 0 -1
    outer loop
      vertex 2.283863644106502 -1.0168416076895006 0
      vertex 2.3776412907378837 0.7725424859373685 0
      vertex 2.3776412907378837 -0.7725424859373685 0
    endloop
  endfacet
  facet normal 0 0 -1
    outer loop
      vertex 2.3776412907378837 -0.7725424859373685 0
      vertex 2.4453690018345142 0.5197792270443984 0
      vertex 2.4453690018345142 -0.5197792270443984 0
    endloop
  endfacet
  facet normal 0.9876883405951378 -0.15643446504023037 0
    outer loop
      vertex 2.4453690018345142 -0.5197792270443984 0
      vertex 2.4863047384206833 -0.2613211581691337 0
      vertex 2.4863047384206833 -0.2613211581691337 0.4
    endloop
  endfacet
  facet normal 0 0 -1
    outer loop
      vertex 2.4453690018345142 -0.5197792270443984 0
      vertex 2.4863047384206833 0.2613211581691337 0
      vertex 2.4863047384206833 -0.2613211581691337 0
    endloop
  endfacet
  facet normal 0.9986295347545739 -0.052335956242943855 0
    outer loop
      vertex 2.4863047384206833 -0.2613211581691337 0
      vertex 2.5 0 0
      vertex 2.5 0 0.4
    endloop
  endfacet
  facet normal 0.9876883405951378 -0.15643446504023037 0
    outer loop
      vertex 2.4453690018345142 -0.5197792270443984 0
      vertex 2.4863047384206833 -0.2613211581691337 0.4
      vertex 2.4453690018345142 -0.5197792270443984 0.4
    endloop
  endfacet
  facet normal 0.9986295347545739 -0.052335956242943855 0
    outer loop
      vertex 2.4863047384206833 -0.2613211581691337 0
      vertex 2.5 0 0.4
      vertex 2.4863047384206833 -0.2613211581691337 0.4
    endloop
  endfacet
  facet normal 0.05233595624294385 -0.9986295347545738 0
    outer loop
      vertex 0 -2.5 2.9
      vertex 0.2613211581691337 -2.4863047384206833 2.9
      vertex 0.2613211581691337 -2.4863047384206833 3.3
    endloop
  endfacet
  facet normal 0.1564344650402304 -0.9876883405951379 0
    outer loop
      vertex 0.2613211581691337 -2.4863047384206833 2.9
      vertex 0.5197792270443984 -2.4453690018345142 2.9
      vertex 0.5197792270443984 -2.4453690018345142 3.3
    endloop
  endfacet
  facet normal 0.05233595624294385 -0.9986295347545738 0
    outer loop
      vertex 0 -2.5 2.9
      vertex 0.2613211581691337 -2.4863047384206833 3.3
      vertex 0 -2.5 3.3
    endloop
  endfacet
  facet normal 0.1564344650402304 -0.9876883405951379 0
    outer loop
      vertex 0.2613211581691337 -2.4863047384206833 2.9
      vertex 0.5197792270443984 -2.4453690018345142 3.3
      vertex 0.2613211581691337 -2.4863047384206833 3.3
    endloop
  endfacet
  facet normal 0 0 1
    outer loop
      vertex 0 -2.5 3.3
      vertex 0.2613211581691337 -2.4863047384206833 3.3
      vertex 0.17769838755501088 -1.6906872221260645 3.3
    endloop
  endfacet
  facet normal 0 0 1
    outer loop
      vertex 0 -2.5 3.3
      vertex 0.17769838755501088 -1.6906872221260645 3.3
      vertex 0 -1.7 3.3
    endloop
  endfacet
  facet normal 0 0 1
    outer loop
      vertex 0.2613211581691337 -2.4863047384206833 3.3
      vertex 0.5197792270443984 -2.4453690018345142 3.3
      vertex 0.17769838755501088 -1.6906872221260645 3.3
    endloop
  endfacet
  facet normal 0 0 1
    outer loop
      vertex 0.5197792270443984 -2.4453690018345142 3.3
      vertex 0.3534498743901909 -1.6628509212474696 3.3
      vertex 0.17769838755501088 -1.6906872221260645 3.3
    endloop
  endfacet
  facet normal 0.25881904510252224 -0.9659258262890679 0
    outer loop
      vertex 0.5197792270443984 -2.4453690018345142 2.9
      vertex 0.7725424859373685 -2.3776412907378837 2.9
      vertex 0.7725424859373685 -2.3776412907378837 3.3
    endloop
  endfacet
  facet normal 0.25881904510252224 -0.9659258262890679 0
    outer loop
      vertex 0.5197792270443984 -2.4453690018345142 2.9
      vertex 0.7725424859373685 -2.3776412907378837 3.3
      vertex 0.5197792270443984 -2.4453690018345142 3.3
    endloop
  endfacet
  facet normal 0.3583679495452996 -0.933580426497202 0
    outer loop
      vertex 0.7725424859373685 -2.3776412907378837 2.9
      vertex 1.0168416076895006 -2.283863644106502 3.3
      vertex 0.7725424859373685 -2.3776412907378837 3.3
    endloop
  endfacet
  facet normal 0 0 1
    outer loop
      vertex 0.5197792270443984 -2.4453690018345142 3.3
      vertex 0.7725424859373685 -2.3776412907378837 3.3
      vertex 0.3534498743901909 -1.6628509212474696 3.3
    endloop
  endfacet
  facet normal 0 0 1
    outer loop
      vertex 0.7725424859373685 -2.3776412907378837 3.3
      vertex 0.5253288904374106 -1.616796077701761 3.3
      vertex 0.3534498743901909 -1.6628509212474696 3.3
    endloop
  endfacet
  facet normal 0 0 1
    outer loop
      vertex 0.7725424859373685 -2.3776412907378837 3.3
      vertex 0.6914522932288604 -1.5530272779924215 3.3
      vertex 0.5253288904374106 -1.616796077701761 3.3
    endloop
  endfacet
  facet normal 0 0 1
    outer loop
      vertex 0.7725424859373685 -2.3776412907378837 3.3
      vertex 1.0168416076895006 -2.283863644106502 3.3
      vertex 0.6914522932288604 -1.5530272779924215 3.3
    endloop
  endfacet
  facet normal 0.3583679495452996 -0.933580426497202 0
    outer loop
      vertex 0.7725424859373685 -2.3776412907378837 2.9
      vertex 1.0168416076895006 -2.283863644106502 2.9
      vertex 1.0168416076895006 -2.283863644106502 3.3
    endloop
  endfacet
  facet normal 0.4539904997395473 -0.8910065241883677 0
    outer loop
      vertex 1.0168416076895006 -2.283863644106502 2.9
      vertex 1.25 -2.1650635094610964 2.9
      vertex 1.25 -2.1650635094610964 3.3
    endloop
  endfacet
  facet normal 0.4539904997395473 -0.8910065241883677 0
    outer loop
      vertex 1.0168416076895006 -2.283863644106502 2.9
      vertex 1.25 -2.1650635094610964 3.3
      vertex 1.0168416076895006 -2.283863644106502 3.3
    endloop
  endfacet
  facet normal 0 0 1
    outer loop
      vertex 1.0168416076895006 -2.283863644106502 3.3
      vertex 1.25 -2.1650635094610964 3.3
      vertex 0.9992349288972043 -1.3753288904374106 3.3
    endloop
  endfacet
  facet normal 0.5446390350150261 -0.8386705679454248 0
    outer loop
      vertex 1.25 -2.1650635094610964 2.9
      vertex 1.469463130731183 -2.0225424859373686 3.3
      vertex 1.25 -2.1650635094610964 3.3
    endloop
  endfacet
  facet normal 0.5446390350150261 -0.8386705679454248 0
    outer loop
      vertex 1.25 -2.1650635094610964 2.9
      vertex 1.469463130731183 -2.0225424859373686 2.9
      vertex 1.469463130731183 -2.0225424859373686 3.3
    endloop
  endfacet
  facet normal 0.629320391049838 -0.7771459614569705 0
    outer loop
      vertex 1.469463130731183 -2.0225424859373686 2.9
      vertex 1.6728265158971456 -1.8578620636934855 2.9
      vertex 1.6728265158971456 -1.8578620636934855 3.3
    endloop
  endfacet
  facet normal 0.629320391049838 -0.7771459614569705 0
    outer loop
      vertex 1.469463130731183 -2.0225424859373686 2.9
      vertex 1.6728265158971456 -1.8578620636934855 3.3
      vertex 1.469463130731183 -2.0225424859373686 3.3
    endloop
  endfacet
  facet normal 0 0 1
    outer loop
      vertex 1.0168416076895006 -2.283863644106502 3.3
      vertex 0.85 -1.4722431864335457 3.3
      vertex 0.6914522932288604 -1.5530272779924215 3.3
    endloop
  endfacet
  facet normal 0 0 1
    outer loop
      vertex 1.0168416076895006 -2.283863644106502 3.3
      vertex 0.9992349288972043 -1.3753288904374106 3.3
      vertex 0.85 -1.4722431864335457 3.3
    endloop
  endfacet
  facet normal 0 0 1
    outer loop
      vertex 1.25 -2.1650635094610964 3.3
      vertex 1.1375220308100589 -1.26334620331157 3.3
      vertex 0.9992349288972043 -1.3753288904374106 3.3
    endloop
  endfacet
  facet normal 0 0 1
    outer loop
      vertex 1.25 -2.1650635094610964 3.3
      vertex 1.469463130731183 -2.0225424859373686 3.3
      vertex 1.1375220308100589 -1.26334620331157 3.3
    endloop
  endfacet
  facet normal 0 0 1
    outer loop
      vertex 1.469463130731183 -2.0225424859373686 3.3
      vertex 1.26334620331157 -1.1375220308100589 3.3
      vertex 1.1375220308100589 -1.26334620331157 3.3
    endloop
  endfacet
  facet normal 0 0 1
    outer loop
      vertex 1.469463130731183 -2.0225424859373686 3.3
      vertex 1.3753288904374106 -0.9992349288972043 3.3
      vertex 1.26334620331157 -1.1375220308100589 3.3
    endloop
  endfacet
  facet normal 0.7071067811865475 -0.7071067811865475 0
    outer loop
      vertex 1.6728265158971456 -1.8578620636934855 2.9
      vertex 1.8578620636934855 -1.6728265158971456 2.9
      vertex 1.8578620636934855 -1.6728265158971456 3.3
    endloop
  endfacet
  facet normal 0 0 1
    outer loop
      vertex 1.469463130731183 -2.0225424859373686 3.3
      vertex 1.6728265158971456 -1.8578620636934855 3.3
      vertex 1.3753288904374106 -0.9992349288972043 3.3
    endloop
  endfacet
  facet normal 0.7071067811865475 -0.7071067811865475 0
    outer loop
      vertex 1.6728265158971456 -1.8578620636934855 2.9
      vertex 1.8578620636934855 -1.6728265158971456 3.3
      vertex 1.6728265158971456 -1.8578620636934855 3.3
    endloop
  endfacet
  facet normal 0 0 1
    outer loop
      vertex 1.6728265158971456 -1.8578620636934855 3.3
      vertex 1.4722431864335457 -0.85 3.3
      vertex 1.3753288904374106 -0.9992349288972043 3.3
    endloop
  endfacet
  facet normal 0 0 1
    outer loop
      vertex 1.6728265158971456 -1.8578620636934855 3.3
      vertex 1.5530272779924215 -0.6914522932288604 3.3
      vertex 1.4722431864335457 -0.85 3.3
    endloop
  endfacet
  facet normal 0 0 1
    outer loop
      vertex 1.6728265158971456 -1.8578620636934855 3.3
      vertex 1.8578620636934855 -1.6728265158971456 3.3
      vertex 1.6628509212474696 -0.3534498743901909 3.3
    endloop
  endfacet
  facet normal 0 0 1
    outer loop
      vertex 1.6728265158971456 -1.8578620636934855 3.3
      vertex 1.616796077701761 -0.5253288904374106 3.3
      vertex 1.5530272779924215 -0.6914522932288604 3.3
    endloop
  endfacet
  facet normal 0 0 1
    outer loop
      vertex 1.6728265158971456 -1.8578620636934855 3.3
      vertex 1.6628509212474696 -0.3534498743901909 3.3
      vertex 1.616796077701761 -0.5253288904374106 3.3
    endloop
  endfacet
  facet normal 0 0 1
    outer loop
      vertex 1.8578620636934855 -1.6728265158971456 3.3
      vertex 1.6906872221260645 -0.17769838755501088 3.3
      vertex 1.6628509212474696 -0.3534498743901909 3.3
    endloop
  endfacet
  facet normal 0 0 1
    outer loop
      vertex 1.8578620636934855 -1.6728265158971456 3.3
      vertex 1.7 0 3.3
      vertex 1.6906872221260645 -0.17769838755501088 3.3
    endloop
  endfacet
  facet normal 0.7771459614569705 -0.629320391049838 0
    outer loop
      vertex 1.8578620636934855 -1.6728265158971456 2.9
      vertex 2.0225424859373686 -1.469463130731183 2.9
      vertex 2.0225424859373686 -1.469463130731183 3.3
    endloop
  endfacet
  facet normal 0.7771459614569705 -0.629320391049838 0
    outer loop
      vertex 1.8578620636934855 -1.6728265158971456 2.9
      vertex 2.0225424859373686 -1.469463130731183 3.3
      vertex 1.8578620636934855 -1.6728265158971456 3.3
    endloop
  endfacet
  facet normal 0.8386705679454248 -0.5446390350150261 0
    outer loop
      vertex 2.0225424859373686 -1.469463130731183 2.9
      vertex 2.1650635094610964 -1.25 3.3
      vertex 2.0225424859373686 -1.469463130731183 3.3
    endloop
  endfacet
  facet normal 0.8386705679454248 -0.5446390350150261 0
    outer loop
      vertex 2.0225424859373686 -1.469463130731183 2.9
      vertex 2.1650635094610964 -1.25 2.9
      vertex 2.1650635094610964 -1.25 3.3
    endloop
  endfacet
  facet normal 0.8910065241883677 -0.4539904997395473 0
    outer loop
      vertex 2.1650635094610964 -1.25 2.9
      vertex 2.283863644106502 -1.0168416076895006 2.9
      vertex 2.283863644106502 -1.0168416076895006 3.3
    endloop
  endfacet
  facet normal 0.8910065241883677 -0.4539904997395473 0
    outer loop
      vertex 2.1650635094610964 -1.25 2.9
      vertex 2.283863644106502 -1.0168416076895006 3.3
      vertex 2.1650635094610964 -1.25 3.3
    endloop
  endfacet
  facet normal 0.933580426497202 -0.3583679495452996 0
    outer loop
      vertex 2.283863644106502 -1.0168416076895006 2.9
      vertex 2.3776412907378837 -0.7725424859373685 3.3
      vertex 2.283863644106502 -1.0168416076895006 3.3
    endloop
  endfacet
  facet normal 0 0 1
    outer loop
      vertex 1.8578620636934855 -1.6728265158971456 3.3
      vertex 2.0225424859373686 -1.469463130731183 3.3
      vertex 1.8578620636934855 1.6728265158971456 3.3
    endloop
  endfacet
  facet normal 0 0 1
    outer loop
      vertex 2.0225424859373686 -1.469463130731183 3.3
      vertex 2.1650635094610964 -1.25 3.3
      vertex 2.0225424859373686 1.469463130731183 3.3
    endloop
  endfacet
  facet normal 0 0 1
    outer loop
      vertex 2.1650635094610964 -1.25 3.3
      vertex 2.283863644106502 -1.0168416076895006 3.3
      vertex 2.1650635094610964 1.25 3.3
    endloop
  endfacet
  facet normal 0.933580426497202 -0.3583679495452996 0
    outer loop
      vertex 2.283863644106502 -1.0168416076895006 2.9
      vertex 2.3776412907378837 -0.7725424859373685 2.9
      vertex 2.3776412907378837 -0.7725424859373685 3.3
    endloop
  endfacet
  facet normal 0.9659258262890679 -0.25881904510252224 0
    outer loop
      vertex 2.3776412907378837 -0.7725424859373685 2.9
      vertex 2.4453690018345142 -0.5197792270443984 2.9
      vertex 2.4453690018345142 -0.5197792270443984 3.3
    endloop
  endfacet
  facet normal 0.9659258262890679 -0.25881904510252224 0
    outer loop
      vertex 2.3776412907378837 -0.7725424859373685 2.9
      vertex 2.4453690018345142 -0.5197792270443984 3.3
      vertex 2.3776412907378837 -0.7725424859373685 3.3
    endloop
  endfacet
  facet normal 0.9876883405951379 -0.1564344650402304 0
    outer loop
      vertex 2.4453690018345142 -0.5197792270443984 2.9
      vertex 2.4863047384206833 -0.2613211581691337 2.9
      vertex 2.4863047384206833 -0.2613211581691337 3.3
    endloop
  endfacet
  facet normal 0.9986295347545738 -0.05233595624294385 0
    outer loop
      vertex 2.4863047384206833 -0.2613211581691337 2.9
      vertex 2.5 0 2.9
      vertex 2.5 0 3.3
    endloop
  endfacet
  facet normal 0.9876883405951379 -0.1564344650402304 0
    outer loop
      vertex 2.4453690018345142 -0.5197792270443984 2.9
      vertex 2.4863047384206833 -0.2613211581691337 3.3
      vertex 2.4453690018345142 -0.5197792270443984 3.3
    endloop
  endfacet
  facet normal 0 0 1
    outer loop
      vertex 2.283863644106502 -1.0168416076895006 3.3
      vertex 2.3776412907378837 -0.7725424859373685 3.3
      vertex 2.283863644106502 1.0168416076895006 3.3
    endloop
  endfacet
  facet normal 0.9986295347545738 -0.05233595624294385 0
    outer loop
      vertex 2.4863047384206833 -0.2613211581691337 2.9
      vertex 2.5 0 3.3
      vertex 2.4863047384206833 -0.2613211581691337 3.3
    endloop
  endfacet
  facet normal 0 0 1
    outer loop
      vertex 2.3776412907378837 -0.7725424859373685 3.3
      vertex 2.4453690018345142 -0.5197792270443984 3.3
      vertex 2.3776412907378837 0.7725424859373685 3.3
    endloop
  endfacet
  facet normal 0 0 1
    outer loop
      vertex 2.4453690018345142 -0.5197792270443984 3.3
      vertex 2.4863047384206833 -0.2613211581691337 3.3
      vertex 2.4453690018345142 0.5197792270443984 3.3
    endloop
  endfacet
  facet normal 0 0 -1
    outer loop
      vertex 1.0168416076895006 2.283863644106502 0
      vertex 0.85 1.4722431864335457 0
      vertex 0.6914522932288604 1.5530272779924215 0
    endloop
  endfacet
  facet normal 0 0 -1
    outer loop
      vertex 1.8578620636934855 1.6728265158971456 0
      vertex 1.7 0 0
      vertex 1.6906872221260645 0.17769838755501088 0
    endloop
  endfacet
  facet normal 0 0 -1
    outer loop
      vertex 1.6728265158971456 1.8578620636934855 0
      vertex 1.6628509212474696 0.3534498743901909 0
      vertex 1.616796077701761 0.5253288904374106 0
    endloop
  endfacet
  facet normal 0 0 -1
    outer loop
      vertex 1.8578620636934855 1.6728265158971456 0
      vertex 1.6906872221260645 0.17769838755501088 0
      vertex 1.6628509212474696 0.3534498743901909 0
    endloop
  endfacet
  facet normal 0 0 -1
    outer loop
      vertex 1.25 2.1650635094610964 0
      vertex 1.1375220308100589 1.26334620331157 0
      vertex 0.9992349288972043 1.3753288904374106 0
    endloop
  endfacet
  facet normal 0 0 -1
    outer loop
      vertex 1.0168416076895006 2.283863644106502 0
      vertex 0.9992349288972043 1.3753288904374106 0
      vertex 0.85 1.4722431864335457 0
    endloop
  endfacet
  facet normal 0 0 -1
    outer loop
      vertex 1.469463130731183 2.0225424859373686 0
      vertex 1.26334620331157 1.1375220308100589 0
      vertex 1.1375220308100589 1.26334620331157 0
    endloop
  endfacet
  facet normal 0 0 -1
    outer loop
      vertex 1.469463130731183 2.0225424859373686 0
      vertex 1.3753288904374106 0.9992349288972043 0
      vertex 1.26334620331157 1.1375220308100589 0
    endloop
  endfacet
  facet normal 0 0 -1
    outer loop
      vertex 1.25 2.1650635094610964 0
      vertex 1.469463130731183 2.0225424859373686 0
      vertex 1.1375220308100589 1.26334620331157 0
    endloop
  endfacet
  facet normal 0 0 -1
    outer loop
      vertex 1.6728265158971456 1.8578620636934855 0
      vertex 1.5530272779924215 0.6914522932288604 0
      vertex 1.4722431864335457 0.85 0
    endloop
  endfacet
  facet normal 0 0 -1
    outer loop
      vertex 1.6728265158971456 1.8578620636934855 0
      vertex 1.4722431864335457 0.85 0
      vertex 1.3753288904374106 0.9992349288972043 0
    endloop
  endfacet
  facet normal 0 0 -1
    outer loop
      vertex 1.6728265158971456 1.8578620636934855 0
      vertex 1.616796077701761 0.5253288904374106 0
      vertex 1.5530272779924215 0.6914522932288604 0
    endloop
  endfacet
  facet normal 0 0 -1
    outer loop
      vertex 1.6728265158971456 1.8578620636934855 0
      vertex 1.8578620636934855 1.6728265158971456 0
      vertex 1.6628509212474696 0.3534498743901909 0
    endloop
  endfacet
  facet normal 0 0 -1
    outer loop
      vertex 1.469463130731183 2.0225424859373686 0
      vertex 1.6728265158971456 1.8578620636934855 0
      vertex 1.3753288904374106 0.9992349288972043 0
    endloop
  endfacet
  facet normal 0.7071067811865476 0.7071067811865476 0
    outer loop
      vertex 1.6728265158971456 1.8578620636934855 0
      vertex 1.6728265158971456 1.8578620636934855 0.4
      vertex 1.8578620636934855 1.6728265158971456 0
    endloop
  endfacet
  facet normal 0.7071067811865476 0.7071067811865476 0
    outer loop
      vertex 1.6728265158971456 1.8578620636934855 0.4
      vertex 1.8578620636934855 1.6728265158971456 0.4
      vertex 1.8578620636934855 1.6728265158971456 0
    endloop
  endfacet
  facet normal 0 0 -1
    outer loop
      vertex 0 2.5 0
      vertex 0.17769838755501088 1.6906872221260645 0
      vertex 0 1.7 0
    endloop
  endfacet
  facet normal 0 0 -1
    outer loop
      vertex 0 2.5 0
      vertex 0.2613211581691337 2.4863047384206833 0
      vertex 0.17769838755501088 1.6906872221260645 0
    endloop
  endfacet
  facet normal 0 0 -1
    outer loop
      vertex 0.5197792270443984 2.4453690018345142 0
      vertex 0.3534498743901909 1.6628509212474696 0
      vertex 0.17769838755501088 1.6906872221260645 0
    endloop
  endfacet
  facet normal 0 0 -1
    outer loop
      vertex 0.2613211581691337 2.4863047384206833 0
      vertex 0.5197792270443984 2.4453690018345142 0
      vertex 0.17769838755501088 1.6906872221260645 0
    endloop
  endfacet
  facet normal 0.052335956242943855 0.9986295347545739 0
    outer loop
      vertex 0 2.5 0
      vertex 0 2.5 0.4
      vertex 0.2613211581691337 2.4863047384206833 0
    endloop
  endfacet
  facet normal 0.15643446504023037 0.9876883405951378 0
    outer loop
      vertex 0.2613211581691337 2.4863047384206833 0
      vertex 0.2613211581691337 2.4863047384206833 0.4
      vertex 0.5197792270443984 2.4453690018345142 0
    endloop
  endfacet
  facet normal 0.052335956242943855 0.9986295347545739 0
    outer loop
      vertex 0.2613211581691337 2.4863047384206833 0
      vertex 0 2.5 0.4
      vertex 0.2613211581691337 2.4863047384206833 0.4
    endloop
  endfacet
  facet normal 0.15643446504023037 0.9876883405951378 0
    outer loop
      vertex 0.2613211581691337 2.4863047384206833 0.4
      vertex 0.5197792270443984 2.4453690018345142 0.4
      vertex 0.5197792270443984 2.4453690018345142 0
    endloop
  endfacet
  facet normal 0 0 -1
    outer loop
      vertex 0.7725424859373685 2.3776412907378837 0
      vertex 0.5253288904374106 1.616796077701761 0
      vertex 0.3534498743901909 1.6628509212474696 0
    endloop
  endfacet
  facet normal 0 0 -1
    outer loop
      vertex 0.7725424859373685 2.3776412907378837 0
      vertex 0.6914522932288604 1.5530272779924215 0
      vertex 0.5253288904374106 1.616796077701761 0
    endloop
  endfacet
  facet normal 0 0 -1
    outer loop
      vertex 0.5197792270443984 2.4453690018345142 0
      vertex 0.7725424859373685 2.3776412907378837 0
      vertex 0.3534498743901909 1.6628509212474696 0
    endloop
  endfacet
  facet normal 0 0 -1
    outer loop
      vertex 0.7725424859373685 2.3776412907378837 0
      vertex 1.0168416076895006 2.283863644106502 0
      vertex 0.6914522932288604 1.5530272779924215 0
    endloop
  endfacet
  facet normal 0.2588190451025223 0.965925826289068 0
    outer loop
      vertex 0.5197792270443984 2.4453690018345142 0
      vertex 0.5197792270443984 2.4453690018345142 0.4
      vertex 0.7725424859373685 2.3776412907378837 0
    endloop
  endfacet
  facet normal 0.35836794954529966 0.933580426497202 0
    outer loop
      vertex 0.7725424859373685 2.3776412907378837 0
      vertex 0.7725424859373685 2.3776412907378837 0.4
      vertex 1.0168416076895006 2.283863644106502 0
    endloop
  endfacet
  facet normal 0.2588190451025223 0.965925826289068 0
    outer loop
      vertex 0.7725424859373685 2.3776412907378837 0
      vertex 0.5197792270443984 2.4453690018345142 0.4
      vertex 0.7725424859373685 2.3776412907378837 0.4
    endloop
  endfacet
  facet normal 0 0 -1
    outer loop
      vertex 1.0168416076895006 2.283863644106502 0
      vertex 1.25 2.1650635094610964 0
      vertex 0.9992349288972043 1.3753288904374106 0
    endloop
  endfacet
  facet normal 0.4539904997395473 0.8910065241883677 0
    outer loop
      vertex 1.0168416076895006 2.283863644106502 0
      vertex 1.0168416076895006 2.283863644106502 0.4
      vertex 1.25 2.1650635094610964 0
    endloop
  endfacet
  facet normal 0.544639035015026 0.8386705679454247 0
    outer loop
      vertex 1.25 2.1650635094610964 0
      vertex 1.25 2.1650635094610964 0.4
      vertex 1.469463130731183 2.0225424859373686 0
    endloop
  endfacet
  facet normal 0.4539904997395473 0.8910065241883677 0
    outer loop
      vertex 1.25 2.1650635094610964 0
      vertex 1.0168416076895006 2.283863644106502 0.4
      vertex 1.25 2.1650635094610964 0.4
    endloop
  endfacet
  facet normal 0.35836794954529966 0.933580426497202 0
    outer loop
      vertex 0.7725424859373685 2.3776412907378837 0.4
      vertex 1.0168416076895006 2.283863644106502 0.4
      vertex 1.0168416076895006 2.283863644106502 0
    endloop
  endfacet
  facet normal 0.629320391049838 0.7771459614569705 0
    outer loop
      vertex 1.469463130731183 2.0225424859373686 0
      vertex 1.469463130731183 2.0225424859373686 0.4
      vertex 1.6728265158971456 1.8578620636934855 0
    endloop
  endfacet
  facet normal 0.544639035015026 0.8386705679454247 0
    outer loop
      vertex 1.25 2.1650635094610964 0.4
      vertex 1.469463130731183 2.0225424859373686 0.4
      vertex 1.469463130731183 2.0225424859373686 0
    endloop
  endfacet
  facet normal 0.629320391049838 0.7771459614569705 0
    outer loop
      vertex 1.6728265158971456 1.8578620636934855 0
      vertex 1.469463130731183 2.0225424859373686 0.4
      vertex 1.6728265158971456 1.8578620636934855 0.4
    endloop
  endfacet
  facet normal 0 0 -1
    outer loop
      vertex 2.0225424859373686 -1.469463130731183 0
      vertex 2.0225424859373686 1.469463130731183 0
      vertex 2.1650635094610964 1.25 0
    endloop
  endfacet
  facet normal 0 0 -1
    outer loop
      vertex 2.1650635094610964 -1.25 0
      vertex 2.1650635094610964 1.25 0
      vertex 2.283863644106502 1.0168416076895006 0
    endloop
  endfacet
  facet normal 0 0 -1
    outer loop
      vertex 1.8578620636934855 -1.6728265158971456 0
      vertex 1.8578620636934855 1.6728265158971456 0
      vertex 2.0225424859373686 1.469463130731183 0
    endloop
  endfacet
  facet normal 0 0 -1
    outer loop
      vertex 2.3776412907378837 -0.7725424859373685 0
      vertex 2.3776412907378837 0.7725424859373685 0
      vertex 2.4453690018345142 0.5197792270443984 0
    endloop
  endfacet
  facet normal 0 0 -1
    outer loop
      vertex 2.4453690018345142 -0.5197792270443984 0
      vertex 2.4453690018345142 0.5197792270443984 0
      vertex 2.4863047384206833 0.2613211581691337 0
    endloop
  endfacet
  facet normal 0 0 -1
    outer loop
      vertex 2.4863047384206833 -0.2613211581691337 0
      vertex 2.4863047384206833 0.2613211581691337 0
      vertex 2.5 0 0
    endloop
  endfacet
  facet normal 0.9986295347545739 0.052335956242943855 0
    outer loop
      vertex 2.5 0 0
      vertex 2.4863047384206833 0.2613211581691337 0
      vertex 2.4863047384206833 0.2613211581691337 0.4
    endloop
  endfacet
  facet normal 0 0 -1
    outer loop
      vertex 2.283863644106502 -1.0168416076895006 0
      vertex 2.283863644106502 1.0168416076895006 0
      vertex 2.3776412907378837 0.7725424859373685 0
    endloop
  endfacet
  facet normal 0.9876883405951378 0.15643446504023037 0
    outer loop
      vertex 2.4863047384206833 0.2613211581691337 0
      vertex 2.4453690018345142 0.5197792270443984 0
      vertex 2.4453690018345142 0.5197792270443984 0.4
    endloop
  endfacet
  facet normal 0.9986295347545739 0.052335956242943855 0
    outer loop
      vertex 2.5 0 0
      vertex 2.4863047384206833 0.2613211581691337 0.4
      vertex 2.5 0 0.4
    endloop
  endfacet
  facet normal 0.9876883405951378 0.15643446504023037 0
    outer loop
      vertex 2.4863047384206833 0.2613211581691337 0
      vertex 2.4453690018345142 0.5197792270443984 0.4
      vertex 2.4863047384206833 0.2613211581691337 0.4
    endloop
  endfacet
  facet normal 0.965925826289068 0.2588190451025223 0
    outer loop
      vertex 2.4453690018345142 0.5197792270443984 0
      vertex 2.3776412907378837 0.7725424859373685 0
      vertex 2.3776412907378837 0.7725424859373685 0.4
    endloop
  endfacet
  facet normal 0.965925826289068 0.2588190451025223 0
    outer loop
      vertex 2.4453690018345142 0.5197792270443984 0
      vertex 2.3776412907378837 0.7725424859373685 0.4
      vertex 2.4453690018345142 0.5197792270443984 0.4
    endloop
  endfacet
  facet normal 0.933580426497202 0.35836794954529966 0
    outer loop
      vertex 2.3776412907378837 0.7725424859373685 0
      vertex 2.283863644106502 1.0168416076895006 0.4
      vertex 2.3776412907378837 0.7725424859373685 0.4
    endloop
  endfacet
  facet normal 0.8910065241883677 0.4539904997395473 0
    outer loop
      vertex 2.283863644106502 1.0168416076895006 0
      vertex 2.1650635094610964 1.25 0
      vertex 2.1650635094610964 1.25 0.4
    endloop
  endfacet
  facet normal 0.8910065241883677 0.4539904997395473 0
    outer loop
      vertex 2.283863644106502 1.0168416076895006 0
      vertex 2.1650635094610964 1.25 0.4
      vertex 2.283863644106502 1.0168416076895006 0.4
    endloop
  endfacet
  facet normal 0.8386705679454247 0.544639035015026 0
    outer loop
      vertex 2.1650635094610964 1.25 0
      vertex 2.0225424859373686 1.469463130731183 0.4
      vertex 2.1650635094610964 1.25 0.4
    endloop
  endfacet
  facet normal 0.7771459614569705 0.629320391049838 0
    outer loop
      vertex 2.0225424859373686 1.469463130731183 0
      vertex 1.8578620636934855 1.6728265158971456 0
      vertex 1.8578620636934855 1.6728265158971456 0.4
    endloop
  endfacet
  facet normal 0.8386705679454247 0.544639035015026 0
    outer loop
      vertex 2.1650635094610964 1.25 0
      vertex 2.0225424859373686 1.469463130731183 0
      vertex 2.0225424859373686 1.469463130731183 0.4
    endloop
  endfacet
  facet normal 0.7771459614569705 0.629320391049838 0
    outer loop
      vertex 2.0225424859373686 1.469463130731183 0
      vertex 1.8578620636934855 1.6728265158971456 0.4
      vertex 2.0225424859373686 1.469463130731183 0.4
    endloop
  endfacet
  facet normal 0.933580426497202 0.35836794954529966 0
    outer loop
      vertex 2.3776412907378837 0.7725424859373685 0
      vertex 2.283863644106502 1.0168416076895006 0
      vertex 2.283863644106502 1.0168416076895006 0.4
    endloop
  endfacet
  facet normal 0 0 1
    outer loop
      vertex 0.7725424859373685 2.3776412907378837 3.3
      vertex 0.6914522932288604 1.5530272779924215 3.3
      vertex 0.85 1.4722431864335457 3.3
    endloop
  endfacet
  facet normal 0 0 1
    outer loop
      vertex 1.8578620636934855 -1.6728265158971456 3.3
      vertex 1.6728265158971456 1.8578620636934855 3.3
      vertex 1.7 0 3.3
    endloop
  endfacet
  facet normal 0 0 1
    outer loop
      vertex 1.6728265158971456 1.8578620636934855 3.3
      vertex 1.6906872221260645 0.17769838755501088 3.3
      vertex 1.7 0 3.3
    endloop
  endfacet
  facet normal 0 0 1
    outer loop
      vertex 1.8578620636934855 -1.6728265158971456 3.3
      vertex 1.8578620636934855 1.6728265158971456 3.3
      vertex 1.6728265158971456 1.8578620636934855 3.3
    endloop
  endfacet
  facet normal 0 0 1
    outer loop
      vertex 1.6728265158971456 1.8578620636934855 3.3
      vertex 1.6628509212474696 0.3534498743901909 3.3
      vertex 1.6906872221260645 0.17769838755501088 3.3
    endloop
  endfacet
  facet normal 0 0 1
    outer loop
      vertex 1.6728265158971456 1.8578620636934855 3.3
      vertex 1.616796077701761 0.5253288904374106 3.3
      vertex 1.6628509212474696 0.3534498743901909 3.3
    endloop
  endfacet
  facet normal 0 0 1
    outer loop
      vertex 1.0168416076895006 2.283863644106502 3.3
      vertex 0.85 1.4722431864335457 3.3
      vertex 0.9992349288972043 1.3753288904374106 3.3
    endloop
  endfacet
  facet normal 0 0 1
    outer loop
      vertex 1.0168416076895006 2.283863644106502 3.3
      vertex 0.9992349288972043 1.3753288904374106 3.3
      vertex 1.1375220308100589 1.26334620331157 3.3
    endloop
  endfacet
  facet normal 0 0 1
    outer loop
      vertex 1.25 2.1650635094610964 3.3
      vertex 1.1375220308100589 1.26334620331157 3.3
      vertex 1.26334620331157 1.1375220308100589 3.3
    endloop
  endfacet
  facet normal 0 0 1
    outer loop
      vertex 1.25 2.1650635094610964 3.3
      vertex 1.26334620331157 1.1375220308100589 3.3
      vertex 1.3753288904374106 0.9992349288972043 3.3
    endloop
  endfacet
  facet normal 0 0 1
    outer loop
      vertex 1.25 2.1650635094610964 3.3
      vertex 1.3753288904374106 0.9992349288972043 3.3
      vertex 1.469463130731183 2.0225424859373686 3.3
    endloop
  endfacet
  facet normal 0 0 1
    outer loop
      vertex 1.469463130731183 2.0225424859373686 3.3
      vertex 1.3753288904374106 0.9992349288972043 3.3
      vertex 1.4722431864335457 0.85 3.3
    endloop
  endfacet
  facet normal 0 0 1
    outer loop
      vertex 1.469463130731183 2.0225424859373686 3.3
      vertex 1.4722431864335457 0.85 3.3
      vertex 1.5530272779924215 0.6914522932288604 3.3
    endloop
  endfacet
  facet normal 0 0 1
    outer loop
      vertex 1.6728265158971456 1.8578620636934855 3.3
      vertex 1.5530272779924215 0.6914522932288604 3.3
      vertex 1.616796077701761 0.5253288904374106 3.3
    endloop
  endfacet
  facet normal 0.7071067811865475 0.7071067811865475 0
    outer loop
      vertex 1.6728265158971456 1.8578620636934855 2.9
      vertex 1.6728265158971456 1.8578620636934855 3.3
      vertex 1.8578620636934855 1.6728265158971456 2.9
    endloop
  endfacet
  facet normal 0 0 1
    outer loop
      vertex 1.469463130731183 2.0225424859373686 3.3
      vertex 1.5530272779924215 0.6914522932288604 3.3
      vertex 1.6728265158971456 1.8578620636934855 3.3
    endloop
  endfacet
  facet normal 0.7071067811865475 0.7071067811865475 0
    outer loop
      vertex 1.6728265158971456 1.8578620636934855 3.3
      vertex 1.8578620636934855 1.6728265158971456 3.3
      vertex 1.8578620636934855 1.6728265158971456 2.9
    endloop
  endfacet
  facet normal 0 0 1
    outer loop
      vertex 0 2.5 3.3
      vertex 0 1.7 3.3
      vertex 0.17769838755501088 1.6906872221260645 3.3
    endloop
  endfacet
  facet normal 0 0 1
    outer loop
      vertex 0 2.5 3.3
      vertex 0.17769838755501088 1.6906872221260645 3.3
      vertex 0.2613211581691337 2.4863047384206833 3.3
    endloop
  endfacet
  facet normal 0 0 1
    outer loop
      vertex 0.2613211581691337 2.4863047384206833 3.3
      vertex 0.17769838755501088 1.6906872221260645 3.3
      vertex 0.3534498743901909 1.6628509212474696 3.3
    endloop
  endfacet
  facet normal 0 0 1
    outer loop
      vertex 0.2613211581691337 2.4863047384206833 3.3
      vertex 0.3534498743901909 1.6628509212474696 3.3
      vertex 0.5197792270443984 2.4453690018345142 3.3
    endloop
  endfacet
  facet normal 0.05233595624294385 0.9986295347545738 0
    outer loop
      vertex 0 2.5 2.9
      vertex 0 2.5 3.3
      vertex 0.2613211581691337 2.4863047384206833 2.9
    endloop
  endfacet
  facet normal 0.1564344650402304 0.9876883405951379 0
    outer loop
      vertex 0.2613211581691337 2.4863047384206833 2.9
      vertex 0.2613211581691337 2.4863047384206833 3.3
      vertex 0.5197792270443984 2.4453690018345142 2.9
    endloop
  endfacet
  facet normal 0.05233595624294385 0.9986295347545738 0
    outer loop
      vertex 0.2613211581691337 2.4863047384206833 2.9
      vertex 0 2.5 3.3
      vertex 0.2613211581691337 2.4863047384206833 3.3
    endloop
  endfacet
  facet normal 0.1564344650402304 0.9876883405951379 0
    outer loop
      vertex 0.2613211581691337 2.4863047384206833 3.3
      vertex 0.5197792270443984 2.4453690018345142 3.3
      vertex 0.5197792270443984 2.4453690018345142 2.9
    endloop
  endfacet
  facet normal 0 0 1
    outer loop
      vertex 0.5197792270443984 2.4453690018345142 3.3
      vertex 0.3534498743901909 1.6628509212474696 3.3
      vertex 0.5253288904374106 1.616796077701761 3.3
    endloop
  endfacet
  facet normal 0 0 1
    outer loop
      vertex 0.5197792270443984 2.4453690018345142 3.3
      vertex 0.5253288904374106 1.616796077701761 3.3
      vertex 0.6914522932288604 1.5530272779924215 3.3
    endloop
  endfacet
  facet normal 0 0 1
    outer loop
      vertex 0.5197792270443984 2.4453690018345142 3.3
      vertex 0.6914522932288604 1.5530272779924215 3.3
      vertex 0.7725424859373685 2.3776412907378837 3.3
    endloop
  endfacet
  facet normal 0 0 1
    outer loop
      vertex 0.7725424859373685 2.3776412907378837 3.3
      vertex 0.85 1.4722431864335457 3.3
      vertex 1.0168416076895006 2.283863644106502 3.3
    endloop
  endfacet
  facet normal 0.25881904510252224 0.9659258262890679 0
    outer loop
      vertex 0.5197792270443984 2.4453690018345142 2.9
      vertex 0.5197792270443984 2.4453690018345142 3.3
      vertex 0.7725424859373685 2.3776412907378837 2.9
    endloop
  endfacet
  facet normal 0.3583679495452996 0.933580426497202 0
    outer loop
      vertex 0.7725424859373685 2.3776412907378837 2.9
      vertex 0.7725424859373685 2.3776412907378837 3.3
      vertex 1.0168416076895006 2.283863644106502 2.9
    endloop
  endfacet
  facet normal 0.25881904510252224 0.9659258262890679 0
    outer loop
      vertex 0.7725424859373685 2.3776412907378837 2.9
      vertex 0.5197792270443984 2.4453690018345142 3.3
      vertex 0.7725424859373685 2.3776412907378837 3.3
    endloop
  endfacet
  facet normal 0.4539904997395473 0.8910065241883677 0
    outer loop
      vertex 1.0168416076895006 2.283863644106502 2.9
      vertex 1.0168416076895006 2.283863644106502 3.3
      vertex 1.25 2.1650635094610964 2.9
    endloop
  endfacet
  facet normal 0.5446390350150261 0.8386705679454248 0
    outer loop
      vertex 1.25 2.1650635094610964 2.9
      vertex 1.25 2.1650635094610964 3.3
      vertex 1.469463130731183 2.0225424859373686 2.9
    endloop
  endfacet
  facet normal 0 0 1
    outer loop
      vertex 1.0168416076895006 2.283863644106502 3.3
      vertex 1.1375220308100589 1.26334620331157 3.3
      vertex 1.25 2.1650635094610964 3.3
    endloop
  endfacet
  facet normal 0.4539904997395473 0.8910065241883677 0
    outer loop
      vertex 1.25 2.1650635094610964 2.9
      vertex 1.0168416076895006 2.283863644106502 3.3
      vertex 1.25 2.1650635094610964 3.3
    endloop
  endfacet
  facet normal 0.3583679495452996 0.933580426497202 0
    outer loop
      vertex 0.7725424859373685 2.3776412907378837 3.3
      vertex 1.0168416076895006 2.283863644106502 3.3
      vertex 1.0168416076895006 2.283863644106502 2.9
    endloop
  endfacet
  facet normal 0.629320391049838 0.7771459614569705 0
    outer loop
      vertex 1.469463130731183 2.0225424859373686 2.9
      vertex 1.469463130731183 2.0225424859373686 3.3
      vertex 1.6728265158971456 1.8578620636934855 2.9
    endloop
  endfacet
  facet normal 0.5446390350150261 0.8386705679454248 0
    outer loop
      vertex 1.25 2.1650635094610964 3.3
      vertex 1.469463130731183 2.0225424859373686 3.3
      vertex 1.469463130731183 2.0225424859373686 2.9
    endloop
  endfacet
  facet normal 0.629320391049838 0.7771459614569705 0
    outer loop
      vertex 1.6728265158971456 1.8578620636934855 2.9
      vertex 1.469463130731183 2.0225424859373686 3.3
      vertex 1.6728265158971456 1.8578620636934855 3.3
    endloop
  endfacet
  facet normal 0 0 1
    outer loop
      vertex 2.283863644106502 -1.0168416076895006 3.3
      vertex 2.283863644106502 1.0168416076895006 3.3
      vertex 2.1650635094610964 1.25 3.3
    endloop
  endfacet
  facet normal 0 0 1
    outer loop
      vertex 2.0225424859373686 -1.469463130731183 3.3
      vertex 2.0225424859373686 1.469463130731183 3.3
      vertex 1.8578620636934855 1.6728265158971456 3.3
    endloop
  endfacet
  facet normal 0 0 1
    outer loop
      vertex 2.1650635094610964 -1.25 3.3
      vertex 2.1650635094610964 1.25 3.3
      vertex 2.0225424859373686 1.469463130731183 3.3
    endloop
  endfacet
  facet normal 0.9986295347545738 0.05233595624294385 0
    outer loop
      vertex 2.5 0 2.9
      vertex 2.4863047384206833 0.2613211581691337 2.9
      vertex 2.4863047384206833 0.2613211581691337 3.3
    endloop
  endfacet
  facet normal 0.9876883405951379 0.1564344650402304 0
    outer loop
      vertex 2.4863047384206833 0.2613211581691337 2.9
      vertex 2.4453690018345142 0.5197792270443984 2.9
      vertex 2.4453690018345142 0.5197792270443984 3.3
    endloop
  endfacet
  facet normal 0.9986295347545738 0.05233595624294385 0
    outer loop
      vertex 2.5 0 2.9
      vertex 2.4863047384206833 0.2613211581691337 3.3
      vertex 2.5 0 3.3
    endloop
  endfacet
  facet normal 0 0 1
    outer loop
      vertex 2.4863047384206833 -0.2613211581691337 3.3
      vertex 2.5 0 3.3
      vertex 2.4863047384206833 0.2613211581691337 3.3
    endloop
  endfacet
  facet normal 0 0 1
    outer loop
      vertex 2.4863047384206833 -0.2613211581691337 3.3
      vertex 2.4863047384206833 0.2613211581691337 3.3
      vertex 2.4453690018345142 0.5197792270443984 3.3
    endloop
  endfacet
  facet normal 0.9876883405951379 0.1564344650402304 0
    outer loop
      vertex 2.4863047384206833 0.2613211581691337 2.9
      vertex 2.4453690018345142 0.5197792270443984 3.3
      vertex 2.4863047384206833 0.2613211581691337 3.3
    endloop
  endfacet
  facet normal 0 0 1
    outer loop
      vertex 2.3776412907378837 -0.7725424859373685 3.3
      vertex 2.3776412907378837 0.7725424859373685 3.3
      vertex 2.283863644106502 1.0168416076895006 3.3
    endloop
  endfacet
  facet normal 0 0 1
    outer loop
      vertex 2.4453690018345142 -0.5197792270443984 3.3
      vertex 2.4453690018345142 0.5197792270443984 3.3
      vertex 2.3776412907378837 0.7725424859373685 3.3
    endloop
  endfacet
  facet normal 0.9659258262890679 0.25881904510252224 0
    outer loop
      vertex 2.4453690018345142 0.5197792270443984 2.9
      vertex 2.3776412907378837 0.7725424859373685 2.9
      vertex 2.3776412907378837 0.7725424859373685 3.3
    endloop
  endfacet
  facet normal 0.9659258262890679 0.25881904510252224 0
    outer loop
      vertex 2.4453690018345142 0.5197792270443984 2.9
      vertex 2.3776412907378837 0.7725424859373685 3.3
      vertex 2.4453690018345142 0.5197792270443984 3.3
    endloop
  endfacet
  facet normal 0.933580426497202 0.3583679495452996 0
    outer loop
      vertex 2.3776412907378837 0.7725424859373685 2.9
      vertex 2.283863644106502 1.0168416076895006 3.3
      vertex 2.3776412907378837 0.7725424859373685 3.3
    endloop
  endfacet
  facet normal 0.8910065241883677 0.4539904997395473 0
    outer loop
      vertex 2.283863644106502 1.0168416076895006 2.9
      vertex 2.1650635094610964 1.25 2.9
      vertex 2.1650635094610964 1.25 3.3
    endloop
  endfacet
  facet normal 0.8910065241883677 0.4539904997395473 0
    outer loop
      vertex 2.283863644106502 1.0168416076895006 2.9
      vertex 2.1650635094610964 1.25 3.3
      vertex 2.283863644106502 1.0168416076895006 3.3
    endloop
  endfacet
  facet normal 0.8386705679454248 0.5446390350150261 0
    outer loop
      vertex 2.1650635094610964 1.25 2.9
      vertex 2.0225424859373686 1.469463130731183 3.3
      vertex 2.1650635094610964 1.25 3.3
    endloop
  endfacet
  facet normal 0.7771459614569705 0.629320391049838 0
    outer loop
      vertex 2.0225424859373686 1.469463130731183 2.9
      vertex 1.8578620636934855 1.6728265158971456 2.9
      vertex 1.8578620636934855 1.6728265158971456 3.3
    endloop
  endfacet
  facet normal 0.8386705679454248 0.5446390350150261 0
    outer loop
      vertex 2.1650635094610964 1.25 2.9
      vertex 2.0225424859373686 1.469463130731183 2.9
      vertex 2.0225424859373686 1.469463130731183 3.3
    endloop
  endfacet
  facet normal 0.7771459614569705 0.629320391049838 0
    outer loop
      vertex 2.0225424859373686 1.469463130731183 2.9
      vertex 1.8578620636934855 1.6728265158971456 3.3
      vertex 2.0225424859373686 1.469463130731183 3.3
    endloop
  endfacet
  facet normal 0.933580426497202 0.3583679495452996 0
    outer loop
      vertex 2.3776412907378837 0.7725424859373685 2.9
      vertex 2.283863644106502 1.0168416076895006 2.9
      vertex 2.283863644106502 1.0168416076895006 3.3
    endloop
  endfacet
  facet normal 0.544639035015027 0.8386705679454239 0
    outer loop
      vertex -0.9992349288972043 -1.3753288904374106 3.3
      vertex -0.85 -1.4722431864335457 0
      vertex -0.9992349288972043 -1.3753288904374106 0
    endloop
  endfacet
  facet normal 0.7071067811865476 0.7071067811865476 0
    outer loop
      vertex -1.1375220308100589 -1.26334620331157 0
      vertex -1.26334620331157 -1.1375220308100589 0
      vertex -1.26334620331157 -1.1375220308100589 3.3
    endloop
  endfacet
  facet normal 0.7771459614569706 0.629320391049838 0
    outer loop
      vertex -1.26334620331157 -1.1375220308100589 0
      vertex -1.3753288904374106 -0.9992349288972043 0
      vertex -1.3753288904374106 -0.9992349288972043 3.3
    endloop
  endfacet
  facet normal 0.629320391049838 0.7771459614569706 0
    outer loop
      vertex -1.1375220308100589 -1.26334620331157 0
      vertex -1.1375220308100589 -1.26334620331157 3.3
      vertex -0.9992349288972043 -1.3753288904374106 0
    endloop
  endfacet
  facet normal 0.891006524188368 0.45399049973954675 0
    outer loop
      vertex -1.4722431864335457 -0.85 0
      vertex -1.5530272779924215 -0.6914522932288604 0
      vertex -1.5530272779924215 -0.6914522932288604 3.3
    endloop
  endfacet
  facet normal 0.8386705679454239 0.544639035015027 0
    outer loop
      vertex -1.3753288904374106 -0.9992349288972043 0
      vertex -1.4722431864335457 -0.85 0
      vertex -1.4722431864335457 -0.85 3.3
    endloop
  endfacet
  facet normal 0.9335804264972021 0.3583679495452998 0
    outer loop
      vertex -1.5530272779924215 -0.6914522932288604 0
      vertex -1.616796077701761 -0.5253288904374106 0
      vertex -1.616796077701761 -0.5253288904374106 3.3
    endloop
  endfacet
  facet normal 0.9659258262890681 0.25881904510252157 0
    outer loop
      vertex -1.6628509212474696 -0.3534498743901909 3.3
      vertex -1.616796077701761 -0.5253288904374106 0
      vertex -1.6628509212474696 -0.3534498743901909 0
    endloop
  endfacet
  facet normal 0.9876883405951378 0.1564344650402298 0
    outer loop
      vertex -1.6628509212474696 -0.3534498743901909 0
      vertex -1.6906872221260645 -0.17769838755501088 0
      vertex -1.6906872221260645 -0.17769838755501088 3.3
    endloop
  endfacet
  facet normal 0.9986295347545739 0.05233595624294466 0
    outer loop
      vertex -1.6906872221260645 -0.17769838755501088 0
      vertex -1.7 0 0
      vertex -1.7 0 3.3
    endloop
  endfacet
  facet normal 0.45399049973954675 0.891006524188368 0
    outer loop
      vertex -0.85 -1.4722431864335457 0
      vertex -0.85 -1.4722431864335457 3.3
      vertex -0.6914522932288604 -1.5530272779924215 0
    endloop
  endfacet
  facet normal 0.25881904510252157 0.9659258262890681 0
    outer loop
      vertex -0.3534498743901909 -1.6628509212474696 0
      vertex -0.5253288904374106 -1.616796077701761 0
      vertex -0.5253288904374106 -1.616796077701761 3.3
    endloop
  endfacet
  facet normal 0.3583679495452998 0.9335804264972021 0
    outer loop
      vertex -0.6914522932288604 -1.5530272779924215 0
      vertex -0.6914522932288604 -1.5530272779924215 3.3
      vertex -0.5253288904374106 -1.616796077701761 0
    endloop
  endfacet
  facet normal 0.1564344650402298 0.9876883405951378 0
    outer loop
      vertex -0.3534498743901909 -1.6628509212474696 0
      vertex -0.3534498743901909 -1.6628509212474696 3.3
      vertex -0.17769838755501088 -1.6906872221260645 0
    endloop
  endfacet
  facet normal 0.05233595624294466 0.9986295347545739 0
    outer loop
      vertex -0.17769838755501088 -1.6906872221260645 0
      vertex -0.17769838755501088 -1.6906872221260645 3.3
      vertex 0 -1.7 0
    endloop
  endfacet
  facet normal 0.8386705679454239 0.544639035015027 0
    outer loop
      vertex -1.3753288904374106 -0.9992349288972043 0
      vertex -1.4722431864335457 -0.85 3.3
      vertex -1.3753288904374106 -0.9992349288972043 3.3
    endloop
  endfacet
  facet normal 0.7071067811865476 0.7071067811865476 0
    outer loop
      vertex -1.1375220308100589 -1.26334620331157 0
      vertex -1.26334620331157 -1.1375220308100589 3.3
      vertex -1.1375220308100589 -1.26334620331157 3.3
    endloop
  endfacet
  facet normal 0.7771459614569706 0.629320391049838 0
    outer loop
      vertex -1.3753288904374106 -0.9992349288972043 3.3
      vertex -1.26334620331157 -1.1375220308100589 3.3
      vertex -1.26334620331157 -1.1375220308100589 0
    endloop
  endfacet
  facet normal 0.629320391049838 0.7771459614569706 0
    outer loop
      vertex -1.1375220308100589 -1.26334620331157 3.3
      vertex -0.9992349288972043 -1.3753288904374106 3.3
      vertex -0.9992349288972043 -1.3753288904374106 0
    endloop
  endfacet
  facet normal 0.9659258262890681 0.25881904510252157 0
    outer loop
      vertex -1.6628509212474696 -0.3534498743901909 3.3
      vertex -1.616796077701761 -0.5253288904374106 3.3
      vertex -1.616796077701761 -0.5253288904374106 0
    endloop
  endfacet
  facet normal 0.891006524188368 0.45399049973954675 0
    outer loop
      vertex -1.5530272779924215 -0.6914522932288604 3.3
      vertex -1.4722431864335457 -0.85 3.3
      vertex -1.4722431864335457 -0.85 0
    endloop
  endfacet
  facet normal 0.9335804264972021 0.3583679495452998 0
    outer loop
      vertex -1.5530272779924215 -0.6914522932288604 0
      vertex -1.616796077701761 -0.5253288904374106 3.3
      vertex -1.5530272779924215 -0.6914522932288604 3.3
    endloop
  endfacet
  facet normal 0.9876883405951378 0.1564344650402298 0
    outer loop
      vertex -1.6906872221260645 -0.17769838755501088 3.3
      vertex -1.6628509212474696 -0.3534498743901909 3.3
      vertex -1.6628509212474696 -0.3534498743901909 0
    endloop
  endfacet
  facet normal 0.9986295347545739 0.05233595624294466 0
    outer loop
      vertex -1.6906872221260645 -0.17769838755501088 0
      vertex -1.7 0 3.3
      vertex -1.6906872221260645 -0.17769838755501088 3.3
    endloop
  endfacet
  facet normal 0.544639035015027 0.8386705679454239 0
    outer loop
      vertex -0.85 -1.4722431864335457 0
      vertex -0.9992349288972043 -1.3753288904374106 3.3
      vertex -0.85 -1.4722431864335457 3.3
    endloop
  endfacet
  facet normal 0.45399049973954675 0.891006524188368 0
    outer loop
      vertex -0.6914522932288604 -1.5530272779924215 0
      vertex -0.85 -1.4722431864335457 3.3
      vertex -0.6914522932288604 -1.5530272779924215 3.3
    endloop
  endfacet
  facet normal 0.3583679495452998 0.9335804264972021 0
    outer loop
      vertex -0.5253288904374106 -1.616796077701761 0
      vertex -0.6914522932288604 -1.5530272779924215 3.3
      vertex -0.5253288904374106 -1.616796077701761 3.3
    endloop
  endfacet
  facet normal 0.25881904510252157 0.9659258262890681 0
    outer loop
      vertex -0.3534498743901909 -1.6628509212474696 0
      vertex -0.5253288904374106 -1.616796077701761 3.3
      vertex -0.3534498743901909 -1.6628509212474696 3.3
    endloop
  endfacet
  facet normal 0.1564344650402298 0.9876883405951378 0
    outer loop
      vertex -0.17769838755501088 -1.6906872221260645 0
      vertex -0.3534498743901909 -1.6628509212474696 3.3
      vertex -0.17769838755501088 -1.6906872221260645 3.3
    endloop
  endfacet
  facet normal 0.05233595624294466 0.9986295347545739 0
    outer loop
      vertex 0 -1.7 0
      vertex -0.17769838755501088 -1.6906872221260645 3.3
      vertex 0 -1.7 3.3
    endloop
  endfacet
  facet normal 0.9986295347545739 -0.05233595624294466 0
    outer loop
      vertex -1.7 0 0
      vertex -1.6906872221260645 0.17769838755501088 0
      vertex -1.6906872221260645 0.17769838755501088 3.3
    endloop
  endfacet
  facet normal 0.9876883405951378 -0.1564344650402298 0
    outer loop
      vertex -1.6906872221260645 0.17769838755501088 0
      vertex -1.6628509212474696 0.3534498743901909 0
      vertex -1.6628509212474696 0.3534498743901909 3.3
    endloop
  endfacet
  facet normal 0.9659258262890681 -0.25881904510252157 0
    outer loop
      vertex -1.616796077701761 0.5253288904374106 3.3
      vertex -1.6628509212474696 0.3534498743901909 0
      vertex -1.616796077701761 0.5253288904374106 0
    endloop
  endfacet
  facet normal 0.9335804264972021 -0.3583679495452998 0
    outer loop
      vertex -1.616796077701761 0.5253288904374106 0
      vertex -1.5530272779924215 0.6914522932288604 0
      vertex -1.5530272779924215 0.6914522932288604 3.3
    endloop
  endfacet
  facet normal 0.891006524188368 -0.45399049973954675 0
    outer loop
      vertex -1.5530272779924215 0.6914522932288604 0
      vertex -1.4722431864335457 0.85 0
      vertex -1.4722431864335457 0.85 3.3
    endloop
  endfacet
  facet normal 0.8386705679454239 -0.544639035015027 0
    outer loop
      vertex -1.4722431864335457 0.85 0
      vertex -1.3753288904374106 0.9992349288972043 0
      vertex -1.3753288904374106 0.9992349288972043 3.3
    endloop
  endfacet
  facet normal 0.7771459614569706 -0.629320391049838 0
    outer loop
      vertex -1.3753288904374106 0.9992349288972043 0
      vertex -1.26334620331157 1.1375220308100589 0
      vertex -1.26334620331157 1.1375220308100589 3.3
    endloop
  endfacet
  facet normal 0.7071067811865476 -0.7071067811865476 0
    outer loop
      vertex -1.26334620331157 1.1375220308100589 0
      vertex -1.1375220308100589 1.26334620331157 0
      vertex -1.1375220308100589 1.26334620331157 3.3
    endloop
  endfacet
  facet normal 0.629320391049838 -0.7771459614569706 0
    outer loop
      vertex -1.1375220308100589 1.26334620331157 0
      vertex -0.9992349288972043 1.3753288904374106 0
      vertex -0.9992349288972043 1.3753288904374106 3.3
    endloop
  endfacet
  facet normal 0.544639035015027 -0.8386705679454239 0
    outer loop
      vertex -0.85 1.4722431864335457 0
      vertex -0.85 1.4722431864335457 3.3
      vertex -0.9992349288972043 1.3753288904374106 0
    endloop
  endfacet
  facet normal 0.45399049973954675 -0.891006524188368 0
    outer loop
      vertex -0.6914522932288604 1.5530272779924215 0
      vertex -0.6914522932288604 1.5530272779924215 3.3
      vertex -0.85 1.4722431864335457 0
    endloop
  endfacet
  facet normal 0.3583679495452998 -0.9335804264972021 0
    outer loop
      vertex -0.5253288904374106 1.616796077701761 0
      vertex -0.5253288904374106 1.616796077701761 3.3
      vertex -0.6914522932288604 1.5530272779924215 0
    endloop
  endfacet
  facet normal 0.25881904510252157 -0.9659258262890681 0
    outer loop
      vertex -0.3534498743901909 1.6628509212474696 0
      vertex -0.3534498743901909 1.6628509212474696 3.3
      vertex -0.5253288904374106 1.616796077701761 0
    endloop
  endfacet
  facet normal 0.1564344650402298 -0.9876883405951378 0
    outer loop
      vertex -0.17769838755501088 1.6906872221260645 0
      vertex -0.17769838755501088 1.6906872221260645 3.3
      vertex -0.3534498743901909 1.6628509212474696 0
    endloop
  endfacet
  facet normal 0.05233595624294466 -0.9986295347545739 0
    outer loop
      vertex -0.17769838755501088 1.6906872221260645 0
      vertex 0 1.7 0
      vertex 0 1.7 3.3
    endloop
  endfacet
  facet normal 0.9986295347545739 -0.05233595624294466 0
    outer loop
      vertex -1.7 0 0
      vertex -1.6906872221260645 0.17769838755501088 3.3
      vertex -1.7 0 3.3
    endloop
  endfacet
  facet normal 0.9876883405951378 -0.1564344650402298 0
    outer loop
      vertex -1.6628509212474696 0.3534498743901909 3.3
      vertex -1.6906872221260645 0.17769838755501088 3.3
      vertex -1.6906872221260645 0.17769838755501088 0
    endloop
  endfacet
  facet normal 0.9659258262890681 -0.25881904510252157 0
    outer loop
      vertex -1.616796077701761 0.5253288904374106 3.3
      vertex -1.6628509212474696 0.3534498743901909 3.3
      vertex -1.6628509212474696 0.3534498743901909 0
    endloop
  endfacet
  facet normal 0.9335804264972021 -0.3583679495452998 0
    outer loop
      vertex -1.5530272779924215 0.6914522932288604 3.3
      vertex -1.616796077701761 0.5253288904374106 3.3
      vertex -1.616796077701761 0.5253288904374106 0
    endloop
  endfacet
  facet normal 0.891006524188368 -0.45399049973954675 0
    outer loop
      vertex -1.5530272779924215 0.6914522932288604 0
      vertex -1.4722431864335457 0.85 3.3
      vertex -1.5530272779924215 0.6914522932288604 3.3
    endloop
  endfacet
  facet normal 0.8386705679454239 -0.544639035015027 0
    outer loop
      vertex -1.3753288904374106 0.9992349288972043 3.3
      vertex -1.4722431864335457 0.85 3.3
      vertex -1.4722431864335457 0.85 0
    endloop
  endfacet
  facet normal 0.7771459614569706 -0.629320391049838 0
    outer loop
      vertex -1.3753288904374106 0.9992349288972043 0
      vertex -1.26334620331157 1.1375220308100589 3.3
      vertex -1.3753288904374106 0.9992349288972043 3.3
    endloop
  endfacet
  facet normal 0.7071067811865476 -0.7071067811865476 0
    outer loop
      vertex -1.1375220308100589 1.26334620331157 3.3
      vertex -1.26334620331157 1.1375220308100589 3.3
      vertex -1.26334620331157 1.1375220308100589 0
    endloop
  endfacet
  facet normal 0.629320391049838 -0.7771459614569706 0
    outer loop
      vertex -1.1375220308100589 1.26334620331157 0
      vertex -0.9992349288972043 1.3753288904374106 3.3
      vertex -1.1375220308100589 1.26334620331157 3.3
    endloop
  endfacet
  facet normal 0.544639035015027 -0.8386705679454239 0
    outer loop
      vertex -0.9992349288972043 1.3753288904374106 3.3
      vertex -0.9992349288972043 1.3753288904374106 0
      vertex -0.85 1.4722431864335457 3.3
    endloop
  endfacet
  facet normal 0.45399049973954675 -0.891006524188368 0
    outer loop
      vertex -0.85 1.4722431864335457 0
      vertex -0.6914522932288604 1.5530272779924215 3.3
      vertex -0.85 1.4722431864335457 3.3
    endloop
  endfacet
  facet normal 0.3583679495452998 -0.9335804264972021 0
    outer loop
      vertex -0.6914522932288604 1.5530272779924215 0
      vertex -0.5253288904374106 1.616796077701761 3.3
      vertex -0.6914522932288604 1.5530272779924215 3.3
    endloop
  endfacet
  facet normal 0.25881904510252157 -0.9659258262890681 0
    outer loop
      vertex -0.3534498743901909 1.6628509212474696 3.3
      vertex -0.5253288904374106 1.616796077701761 3.3
      vertex -0.5253288904374106 1.616796077701761 0
    endloop
  endfacet
  facet normal 0.1564344650402298 -0.9876883405951378 0
    outer loop
      vertex -0.3534498743901909 1.6628509212474696 0
      vertex -0.17769838755501088 1.6906872221260645 3.3
      vertex -0.3534498743901909 1.6628509212474696 3.3
    endloop
  endfacet
  facet normal 0.05233595624294466 -0.9986295347545739 0
    outer loop
      vertex -0.17769838755501088 1.6906872221260645 0
      vertex 0 1.7 3.3
      vertex -0.17769838755501088 1.6906872221260645 3.3
    endloop
  endfacet
  facet normal -0.05233595624294466 0.9986295347545739 0
    outer loop
      vertex 0 -1.7 3.3
      vertex 0.17769838755501088 -1.6906872221260645 0
      vertex 0 -1.7 0
    endloop
  endfacet
  facet normal -0.1564344650402298 0.9876883405951378 0
    outer loop
      vertex 0.17769838755501088 -1.6906872221260645 0
      vertex 0.17769838755501088 -1.6906872221260645 3.3
      vertex 0.3534498743901909 -1.6628509212474696 0
    endloop
  endfacet
  facet normal -0.25881904510252157 0.9659258262890681 0
    outer loop
      vertex 0.3534498743901909 -1.6628509212474696 0
      vertex 0.3534498743901909 -1.6628509212474696 3.3
      vertex 0.5253288904374106 -1.616796077701761 0
    endloop
  endfacet
  facet normal -0.3583679495452998 0.9335804264972021 0
    outer loop
      vertex 0.5253288904374106 -1.616796077701761 3.3
      vertex 0.6914522932288604 -1.5530272779924215 0
      vertex 0.5253288904374106 -1.616796077701761 0
    endloop
  endfacet
  facet normal -0.45399049973954675 0.891006524188368 0
    outer loop
      vertex 0.6914522932288604 -1.5530272779924215 0
      vertex 0.6914522932288604 -1.5530272779924215 3.3
      vertex 0.85 -1.4722431864335457 0
    endloop
  endfacet
  facet normal -0.544639035015027 0.8386705679454239 0
    outer loop
      vertex 0.85 -1.4722431864335457 0
      vertex 0.85 -1.4722431864335457 3.3
      vertex 0.9992349288972043 -1.3753288904374106 0
    endloop
  endfacet
  facet normal -0.629320391049838 0.7771459614569706 0
    outer loop
      vertex 1.1375220308100589 -1.26334620331157 0
      vertex 0.9992349288972043 -1.3753288904374106 0
      vertex 0.9992349288972043 -1.3753288904374106 3.3
    endloop
  endfacet
  facet normal -0.7071067811865476 0.7071067811865476 0
    outer loop
      vertex 1.1375220308100589 -1.26334620331157 0
      vertex 1.1375220308100589 -1.26334620331157 3.3
      vertex 1.26334620331157 -1.1375220308100589 0
    endloop
  endfacet
  facet normal -0.7771459614569706 0.629320391049838 0
    outer loop
      vertex 1.3753288904374106 -0.9992349288972043 0
      vertex 1.26334620331157 -1.1375220308100589 0
      vertex 1.26334620331157 -1.1375220308100589 3.3
    endloop
  endfacet
  facet normal -0.8386705679454239 0.544639035015027 0
    outer loop
      vertex 1.4722431864335457 -0.85 0
      vertex 1.3753288904374106 -0.9992349288972043 0
      vertex 1.3753288904374106 -0.9992349288972043 3.3
    endloop
  endfacet
  facet normal -0.891006524188368 0.45399049973954675 0
    outer loop
      vertex 1.5530272779924215 -0.6914522932288604 0
      vertex 1.4722431864335457 -0.85 0
      vertex 1.4722431864335457 -0.85 3.3
    endloop
  endfacet
  facet normal -0.9335804264972021 0.3583679495452998 0
    outer loop
      vertex 1.616796077701761 -0.5253288904374106 0
      vertex 1.5530272779924215 -0.6914522932288604 0
      vertex 1.5530272779924215 -0.6914522932288604 3.3
    endloop
  endfacet
  facet normal -0.9659258262890681 0.25881904510252157 0
    outer loop
      vertex 1.6628509212474696 -0.3534498743901909 0
      vertex 1.616796077701761 -0.5253288904374106 0
      vertex 1.616796077701761 -0.5253288904374106 3.3
    endloop
  endfacet
  facet normal -0.9876883405951378 0.1564344650402298 0
    outer loop
      vertex 1.6906872221260645 -0.17769838755501088 0
      vertex 1.6628509212474696 -0.3534498743901909 0
      vertex 1.6628509212474696 -0.3534498743901909 3.3
    endloop
  endfacet
  facet normal -0.9986295347545739 0.05233595624294466 0
    outer loop
      vertex 1.6906872221260645 -0.17769838755501088 0
      vertex 1.6906872221260645 -0.17769838755501088 3.3
      vertex 1.7 0 0
    endloop
  endfacet
  facet normal -0.05233595624294466 0.9986295347545739 0
    outer loop
      vertex 0.17769838755501088 -1.6906872221260645 0
      vertex 0 -1.7 3.3
      vertex 0.17769838755501088 -1.6906872221260645 3.3
    endloop
  endfacet
  facet normal -0.1564344650402298 0.9876883405951378 0
    outer loop
      vertex 0.3534498743901909 -1.6628509212474696 0
      vertex 0.17769838755501088 -1.6906872221260645 3.3
      vertex 0.3534498743901909 -1.6628509212474696 3.3
    endloop
  endfacet
  facet normal -0.25881904510252157 0.9659258262890681 0
    outer loop
      vertex 0.3534498743901909 -1.6628509212474696 3.3
      vertex 0.5253288904374106 -1.616796077701761 3.3
      vertex 0.5253288904374106 -1.616796077701761 0
    endloop
  endfacet
  facet normal -0.3583679495452998 0.9335804264972021 0
    outer loop
      vertex 0.6914522932288604 -1.5530272779924215 0
      vertex 0.5253288904374106 -1.616796077701761 3.3
      vertex 0.6914522932288604 -1.5530272779924215 3.3
    endloop
  endfacet
  facet normal -0.45399049973954675 0.891006524188368 0
    outer loop
      vertex 0.85 -1.4722431864335457 0
      vertex 0.6914522932288604 -1.5530272779924215 3.3
      vertex 0.85 -1.4722431864335457 3.3
    endloop
  endfacet
  facet normal -0.544639035015027 0.8386705679454239 0
    outer loop
      vertex 0.9992349288972043 -1.3753288904374106 0
      vertex 0.85 -1.4722431864335457 3.3
      vertex 0.9992349288972043 -1.3753288904374106 3.3
    endloop
  endfacet
  facet normal -0.629320391049838 0.7771459614569706 0
    outer loop
      vertex 1.1375220308100589 -1.26334620331157 0
      vertex 0.9992349288972043 -1.3753288904374106 3.3
      vertex 1.1375220308100589 -1.26334620331157 3.3
    endloop
  endfacet
  facet normal -0.7071067811865476 0.7071067811865476 0
    outer loop
      vertex 1.1375220308100589 -1.26334620331157 3.3
      vertex 1.26334620331157 -1.1375220308100589 3.3
      vertex 1.26334620331157 -1.1375220308100589 0
    endloop
  endfacet
  facet normal -0.7771459614569706 0.629320391049838 0
    outer loop
      vertex 1.3753288904374106 -0.9992349288972043 0
      vertex 1.26334620331157 -1.1375220308100589 3.3
      vertex 1.3753288904374106 -0.9992349288972043 3.3
    endloop
  endfacet
  facet normal -0.8386705679454239 0.544639035015027 0
    outer loop
      vertex 1.3753288904374106 -0.9992349288972043 3.3
      vertex 1.4722431864335457 -0.85 3.3
      vertex 1.4722431864335457 -0.85 0
    endloop
  endfacet
  facet normal -0.891006524188368 0.45399049973954675 0
    outer loop
      vertex 1.5530272779924215 -0.6914522932288604 0
      vertex 1.4722431864335457 -0.85 3.3
      vertex 1.5530272779924215 -0.6914522932288604 3.3
    endloop
  endfacet
  facet normal -0.9335804264972021 0.3583679495452998 0
    outer loop
      vertex 1.5530272779924215 -0.6914522932288604 3.3
      vertex 1.616796077701761 -0.5253288904374106 3.3
      vertex 1.616796077701761 -0.5253288904374106 0
    endloop
  endfacet
  facet normal -0.9659258262890681 0.25881904510252157 0
    outer loop
      vertex 1.6628509212474696 -0.3534498743901909 0
      vertex 1.616796077701761 -0.5253288904374106 3.3
      vertex 1.6628509212474696 -0.3534498743901909 3.3
    endloop
  endfacet
  facet normal -0.9876883405951378 0.1564344650402298 0
    outer loop
      vertex 1.6628509212474696 -0.3534498743901909 3.3
      vertex 1.6906872221260645 -0.17769838755501088 3.3
      vertex 1.6906872221260645 -0.17769838755501088 0
    endloop
  endfacet
  facet normal -0.9986295347545739 0.05233595624294466 0
    outer loop
      vertex 1.6906872221260645 -0.17769838755501088 3.3
      vertex 1.7 0 3.3
      vertex 1.7 0 0
    endloop
  endfacet
  facet normal -0.05233595624294466 -0.9986295347545739 0
    outer loop
      vertex 0.17769838755501088 1.6906872221260645 0
      vertex 0.17769838755501088 1.6906872221260645 3.3
      vertex 0 1.7 0
    endloop
  endfacet
  facet normal -0.1564344650402298 -0.9876883405951378 0
    outer loop
      vertex 0.3534498743901909 1.6628509212474696 0
      vertex 0.3534498743901909 1.6628509212474696 3.3
      vertex 0.17769838755501088 1.6906872221260645 0
    endloop
  endfacet
  facet normal -0.3583679495452998 -0.9335804264972021 0
    outer loop
      vertex 0.6914522932288604 1.5530272779924215 0
      vertex 0.6914522932288604 1.5530272779924215 3.3
      vertex 0.5253288904374106 1.616796077701761 0
    endloop
  endfacet
  facet normal -0.25881904510252157 -0.9659258262890681 0
    outer loop
      vertex 0.3534498743901909 1.6628509212474696 0
      vertex 0.5253288904374106 1.616796077701761 0
      vertex 0.5253288904374106 1.616796077701761 3.3
    endloop
  endfacet
  facet normal -0.45399049973954675 -0.891006524188368 0
    outer loop
      vertex 0.85 1.4722431864335457 0
      vertex 0.85 1.4722431864335457 3.3
      vertex 0.6914522932288604 1.5530272779924215 0
    endloop
  endfacet
  facet normal -0.9986295347545739 -0.05233595624294466 0
    outer loop
      vertex 1.7 0 0
      vertex 1.7 0 3.3
      vertex 1.6906872221260645 0.17769838755501088 0
    endloop
  endfacet
  facet normal -0.9876883405951378 -0.1564344650402298 0
    outer loop
      vertex 1.6628509212474696 0.3534498743901909 0
      vertex 1.6906872221260645 0.17769838755501088 0
      vertex 1.6906872221260645 0.17769838755501088 3.3
    endloop
  endfacet
  facet normal -0.9659258262890681 -0.25881904510252157 0
    outer loop
      vertex 1.616796077701761 0.5253288904374106 0
      vertex 1.6628509212474696 0.3534498743901909 0
      vertex 1.6628509212474696 0.3534498743901909 3.3
    endloop
  endfacet
  facet normal -0.9335804264972021 -0.3583679495452998 0
    outer loop
      vertex 1.5530272779924215 0.6914522932288604 0
      vertex 1.616796077701761 0.5253288904374106 0
      vertex 1.616796077701761 0.5253288904374106 3.3
    endloop
  endfacet
  facet normal -0.8386705679454239 -0.544639035015027 0
    outer loop
      vertex 1.3753288904374106 0.9992349288972043 0
      vertex 1.4722431864335457 0.85 0
      vertex 1.4722431864335457 0.85 3.3
    endloop
  endfacet
  facet normal -0.891006524188368 -0.45399049973954675 0
    outer loop
      vertex 1.4722431864335457 0.85 0
      vertex 1.5530272779924215 0.6914522932288604 0
      vertex 1.5530272779924215 0.6914522932288604 3.3
    endloop
  endfacet
  facet normal -0.629320391049838 -0.7771459614569706 0
    outer loop
      vertex 0.9992349288972043 1.3753288904374106 0
      vertex 1.1375220308100589 1.26334620331157 0
      vertex 1.1375220308100589 1.26334620331157 3.3
    endloop
  endfacet
  facet normal -0.7771459614569706 -0.629320391049838 0
    outer loop
      vertex 1.26334620331157 1.1375220308100589 0
      vertex 1.3753288904374106 0.9992349288972043 0
      vertex 1.3753288904374106 0.9992349288972043 3.3
    endloop
  endfacet
  facet normal -0.7071067811865476 -0.7071067811865476 0
    outer loop
      vertex 1.1375220308100589 1.26334620331157 0
      vertex 1.26334620331157 1.1375220308100589 0
      vertex 1.26334620331157 1.1375220308100589 3.3
    endloop
  endfacet
  facet normal -0.544639035015027 -0.8386705679454239 0
    outer loop
      vertex 0.9992349288972043 1.3753288904374106 0
      vertex 0.9992349288972043 1.3753288904374106 3.3
      vertex 0.85 1.4722431864335457 0
    endloop
  endfacet
  facet normal -0.05233595624294466 -0.9986295347545739 0
    outer loop
      vertex 0 1.7 0
      vertex 0.17769838755501088 1.6906872221260645 3.3
      vertex 0 1.7 3.3
    endloop
  endfacet
  facet normal -0.1564344650402298 -0.9876883405951378 0
    outer loop
      vertex 0.17769838755501088 1.6906872221260645 0
      vertex 0.3534498743901909 1.6628509212474696 3.3
      vertex 0.17769838755501088 1.6906872221260645 3.3
    endloop
  endfacet
  facet normal -0.25881904510252157 -0.9659258262890681 0
    outer loop
      vertex 0.3534498743901909 1.6628509212474696 0
      vertex 0.5253288904374106 1.616796077701761 3.3
      vertex 0.3534498743901909 1.6628509212474696 3.3
    endloop
  endfacet
  facet normal -0.3583679495452998 -0.9335804264972021 0
    outer loop
      vertex 0.5253288904374106 1.616796077701761 3.3
      vertex 0.5253288904374106 1.616796077701761 0
      vertex 0.6914522932288604 1.5530272779924215 3.3
    endloop
  endfacet
  facet normal -0.45399049973954675 -0.891006524188368 0
    outer loop
      vertex 0.6914522932288604 1.5530272779924215 0
      vertex 0.85 1.4722431864335457 3.3
      vertex 0.6914522932288604 1.5530272779924215 3.3
    endloop
  endfacet
  facet normal -0.544639035015027 -0.8386705679454239 0
    outer loop
      vertex 0.85 1.4722431864335457 0
      vertex 0.9992349288972043 1.3753288904374106 3.3
      vertex 0.85 1.4722431864335457 3.3
    endloop
  endfacet
  facet normal -0.9986295347545739 -0.05233595624294466 0
    outer loop
      vertex 1.7 0 3.3
      vertex 1.6906872221260645 0.17769838755501088 3.3
      vertex 1.6906872221260645 0.17769838755501088 0
    endloop
  endfacet
  facet normal -0.9876883405951378 -0.1564344650402298 0
    outer loop
      vertex 1.6906872221260645 0.17769838755501088 3.3
      vertex 1.6628509212474696 0.3534498743901909 3.3
      vertex 1.6628509212474696 0.3534498743901909 0
    endloop
  endfacet
  facet normal -0.9335804264972021 -0.3583679495452998 0
    outer loop
      vertex 1.5530272779924215 0.6914522932288604 0
      vertex 1.616796077701761 0.5253288904374106 3.3
      vertex 1.5530272779924215 0.6914522932288604 3.3
    endloop
  endfacet
  facet normal -0.891006524188368 -0.45399049973954675 0
    outer loop
      vertex 1.5530272779924215 0.6914522932288604 3.3
      vertex 1.4722431864335457 0.85 3.3
      vertex 1.4722431864335457 0.85 0
    endloop
  endfacet
  facet normal -0.9659258262890681 -0.25881904510252157 0
    outer loop
      vertex 1.616796077701761 0.5253288904374106 0
      vertex 1.6628509212474696 0.3534498743901909 3.3
      vertex 1.616796077701761 0.5253288904374106 3.3
    endloop
  endfacet
  facet normal -0.629320391049838 -0.7771459614569706 0
    outer loop
      vertex 1.1375220308100589 1.26334620331157 3.3
      vertex 0.9992349288972043 1.3753288904374106 3.3
      vertex 0.9992349288972043 1.3753288904374106 0
    endloop
  endfacet
  facet normal -0.7771459614569706 -0.629320391049838 0
    outer loop
      vertex 1.3753288904374106 0.9992349288972043 3.3
      vertex 1.26334620331157 1.1375220308100589 3.3
      vertex 1.26334620331157 1.1375220308100589 0
    endloop
  endfacet
  facet normal -0.7071067811865476 -0.7071067811865476 0
    outer loop
      vertex 1.1375220308100589 1.26334620331157 0
      vertex 1.26334620331157 1.1375220308100589 3.3
      vertex 1.1375220308100589 1.26334620331157 3.3
    endloop
  endfacet
  facet normal -0.8386705679454239 -0.544639035015027 0
    outer loop
      vertex 1.3753288904374106 0.9992349288972043 0
      vertex 1.4722431864335457 0.85 3.3
      vertex 1.3753288904374106 0.9992349288972043 3.3
    endloop
  endfacet
  facet normal 0.5934361481663701 0.38538194069712295 0.7066217501846241
    outer loop
      vertex -2.560538787196709 -1.8603403235056775 0.48327381104219636
      vertex -3.1739831048699676 -1.8325 0.9832738110421964
      vertex -2.9650472843841826 -2.154232949651914 0.9832738110421962
    endloop
  endfacet
  facet normal 0.4453017467181131 0.549901860822289 0.706621750184624
    outer loop
      vertex -1.8603403235056775 -2.560538787196709 0.48327381104219636
      vertex -2.4523636723052156 -2.72362578537465 0.9832738110421965
      vertex -2.154232949651914 -2.9650472843841826 0.9832738110421962
    endloop
  endfacet
  facet normal 0.3853819406971231 0.5934361481663699 0.706621750184624
    outer loop
      vertex -1.8603403235056775 -2.560538787196709 0.48327381104219636
      vertex -2.154232949651914 -2.9650472843841826 0.9832738110421962
      vertex -1.5825 -2.7409704029777484 0.48327381104219636
    endloop
  endfacet
  facet normal 0.38538194069712306 0.59343614816637 0.7066217501846241
    outer loop
      vertex -1.5825 -2.7409704029777484 0.48327381104219636
      vertex -2.154232949651914 -2.9650472843841826 0.9832738110421962
      vertex -1.8325 -3.1739831048699676 0.9832738110421962
    endloop
  endfacet
  facet normal 0.5003427336166776 0.5003427336166776 0.7066217501846237
    outer loop
      vertex -2.352053372635953 -2.1177983691257865 0.48327381104219636
      vertex -2.72362578537465 -2.452363672305215 0.9832738110421965
      vertex -2.1177983691257865 -2.352053372635953 0.48327381104219636
    endloop
  endfacet
  facet normal 0.5003427336166778 0.5003427336166771 0.7066217501846239
    outer loop
      vertex -2.1177983691257865 -2.352053372635953 0.48327381104219636
      vertex -2.72362578537465 -2.452363672305215 0.9832738110421965
      vertex -2.4523636723052156 -2.72362578537465 0.9832738110421965
    endloop
  endfacet
  facet normal 0.5499018608222889 0.4453017467181136 0.7066217501846237
    outer loop
      vertex -2.352053372635953 -2.1177983691257865 0.48327381104219636
      vertex -2.9650472843841826 -2.154232949651914 0.9832738110421962
      vertex -2.72362578537465 -2.452363672305215 0.9832738110421965
    endloop
  endfacet
  facet normal 0.5499018608222893 0.44530174671811285 0.7066217501846241
    outer loop
      vertex -2.560538787196709 -1.8603403235056775 0.48327381104219636
      vertex -2.9650472843841826 -2.154232949651914 0.9832738110421962
      vertex -2.352053372635953 -2.1177983691257865 0.48327381104219636
    endloop
  endfacet
  facet normal 0.44530174671811296 0.5499018608222894 0.7066217501846239
    outer loop
      vertex -2.1177983691257865 -2.352053372635953 0.48327381104219636
      vertex -2.4523636723052156 -2.72362578537465 0.9832738110421965
      vertex -1.8603403235056775 -2.560538787196709 0.48327381104219636
    endloop
  endfacet
  facet normal -0.5003427336166772 -0.5003427336166772 0.706621750184624
    outer loop
      vertex -2.352053372635953 -2.1177983691257865 0.48327381104219636
      vertex -2.1177983691257865 -2.352053372635953 0.48327381104219636
      vertex -1.4850068425630005 -1.3371061668536914 1.65
    endloop
  endfacet
  facet normal 0.6605935554186142 0.2535781077013805 0.7066217501846243
    outer loop
      vertex -2.8913713734388318 -1.2873214753349076 0.48327381104219636
      vertex -3.485622132221738 -1.1325472843841822 0.9832738110421964
      vertex -3.3481441022601324 -1.4906897968728077 0.9832738110421964
    endloop
  endfacet
  facet normal 0.6834808847193313 0.18313815110265486 0.706621750184624
    outer loop
      vertex -3.010093874074161 -0.9780387871967086 0.48327381104219636
      vertex -3.5849109566893977 -0.761996346847088 0.9832738110421961
      vertex -3.485622132221738 -1.1325472843841822 0.9832738110421964
    endloop
  endfacet
  facet normal 0.6304686248866417 0.3212398094875007 0.7066217501846239
    outer loop
      vertex -2.7409704029777484 -1.5825 0.48327381104219636
      vertex -3.3481441022601324 -1.4906897968728077 0.9832738110421964
      vertex -3.1739831048699676 -1.8325 0.9832738110421964
    endloop
  endfacet
  facet normal 0.6304686248866419 0.32123980948750025 0.7066217501846241
    outer loop
      vertex -2.7409704029777484 -1.5825 0.48327381104219636
      vertex -2.8913713734388318 -1.2873214753349076 0.48327381104219636
      vertex -3.3481441022601324 -1.4906897968728077 0.9832738110421964
    endloop
  endfacet
  facet normal 0.5934361481663699 0.3853819406971231 0.706621750184624
    outer loop
      vertex -2.7409704029777484 -1.5825 0.48327381104219636
      vertex -3.1739831048699676 -1.8325 0.9832738110421964
      vertex -2.560538787196709 -1.8603403235056775 0.48327381104219636
    endloop
  endfacet
  facet normal 0.6605935554186142 0.25357810770138073 0.706621750184624
    outer loop
      vertex -2.8913713734388318 -1.2873214753349076 0.48327381104219636
      vertex -3.010093874074161 -0.9780387871967086 0.48327381104219636
      vertex -3.485622132221738 -1.1325472843841822 0.9832738110421964
    endloop
  endfacet
  facet normal 0.6988798544194936 0.11069169459632423 0.7066217501846241
    outer loop
      vertex -3.095837156322495 -0.6580405014382084 0.48327381104219636
      vertex -3.644922746524722 -0.38309681787594996 0.9832738110421965
      vertex -3.5849109566893977 -0.761996346847088 0.9832738110421961
    endloop
  endfacet
  facet normal 0.6834808847193312 0.18313815110265447 0.7066217501846243
    outer loop
      vertex -3.010093874074161 -0.9780387871967086 0.48327381104219636
      vertex -3.095837156322495 -0.6580405014382084 0.48327381104219636
      vertex -3.5849109566893977 -0.761996346847088 0.9832738110421961
    endloop
  endfacet
  facet normal 0.7066217501846241 0.03703247672027247 0.7066217501846241
    outer loop
      vertex -3.147661798840585 -0.33083258624212325 0.48327381104219636
      vertex -3.665 0 0.9832738110421962
      vertex -3.644922746524722 -0.38309681787594996 0.9832738110421965
    endloop
  endfacet
  facet normal 0.6988798544194936 0.11069169459632466 0.706621750184624
    outer loop
      vertex -3.095837156322495 -0.6580405014382084 0.48327381104219636
      vertex -3.147661798840585 -0.33083258624212325 0.48327381104219636
      vertex -3.644922746524722 -0.38309681787594996 0.9832738110421965
    endloop
  endfacet
  facet normal 0.7066217501846239 0.037032476720272246 0.7066217501846241
    outer loop
      vertex -3.147661798840585 -0.33083258624212325 0.48327381104219636
      vertex -3.165 0 0.48327381104219636
      vertex -3.665 0 0.9832738110421962
    endloop
  endfacet
  facet normal -0.7066217501846241 -0.03703247672027225 0.7066217501846241
    outer loop
      vertex -3.147661798840585 -0.33083258624212325 0.48327381104219636
      vertex -1.9982738110421965 0 1.65
      vertex -3.165 0 0.48327381104219636
    endloop
  endfacet
  facet normal -0.5934361481663699 -0.3853819406971231 0.7066217501846241
    outer loop
      vertex -2.7409704029777484 -1.5825 0.48327381104219636
      vertex -2.560538787196709 -1.8603403235056775 0.48327381104219636
      vertex -1.730555884079687 -0.9991369055210982 1.65
    endloop
  endfacet
  facet normal -0.6605935554186141 -0.2535781077013808 0.706621750184624
    outer loop
      vertex -2.8913713734388318 -1.2873214753349076 0.48327381104219636
      vertex -1.9004713293336313 -0.6175005670264311 1.65
      vertex -3.010093874074161 -0.9780387871967086 0.48327381104219636
    endloop
  endfacet
  facet normal -0.6304686248866419 -0.32123980948750025 0.7066217501846239
    outer loop
      vertex -2.7409704029777484 -1.5825 0.48327381104219636
      vertex -1.8255139632037676 -0.8127711818495889 1.65
      vertex -2.8913713734388318 -1.2873214753349076 0.48327381104219636
    endloop
  endfacet
  facet normal -0.5499018608222892 -0.4453017467181128 0.7066217501846241
    outer loop
      vertex -2.560538787196709 -1.8603403235056775 0.48327381104219636
      vertex -2.352053372635953 -2.1177983691257865 0.48327381104219636
      vertex -1.6166374725475294 -1.1745558761728792 1.65
    endloop
  endfacet
  facet normal -0.6304686248866417 -0.3212398094875009 0.7066217501846241
    outer loop
      vertex -2.7409704029777484 -1.5825 0.48327381104219636
      vertex -1.730555884079687 -0.9991369055210982 1.65
      vertex -1.8255139632037676 -0.8127711818495889 1.65
    endloop
  endfacet
  facet normal -0.5934361481663696 -0.38538194069712306 0.7066217501846245
    outer loop
      vertex -2.560538787196709 -1.8603403235056775 0.48327381104219636
      vertex -1.6166374725475294 -1.1745558761728792 1.65
      vertex -1.730555884079687 -0.9991369055210982 1.65
    endloop
  endfacet
  facet normal -0.6834808847193315 -0.18313815110265455 0.706621750184624
    outer loop
      vertex -3.010093874074161 -0.9780387871967086 0.48327381104219636
      vertex -1.9546067338801227 -0.4154644867706308 1.65
      vertex -3.095837156322495 -0.6580405014382084 0.48327381104219636
    endloop
  endfacet
  facet normal -0.6988798544194937 -0.11069169459632466 0.706621750184624
    outer loop
      vertex -3.095837156322495 -0.6580405014382084 0.48327381104219636
      vertex -1.987327058022468 -0.20887649065623815 1.65
      vertex -3.147661798840585 -0.33083258624212325 0.48327381104219636
    endloop
  endfacet
  facet normal -0.6988798544194939 -0.11069169459632366 0.7066217501846239
    outer loop
      vertex -3.095837156322495 -0.6580405014382084 0.48327381104219636
      vertex -1.9546067338801227 -0.4154644867706308 1.65
      vertex -1.987327058022468 -0.20887649065623815 1.65
    endloop
  endfacet
  facet normal -0.7066217501846239 -0.037032476720272316 0.706621750184624
    outer loop
      vertex -3.147661798840585 -0.33083258624212325 0.48327381104219636
      vertex -1.987327058022468 -0.20887649065623815 1.65
      vertex -1.9982738110421965 0 1.65
    endloop
  endfacet
  facet normal -0.6605935554186143 -0.2535781077013808 0.7066217501846239
    outer loop
      vertex -2.8913713734388318 -1.2873214753349076 0.48327381104219636
      vertex -1.8255139632037676 -0.8127711818495889 1.65
      vertex -1.9004713293336313 -0.6175005670264311 1.65
    endloop
  endfacet
  facet normal -0.6834808847193314 -0.18313815110265516 0.706621750184624
    outer loop
      vertex -3.010093874074161 -0.9780387871967086 0.48327381104219636
      vertex -1.9004713293336313 -0.6175005670264311 1.65
      vertex -1.9546067338801227 -0.4154644867706308 1.65
    endloop
  endfacet
  facet normal 0.32123980948750036 0.630468624886642 0.706621750184624
    outer loop
      vertex -1.2873214753349076 -2.8913713734388318 0.48327381104219636
      vertex -1.8325 -3.1739831048699676 0.9832738110421962
      vertex -1.490689796872808 -3.3481441022601324 0.9832738110421966
    endloop
  endfacet
  facet normal 0.3212398094875003 0.630468624886642 0.706621750184624
    outer loop
      vertex -1.5825 -2.7409704029777484 0.48327381104219636
      vertex -1.8325 -3.1739831048699676 0.9832738110421962
      vertex -1.2873214753349076 -2.8913713734388318 0.48327381104219636
    endloop
  endfacet
  facet normal 0.25357810770138084 0.660593555418614 0.706621750184624
    outer loop
      vertex -0.9780387871967086 -3.010093874074161 0.48327381104219636
      vertex -1.490689796872808 -3.3481441022601324 0.9832738110421966
      vertex -1.1325472843841824 -3.485622132221738 0.9832738110421964
    endloop
  endfacet
  facet normal 0.25357810770138073 0.6605935554186141 0.706621750184624
    outer loop
      vertex -1.2873214753349076 -2.8913713734388318 0.48327381104219636
      vertex -1.490689796872808 -3.3481441022601324 0.9832738110421966
      vertex -0.9780387871967086 -3.010093874074161 0.48327381104219636
    endloop
  endfacet
  facet normal 0.1831381511026545 0.6834808847193314 0.7066217501846241
    outer loop
      vertex -0.9780387871967086 -3.010093874074161 0.48327381104219636
      vertex -1.1325472843841824 -3.485622132221738 0.9832738110421964
      vertex -0.6580405014382084 -3.095837156322495 0.48327381104219636
    endloop
  endfacet
  facet normal 0.18313815110265508 0.683480884719331 0.7066217501846244
    outer loop
      vertex -0.6580405014382084 -3.095837156322495 0.48327381104219636
      vertex -1.1325472843841824 -3.485622132221738 0.9832738110421964
      vertex -0.761996346847088 -3.5849109566893977 0.9832738110421959
    endloop
  endfacet
  facet normal 0.11069169459632379 0.6988798544194939 0.7066217501846241
    outer loop
      vertex -0.33083258624212325 -3.147661798840585 0.48327381104219636
      vertex -0.761996346847088 -3.5849109566893977 0.9832738110421959
      vertex -0.38309681787595 -3.644922746524722 0.9832738110421965
    endloop
  endfacet
  facet normal 0.1106916945963246 0.6988798544194933 0.7066217501846244
    outer loop
      vertex -0.6580405014382084 -3.095837156322495 0.48327381104219636
      vertex -0.761996346847088 -3.5849109566893977 0.9832738110421959
      vertex -0.33083258624212325 -3.147661798840585 0.48327381104219636
    endloop
  endfacet
  facet normal 0.037032476720272246 0.706621750184624 0.706621750184624
    outer loop
      vertex -0.33083258624212325 -3.147661798840585 0.48327381104219636
      vertex -0.38309681787595 -3.644922746524722 0.9832738110421965
      vertex 0 -3.165 0.48327381104219636
    endloop
  endfacet
  facet normal 0.03703247672027247 0.7066217501846239 0.7066217501846241
    outer loop
      vertex 0 -3.165 0.48327381104219636
      vertex -0.38309681787595 -3.644922746524722 0.9832738110421965
      vertex 0 -3.665 0.9832738110421962
    endloop
  endfacet
  facet normal -0.3853819406971231 -0.5934361481663699 0.7066217501846241
    outer loop
      vertex -1.8603403235056775 -2.560538787196709 0.48327381104219636
      vertex -1.5825 -2.7409704029777484 0.48327381104219636
      vertex -1.1745558761728792 -1.6166374725475294 1.65
    endloop
  endfacet
  facet normal -0.4453017467181128 -0.5499018608222892 0.7066217501846241
    outer loop
      vertex -2.1177983691257865 -2.352053372635953 0.48327381104219636
      vertex -1.8603403235056775 -2.560538787196709 0.48327381104219636
      vertex -1.3371061668536914 -1.4850068425630005 1.65
    endloop
  endfacet
  facet normal -0.32123980948750025 -0.6304686248866419 0.706621750184624
    outer loop
      vertex -1.5825 -2.7409704029777484 0.48327381104219636
      vertex -1.2873214753349076 -2.8913713734388318 0.48327381104219636
      vertex -0.9991369055210982 -1.730555884079687 1.65
    endloop
  endfacet
  facet normal -0.25357810770138084 -0.6605935554186143 0.706621750184624
    outer loop
      vertex -1.2873214753349076 -2.8913713734388318 0.48327381104219636
      vertex -0.9780387871967086 -3.010093874074161 0.48327381104219636
      vertex -0.8127711818495889 -1.8255139632037676 1.65
    endloop
  endfacet
  facet normal -0.4453017467181129 -0.5499018608222892 0.706621750184624
    outer loop
      vertex -1.8603403235056775 -2.560538787196709 0.48327381104219636
      vertex -1.1745558761728792 -1.6166374725475294 1.65
      vertex -1.3371061668536914 -1.4850068425630005 1.65
    endloop
  endfacet
  facet normal -0.3853819406971233 -0.5934361481663697 0.7066217501846241
    outer loop
      vertex -1.5825 -2.7409704029777484 0.48327381104219636
      vertex -0.9991369055210982 -1.730555884079687 1.65
      vertex -1.1745558761728792 -1.6166374725475294 1.65
    endloop
  endfacet
  facet normal -0.3212398094875009 -0.6304686248866417 0.7066217501846239
    outer loop
      vertex -1.2873214753349076 -2.8913713734388318 0.48327381104219636
      vertex -0.8127711818495889 -1.8255139632037676 1.65
      vertex -0.9991369055210982 -1.730555884079687 1.65
    endloop
  endfacet
  facet normal -0.037032476720272246 -0.7066217501846239 0.706621750184624
    outer loop
      vertex -0.33083258624212325 -3.147661798840585 0.48327381104219636
      vertex 0 -3.165 0.48327381104219636
      vertex -0.20887649065623815 -1.987327058022468 1.65
    endloop
  endfacet
  facet normal -0.1831381511026545 -0.6834808847193314 0.706621750184624
    outer loop
      vertex -0.9780387871967086 -3.010093874074161 0.48327381104219636
      vertex -0.6580405014382084 -3.095837156322495 0.48327381104219636
      vertex -0.6175005670264311 -1.9004713293336313 1.65
    endloop
  endfacet
  facet normal -0.11069169459632466 -0.6988798544194937 0.7066217501846239
    outer loop
      vertex -0.6580405014382084 -3.095837156322495 0.48327381104219636
      vertex -0.33083258624212325 -3.147661798840585 0.48327381104219636
      vertex -0.4154644867706308 -1.9546067338801227 1.65
    endloop
  endfacet
  facet normal -0.18313815110265513 -0.6834808847193313 0.706621750184624
    outer loop
      vertex -0.6580405014382084 -3.095837156322495 0.48327381104219636
      vertex -0.4154644867706308 -1.9546067338801227 1.65
      vertex -0.6175005670264311 -1.9004713293336313 1.65
    endloop
  endfacet
  facet normal -0.2535781077013802 -0.6605935554186143 0.7066217501846241
    outer loop
      vertex -0.9780387871967086 -3.010093874074161 0.48327381104219636
      vertex -0.6175005670264311 -1.9004713293336313 1.65
      vertex -0.8127711818495889 -1.8255139632037676 1.65
    endloop
  endfacet
  facet normal -0.11069169459632433 -0.6988798544194937 0.706621750184624
    outer loop
      vertex -0.33083258624212325 -3.147661798840585 0.48327381104219636
      vertex -0.20887649065623815 -1.987327058022468 1.65
      vertex -0.4154644867706308 -1.9546067338801227 1.65
    endloop
  endfacet
  facet normal -0.03703247672027248 -0.7066217501846239 0.706621750184624
    outer loop
      vertex -0.20887649065623815 -1.987327058022468 1.65
      vertex 0 -3.165 0.48327381104219636
      vertex 0 -1.9982738110421965 1.65
    endloop
  endfacet
  facet normal -0.5003427336166771 -0.5003427336166775 0.7066217501846243
    outer loop
      vertex -2.1177983691257865 -2.352053372635953 0.48327381104219636
      vertex -1.3371061668536914 -1.4850068425630005 1.65
      vertex -1.4850068425630005 -1.3371061668536914 1.65
    endloop
  endfacet
  facet normal -0.5499018608222893 -0.44530174671811296 0.706621750184624
    outer loop
      vertex -2.352053372635953 -2.1177983691257865 0.48327381104219636
      vertex -1.4850068425630005 -1.3371061668536914 1.65
      vertex -1.6166374725475294 -1.1745558761728792 1.65
    endloop
  endfacet
  facet normal -0.5003427336166772 -0.5003427336166772 -0.7066217501846243
    outer loop
      vertex -2.352053372635953 -2.1177983691257865 2.8167261889578032
      vertex -1.3371061668536914 -1.4850068425630005 1.65
      vertex -2.1177983691257865 -2.352053372635953 2.8167261889578032
    endloop
  endfacet
  facet normal 0.5499018608222886 0.44530174671811334 -0.7066217501846243
    outer loop
      vertex -2.560538787196709 -1.8603403235056775 2.8167261889578032
      vertex -2.72362578537465 -2.4523636723052156 2.3167261889578032
      vertex -2.965047284384182 -2.1542329496519144 2.3167261889578037
    endloop
  endfacet
  facet normal 0.5934361481663704 0.3853819406971226 -0.706621750184624
    outer loop
      vertex -2.7409704029777484 -1.5825 2.8167261889578032
      vertex -2.965047284384182 -2.1542329496519144 2.3167261889578037
      vertex -3.1739831048699676 -1.8325 2.3167261889578032
    endloop
  endfacet
  facet normal 0.5934361481663699 0.38538194069712306 -0.7066217501846243
    outer loop
      vertex -2.7409704029777484 -1.5825 2.8167261889578032
      vertex -2.560538787196709 -1.8603403235056775 2.8167261889578032
      vertex -2.965047284384182 -2.1542329496519144 2.3167261889578037
    endloop
  endfacet
  facet normal 0.38538194069712317 0.5934361481663701 -0.7066217501846241
    outer loop
      vertex -1.8603403235056775 -2.560538787196709 2.8167261889578032
      vertex -1.8325 -3.1739831048699676 2.3167261889578032
      vertex -2.154232949651914 -2.9650472843841826 2.3167261889578032
    endloop
  endfacet
  facet normal 0.5003427336166774 0.5003427336166774 -0.706621750184624
    outer loop
      vertex -2.352053372635953 -2.1177983691257865 2.8167261889578032
      vertex -2.4523636723052156 -2.72362578537465 2.3167261889578032
      vertex -2.72362578537465 -2.4523636723052156 2.3167261889578032
    endloop
  endfacet
  facet normal 0.5003427336166774 0.5003427336166774 -0.706621750184624
    outer loop
      vertex -2.352053372635953 -2.1177983691257865 2.8167261889578032
      vertex -2.1177983691257865 -2.352053372635953 2.8167261889578032
      vertex -2.4523636723052156 -2.72362578537465 2.3167261889578032
    endloop
  endfacet
  facet normal 0.5499018608222893 0.4453017467181129 -0.706621750184624
    outer loop
      vertex -2.560538787196709 -1.8603403235056775 2.8167261889578032
      vertex -2.352053372635953 -2.1177983691257865 2.8167261889578032
      vertex -2.72362578537465 -2.4523636723052156 2.3167261889578032
    endloop
  endfacet
  facet normal 0.4453017467181129 0.5499018608222892 -0.706621750184624
    outer loop
      vertex -2.1177983691257865 -2.352053372635953 2.8167261889578032
      vertex -2.154232949651914 -2.9650472843841826 2.3167261889578032
      vertex -2.4523636723052156 -2.72362578537465 2.3167261889578032
    endloop
  endfacet
  facet normal 0.4453017467181129 0.5499018608222893 -0.706621750184624
    outer loop
      vertex -2.1177983691257865 -2.352053372635953 2.8167261889578032
      vertex -1.8603403235056775 -2.560538787196709 2.8167261889578032
      vertex -2.154232949651914 -2.9650472843841826 2.3167261889578032
    endloop
  endfacet
  facet normal -0.7066217501846238 -0.03703247672027224 -0.706621750184624
    outer loop
      vertex -3.147661798840585 -0.33083258624212325 2.8167261889578032
      vertex -3.165 0 2.8167261889578032
      vertex -1.987327058022468 -0.20887649065623815 1.65
    endloop
  endfacet
  facet normal -0.549901860822289 -0.44530174671811296 -0.7066217501846241
    outer loop
      vertex -2.560538787196709 -1.8603403235056775 2.8167261889578032
      vertex -1.6166374725475294 -1.1745558761728792 1.65
      vertex -1.4850068425630005 -1.3371061668536914 1.65
    endloop
  endfacet
  facet normal -0.6304686248866416 -0.32123980948750097 -0.706621750184624
    outer loop
      vertex -2.8913713734388318 -1.2873214753349076 2.8167261889578032
      vertex -1.8255139632037676 -0.8127711818495889 1.65
      vertex -1.730555884079687 -0.9991369055210982 1.65
    endloop
  endfacet
  facet normal -0.5934361481663697 -0.3853819406971233 -0.7066217501846241
    outer loop
      vertex -2.7409704029777484 -1.5825 2.8167261889578032
      vertex -1.730555884079687 -0.9991369055210982 1.65
      vertex -1.6166374725475294 -1.1745558761728792 1.65
    endloop
  endfacet
  facet normal -0.5934361481663698 -0.385381940697123 -0.7066217501846241
    outer loop
      vertex -2.7409704029777484 -1.5825 2.8167261889578032
      vertex -1.6166374725475294 -1.1745558761728792 1.65
      vertex -2.560538787196709 -1.8603403235056775 2.8167261889578032
    endloop
  endfacet
  facet normal -0.6605935554186142 -0.2535781077013808 -0.706621750184624
    outer loop
      vertex -2.8913713734388318 -1.2873214753349076 2.8167261889578032
      vertex -3.010093874074161 -0.9780387871967086 2.8167261889578032
      vertex -1.8255139632037676 -0.8127711818495889 1.65
    endloop
  endfacet
  facet normal -0.6304686248866419 -0.32123980948750025 -0.7066217501846243
    outer loop
      vertex -2.7409704029777484 -1.5825 2.8167261889578032
      vertex -2.8913713734388318 -1.2873214753349076 2.8167261889578032
      vertex -1.730555884079687 -0.9991369055210982 1.65
    endloop
  endfacet
  facet normal -0.5499018608222892 -0.44530174671811273 -0.7066217501846241
    outer loop
      vertex -2.560538787196709 -1.8603403235056775 2.8167261889578032
      vertex -1.4850068425630005 -1.3371061668536914 1.65
      vertex -2.352053372635953 -2.1177983691257865 2.8167261889578032
    endloop
  endfacet
  facet normal -0.6834808847193312 -0.18313815110265516 -0.7066217501846241
    outer loop
      vertex -3.095837156322495 -0.6580405014382084 2.8167261889578032
      vertex -1.9546067338801227 -0.4154644867706308 1.65
      vertex -1.9004713293336313 -0.6175005670264311 1.65
    endloop
  endfacet
  facet normal -0.6988798544194937 -0.1106916945963237 -0.7066217501846241
    outer loop
      vertex -3.147661798840585 -0.33083258624212325 2.8167261889578032
      vertex -1.987327058022468 -0.20887649065623815 1.65
      vertex -1.9546067338801227 -0.4154644867706308 1.65
    endloop
  endfacet
  facet normal -0.706621750184624 -0.037032476720272475 -0.7066217501846241
    outer loop
      vertex -1.987327058022468 -0.20887649065623815 1.65
      vertex -3.165 0 2.8167261889578032
      vertex -1.9982738110421965 0 1.65
    endloop
  endfacet
  facet normal -0.6605935554186143 -0.2535781077013802 -0.7066217501846241
    outer loop
      vertex -3.010093874074161 -0.9780387871967086 2.8167261889578032
      vertex -1.9004713293336313 -0.6175005670264311 1.65
      vertex -1.8255139632037676 -0.8127711818495889 1.65
    endloop
  endfacet
  facet normal -0.6834808847193314 -0.1831381511026545 -0.7066217501846241
    outer loop
      vertex -3.010093874074161 -0.9780387871967086 2.8167261889578032
      vertex -3.095837156322495 -0.6580405014382084 2.8167261889578032
      vertex -1.9004713293336313 -0.6175005670264311 1.65
    endloop
  endfacet
  facet normal -0.6988798544194937 -0.11069169459632466 -0.7066217501846241
    outer loop
      vertex -3.095837156322495 -0.6580405014382084 2.8167261889578032
      vertex -3.147661798840585 -0.33083258624212325 2.8167261889578032
      vertex -1.9546067338801227 -0.4154644867706308 1.65
    endloop
  endfacet
  facet normal 0.6605935554186142 0.25357810770138034 -0.706621750184624
    outer loop
      vertex -3.010093874074161 -0.9780387871967086 2.8167261889578032
      vertex -3.3481441022601324 -1.490689796872808 2.3167261889578032
      vertex -3.485622132221738 -1.1325472843841822 2.3167261889578032
    endloop
  endfacet
  facet normal 0.6304686248866416 0.3212398094875008 -0.7066217501846243
    outer loop
      vertex -2.8913713734388318 -1.2873214753349076 2.8167261889578032
      vertex -3.1739831048699676 -1.8325 2.3167261889578032
      vertex -3.3481441022601324 -1.490689796872808 2.3167261889578032
    endloop
  endfacet
  facet normal 0.630468624886642 0.3212398094875003 -0.7066217501846239
    outer loop
      vertex -2.7409704029777484 -1.5825 2.8167261889578032
      vertex -3.1739831048699676 -1.8325 2.3167261889578032
      vertex -2.8913713734388318 -1.2873214753349076 2.8167261889578032
    endloop
  endfacet
  facet normal 0.6605935554186141 0.2535781077013807 -0.7066217501846243
    outer loop
      vertex -2.8913713734388318 -1.2873214753349076 2.8167261889578032
      vertex -3.3481441022601324 -1.490689796872808 2.3167261889578032
      vertex -3.010093874074161 -0.9780387871967086 2.8167261889578032
    endloop
  endfacet
  facet normal 0.6834808847193314 0.1831381511026545 -0.706621750184624
    outer loop
      vertex -3.010093874074161 -0.9780387871967086 2.8167261889578032
      vertex -3.485622132221738 -1.1325472843841822 2.3167261889578032
      vertex -3.095837156322495 -0.6580405014382084 2.8167261889578032
    endloop
  endfacet
  facet normal 0.6988798544194936 0.110691694596324 -0.7066217501846241
    outer loop
      vertex -3.147661798840585 -0.33083258624212325 2.8167261889578032
      vertex -3.5849109566893977 -0.761996346847088 2.3167261889578037
      vertex -3.644922746524722 -0.38309681787595 2.3167261889578032
    endloop
  endfacet
  facet normal 0.683480884719331 0.1831381511026552 -0.7066217501846244
    outer loop
      vertex -3.095837156322495 -0.6580405014382084 2.8167261889578032
      vertex -3.485622132221738 -1.1325472843841822 2.3167261889578032
      vertex -3.5849109566893977 -0.761996346847088 2.3167261889578037
    endloop
  endfacet
  facet normal 0.6988798544194933 0.1106916945963246 -0.7066217501846244
    outer loop
      vertex -3.095837156322495 -0.6580405014382084 2.8167261889578032
      vertex -3.5849109566893977 -0.761996346847088 2.3167261889578037
      vertex -3.147661798840585 -0.33083258624212325 2.8167261889578032
    endloop
  endfacet
  facet normal 0.7066217501846241 0.03703247672027206 -0.7066217501846241
    outer loop
      vertex -3.165 0 2.8167261889578032
      vertex -3.644922746524722 -0.38309681787595 2.3167261889578032
      vertex -3.665 0 2.3167261889578032
    endloop
  endfacet
  facet normal 0.706621750184624 0.037032476720272246 -0.7066217501846241
    outer loop
      vertex -3.147661798840585 -0.33083258624212325 2.8167261889578032
      vertex -3.644922746524722 -0.38309681787595 2.3167261889578032
      vertex -3.165 0 2.8167261889578032
    endloop
  endfacet
  facet normal -0.38538194069712295 -0.59343614816637 -0.7066217501846243
    outer loop
      vertex -1.8603403235056775 -2.560538787196709 2.8167261889578032
      vertex -1.1745558761728792 -1.6166374725475294 1.65
      vertex -0.9991369055210982 -1.730555884079687 1.65
    endloop
  endfacet
  facet normal -0.3212398094875009 -0.6304686248866417 -0.7066217501846241
    outer loop
      vertex -1.5825 -2.7409704029777484 2.8167261889578032
      vertex -0.9991369055210982 -1.730555884079687 1.65
      vertex -0.8127711818495889 -1.8255139632037676 1.65
    endloop
  endfacet
  facet normal -0.385381940697123 -0.5934361481663698 -0.7066217501846241
    outer loop
      vertex -1.8603403235056775 -2.560538787196709 2.8167261889578032
      vertex -0.9991369055210982 -1.730555884079687 1.65
      vertex -1.5825 -2.7409704029777484 2.8167261889578032
    endloop
  endfacet
  facet normal -0.44530174671811273 -0.5499018608222892 -0.7066217501846243
    outer loop
      vertex -2.1177983691257865 -2.352053372635953 2.8167261889578032
      vertex -1.1745558761728792 -1.6166374725475294 1.65
      vertex -1.8603403235056775 -2.560538787196709 2.8167261889578032
    endloop
  endfacet
  facet normal -0.32123980948750025 -0.6304686248866419 -0.7066217501846241
    outer loop
      vertex -1.5825 -2.7409704029777484 2.8167261889578032
      vertex -0.8127711818495889 -1.8255139632037676 1.65
      vertex -1.2873214753349076 -2.8913713734388318 2.8167261889578032
    endloop
  endfacet
  facet normal -0.2535781077013808 -0.6605935554186142 -0.7066217501846241
    outer loop
      vertex -1.2873214753349076 -2.8913713734388318 2.8167261889578032
      vertex -0.6175005670264311 -1.9004713293336313 1.65
      vertex -0.9780387871967086 -3.010093874074161 2.8167261889578032
    endloop
  endfacet
  facet normal -0.037032476720272246 -0.706621750184624 -0.7066217501846241
    outer loop
      vertex -0.33083258624212325 -3.147661798840585 2.8167261889578032
      vertex 0 -1.9982738110421965 1.65
      vertex 0 -3.165 2.8167261889578032
    endloop
  endfacet
  facet normal -0.2535781077013808 -0.6605935554186141 -0.706621750184624
    outer loop
      vertex -1.2873214753349076 -2.8913713734388318 2.8167261889578032
      vertex -0.8127711818495889 -1.8255139632037676 1.65
      vertex -0.6175005670264311 -1.9004713293336313 1.65
    endloop
  endfacet
  facet normal -0.18313815110265516 -0.6834808847193312 -0.706621750184624
    outer loop
      vertex -0.9780387871967086 -3.010093874074161 2.8167261889578032
      vertex -0.6175005670264311 -1.9004713293336313 1.65
      vertex -0.4154644867706308 -1.9546067338801227 1.65
    endloop
  endfacet
  facet normal -0.11069169459632368 -0.6988798544194939 -0.706621750184624
    outer loop
      vertex -0.6580405014382084 -3.095837156322495 2.8167261889578032
      vertex -0.4154644867706308 -1.9546067338801227 1.65
      vertex -0.20887649065623815 -1.987327058022468 1.65
    endloop
  endfacet
  facet normal -0.03703247672027232 -0.706621750184624 -0.7066217501846241
    outer loop
      vertex -0.33083258624212325 -3.147661798840585 2.8167261889578032
      vertex -0.20887649065623815 -1.987327058022468 1.65
      vertex 0 -1.9982738110421965 1.65
    endloop
  endfacet
  facet normal -0.1831381511026545 -0.6834808847193314 -0.706621750184624
    outer loop
      vertex -0.9780387871967086 -3.010093874074161 2.8167261889578032
      vertex -0.4154644867706308 -1.9546067338801227 1.65
      vertex -0.6580405014382084 -3.095837156322495 2.8167261889578032
    endloop
  endfacet
  facet normal -0.11069169459632464 -0.6988798544194936 -0.706621750184624
    outer loop
      vertex -0.6580405014382084 -3.095837156322495 2.8167261889578032
      vertex -0.20887649065623815 -1.987327058022468 1.65
      vertex -0.33083258624212325 -3.147661798840585 2.8167261889578032
    endloop
  endfacet
  facet normal 0.3212398094875007 0.6304686248866417 -0.7066217501846239
    outer loop
      vertex -1.5825 -2.7409704029777484 2.8167261889578032
      vertex -1.4906897968728077 -3.3481441022601324 2.3167261889578032
      vertex -1.8325 -3.1739831048699676 2.3167261889578032
    endloop
  endfacet
  facet normal 0.38538194069712317 0.59343614816637 -0.7066217501846239
    outer loop
      vertex -1.8603403235056775 -2.560538787196709 2.8167261889578032
      vertex -1.5825 -2.7409704029777484 2.8167261889578032
      vertex -1.8325 -3.1739831048699676 2.3167261889578032
    endloop
  endfacet
  facet normal 0.32123980948750025 0.6304686248866419 -0.7066217501846241
    outer loop
      vertex -1.5825 -2.7409704029777484 2.8167261889578032
      vertex -1.2873214753349076 -2.8913713734388318 2.8167261889578032
      vertex -1.4906897968728077 -3.3481441022601324 2.3167261889578032
    endloop
  endfacet
  facet normal 0.2535781077013805 0.6605935554186142 -0.7066217501846243
    outer loop
      vertex -1.2873214753349076 -2.8913713734388318 2.8167261889578032
      vertex -1.1325472843841822 -3.485622132221738 2.3167261889578032
      vertex -1.4906897968728077 -3.3481441022601324 2.3167261889578032
    endloop
  endfacet
  facet normal 0.18313815110265527 0.6834808847193312 -0.706621750184624
    outer loop
      vertex -0.9780387871967086 -3.010093874074161 2.8167261889578032
      vertex -0.761996346847088 -3.5849109566893977 2.3167261889578037
      vertex -1.1325472843841822 -3.485622132221738 2.3167261889578032
    endloop
  endfacet
  facet normal 0.25357810770138073 0.6605935554186142 -0.706621750184624
    outer loop
      vertex -1.2873214753349076 -2.8913713734388318 2.8167261889578032
      vertex -0.9780387871967086 -3.010093874074161 2.8167261889578032
      vertex -1.1325472843841822 -3.485622132221738 2.3167261889578032
    endloop
  endfacet
  facet normal 0.1831381511026544 0.6834808847193311 -0.7066217501846243
    outer loop
      vertex -0.9780387871967086 -3.010093874074161 2.8167261889578032
      vertex -0.6580405014382084 -3.095837156322495 2.8167261889578032
      vertex -0.761996346847088 -3.5849109566893977 2.3167261889578037
    endloop
  endfacet
  facet normal 0.11069169459632404 0.6988798544194935 -0.7066217501846243
    outer loop
      vertex -0.6580405014382084 -3.095837156322495 2.8167261889578032
      vertex -0.38309681787594996 -3.644922746524722 2.3167261889578032
      vertex -0.761996346847088 -3.5849109566893977 2.3167261889578037
    endloop
  endfacet
  facet normal 0.03703247672027206 0.706621750184624 -0.7066217501846241
    outer loop
      vertex -0.33083258624212325 -3.147661798840585 2.8167261889578032
      vertex 0 -3.665 2.3167261889578032
      vertex -0.38309681787594996 -3.644922746524722 2.3167261889578032
    endloop
  endfacet
  facet normal 0.11069169459632465 0.6988798544194936 -0.7066217501846241
    outer loop
      vertex -0.6580405014382084 -3.095837156322495 2.8167261889578032
      vertex -0.33083258624212325 -3.147661798840585 2.8167261889578032
      vertex -0.38309681787594996 -3.644922746524722 2.3167261889578032
    endloop
  endfacet
  facet normal 0.037032476720272246 0.706621750184624 -0.706621750184624
    outer loop
      vertex -0.33083258624212325 -3.147661798840585 2.8167261889578032
      vertex 0 -3.165 2.8167261889578032
      vertex 0 -3.665 2.3167261889578032
    endloop
  endfacet
  facet normal -0.5003427336166772 -0.5003427336166772 -0.7066217501846244
    outer loop
      vertex -2.352053372635953 -2.1177983691257865 2.8167261889578032
      vertex -1.4850068425630005 -1.3371061668536914 1.65
      vertex -1.3371061668536914 -1.4850068425630005 1.65
    endloop
  endfacet
  facet normal -0.44530174671811273 -0.5499018608222894 -0.7066217501846241
    outer loop
      vertex -2.1177983691257865 -2.352053372635953 2.8167261889578032
      vertex -1.3371061668536914 -1.4850068425630005 1.65
      vertex -1.1745558761728792 -1.6166374725475294 1.65
    endloop
  endfacet
  facet normal 0.7066217501846239 -0.03703247672027247 0.7066217501846241
    outer loop
      vertex -3.165 0 0.48327381104219636
      vertex -3.644922746524722 0.38309681787595 0.9832738110421965
      vertex -3.665 0 0.9832738110421962
    endloop
  endfacet
  facet normal 0.706621750184624 -0.037032476720272246 0.706621750184624
    outer loop
      vertex -3.165 0 0.48327381104219636
      vertex -3.147661798840585 0.33083258624212325 0.48327381104219636
      vertex -3.644922746524722 0.38309681787595 0.9832738110421965
    endloop
  endfacet
  facet normal 0.6988798544194937 -0.1106916945963242 0.7066217501846241
    outer loop
      vertex -3.147661798840585 0.33083258624212325 0.48327381104219636
      vertex -3.5849109566893977 0.761996346847088 0.9832738110421961
      vertex -3.644922746524722 0.38309681787595 0.9832738110421965
    endloop
  endfacet
  facet normal 0.6988798544194935 -0.11069169459632465 0.7066217501846241
    outer loop
      vertex -3.147661798840585 0.33083258624212325 0.48327381104219636
      vertex -3.095837156322495 0.6580405014382084 0.48327381104219636
      vertex -3.5849109566893977 0.761996346847088 0.9832738110421961
    endloop
  endfacet
  facet normal 0.6834808847193312 -0.1831381511026548 0.7066217501846241
    outer loop
      vertex -3.095837156322495 0.6580405014382084 0.48327381104219636
      vertex -3.485622132221738 1.1325472843841822 0.9832738110421964
      vertex -3.5849109566893977 0.761996346847088 0.9832738110421961
    endloop
  endfacet
  facet normal 0.6605935554186142 -0.25357810770138034 0.706621750184624
    outer loop
      vertex -3.010093874074161 0.9780387871967086 0.48327381104219636
      vertex -3.3481441022601324 1.490689796872808 0.9832738110421964
      vertex -3.485622132221738 1.1325472843841822 0.9832738110421964
    endloop
  endfacet
  facet normal 0.6834808847193314 -0.1831381511026545 0.706621750184624
    outer loop
      vertex -3.095837156322495 0.6580405014382084 0.48327381104219636
      vertex -3.010093874074161 0.9780387871967086 0.48327381104219636
      vertex -3.485622132221738 1.1325472843841822 0.9832738110421964
    endloop
  endfacet
  facet normal 0.6605935554186141 -0.25357810770138073 0.7066217501846243
    outer loop
      vertex -3.010093874074161 0.9780387871967086 0.48327381104219636
      vertex -2.8913713734388318 1.2873214753349076 0.48327381104219636
      vertex -3.3481441022601324 1.490689796872808 0.9832738110421964
    endloop
  endfacet
  facet normal 0.6304686248866416 -0.3212398094875008 0.7066217501846243
    outer loop
      vertex -2.8913713734388318 1.2873214753349076 0.48327381104219636
      vertex -3.1739831048699676 1.8325 0.9832738110421964
      vertex -3.3481441022601324 1.490689796872808 0.9832738110421964
    endloop
  endfacet
  facet normal 0.630468624886642 -0.3212398094875003 0.7066217501846239
    outer loop
      vertex -2.8913713734388318 1.2873214753349076 0.48327381104219636
      vertex -2.7409704029777484 1.5825 0.48327381104219636
      vertex -3.1739831048699676 1.8325 0.9832738110421964
    endloop
  endfacet
  facet normal -0.7066217501846239 0.037032476720272246 0.706621750184624
    outer loop
      vertex -3.165 0 0.48327381104219636
      vertex -1.987327058022468 0.20887649065623815 1.65
      vertex -3.147661798840585 0.33083258624212325 0.48327381104219636
    endloop
  endfacet
  facet normal -0.6988798544194937 0.11069169459632466 0.7066217501846239
    outer loop
      vertex -3.147661798840585 0.33083258624212325 0.48327381104219636
      vertex -1.9546067338801227 0.4154644867706308 1.65
      vertex -3.095837156322495 0.6580405014382084 0.48327381104219636
    endloop
  endfacet
  facet normal -0.6834808847193314 0.1831381511026545 0.706621750184624
    outer loop
      vertex -3.095837156322495 0.6580405014382084 0.48327381104219636
      vertex -1.9004713293336313 0.6175005670264311 1.65
      vertex -3.010093874074161 0.9780387871967086 0.48327381104219636
    endloop
  endfacet
  facet normal -0.706621750184624 0.03703247672027232 0.706621750184624
    outer loop
      vertex -3.165 0 0.48327381104219636
      vertex -1.9982738110421965 0 1.65
      vertex -1.987327058022468 0.20887649065623815 1.65
    endloop
  endfacet
  facet normal -0.6988798544194937 0.11069169459632433 0.706621750184624
    outer loop
      vertex -3.147661798840585 0.33083258624212325 0.48327381104219636
      vertex -1.987327058022468 0.20887649065623815 1.65
      vertex -1.9546067338801227 0.4154644867706308 1.65
    endloop
  endfacet
  facet normal -0.6834808847193313 0.18313815110265513 0.706621750184624
    outer loop
      vertex -3.095837156322495 0.6580405014382084 0.48327381104219636
      vertex -1.9546067338801227 0.4154644867706308 1.65
      vertex -1.9004713293336313 0.6175005670264311 1.65
    endloop
  endfacet
  facet normal -0.6605935554186143 0.2535781077013802 0.7066217501846241
    outer loop
      vertex -3.010093874074161 0.9780387871967086 0.48327381104219636
      vertex -1.9004713293336313 0.6175005670264311 1.65
      vertex -1.8255139632037676 0.8127711818495889 1.65
    endloop
  endfacet
  facet normal -0.6605935554186141 0.2535781077013808 0.706621750184624
    outer loop
      vertex -3.010093874074161 0.9780387871967086 0.48327381104219636
      vertex -1.8255139632037676 0.8127711818495889 1.65
      vertex -2.8913713734388318 1.2873214753349076 0.48327381104219636
    endloop
  endfacet
  facet normal -0.6304686248866419 0.32123980948750025 0.706621750184624
    outer loop
      vertex -2.8913713734388318 1.2873214753349076 0.48327381104219636
      vertex -1.730555884079687 0.9991369055210982 1.65
      vertex -2.7409704029777484 1.5825 0.48327381104219636
    endloop
  endfacet
  facet normal -0.5934361481663699 0.3853819406971231 0.7066217501846241
    outer loop
      vertex -2.7409704029777484 1.5825 0.48327381104219636
      vertex -1.6166374725475294 1.1745558761728792 1.65
      vertex -2.560538787196709 1.8603403235056775 0.48327381104219636
    endloop
  endfacet
  facet normal -0.5499018608222893 0.44530174671811285 0.7066217501846241
    outer loop
      vertex -2.560538787196709 1.8603403235056775 0.48327381104219636
      vertex -1.4850068425630005 1.3371061668536914 1.65
      vertex -2.352053372635953 2.1177983691257865 0.48327381104219636
    endloop
  endfacet
  facet normal -0.6304686248866417 0.3212398094875009 0.7066217501846239
    outer loop
      vertex -2.8913713734388318 1.2873214753349076 0.48327381104219636
      vertex -1.8255139632037676 0.8127711818495889 1.65
      vertex -1.730555884079687 0.9991369055210982 1.65
    endloop
  endfacet
  facet normal -0.5934361481663697 0.3853819406971233 0.7066217501846241
    outer loop
      vertex -2.7409704029777484 1.5825 0.48327381104219636
      vertex -1.730555884079687 0.9991369055210982 1.65
      vertex -1.6166374725475294 1.1745558761728792 1.65
    endloop
  endfacet
  facet normal -0.5499018608222892 0.4453017467181129 0.706621750184624
    outer loop
      vertex -2.560538787196709 1.8603403235056775 0.48327381104219636
      vertex -1.6166374725475294 1.1745558761728792 1.65
      vertex -1.4850068425630005 1.3371061668536914 1.65
    endloop
  endfacet
  facet normal 0.59343614816637 -0.3853819406971231 0.706621750184624
    outer loop
      vertex -2.7409704029777484 1.5825 0.48327381104219636
      vertex -2.560538787196709 1.8603403235056775 0.48327381104219636
      vertex -2.965047284384182 2.1542329496519144 0.9832738110421961
    endloop
  endfacet
  facet normal 0.5934361481663701 -0.38538194069712306 0.706621750184624
    outer loop
      vertex -2.7409704029777484 1.5825 0.48327381104219636
      vertex -2.965047284384182 2.1542329496519144 0.9832738110421961
      vertex -3.1739831048699676 1.8325 0.9832738110421964
    endloop
  endfacet
  facet normal 0.5499018608222891 -0.44530174671811334 0.7066217501846241
    outer loop
      vertex -2.560538787196709 1.8603403235056775 0.48327381104219636
      vertex -2.72362578537465 2.4523636723052156 0.9832738110421965
      vertex -2.965047284384182 2.1542329496519144 0.9832738110421961
    endloop
  endfacet
  facet normal 0.5499018608222894 -0.44530174671811296 0.7066217501846239
    outer loop
      vertex -2.560538787196709 1.8603403235056775 0.48327381104219636
      vertex -2.352053372635953 2.1177983691257865 0.48327381104219636
      vertex -2.72362578537465 2.4523636723052156 0.9832738110421965
    endloop
  endfacet
  facet normal 0.5003427336166775 -0.5003427336166775 0.7066217501846239
    outer loop
      vertex -2.352053372635953 2.1177983691257865 0.48327381104219636
      vertex -2.1177983691257865 2.352053372635953 0.48327381104219636
      vertex -2.4523636723052156 2.72362578537465 0.9832738110421965
    endloop
  endfacet
  facet normal 0.5003427336166775 -0.5003427336166774 0.706621750184624
    outer loop
      vertex -2.352053372635953 2.1177983691257865 0.48327381104219636
      vertex -2.4523636723052156 2.72362578537465 0.9832738110421965
      vertex -2.72362578537465 2.4523636723052156 0.9832738110421965
    endloop
  endfacet
  facet normal 0.4453017467181132 -0.5499018608222892 0.706621750184624
    outer loop
      vertex -2.1177983691257865 2.352053372635953 0.48327381104219636
      vertex -2.154232949651914 2.9650472843841826 0.9832738110421962
      vertex -2.4523636723052156 2.72362578537465 0.9832738110421965
    endloop
  endfacet
  facet normal 0.44530174671811285 -0.5499018608222893 0.7066217501846241
    outer loop
      vertex -2.1177983691257865 2.352053372635953 0.48327381104219636
      vertex -1.8603403235056775 2.560538787196709 0.48327381104219636
      vertex -2.154232949651914 2.9650472843841826 0.9832738110421962
    endloop
  endfacet
  facet normal 0.38538194069712317 -0.59343614816637 0.7066217501846241
    outer loop
      vertex -1.8603403235056775 2.560538787196709 0.48327381104219636
      vertex -1.8325 3.1739831048699676 0.9832738110421962
      vertex -2.154232949651914 2.9650472843841826 0.9832738110421962
    endloop
  endfacet
  facet normal -0.5003427336166772 0.5003427336166772 0.706621750184624
    outer loop
      vertex -2.352053372635953 2.1177983691257865 0.48327381104219636
      vertex -1.3371061668536914 1.4850068425630005 1.65
      vertex -2.1177983691257865 2.352053372635953 0.48327381104219636
    endloop
  endfacet
  facet normal -0.5003427336166775 0.5003427336166771 0.7066217501846243
    outer loop
      vertex -2.352053372635953 2.1177983691257865 0.48327381104219636
      vertex -1.4850068425630005 1.3371061668536914 1.65
      vertex -1.3371061668536914 1.4850068425630005 1.65
    endloop
  endfacet
  facet normal -0.44530174671811296 0.5499018608222893 0.706621750184624
    outer loop
      vertex -2.1177983691257865 2.352053372635953 0.48327381104219636
      vertex -1.3371061668536914 1.4850068425630005 1.65
      vertex -1.1745558761728792 1.6166374725475294 1.65
    endloop
  endfacet
  facet normal 0.38538194069712317 -0.5934361481663699 0.706621750184624
    outer loop
      vertex -1.8603403235056775 2.560538787196709 0.48327381104219636
      vertex -1.5825 2.7409704029777484 0.48327381104219636
      vertex -1.8325 3.1739831048699676 0.9832738110421962
    endloop
  endfacet
  facet normal 0.32123980948750025 -0.630468624886642 0.706621750184624
    outer loop
      vertex -1.5825 2.7409704029777484 0.48327381104219636
      vertex -1.4906897968728077 3.3481441022601324 0.9832738110421966
      vertex -1.8325 3.1739831048699676 0.9832738110421962
    endloop
  endfacet
  facet normal 0.32123980948750025 -0.630468624886642 0.7066217501846239
    outer loop
      vertex -1.5825 2.7409704029777484 0.48327381104219636
      vertex -1.2873214753349076 2.8913713734388318 0.48327381104219636
      vertex -1.4906897968728077 3.3481441022601324 0.9832738110421966
    endloop
  endfacet
  facet normal 0.25357810770138073 -0.6605935554186142 0.706621750184624
    outer loop
      vertex -1.2873214753349076 2.8913713734388318 0.48327381104219636
      vertex -0.9780387871967086 3.010093874074161 0.48327381104219636
      vertex -1.1325472843841822 3.485622132221738 0.9832738110421964
    endloop
  endfacet
  facet normal 0.25357810770138084 -0.6605935554186142 0.706621750184624
    outer loop
      vertex -1.2873214753349076 2.8913713734388318 0.48327381104219636
      vertex -1.1325472843841822 3.485622132221738 0.9832738110421964
      vertex -1.4906897968728077 3.3481441022601324 0.9832738110421966
    endloop
  endfacet
  facet normal 0.18313815110265527 -0.6834808847193312 0.706621750184624
    outer loop
      vertex -0.9780387871967086 3.010093874074161 0.48327381104219636
      vertex -0.761996346847088 3.5849109566893977 0.9832738110421959
      vertex -1.1325472843841822 3.485622132221738 0.9832738110421964
    endloop
  endfacet
  facet normal 0.1831381511026544 -0.6834808847193311 0.7066217501846243
    outer loop
      vertex -0.9780387871967086 3.010093874074161 0.48327381104219636
      vertex -0.6580405014382084 3.095837156322495 0.48327381104219636
      vertex -0.761996346847088 3.5849109566893977 0.9832738110421959
    endloop
  endfacet
  facet normal 0.11069169459632384 -0.6988798544194935 0.7066217501846243
    outer loop
      vertex -0.6580405014382084 3.095837156322495 0.48327381104219636
      vertex -0.38309681787594996 3.644922746524722 0.9832738110421965
      vertex -0.761996346847088 3.5849109566893977 0.9832738110421959
    endloop
  endfacet
  facet normal 0.11069169459632466 -0.6988798544194936 0.706621750184624
    outer loop
      vertex -0.6580405014382084 3.095837156322495 0.48327381104219636
      vertex -0.33083258624212325 3.147661798840585 0.48327381104219636
      vertex -0.38309681787594996 3.644922746524722 0.9832738110421965
    endloop
  endfacet
  facet normal 0.03703247672027247 -0.7066217501846241 0.7066217501846241
    outer loop
      vertex -0.33083258624212325 3.147661798840585 0.48327381104219636
      vertex 0 3.665 0.9832738110421962
      vertex -0.38309681787594996 3.644922746524722 0.9832738110421965
    endloop
  endfacet
  facet normal 0.037032476720272246 -0.7066217501846239 0.7066217501846241
    outer loop
      vertex -0.33083258624212325 3.147661798840585 0.48327381104219636
      vertex 0 3.165 0.48327381104219636
      vertex 0 3.665 0.9832738110421962
    endloop
  endfacet
  facet normal -0.4453017467181128 0.5499018608222892 0.7066217501846241
    outer loop
      vertex -2.1177983691257865 2.352053372635953 0.48327381104219636
      vertex -1.1745558761728792 1.6166374725475294 1.65
      vertex -1.8603403235056775 2.560538787196709 0.48327381104219636
    endloop
  endfacet
  facet normal -0.3853819406971231 0.5934361481663699 0.7066217501846241
    outer loop
      vertex -1.8603403235056775 2.560538787196709 0.48327381104219636
      vertex -0.9991369055210982 1.730555884079687 1.65
      vertex -1.5825 2.7409704029777484 0.48327381104219636
    endloop
  endfacet
  facet normal -0.32123980948750025 0.6304686248866419 0.7066217501846239
    outer loop
      vertex -1.5825 2.7409704029777484 0.48327381104219636
      vertex -0.8127711818495889 1.8255139632037676 1.65
      vertex -1.2873214753349076 2.8913713734388318 0.48327381104219636
    endloop
  endfacet
  facet normal -0.2535781077013808 0.6605935554186141 0.706621750184624
    outer loop
      vertex -1.2873214753349076 2.8913713734388318 0.48327381104219636
      vertex -0.6175005670264311 1.9004713293336313 1.65
      vertex -0.9780387871967086 3.010093874074161 0.48327381104219636
    endloop
  endfacet
  facet normal -0.38538194069712306 0.5934361481663696 0.7066217501846245
    outer loop
      vertex -1.8603403235056775 2.560538787196709 0.48327381104219636
      vertex -1.1745558761728792 1.6166374725475294 1.65
      vertex -0.9991369055210982 1.730555884079687 1.65
    endloop
  endfacet
  facet normal -0.3212398094875009 0.6304686248866417 0.7066217501846241
    outer loop
      vertex -1.5825 2.7409704029777484 0.48327381104219636
      vertex -0.9991369055210982 1.730555884079687 1.65
      vertex -0.8127711818495889 1.8255139632037676 1.65
    endloop
  endfacet
  facet normal -0.18313815110265455 0.6834808847193315 0.706621750184624
    outer loop
      vertex -0.9780387871967086 3.010093874074161 0.48327381104219636
      vertex -0.4154644867706308 1.9546067338801227 1.65
      vertex -0.6580405014382084 3.095837156322495 0.48327381104219636
    endloop
  endfacet
  facet normal -0.11069169459632466 0.6988798544194937 0.706621750184624
    outer loop
      vertex -0.6580405014382084 3.095837156322495 0.48327381104219636
      vertex -0.20887649065623815 1.987327058022468 1.65
      vertex -0.33083258624212325 3.147661798840585 0.48327381104219636
    endloop
  endfacet
  facet normal -0.2535781077013808 0.6605935554186143 0.7066217501846239
    outer loop
      vertex -1.2873214753349076 2.8913713734388318 0.48327381104219636
      vertex -0.8127711818495889 1.8255139632037676 1.65
      vertex -0.6175005670264311 1.9004713293336313 1.65
    endloop
  endfacet
  facet normal -0.18313815110265516 0.6834808847193314 0.706621750184624
    outer loop
      vertex -0.9780387871967086 3.010093874074161 0.48327381104219636
      vertex -0.6175005670264311 1.9004713293336313 1.65
      vertex -0.4154644867706308 1.9546067338801227 1.65
    endloop
  endfacet
  facet normal -0.11069169459632366 0.6988798544194939 0.7066217501846239
    outer loop
      vertex -0.6580405014382084 3.095837156322495 0.48327381104219636
      vertex -0.4154644867706308 1.9546067338801227 1.65
      vertex -0.20887649065623815 1.987327058022468 1.65
    endloop
  endfacet
  facet normal -0.037032476720272316 0.7066217501846239 0.706621750184624
    outer loop
      vertex -0.33083258624212325 3.147661798840585 0.48327381104219636
      vertex -0.20887649065623815 1.987327058022468 1.65
      vertex 0 1.9982738110421965 1.65
    endloop
  endfacet
  facet normal -0.03703247672027225 0.7066217501846241 0.7066217501846241
    outer loop
      vertex -0.33083258624212325 3.147661798840585 0.48327381104219636
      vertex 0 1.9982738110421965 1.65
      vertex 0 3.165 0.48327381104219636
    endloop
  endfacet
  facet normal -0.706621750184624 0.037032476720272246 -0.7066217501846241
    outer loop
      vertex -3.165 0 2.8167261889578032
      vertex -3.147661798840585 0.33083258624212325 2.8167261889578032
      vertex -1.9982738110421965 0 1.65
    endloop
  endfacet
  facet normal -0.706621750184624 0.03703247672027232 -0.7066217501846241
    outer loop
      vertex -3.147661798840585 0.33083258624212325 2.8167261889578032
      vertex -1.987327058022468 0.20887649065623815 1.65
      vertex -1.9982738110421965 0 1.65
    endloop
  endfacet
  facet normal -0.6988798544194939 0.11069169459632368 -0.706621750184624
    outer loop
      vertex -3.095837156322495 0.6580405014382084 2.8167261889578032
      vertex -1.9546067338801227 0.4154644867706308 1.65
      vertex -1.987327058022468 0.20887649065623815 1.65
    endloop
  endfacet
  facet normal -0.6834808847193312 0.18313815110265516 -0.706621750184624
    outer loop
      vertex -3.010093874074161 0.9780387871967086 2.8167261889578032
      vertex -1.9004713293336313 0.6175005670264311 1.65
      vertex -1.9546067338801227 0.4154644867706308 1.65
    endloop
  endfacet
  facet normal -0.6605935554186141 0.2535781077013808 -0.706621750184624
    outer loop
      vertex -2.8913713734388318 1.2873214753349076 2.8167261889578032
      vertex -1.8255139632037676 0.8127711818495889 1.65
      vertex -1.9004713293336313 0.6175005670264311 1.65
    endloop
  endfacet
  facet normal -0.6988798544194936 0.11069169459632464 -0.706621750184624
    outer loop
      vertex -3.147661798840585 0.33083258624212325 2.8167261889578032
      vertex -3.095837156322495 0.6580405014382084 2.8167261889578032
      vertex -1.987327058022468 0.20887649065623815 1.65
    endloop
  endfacet
  facet normal -0.6834808847193314 0.1831381511026545 -0.706621750184624
    outer loop
      vertex -3.095837156322495 0.6580405014382084 2.8167261889578032
      vertex -3.010093874074161 0.9780387871967086 2.8167261889578032
      vertex -1.9546067338801227 0.4154644867706308 1.65
    endloop
  endfacet
  facet normal -0.6304686248866417 0.3212398094875009 -0.7066217501846241
    outer loop
      vertex -2.7409704029777484 1.5825 2.8167261889578032
      vertex -1.730555884079687 0.9991369055210982 1.65
      vertex -1.8255139632037676 0.8127711818495889 1.65
    endloop
  endfacet
  facet normal -0.59343614816637 0.38538194069712295 -0.7066217501846243
    outer loop
      vertex -2.560538787196709 1.8603403235056775 2.8167261889578032
      vertex -1.6166374725475294 1.1745558761728792 1.65
      vertex -1.730555884079687 0.9991369055210982 1.65
    endloop
  endfacet
  facet normal -0.6605935554186141 0.25357810770138073 -0.7066217501846241
    outer loop
      vertex -3.010093874074161 0.9780387871967086 2.8167261889578032
      vertex -2.8913713734388318 1.2873214753349076 2.8167261889578032
      vertex -1.9004713293336313 0.6175005670264311 1.65
    endloop
  endfacet
  facet normal -0.6304686248866419 0.32123980948750025 -0.706621750184624
    outer loop
      vertex -2.8913713734388318 1.2873214753349076 2.8167261889578032
      vertex -2.7409704029777484 1.5825 2.8167261889578032
      vertex -1.8255139632037676 0.8127711818495889 1.65
    endloop
  endfacet
  facet normal -0.5934361481663698 0.385381940697123 -0.7066217501846241
    outer loop
      vertex -2.7409704029777484 1.5825 2.8167261889578032
      vertex -2.560538787196709 1.8603403235056775 2.8167261889578032
      vertex -1.730555884079687 0.9991369055210982 1.65
    endloop
  endfacet
  facet normal -0.5499018608222892 0.44530174671811273 -0.7066217501846243
    outer loop
      vertex -2.560538787196709 1.8603403235056775 2.8167261889578032
      vertex -2.352053372635953 2.1177983691257865 2.8167261889578032
      vertex -1.6166374725475294 1.1745558761728792 1.65
    endloop
  endfacet
  facet normal 0.706621750184624 -0.03703247672027206 -0.7066217501846241
    outer loop
      vertex -3.147661798840585 0.33083258624212325 2.8167261889578032
      vertex -3.665 0 2.3167261889578032
      vertex -3.644922746524722 0.38309681787594996 2.3167261889578032
    endloop
  endfacet
  facet normal 0.706621750184624 -0.037032476720272246 -0.706621750184624
    outer loop
      vertex -3.165 0 2.8167261889578032
      vertex -3.665 0 2.3167261889578032
      vertex -3.147661798840585 0.33083258624212325 2.8167261889578032
    endloop
  endfacet
  facet normal 0.6988798544194937 -0.11069169459632466 -0.7066217501846241
    outer loop
      vertex -3.147661798840585 0.33083258624212325 2.8167261889578032
      vertex -3.644922746524722 0.38309681787594996 2.3167261889578032
      vertex -3.095837156322495 0.6580405014382084 2.8167261889578032
    endloop
  endfacet
  facet normal 0.6988798544194935 -0.11069169459632404 -0.7066217501846243
    outer loop
      vertex -3.095837156322495 0.6580405014382084 2.8167261889578032
      vertex -3.644922746524722 0.38309681787594996 2.3167261889578032
      vertex -3.5849109566893977 0.761996346847088 2.3167261889578037
    endloop
  endfacet
  facet normal 0.6834808847193311 -0.18313815110265444 -0.7066217501846243
    outer loop
      vertex -3.095837156322495 0.6580405014382084 2.8167261889578032
      vertex -3.5849109566893977 0.761996346847088 2.3167261889578037
      vertex -3.010093874074161 0.9780387871967086 2.8167261889578032
    endloop
  endfacet
  facet normal 0.6834808847193312 -0.18313815110265527 -0.706621750184624
    outer loop
      vertex -3.010093874074161 0.9780387871967086 2.8167261889578032
      vertex -3.5849109566893977 0.761996346847088 2.3167261889578037
      vertex -3.485622132221738 1.1325472843841822 2.3167261889578032
    endloop
  endfacet
  facet normal 0.6605935554186142 -0.2535781077013805 -0.7066217501846243
    outer loop
      vertex -2.8913713734388318 1.2873214753349076 2.8167261889578032
      vertex -3.485622132221738 1.1325472843841822 2.3167261889578032
      vertex -3.3481441022601324 1.4906897968728077 2.3167261889578032
    endloop
  endfacet
  facet normal 0.6605935554186142 -0.25357810770138073 -0.706621750184624
    outer loop
      vertex -3.010093874074161 0.9780387871967086 2.8167261889578032
      vertex -3.485622132221738 1.1325472843841822 2.3167261889578032
      vertex -2.8913713734388318 1.2873214753349076 2.8167261889578032
    endloop
  endfacet
  facet normal 0.6304686248866419 -0.32123980948750025 -0.7066217501846241
    outer loop
      vertex -2.8913713734388318 1.2873214753349076 2.8167261889578032
      vertex -3.3481441022601324 1.4906897968728077 2.3167261889578032
      vertex -2.7409704029777484 1.5825 2.8167261889578032
    endloop
  endfacet
  facet normal 0.6304686248866417 -0.3212398094875007 -0.7066217501846239
    outer loop
      vertex -2.7409704029777484 1.5825 2.8167261889578032
      vertex -3.3481441022601324 1.4906897968728077 2.3167261889578032
      vertex -3.1739831048699676 1.8325 2.3167261889578032
    endloop
  endfacet
  facet normal 0.5934361481663699 -0.3853819406971231 -0.706621750184624
    outer loop
      vertex -2.7409704029777484 1.5825 2.8167261889578032
      vertex -3.1739831048699676 1.8325 2.3167261889578032
      vertex -2.560538787196709 1.8603403235056775 2.8167261889578032
    endloop
  endfacet
  facet normal -0.5003427336166772 0.5003427336166772 -0.7066217501846243
    outer loop
      vertex -2.352053372635953 2.1177983691257865 2.8167261889578032
      vertex -2.1177983691257865 2.352053372635953 2.8167261889578032
      vertex -1.4850068425630005 1.3371061668536914 1.65
    endloop
  endfacet
  facet normal 0.5934361481663702 -0.3853819406971222 -0.7066217501846243
    outer loop
      vertex -2.560538787196709 1.8603403235056775 2.8167261889578032
      vertex -3.1739831048699676 1.8325 2.3167261889578032
      vertex -2.9650472843841826 2.154232949651914 2.3167261889578037
    endloop
  endfacet
  facet normal 0.5499018608222891 -0.4453017467181127 -0.7066217501846244
    outer loop
      vertex -2.560538787196709 1.8603403235056775 2.8167261889578032
      vertex -2.9650472843841826 2.154232949651914 2.3167261889578037
      vertex -2.352053372635953 2.1177983691257865 2.8167261889578032
    endloop
  endfacet
  facet normal 0.5499018608222886 -0.44530174671811407 -0.7066217501846238
    outer loop
      vertex -2.352053372635953 2.1177983691257865 2.8167261889578032
      vertex -2.9650472843841826 2.154232949651914 2.3167261889578037
      vertex -2.72362578537465 2.452363672305215 2.3167261889578032
    endloop
  endfacet
  facet normal 0.5003427336166778 -0.500342733616677 -0.7066217501846239
    outer loop
      vertex -2.1177983691257865 2.352053372635953 2.8167261889578032
      vertex -2.72362578537465 2.452363672305215 2.3167261889578032
      vertex -2.4523636723052156 2.72362578537465 2.3167261889578032
    endloop
  endfacet
  facet normal 0.5003427336166776 -0.5003427336166776 -0.7066217501846238
    outer loop
      vertex -2.352053372635953 2.1177983691257865 2.8167261889578032
      vertex -2.72362578537465 2.452363672305215 2.3167261889578032
      vertex -2.1177983691257865 2.352053372635953 2.8167261889578032
    endloop
  endfacet
  facet normal 0.4453017467181129 -0.5499018608222893 -0.706621750184624
    outer loop
      vertex -2.1177983691257865 2.352053372635953 2.8167261889578032
      vertex -2.4523636723052156 2.72362578537465 2.3167261889578032
      vertex -1.8603403235056775 2.560538787196709 2.8167261889578032
    endloop
  endfacet
  facet normal 0.4453017467181129 -0.5499018608222892 -0.706621750184624
    outer loop
      vertex -1.8603403235056775 2.560538787196709 2.8167261889578032
      vertex -2.4523636723052156 2.72362578537465 2.3167261889578032
      vertex -2.154232949651914 2.9650472843841826 2.3167261889578032
    endloop
  endfacet
  facet normal 0.38538194069712317 -0.5934361481663701 -0.7066217501846241
    outer loop
      vertex -1.5825 2.7409704029777484 2.8167261889578032
      vertex -2.154232949651914 2.9650472843841826 2.3167261889578032
      vertex -1.8325 3.1739831048699676 2.3167261889578032
    endloop
  endfacet
  facet normal 0.3853819406971231 -0.5934361481663699 -0.706621750184624
    outer loop
      vertex -1.8603403235056775 2.560538787196709 2.8167261889578032
      vertex -2.154232949651914 2.9650472843841826 2.3167261889578032
      vertex -1.5825 2.7409704029777484 2.8167261889578032
    endloop
  endfacet
  facet normal -0.5499018608222894 0.44530174671811273 -0.7066217501846241
    outer loop
      vertex -2.352053372635953 2.1177983691257865 2.8167261889578032
      vertex -1.4850068425630005 1.3371061668536914 1.65
      vertex -1.6166374725475294 1.1745558761728792 1.65
    endloop
  endfacet
  facet normal -0.5003427336166774 0.5003427336166774 -0.7066217501846241
    outer loop
      vertex -1.4850068425630005 1.3371061668536914 1.65
      vertex -2.1177983691257865 2.352053372635953 2.8167261889578032
      vertex -1.3371061668536914 1.4850068425630005 1.65
    endloop
  endfacet
  facet normal -0.44530174671811273 0.5499018608222892 -0.7066217501846243
    outer loop
      vertex -1.3371061668536914 1.4850068425630005 1.65
      vertex -1.8603403235056775 2.560538787196709 2.8167261889578032
      vertex -1.1745558761728792 1.6166374725475294 1.65
    endloop
  endfacet
  facet normal -0.385381940697123 0.5934361481663698 -0.7066217501846243
    outer loop
      vertex -1.1745558761728792 1.6166374725475294 1.65
      vertex -1.5825 2.7409704029777484 2.8167261889578032
      vertex -0.9991369055210982 1.730555884079687 1.65
    endloop
  endfacet
  facet normal -0.321239809487501 0.6304686248866416 -0.706621750184624
    outer loop
      vertex -0.9991369055210982 1.730555884079687 1.65
      vertex -1.2873214753349076 2.8913713734388318 2.8167261889578032
      vertex -0.8127711818495889 1.8255139632037676 1.65
    endloop
  endfacet
  facet normal -0.44530174671811285 0.5499018608222891 -0.7066217501846241
    outer loop
      vertex -1.3371061668536914 1.4850068425630005 1.65
      vertex -2.1177983691257865 2.352053372635953 2.8167261889578032
      vertex -1.8603403235056775 2.560538787196709 2.8167261889578032
    endloop
  endfacet
  facet normal -0.3853819406971233 0.5934361481663698 -0.7066217501846241
    outer loop
      vertex -1.1745558761728792 1.6166374725475294 1.65
      vertex -1.8603403235056775 2.560538787196709 2.8167261889578032
      vertex -1.5825 2.7409704029777484 2.8167261889578032
    endloop
  endfacet
  facet normal -0.3212398094875004 0.6304686248866418 -0.7066217501846241
    outer loop
      vertex -0.9991369055210982 1.730555884079687 1.65
      vertex -1.5825 2.7409704029777484 2.8167261889578032
      vertex -1.2873214753349076 2.8913713734388318 2.8167261889578032
    endloop
  endfacet
  facet normal -0.25357810770138056 0.6605935554186143 -0.7066217501846241
    outer loop
      vertex -0.8127711818495889 1.8255139632037676 1.65
      vertex -1.2873214753349076 2.8913713734388318 2.8167261889578032
      vertex -0.9780387871967086 3.010093874074161 2.8167261889578032
    endloop
  endfacet
  facet normal -0.2535781077013804 0.6605935554186142 -0.7066217501846241
    outer loop
      vertex -0.8127711818495889 1.8255139632037676 1.65
      vertex -0.9780387871967086 3.010093874074161 2.8167261889578032
      vertex -0.6175005670264311 1.9004713293336313 1.65
    endloop
  endfacet
  facet normal -0.18313815110265508 0.6834808847193313 -0.706621750184624
    outer loop
      vertex -0.6175005670264311 1.9004713293336313 1.65
      vertex -0.6580405014382084 3.095837156322495 2.8167261889578032
      vertex -0.4154644867706308 1.9546067338801227 1.65
    endloop
  endfacet
  facet normal -0.11069169459632394 0.6988798544194937 -0.7066217501846241
    outer loop
      vertex -0.4154644867706308 1.9546067338801227 1.65
      vertex -0.33083258624212325 3.147661798840585 2.8167261889578032
      vertex -0.20887649065623815 1.987327058022468 1.65
    endloop
  endfacet
  facet normal -0.037032476720272475 0.706621750184624 -0.7066217501846241
    outer loop
      vertex -0.20887649065623815 1.987327058022468 1.65
      vertex 0 3.165 2.8167261889578032
      vertex 0 1.9982738110421965 1.65
    endloop
  endfacet
  facet normal -0.1831381511026543 0.6834808847193314 -0.7066217501846241
    outer loop
      vertex -0.6175005670264311 1.9004713293336313 1.65
      vertex -0.9780387871967086 3.010093874074161 2.8167261889578032
      vertex -0.6580405014382084 3.095837156322495 2.8167261889578032
    endloop
  endfacet
  facet normal -0.11069169459632458 0.6988798544194936 -0.706621750184624
    outer loop
      vertex -0.4154644867706308 1.9546067338801227 1.65
      vertex -0.6580405014382084 3.095837156322495 2.8167261889578032
      vertex -0.33083258624212325 3.147661798840585 2.8167261889578032
    endloop
  endfacet
  facet normal -0.037032476720272156 0.7066217501846238 -0.706621750184624
    outer loop
      vertex -0.20887649065623815 1.987327058022468 1.65
      vertex -0.33083258624212325 3.147661798840585 2.8167261889578032
      vertex 0 3.165 2.8167261889578032
    endloop
  endfacet
  facet normal 0.3212398094875003 -0.630468624886642 -0.7066217501846239
    outer loop
      vertex -1.5825 2.7409704029777484 2.8167261889578032
      vertex -1.8325 3.1739831048699676 2.3167261889578032
      vertex -1.2873214753349076 2.8913713734388318 2.8167261889578032
    endloop
  endfacet
  facet normal 0.3212398094875008 -0.6304686248866416 -0.7066217501846243
    outer loop
      vertex -1.2873214753349076 2.8913713734388318 2.8167261889578032
      vertex -1.8325 3.1739831048699676 2.3167261889578032
      vertex -1.490689796872808 3.3481441022601324 2.3167261889578032
    endloop
  endfacet
  facet normal 0.2535781077013807 -0.6605935554186141 -0.7066217501846243
    outer loop
      vertex -1.2873214753349076 2.8913713734388318 2.8167261889578032
      vertex -1.490689796872808 3.3481441022601324 2.3167261889578032
      vertex -0.9780387871967086 3.010093874074161 2.8167261889578032
    endloop
  endfacet
  facet normal 0.1831381511026545 -0.6834808847193314 -0.7066217501846241
    outer loop
      vertex -0.9780387871967086 3.010093874074161 2.8167261889578032
      vertex -1.1325472843841824 3.485622132221738 2.3167261889578032
      vertex -0.6580405014382084 3.095837156322495 2.8167261889578032
    endloop
  endfacet
  facet normal 0.2535781077013805 -0.6605935554186142 -0.7066217501846243
    outer loop
      vertex -0.9780387871967086 3.010093874074161 2.8167261889578032
      vertex -1.490689796872808 3.3481441022601324 2.3167261889578032
      vertex -1.1325472843841824 3.485622132221738 2.3167261889578032
    endloop
  endfacet
  facet normal 0.18313815110265508 -0.683480884719331 -0.7066217501846244
    outer loop
      vertex -0.6580405014382084 3.095837156322495 2.8167261889578032
      vertex -1.1325472843841824 3.485622132221738 2.3167261889578032
      vertex -0.761996346847088 3.5849109566893977 2.3167261889578037
    endloop
  endfacet
  facet normal 0.1106916945963246 -0.6988798544194933 -0.7066217501846244
    outer loop
      vertex -0.6580405014382084 3.095837156322495 2.8167261889578032
      vertex -0.761996346847088 3.5849109566893977 2.3167261889578037
      vertex -0.33083258624212325 3.147661798840585 2.8167261889578032
    endloop
  endfacet
  facet normal 0.110691694596324 -0.6988798544194936 -0.7066217501846241
    outer loop
      vertex -0.33083258624212325 3.147661798840585 2.8167261889578032
      vertex -0.761996346847088 3.5849109566893977 2.3167261889578037
      vertex -0.38309681787595 3.644922746524722 2.3167261889578032
    endloop
  endfacet
  facet normal 0.037032476720272246 -0.706621750184624 -0.7066217501846241
    outer loop
      vertex -0.33083258624212325 3.147661798840585 2.8167261889578032
      vertex -0.38309681787595 3.644922746524722 2.3167261889578032
      vertex 0 3.165 2.8167261889578032
    endloop
  endfacet
  facet normal 0.03703247672027206 -0.7066217501846241 -0.7066217501846241
    outer loop
      vertex 0 3.165 2.8167261889578032
      vertex -0.38309681787595 3.644922746524722 2.3167261889578032
      vertex 0 3.665 2.3167261889578032
    endloop
  endfacet
  facet normal -0.037032476720272246 0.7066217501846239 0.7066217501846241
    outer loop
      vertex 0 -3.165 0.48327381104219636
      vertex 0 -3.665 0.9832738110421962
      vertex 0.33083258624212325 -3.147661798840585 0.48327381104219636
    endloop
  endfacet
  facet normal -0.03703247672027247 0.7066217501846241 0.7066217501846241
    outer loop
      vertex 0.33083258624212325 -3.147661798840585 0.48327381104219636
      vertex 0 -3.665 0.9832738110421962
      vertex 0.38309681787594996 -3.644922746524722 0.9832738110421965
    endloop
  endfacet
  facet normal -0.11069169459632468 0.6988798544194937 0.706621750184624
    outer loop
      vertex 0.33083258624212325 -3.147661798840585 0.48327381104219636
      vertex 0.38309681787594996 -3.644922746524722 0.9832738110421965
      vertex 0.6580405014382084 -3.095837156322495 0.48327381104219636
    endloop
  endfacet
  facet normal -0.11069169459632384 0.6988798544194935 0.7066217501846243
    outer loop
      vertex 0.6580405014382084 -3.095837156322495 0.48327381104219636
      vertex 0.38309681787594996 -3.644922746524722 0.9832738110421965
      vertex 0.761996346847088 -3.5849109566893977 0.9832738110421959
    endloop
  endfacet
  facet normal -0.18313815110265444 0.6834808847193311 0.7066217501846243
    outer loop
      vertex 0.6580405014382084 -3.095837156322495 0.48327381104219636
      vertex 0.761996346847088 -3.5849109566893977 0.9832738110421959
      vertex 0.9780387871967086 -3.010093874074161 0.48327381104219636
    endloop
  endfacet
  facet normal -0.18313815110265527 0.6834808847193312 0.706621750184624
    outer loop
      vertex 0.9780387871967086 -3.010093874074161 0.48327381104219636
      vertex 0.761996346847088 -3.5849109566893977 0.9832738110421959
      vertex 1.1325472843841822 -3.485622132221738 0.9832738110421964
    endloop
  endfacet
  facet normal -0.25357810770138084 0.6605935554186142 0.706621750184624
    outer loop
      vertex 1.2873214753349076 -2.8913713734388318 0.48327381104219636
      vertex 1.1325472843841822 -3.485622132221738 0.9832738110421964
      vertex 1.4906897968728077 -3.3481441022601324 0.9832738110421966
    endloop
  endfacet
  facet normal -0.25357810770138073 0.6605935554186142 0.706621750184624
    outer loop
      vertex 0.9780387871967086 -3.010093874074161 0.48327381104219636
      vertex 1.1325472843841822 -3.485622132221738 0.9832738110421964
      vertex 1.2873214753349076 -2.8913713734388318 0.48327381104219636
    endloop
  endfacet
  facet normal -0.32123980948750025 0.630468624886642 0.7066217501846239
    outer loop
      vertex 1.2873214753349076 -2.8913713734388318 0.48327381104219636
      vertex 1.4906897968728077 -3.3481441022601324 0.9832738110421966
      vertex 1.5825 -2.7409704029777484 0.48327381104219636
    endloop
  endfacet
  facet normal -0.32123980948750025 0.630468624886642 0.706621750184624
    outer loop
      vertex 1.5825 -2.7409704029777484 0.48327381104219636
      vertex 1.4906897968728077 -3.3481441022601324 0.9832738110421966
      vertex 1.8325 -3.1739831048699676 0.9832738110421962
    endloop
  endfacet
  facet normal -0.3853819406971231 0.5934361481663699 0.706621750184624
    outer loop
      vertex 1.5825 -2.7409704029777484 0.48327381104219636
      vertex 1.8325 -3.1739831048699676 0.9832738110421962
      vertex 1.8603403235056775 -2.560538787196709 0.48327381104219636
    endloop
  endfacet
  facet normal 0.03703247672027225 -0.7066217501846241 0.7066217501846241
    outer loop
      vertex 0 -3.165 0.48327381104219636
      vertex 0.33083258624212325 -3.147661798840585 0.48327381104219636
      vertex 0 -1.9982738110421965 1.65
    endloop
  endfacet
  facet normal 0.11069169459632466 -0.6988798544194937 0.706621750184624
    outer loop
      vertex 0.33083258624212325 -3.147661798840585 0.48327381104219636
      vertex 0.6580405014382084 -3.095837156322495 0.48327381104219636
      vertex 0.20887649065623815 -1.987327058022468 1.65
    endloop
  endfacet
  facet normal 0.18313815110265455 -0.6834808847193315 0.706621750184624
    outer loop
      vertex 0.6580405014382084 -3.095837156322495 0.48327381104219636
      vertex 0.9780387871967086 -3.010093874074161 0.48327381104219636
      vertex 0.4154644867706308 -1.9546067338801227 1.65
    endloop
  endfacet
  facet normal 0.037032476720272316 -0.7066217501846239 0.706621750184624
    outer loop
      vertex 0.33083258624212325 -3.147661798840585 0.48327381104219636
      vertex 0.20887649065623815 -1.987327058022468 1.65
      vertex 0 -1.9982738110421965 1.65
    endloop
  endfacet
  facet normal 0.11069169459632366 -0.6988798544194939 0.7066217501846239
    outer loop
      vertex 0.6580405014382084 -3.095837156322495 0.48327381104219636
      vertex 0.4154644867706308 -1.9546067338801227 1.65
      vertex 0.20887649065623815 -1.987327058022468 1.65
    endloop
  endfacet
  facet normal 0.18313815110265516 -0.6834808847193314 0.706621750184624
    outer loop
      vertex 0.9780387871967086 -3.010093874074161 0.48327381104219636
      vertex 0.6175005670264311 -1.9004713293336313 1.65
      vertex 0.4154644867706308 -1.9546067338801227 1.65
    endloop
  endfacet
  facet normal 0.2535781077013808 -0.6605935554186143 0.7066217501846239
    outer loop
      vertex 1.2873214753349076 -2.8913713734388318 0.48327381104219636
      vertex 0.8127711818495889 -1.8255139632037676 1.65
      vertex 0.6175005670264311 -1.9004713293336313 1.65
    endloop
  endfacet
  facet normal 0.2535781077013808 -0.6605935554186141 0.7066217501846241
    outer loop
      vertex 0.9780387871967086 -3.010093874074161 0.48327381104219636
      vertex 1.2873214753349076 -2.8913713734388318 0.48327381104219636
      vertex 0.6175005670264311 -1.9004713293336313 1.65
    endloop
  endfacet
  facet normal 0.3212398094875003 -0.6304686248866421 0.706621750184624
    outer loop
      vertex 1.2873214753349076 -2.8913713734388318 0.48327381104219636
      vertex 1.5825 -2.7409704029777484 0.48327381104219636
      vertex 0.8127711818495889 -1.8255139632037676 1.65
    endloop
  endfacet
  facet normal 0.3853819406971231 -0.5934361481663699 0.7066217501846241
    outer loop
      vertex 1.5825 -2.7409704029777484 0.48327381104219636
      vertex 1.8603403235056775 -2.560538787196709 0.48327381104219636
      vertex 0.9991369055210982 -1.730555884079687 1.65
    endloop
  endfacet
  facet normal 0.4453017467181128 -0.5499018608222892 0.7066217501846241
    outer loop
      vertex 1.8603403235056775 -2.560538787196709 0.48327381104219636
      vertex 2.1177983691257865 -2.352053372635953 0.48327381104219636
      vertex 1.1745558761728792 -1.6166374725475294 1.65
    endloop
  endfacet
  facet normal 0.3212398094875009 -0.6304686248866417 0.7066217501846241
    outer loop
      vertex 1.5825 -2.7409704029777484 0.48327381104219636
      vertex 0.9991369055210982 -1.730555884079687 1.65
      vertex 0.8127711818495889 -1.8255139632037676 1.65
    endloop
  endfacet
  facet normal 0.38538194069712306 -0.5934361481663696 0.7066217501846245
    outer loop
      vertex 1.8603403235056775 -2.560538787196709 0.48327381104219636
      vertex 1.1745558761728792 -1.6166374725475294 1.65
      vertex 0.9991369055210982 -1.730555884079687 1.65
    endloop
  endfacet
  facet normal 0.44530174671811296 -0.5499018608222893 0.706621750184624
    outer loop
      vertex 2.1177983691257865 -2.352053372635953 0.48327381104219636
      vertex 1.3371061668536914 -1.4850068425630005 1.65
      vertex 1.1745558761728792 -1.6166374725475294 1.65
    endloop
  endfacet
  facet normal 0.5003427336166775 -0.5003427336166771 0.7066217501846243
    outer loop
      vertex 2.352053372635953 -2.1177983691257865 0.48327381104219636
      vertex 1.4850068425630005 -1.3371061668536914 1.65
      vertex 1.3371061668536914 -1.4850068425630005 1.65
    endloop
  endfacet
  facet normal -0.38538194069712317 0.59343614816637 0.7066217501846241
    outer loop
      vertex 1.8603403235056775 -2.560538787196709 0.48327381104219636
      vertex 1.8325 -3.1739831048699676 0.9832738110421962
      vertex 2.154232949651914 -2.9650472843841826 0.9832738110421962
    endloop
  endfacet
  facet normal -0.44530174671811285 0.5499018608222893 0.7066217501846241
    outer loop
      vertex 1.8603403235056775 -2.560538787196709 0.48327381104219636
      vertex 2.154232949651914 -2.9650472843841826 0.9832738110421962
      vertex 2.1177983691257865 -2.352053372635953 0.48327381104219636
    endloop
  endfacet
  facet normal -0.4453017467181132 0.5499018608222892 0.706621750184624
    outer loop
      vertex 2.1177983691257865 -2.352053372635953 0.48327381104219636
      vertex 2.154232949651914 -2.9650472843841826 0.9832738110421962
      vertex 2.4523636723052156 -2.72362578537465 0.9832738110421965
    endloop
  endfacet
  facet normal -0.5003427336166775 0.5003427336166775 0.7066217501846239
    outer loop
      vertex 2.1177983691257865 -2.352053372635953 0.48327381104219636
      vertex 2.4523636723052156 -2.72362578537465 0.9832738110421965
      vertex 2.352053372635953 -2.1177983691257865 0.48327381104219636
    endloop
  endfacet
  facet normal -0.5003427336166775 0.5003427336166774 0.706621750184624
    outer loop
      vertex 2.352053372635953 -2.1177983691257865 0.48327381104219636
      vertex 2.4523636723052156 -2.72362578537465 0.9832738110421965
      vertex 2.72362578537465 -2.4523636723052156 0.9832738110421965
    endloop
  endfacet
  facet normal -0.5499018608222894 0.44530174671811296 0.7066217501846239
    outer loop
      vertex 2.352053372635953 -2.1177983691257865 0.48327381104219636
      vertex 2.72362578537465 -2.4523636723052156 0.9832738110421965
      vertex 2.560538787196709 -1.8603403235056775 0.48327381104219636
    endloop
  endfacet
  facet normal -0.5499018608222891 0.44530174671811334 0.7066217501846241
    outer loop
      vertex 2.560538787196709 -1.8603403235056775 0.48327381104219636
      vertex 2.72362578537465 -2.4523636723052156 0.9832738110421965
      vertex 2.965047284384182 -2.1542329496519144 0.9832738110421961
    endloop
  endfacet
  facet normal -0.59343614816637 0.3853819406971231 0.706621750184624
    outer loop
      vertex 2.560538787196709 -1.8603403235056775 0.48327381104219636
      vertex 2.965047284384182 -2.1542329496519144 0.9832738110421961
      vertex 2.7409704029777484 -1.5825 0.48327381104219636
    endloop
  endfacet
  facet normal -0.5934361481663701 0.38538194069712306 0.706621750184624
    outer loop
      vertex 2.7409704029777484 -1.5825 0.48327381104219636
      vertex 2.965047284384182 -2.1542329496519144 0.9832738110421961
      vertex 3.1739831048699676 -1.8325 0.9832738110421964
    endloop
  endfacet
  facet normal 0.5003427336166772 -0.5003427336166772 0.706621750184624
    outer loop
      vertex 2.1177983691257865 -2.352053372635953 0.48327381104219636
      vertex 2.352053372635953 -2.1177983691257865 0.48327381104219636
      vertex 1.3371061668536914 -1.4850068425630005 1.65
    endloop
  endfacet
  facet normal -0.630468624886642 0.3212398094875003 0.7066217501846239
    outer loop
      vertex 2.7409704029777484 -1.5825 0.48327381104219636
      vertex 3.1739831048699676 -1.8325 0.9832738110421964
      vertex 2.8913713734388318 -1.2873214753349076 0.48327381104219636
    endloop
  endfacet
  facet normal -0.6304686248866416 0.3212398094875008 0.7066217501846243
    outer loop
      vertex 2.8913713734388318 -1.2873214753349076 0.48327381104219636
      vertex 3.1739831048699676 -1.8325 0.9832738110421964
      vertex 3.3481441022601324 -1.490689796872808 0.9832738110421964
    endloop
  endfacet
  facet normal -0.6605935554186141 0.2535781077013807 0.7066217501846243
    outer loop
      vertex 2.8913713734388318 -1.2873214753349076 0.48327381104219636
      vertex 3.3481441022601324 -1.490689796872808 0.9832738110421964
      vertex 3.010093874074161 -0.9780387871967086 0.48327381104219636
    endloop
  endfacet
  facet normal -0.6834808847193314 0.1831381511026545 0.706621750184624
    outer loop
      vertex 3.010093874074161 -0.9780387871967086 0.48327381104219636
      vertex 3.485622132221738 -1.1325472843841822 0.9832738110421964
      vertex 3.095837156322495 -0.6580405014382084 0.48327381104219636
    endloop
  endfacet
  facet normal -0.6605935554186142 0.25357810770138034 0.706621750184624
    outer loop
      vertex 3.010093874074161 -0.9780387871967086 0.48327381104219636
      vertex 3.3481441022601324 -1.490689796872808 0.9832738110421964
      vertex 3.485622132221738 -1.1325472843841822 0.9832738110421964
    endloop
  endfacet
  facet normal -0.6834808847193312 0.1831381511026548 0.7066217501846241
    outer loop
      vertex 3.095837156322495 -0.6580405014382084 0.48327381104219636
      vertex 3.485622132221738 -1.1325472843841822 0.9832738110421964
      vertex 3.5849109566893977 -0.761996346847088 0.9832738110421961
    endloop
  endfacet
  facet normal -0.6988798544194935 0.11069169459632465 0.7066217501846243
    outer loop
      vertex 3.095837156322495 -0.6580405014382084 0.48327381104219636
      vertex 3.5849109566893977 -0.761996346847088 0.9832738110421961
      vertex 3.147661798840585 -0.33083258624212325 0.48327381104219636
    endloop
  endfacet
  facet normal -0.6988798544194937 0.1106916945963242 0.7066217501846241
    outer loop
      vertex 3.147661798840585 -0.33083258624212325 0.48327381104219636
      vertex 3.5849109566893977 -0.761996346847088 0.9832738110421961
      vertex 3.644922746524722 -0.38309681787595 0.9832738110421965
    endloop
  endfacet
  facet normal -0.706621750184624 0.037032476720272246 0.706621750184624
    outer loop
      vertex 3.147661798840585 -0.33083258624212325 0.48327381104219636
      vertex 3.644922746524722 -0.38309681787595 0.9832738110421965
      vertex 3.165 0 0.48327381104219636
    endloop
  endfacet
  facet normal -0.7066217501846239 0.03703247672027247 0.7066217501846241
    outer loop
      vertex 3.165 0 0.48327381104219636
      vertex 3.644922746524722 -0.38309681787595 0.9832738110421965
      vertex 3.665 0 0.9832738110421962
    endloop
  endfacet
  facet normal 0.5499018608222892 -0.4453017467181128 0.7066217501846241
    outer loop
      vertex 2.352053372635953 -2.1177983691257865 0.48327381104219636
      vertex 2.560538787196709 -1.8603403235056775 0.48327381104219636
      vertex 1.4850068425630005 -1.3371061668536914 1.65
    endloop
  endfacet
  facet normal 0.5934361481663699 -0.3853819406971231 0.7066217501846241
    outer loop
      vertex 2.560538787196709 -1.8603403235056775 0.48327381104219636
      vertex 2.7409704029777484 -1.5825 0.48327381104219636
      vertex 1.6166374725475294 -1.1745558761728792 1.65
    endloop
  endfacet
  facet normal 0.6304686248866419 -0.32123980948750025 0.706621750184624
    outer loop
      vertex 2.7409704029777484 -1.5825 0.48327381104219636
      vertex 2.8913713734388318 -1.2873214753349076 0.48327381104219636
      vertex 1.730555884079687 -0.9991369055210982 1.65
    endloop
  endfacet
  facet normal 0.6605935554186143 -0.25357810770138084 0.706621750184624
    outer loop
      vertex 2.8913713734388318 -1.2873214753349076 0.48327381104219636
      vertex 3.010093874074161 -0.9780387871967086 0.48327381104219636
      vertex 1.8255139632037676 -0.8127711818495889 1.65
    endloop
  endfacet
  facet normal 0.5499018608222892 -0.4453017467181129 0.706621750184624
    outer loop
      vertex 2.560538787196709 -1.8603403235056775 0.48327381104219636
      vertex 1.6166374725475294 -1.1745558761728792 1.65
      vertex 1.4850068425630005 -1.3371061668536914 1.65
    endloop
  endfacet
  facet normal 0.5934361481663697 -0.3853819406971233 0.7066217501846241
    outer loop
      vertex 2.7409704029777484 -1.5825 0.48327381104219636
      vertex 1.730555884079687 -0.9991369055210982 1.65
      vertex 1.6166374725475294 -1.1745558761728792 1.65
    endloop
  endfacet
  facet normal 0.6304686248866417 -0.3212398094875009 0.7066217501846239
    outer loop
      vertex 2.8913713734388318 -1.2873214753349076 0.48327381104219636
      vertex 1.8255139632037676 -0.8127711818495889 1.65
      vertex 1.730555884079687 -0.9991369055210982 1.65
    endloop
  endfacet
  facet normal 0.6834808847193314 -0.1831381511026545 0.706621750184624
    outer loop
      vertex 3.010093874074161 -0.9780387871967086 0.48327381104219636
      vertex 3.095837156322495 -0.6580405014382084 0.48327381104219636
      vertex 1.9004713293336313 -0.6175005670264311 1.65
    endloop
  endfacet
  facet normal 0.6988798544194937 -0.11069169459632466 0.7066217501846239
    outer loop
      vertex 3.095837156322495 -0.6580405014382084 0.48327381104219636
      vertex 3.147661798840585 -0.33083258624212325 0.48327381104219636
      vertex 1.9546067338801227 -0.4154644867706308 1.65
    endloop
  endfacet
  facet normal 0.6605935554186143 -0.2535781077013802 0.7066217501846241
    outer loop
      vertex 3.010093874074161 -0.9780387871967086 0.48327381104219636
      vertex 1.9004713293336313 -0.6175005670264311 1.65
      vertex 1.8255139632037676 -0.8127711818495889 1.65
    endloop
  endfacet
  facet normal 0.6834808847193313 -0.18313815110265513 0.706621750184624
    outer loop
      vertex 3.095837156322495 -0.6580405014382084 0.48327381104219636
      vertex 1.9546067338801227 -0.4154644867706308 1.65
      vertex 1.9004713293336313 -0.6175005670264311 1.65
    endloop
  endfacet
  facet normal 0.6988798544194937 -0.11069169459632433 0.706621750184624
    outer loop
      vertex 3.147661798840585 -0.33083258624212325 0.48327381104219636
      vertex 1.987327058022468 -0.20887649065623815 1.65
      vertex 1.9546067338801227 -0.4154644867706308 1.65
    endloop
  endfacet
  facet normal 0.7066217501846239 -0.03703247672027248 0.706621750184624
    outer loop
      vertex 1.987327058022468 -0.20887649065623815 1.65
      vertex 3.165 0 0.48327381104219636
      vertex 1.9982738110421965 0 1.65
    endloop
  endfacet
  facet normal 0.7066217501846239 -0.037032476720272246 0.706621750184624
    outer loop
      vertex 3.147661798840585 -0.33083258624212325 0.48327381104219636
      vertex 3.165 0 0.48327381104219636
      vertex 1.987327058022468 -0.20887649065623815 1.65
    endloop
  endfacet
  facet normal 0.03703247672027224 -0.7066217501846238 -0.706621750184624
    outer loop
      vertex 0 -3.165 2.8167261889578032
      vertex 0.20887649065623815 -1.987327058022468 1.65
      vertex 0.33083258624212325 -3.147661798840585 2.8167261889578032
    endloop
  endfacet
  facet normal 0.03703247672027232 -0.706621750184624 -0.706621750184624
    outer loop
      vertex 0 -3.165 2.8167261889578032
      vertex 0 -1.9982738110421965 1.65
      vertex 0.20887649065623815 -1.987327058022468 1.65
    endloop
  endfacet
  facet normal 0.1106916945963237 -0.6988798544194937 -0.7066217501846241
    outer loop
      vertex 0.33083258624212325 -3.147661798840585 2.8167261889578032
      vertex 0.20887649065623815 -1.987327058022468 1.65
      vertex 0.4154644867706308 -1.9546067338801227 1.65
    endloop
  endfacet
  facet normal 0.18313815110265516 -0.6834808847193312 -0.7066217501846241
    outer loop
      vertex 0.6580405014382084 -3.095837156322495 2.8167261889578032
      vertex 0.4154644867706308 -1.9546067338801227 1.65
      vertex 0.6175005670264311 -1.9004713293336313 1.65
    endloop
  endfacet
  facet normal 0.2535781077013802 -0.6605935554186143 -0.7066217501846241
    outer loop
      vertex 0.9780387871967086 -3.010093874074161 2.8167261889578032
      vertex 0.6175005670264311 -1.9004713293336313 1.65
      vertex 0.8127711818495889 -1.8255139632037676 1.65
    endloop
  endfacet
  facet normal 0.11069169459632466 -0.6988798544194937 -0.7066217501846241
    outer loop
      vertex 0.33083258624212325 -3.147661798840585 2.8167261889578032
      vertex 0.4154644867706308 -1.9546067338801227 1.65
      vertex 0.6580405014382084 -3.095837156322495 2.8167261889578032
    endloop
  endfacet
  facet normal 0.1831381511026545 -0.6834808847193314 -0.7066217501846241
    outer loop
      vertex 0.6580405014382084 -3.095837156322495 2.8167261889578032
      vertex 0.6175005670264311 -1.9004713293336313 1.65
      vertex 0.9780387871967086 -3.010093874074161 2.8167261889578032
    endloop
  endfacet
  facet normal 0.32123980948750097 -0.6304686248866416 -0.706621750184624
    outer loop
      vertex 1.2873214753349076 -2.8913713734388318 2.8167261889578032
      vertex 0.8127711818495889 -1.8255139632037676 1.65
      vertex 0.9991369055210982 -1.730555884079687 1.65
    endloop
  endfacet
  facet normal 0.3853819406971233 -0.5934361481663697 -0.7066217501846241
    outer loop
      vertex 1.5825 -2.7409704029777484 2.8167261889578032
      vertex 0.9991369055210982 -1.730555884079687 1.65
      vertex 1.1745558761728792 -1.6166374725475294 1.65
    endloop
  endfacet
  facet normal 0.44530174671811296 -0.549901860822289 -0.7066217501846241
    outer loop
      vertex 1.8603403235056775 -2.560538787196709 2.8167261889578032
      vertex 1.1745558761728792 -1.6166374725475294 1.65
      vertex 1.3371061668536914 -1.4850068425630005 1.65
    endloop
  endfacet
  facet normal 0.2535781077013808 -0.6605935554186142 -0.7066217501846241
    outer loop
      vertex 0.9780387871967086 -3.010093874074161 2.8167261889578032
      vertex 0.8127711818495889 -1.8255139632037676 1.65
      vertex 1.2873214753349076 -2.8913713734388318 2.8167261889578032
    endloop
  endfacet
  facet normal 0.32123980948750025 -0.6304686248866419 -0.7066217501846243
    outer loop
      vertex 1.2873214753349076 -2.8913713734388318 2.8167261889578032
      vertex 0.9991369055210982 -1.730555884079687 1.65
      vertex 1.5825 -2.7409704029777484 2.8167261889578032
    endloop
  endfacet
  facet normal 0.385381940697123 -0.5934361481663698 -0.7066217501846241
    outer loop
      vertex 1.5825 -2.7409704029777484 2.8167261889578032
      vertex 1.1745558761728792 -1.6166374725475294 1.65
      vertex 1.8603403235056775 -2.560538787196709 2.8167261889578032
    endloop
  endfacet
  facet normal 0.44530174671811273 -0.5499018608222892 -0.7066217501846241
    outer loop
      vertex 1.8603403235056775 -2.560538787196709 2.8167261889578032
      vertex 1.3371061668536914 -1.4850068425630005 1.65
      vertex 2.1177983691257865 -2.352053372635953 2.8167261889578032
    endloop
  endfacet
  facet normal -0.03703247672027206 0.7066217501846241 -0.7066217501846241
    outer loop
      vertex 0 -3.165 2.8167261889578032
      vertex 0.38309681787595 -3.644922746524722 2.3167261889578032
      vertex 0 -3.665 2.3167261889578032
    endloop
  endfacet
  facet normal -0.037032476720272246 0.706621750184624 -0.7066217501846241
    outer loop
      vertex 0 -3.165 2.8167261889578032
      vertex 0.33083258624212325 -3.147661798840585 2.8167261889578032
      vertex 0.38309681787595 -3.644922746524722 2.3167261889578032
    endloop
  endfacet
  facet normal -0.110691694596324 0.6988798544194936 -0.7066217501846241
    outer loop
      vertex 0.33083258624212325 -3.147661798840585 2.8167261889578032
      vertex 0.761996346847088 -3.5849109566893977 2.3167261889578037
      vertex 0.38309681787595 -3.644922746524722 2.3167261889578032
    endloop
  endfacet
  facet normal -0.11069169459632461 0.6988798544194934 -0.7066217501846244
    outer loop
      vertex 0.33083258624212325 -3.147661798840585 2.8167261889578032
      vertex 0.6580405014382084 -3.095837156322495 2.8167261889578032
      vertex 0.761996346847088 -3.5849109566893977 2.3167261889578037
    endloop
  endfacet
  facet normal -0.18313815110265508 0.683480884719331 -0.7066217501846244
    outer loop
      vertex 0.6580405014382084 -3.095837156322495 2.8167261889578032
      vertex 1.1325472843841824 -3.485622132221738 2.3167261889578032
      vertex 0.761996346847088 -3.5849109566893977 2.3167261889578037
    endloop
  endfacet
  facet normal -0.2535781077013805 0.6605935554186142 -0.7066217501846243
    outer loop
      vertex 0.9780387871967086 -3.010093874074161 2.8167261889578032
      vertex 1.490689796872808 -3.3481441022601324 2.3167261889578032
      vertex 1.1325472843841824 -3.485622132221738 2.3167261889578032
    endloop
  endfacet
  facet normal -0.1831381511026545 0.6834808847193314 -0.7066217501846241
    outer loop
      vertex 0.6580405014382084 -3.095837156322495 2.8167261889578032
      vertex 0.9780387871967086 -3.010093874074161 2.8167261889578032
      vertex 1.1325472843841824 -3.485622132221738 2.3167261889578032
    endloop
  endfacet
  facet normal -0.25357810770138073 0.6605935554186141 -0.7066217501846243
    outer loop
      vertex 0.9780387871967086 -3.010093874074161 2.8167261889578032
      vertex 1.2873214753349076 -2.8913713734388318 2.8167261889578032
      vertex 1.490689796872808 -3.3481441022601324 2.3167261889578032
    endloop
  endfacet
  facet normal -0.3212398094875008 0.6304686248866416 -0.7066217501846243
    outer loop
      vertex 1.2873214753349076 -2.8913713734388318 2.8167261889578032
      vertex 1.8325 -3.1739831048699676 2.3167261889578032
      vertex 1.490689796872808 -3.3481441022601324 2.3167261889578032
    endloop
  endfacet
  facet normal -0.3212398094875003 0.630468624886642 -0.7066217501846239
    outer loop
      vertex 1.2873214753349076 -2.8913713734388318 2.8167261889578032
      vertex 1.5825 -2.7409704029777484 2.8167261889578032
      vertex 1.8325 -3.1739831048699676 2.3167261889578032
    endloop
  endfacet
  facet normal 0.5003427336166772 -0.5003427336166772 -0.7066217501846244
    outer loop
      vertex 2.1177983691257865 -2.352053372635953 2.8167261889578032
      vertex 1.3371061668536914 -1.4850068425630005 1.65
      vertex 1.4850068425630005 -1.3371061668536914 1.65
    endloop
  endfacet
  facet normal 0.5499018608222892 -0.44530174671811273 -0.7066217501846243
    outer loop
      vertex 1.4850068425630005 -1.3371061668536914 1.65
      vertex 1.6166374725475294 -1.1745558761728792 1.65
      vertex 2.352053372635953 -2.1177983691257865 2.8167261889578032
    endloop
  endfacet
  facet normal 0.5003427336166772 -0.5003427336166772 -0.7066217501846243
    outer loop
      vertex 2.1177983691257865 -2.352053372635953 2.8167261889578032
      vertex 1.4850068425630005 -1.3371061668536914 1.65
      vertex 2.352053372635953 -2.1177983691257865 2.8167261889578032
    endloop
  endfacet
  facet normal -0.38538194069712317 0.5934361481663701 -0.7066217501846241
    outer loop
      vertex 1.5825 -2.7409704029777484 2.8167261889578032
      vertex 2.154232949651914 -2.9650472843841826 2.3167261889578032
      vertex 1.8325 -3.1739831048699676 2.3167261889578032
    endloop
  endfacet
  facet normal -0.3853819406971231 0.5934361481663699 -0.706621750184624
    outer loop
      vertex 1.5825 -2.7409704029777484 2.8167261889578032
      vertex 1.8603403235056775 -2.560538787196709 2.8167261889578032
      vertex 2.154232949651914 -2.9650472843841826 2.3167261889578032
    endloop
  endfacet
  facet normal -0.4453017467181129 0.5499018608222892 -0.706621750184624
    outer loop
      vertex 1.8603403235056775 -2.560538787196709 2.8167261889578032
      vertex 2.4523636723052156 -2.72362578537465 2.3167261889578032
      vertex 2.154232949651914 -2.9650472843841826 2.3167261889578032
    endloop
  endfacet
  facet normal -0.4453017467181129 0.5499018608222893 -0.706621750184624
    outer loop
      vertex 1.8603403235056775 -2.560538787196709 2.8167261889578032
      vertex 2.1177983691257865 -2.352053372635953 2.8167261889578032
      vertex 2.4523636723052156 -2.72362578537465 2.3167261889578032
    endloop
  endfacet
  facet normal -0.5003427336166778 0.500342733616677 -0.7066217501846239
    outer loop
      vertex 2.1177983691257865 -2.352053372635953 2.8167261889578032
      vertex 2.72362578537465 -2.452363672305215 2.3167261889578032
      vertex 2.4523636723052156 -2.72362578537465 2.3167261889578032
    endloop
  endfacet
  facet normal -0.5003427336166776 0.5003427336166776 -0.7066217501846238
    outer loop
      vertex 2.1177983691257865 -2.352053372635953 2.8167261889578032
      vertex 2.352053372635953 -2.1177983691257865 2.8167261889578032
      vertex 2.72362578537465 -2.452363672305215 2.3167261889578032
    endloop
  endfacet
  facet normal -0.5499018608222886 0.44530174671811407 -0.7066217501846238
    outer loop
      vertex 2.352053372635953 -2.1177983691257865 2.8167261889578032
      vertex 2.9650472843841826 -2.154232949651914 2.3167261889578037
      vertex 2.72362578537465 -2.452363672305215 2.3167261889578032
    endloop
  endfacet
  facet normal -0.5499018608222891 0.4453017467181127 -0.7066217501846244
    outer loop
      vertex 2.352053372635953 -2.1177983691257865 2.8167261889578032
      vertex 2.560538787196709 -1.8603403235056775 2.8167261889578032
      vertex 2.9650472843841826 -2.154232949651914 2.3167261889578037
    endloop
  endfacet
  facet normal -0.5934361481663702 0.3853819406971222 -0.7066217501846243
    outer loop
      vertex 2.560538787196709 -1.8603403235056775 2.8167261889578032
      vertex 3.1739831048699676 -1.8325 2.3167261889578032
      vertex 2.9650472843841826 -2.154232949651914 2.3167261889578037
    endloop
  endfacet
  facet normal 0.5934361481663698 -0.385381940697123 -0.7066217501846241
    outer loop
      vertex 1.6166374725475294 -1.1745558761728792 1.65
      vertex 1.730555884079687 -0.9991369055210982 1.65
      vertex 2.560538787196709 -1.8603403235056775 2.8167261889578032
    endloop
  endfacet
  facet normal 0.6304686248866415 -0.32123980948750097 -0.7066217501846243
    outer loop
      vertex 1.730555884079687 -0.9991369055210982 1.65
      vertex 1.8255139632037676 -0.8127711818495889 1.65
      vertex 2.7409704029777484 -1.5825 2.8167261889578032
    endloop
  endfacet
  facet normal 0.5499018608222893 -0.4453017467181127 -0.7066217501846243
    outer loop
      vertex 1.6166374725475294 -1.1745558761728792 1.65
      vertex 2.560538787196709 -1.8603403235056775 2.8167261889578032
      vertex 2.352053372635953 -2.1177983691257865 2.8167261889578032
    endloop
  endfacet
  facet normal 0.59343614816637 -0.38538194069712306 -0.7066217501846241
    outer loop
      vertex 1.730555884079687 -0.9991369055210982 1.65
      vertex 2.7409704029777484 -1.5825 2.8167261889578032
      vertex 2.560538787196709 -1.8603403235056775 2.8167261889578032
    endloop
  endfacet
  facet normal 0.6304686248866419 -0.3212398094875004 -0.7066217501846239
    outer loop
      vertex 1.8255139632037676 -0.8127711818495889 1.65
      vertex 2.8913713734388318 -1.2873214753349076 2.8167261889578032
      vertex 2.7409704029777484 -1.5825 2.8167261889578032
    endloop
  endfacet
  facet normal 0.660593555418614 -0.2535781077013809 -0.7066217501846241
    outer loop
      vertex 1.9004713293336313 -0.6175005670264311 1.65
      vertex 3.010093874074161 -0.9780387871967086 2.8167261889578032
      vertex 2.8913713734388318 -1.2873214753349076 2.8167261889578032
    endloop
  endfacet
  facet normal 0.6605935554186143 -0.25357810770138045 -0.706621750184624
    outer loop
      vertex 1.8255139632037676 -0.8127711818495889 1.65
      vertex 1.9004713293336313 -0.6175005670264311 1.65
      vertex 2.8913713734388318 -1.2873214753349076 2.8167261889578032
    endloop
  endfacet
  facet normal 0.6834808847193312 -0.18313815110265505 -0.7066217501846241
    outer loop
      vertex 1.9004713293336313 -0.6175005670264311 1.65
      vertex 1.9546067338801227 -0.4154644867706308 1.65
      vertex 3.010093874074161 -0.9780387871967086 2.8167261889578032
    endloop
  endfacet
  facet normal 0.6988798544194939 -0.11069169459632396 -0.706621750184624
    outer loop
      vertex 1.9546067338801227 -0.4154644867706308 1.65
      vertex 1.987327058022468 -0.20887649065623815 1.65
      vertex 3.095837156322495 -0.6580405014382084 2.8167261889578032
    endloop
  endfacet
  facet normal 0.706621750184624 -0.037032476720272475 -0.7066217501846241
    outer loop
      vertex 1.987327058022468 -0.20887649065623815 1.65
      vertex 1.9982738110421965 0 1.65
      vertex 3.147661798840585 -0.33083258624212325 2.8167261889578032
    endloop
  endfacet
  facet normal 0.6834808847193315 -0.18313815110265433 -0.7066217501846241
    outer loop
      vertex 1.9546067338801227 -0.4154644867706308 1.65
      vertex 3.095837156322495 -0.6580405014382084 2.8167261889578032
      vertex 3.010093874074161 -0.9780387871967086 2.8167261889578032
    endloop
  endfacet
  facet normal 0.6988798544194937 -0.11069169459632458 -0.7066217501846241
    outer loop
      vertex 1.987327058022468 -0.20887649065623815 1.65
      vertex 3.147661798840585 -0.33083258624212325 2.8167261889578032
      vertex 3.095837156322495 -0.6580405014382084 2.8167261889578032
    endloop
  endfacet
  facet normal 0.706621750184624 -0.037032476720272246 -0.7066217501846241
    outer loop
      vertex 3.147661798840585 -0.33083258624212325 2.8167261889578032
      vertex 1.9982738110421965 0 1.65
      vertex 3.165 0 2.8167261889578032
    endloop
  endfacet
  facet normal -0.59343614816637 0.38538194069712317 -0.7066217501846239
    outer loop
      vertex 2.560538787196709 -1.8603403235056775 2.8167261889578032
      vertex 2.7409704029777484 -1.5825 2.8167261889578032
      vertex 3.1739831048699676 -1.8325 2.3167261889578032
    endloop
  endfacet
  facet normal -0.6304686248866417 0.3212398094875007 -0.7066217501846239
    outer loop
      vertex 2.7409704029777484 -1.5825 2.8167261889578032
      vertex 3.3481441022601324 -1.4906897968728077 2.3167261889578032
      vertex 3.1739831048699676 -1.8325 2.3167261889578032
    endloop
  endfacet
  facet normal -0.6304686248866419 0.32123980948750025 -0.7066217501846241
    outer loop
      vertex 2.7409704029777484 -1.5825 2.8167261889578032
      vertex 2.8913713734388318 -1.2873214753349076 2.8167261889578032
      vertex 3.3481441022601324 -1.4906897968728077 2.3167261889578032
    endloop
  endfacet
  facet normal -0.6605935554186142 0.25357810770138073 -0.706621750184624
    outer loop
      vertex 2.8913713734388318 -1.2873214753349076 2.8167261889578032
      vertex 3.010093874074161 -0.9780387871967086 2.8167261889578032
      vertex 3.485622132221738 -1.1325472843841822 2.3167261889578032
    endloop
  endfacet
  facet normal -0.6605935554186142 0.2535781077013805 -0.7066217501846243
    outer loop
      vertex 2.8913713734388318 -1.2873214753349076 2.8167261889578032
      vertex 3.485622132221738 -1.1325472843841822 2.3167261889578032
      vertex 3.3481441022601324 -1.4906897968728077 2.3167261889578032
    endloop
  endfacet
  facet normal -0.6834808847193312 0.18313815110265527 -0.706621750184624
    outer loop
      vertex 3.010093874074161 -0.9780387871967086 2.8167261889578032
      vertex 3.5849109566893977 -0.761996346847088 2.3167261889578037
      vertex 3.485622132221738 -1.1325472843841822 2.3167261889578032
    endloop
  endfacet
  facet normal -0.6834808847193311 0.1831381511026544 -0.7066217501846243
    outer loop
      vertex 3.010093874074161 -0.9780387871967086 2.8167261889578032
      vertex 3.095837156322495 -0.6580405014382084 2.8167261889578032
      vertex 3.5849109566893977 -0.761996346847088 2.3167261889578037
    endloop
  endfacet
  facet normal -0.6988798544194935 0.11069169459632404 -0.7066217501846243
    outer loop
      vertex 3.095837156322495 -0.6580405014382084 2.8167261889578032
      vertex 3.644922746524722 -0.38309681787594996 2.3167261889578032
      vertex 3.5849109566893977 -0.761996346847088 2.3167261889578037
    endloop
  endfacet
  facet normal -0.6988798544194936 0.11069169459632465 -0.7066217501846241
    outer loop
      vertex 3.095837156322495 -0.6580405014382084 2.8167261889578032
      vertex 3.147661798840585 -0.33083258624212325 2.8167261889578032
      vertex 3.644922746524722 -0.38309681787594996 2.3167261889578032
    endloop
  endfacet
  facet normal -0.706621750184624 0.037032476720272246 -0.706621750184624
    outer loop
      vertex 3.147661798840585 -0.33083258624212325 2.8167261889578032
      vertex 3.165 0 2.8167261889578032
      vertex 3.665 0 2.3167261889578032
    endloop
  endfacet
  facet normal -0.706621750184624 0.03703247672027206 -0.7066217501846241
    outer loop
      vertex 3.147661798840585 -0.33083258624212325 2.8167261889578032
      vertex 3.665 0 2.3167261889578032
      vertex 3.644922746524722 -0.38309681787594996 2.3167261889578032
    endloop
  endfacet
  facet normal 0.5499018608222893 0.44530174671811296 0.706621750184624
    outer loop
      vertex 2.352053372635953 2.1177983691257865 0.48327381104219636
      vertex 1.4850068425630005 1.3371061668536914 1.65
      vertex 1.6166374725475294 1.1745558761728792 1.65
    endloop
  endfacet
  facet normal 0.5003427336166771 0.5003427336166775 0.7066217501846243
    outer loop
      vertex 2.1177983691257865 2.352053372635953 0.48327381104219636
      vertex 1.3371061668536914 1.4850068425630005 1.65
      vertex 1.4850068425630005 1.3371061668536914 1.65
    endloop
  endfacet
  facet normal -0.03703247672027247 -0.7066217501846239 0.7066217501846241
    outer loop
      vertex 0 3.165 0.48327381104219636
      vertex 0.38309681787595 3.644922746524722 0.9832738110421965
      vertex 0 3.665 0.9832738110421962
    endloop
  endfacet
  facet normal -0.037032476720272246 -0.706621750184624 0.706621750184624
    outer loop
      vertex 0 3.165 0.48327381104219636
      vertex 0.33083258624212325 3.147661798840585 0.48327381104219636
      vertex 0.38309681787595 3.644922746524722 0.9832738110421965
    endloop
  endfacet
  facet normal -0.11069169459632461 -0.6988798544194934 0.7066217501846244
    outer loop
      vertex 0.33083258624212325 3.147661798840585 0.48327381104219636
      vertex 0.6580405014382084 3.095837156322495 0.48327381104219636
      vertex 0.761996346847088 3.5849109566893977 0.9832738110421959
    endloop
  endfacet
  facet normal -0.11069169459632379 -0.6988798544194939 0.7066217501846241
    outer loop
      vertex 0.33083258624212325 3.147661798840585 0.48327381104219636
      vertex 0.761996346847088 3.5849109566893977 0.9832738110421959
      vertex 0.38309681787595 3.644922746524722 0.9832738110421965
    endloop
  endfacet
  facet normal -0.18313815110265508 -0.683480884719331 0.7066217501846244
    outer loop
      vertex 0.6580405014382084 3.095837156322495 0.48327381104219636
      vertex 1.1325472843841824 3.485622132221738 0.9832738110421964
      vertex 0.761996346847088 3.5849109566893977 0.9832738110421959
    endloop
  endfacet
  facet normal -0.1831381511026545 -0.6834808847193314 0.7066217501846241
    outer loop
      vertex 0.6580405014382084 3.095837156322495 0.48327381104219636
      vertex 0.9780387871967086 3.010093874074161 0.48327381104219636
      vertex 1.1325472843841824 3.485622132221738 0.9832738110421964
    endloop
  endfacet
  facet normal -0.2535781077013808 -0.6605935554186142 0.706621750184624
    outer loop
      vertex 0.9780387871967086 3.010093874074161 0.48327381104219636
      vertex 1.2873214753349076 2.8913713734388318 0.48327381104219636
      vertex 1.490689796872808 3.3481441022601324 0.9832738110421966
    endloop
  endfacet
  facet normal -0.25357810770138084 -0.660593555418614 0.706621750184624
    outer loop
      vertex 0.9780387871967086 3.010093874074161 0.48327381104219636
      vertex 1.490689796872808 3.3481441022601324 0.9832738110421966
      vertex 1.1325472843841824 3.485622132221738 0.9832738110421964
    endloop
  endfacet
  facet normal -0.3212398094875003 -0.630468624886642 0.706621750184624
    outer loop
      vertex 1.2873214753349076 2.8913713734388318 0.48327381104219636
      vertex 1.5825 2.7409704029777484 0.48327381104219636
      vertex 1.8325 3.1739831048699676 0.9832738110421962
    endloop
  endfacet
  facet normal -0.32123980948750036 -0.630468624886642 0.706621750184624
    outer loop
      vertex 1.2873214753349076 2.8913713734388318 0.48327381104219636
      vertex 1.8325 3.1739831048699676 0.9832738110421962
      vertex 1.490689796872808 3.3481441022601324 0.9832738110421966
    endloop
  endfacet
  facet normal 0.11069169459632466 0.6988798544194937 0.7066217501846239
    outer loop
      vertex 0.33083258624212325 3.147661798840585 0.48327381104219636
      vertex 0.4154644867706308 1.9546067338801227 1.65
      vertex 0.6580405014382084 3.095837156322495 0.48327381104219636
    endloop
  endfacet
  facet normal 0.1831381511026545 0.6834808847193314 0.706621750184624
    outer loop
      vertex 0.6580405014382084 3.095837156322495 0.48327381104219636
      vertex 0.6175005670264311 1.9004713293336313 1.65
      vertex 0.9780387871967086 3.010093874074161 0.48327381104219636
    endloop
  endfacet
  facet normal 0.03703247672027232 0.706621750184624 0.706621750184624
    outer loop
      vertex 0 3.165 0.48327381104219636
      vertex 0 1.9982738110421965 1.65
      vertex 0.20887649065623815 1.987327058022468 1.65
    endloop
  endfacet
  facet normal 0.11069169459632433 0.6988798544194937 0.706621750184624
    outer loop
      vertex 0.33083258624212325 3.147661798840585 0.48327381104219636
      vertex 0.20887649065623815 1.987327058022468 1.65
      vertex 0.4154644867706308 1.9546067338801227 1.65
    endloop
  endfacet
  facet normal 0.2535781077013802 0.6605935554186143 0.7066217501846241
    outer loop
      vertex 0.9780387871967086 3.010093874074161 0.48327381104219636
      vertex 0.6175005670264311 1.9004713293336313 1.65
      vertex 0.8127711818495889 1.8255139632037676 1.65
    endloop
  endfacet
  facet normal 0.18313815110265513 0.6834808847193313 0.706621750184624
    outer loop
      vertex 0.6580405014382084 3.095837156322495 0.48327381104219636
      vertex 0.4154644867706308 1.9546067338801227 1.65
      vertex 0.6175005670264311 1.9004713293336313 1.65
    endloop
  endfacet
  facet normal 0.037032476720272246 0.7066217501846239 0.706621750184624
    outer loop
      vertex 0 3.165 0.48327381104219636
      vertex 0.20887649065623815 1.987327058022468 1.65
      vertex 0.33083258624212325 3.147661798840585 0.48327381104219636
    endloop
  endfacet
  facet normal 0.2535781077013808 0.6605935554186141 0.706621750184624
    outer loop
      vertex 0.9780387871967086 3.010093874074161 0.48327381104219636
      vertex 0.8127711818495889 1.8255139632037676 1.65
      vertex 1.2873214753349076 2.8913713734388318 0.48327381104219636
    endloop
  endfacet
  facet normal 0.32123980948750025 0.6304686248866419 0.706621750184624
    outer loop
      vertex 1.2873214753349076 2.8913713734388318 0.48327381104219636
      vertex 0.9991369055210982 1.730555884079687 1.65
      vertex 1.5825 2.7409704029777484 0.48327381104219636
    endloop
  endfacet
  facet normal 0.44530174671811285 0.5499018608222893 0.7066217501846241
    outer loop
      vertex 1.8603403235056775 2.560538787196709 0.48327381104219636
      vertex 1.3371061668536914 1.4850068425630005 1.65
      vertex 2.1177983691257865 2.352053372635953 0.48327381104219636
    endloop
  endfacet
  facet normal 0.3853819406971231 0.5934361481663699 0.7066217501846241
    outer loop
      vertex 1.5825 2.7409704029777484 0.48327381104219636
      vertex 1.1745558761728792 1.6166374725475294 1.65
      vertex 1.8603403235056775 2.560538787196709 0.48327381104219636
    endloop
  endfacet
  facet normal 0.3212398094875009 0.6304686248866417 0.7066217501846239
    outer loop
      vertex 1.2873214753349076 2.8913713734388318 0.48327381104219636
      vertex 0.8127711818495889 1.8255139632037676 1.65
      vertex 0.9991369055210982 1.730555884079687 1.65
    endloop
  endfacet
  facet normal 0.3853819406971233 0.5934361481663697 0.7066217501846241
    outer loop
      vertex 1.5825 2.7409704029777484 0.48327381104219636
      vertex 0.9991369055210982 1.730555884079687 1.65
      vertex 1.1745558761728792 1.6166374725475294 1.65
    endloop
  endfacet
  facet normal 0.4453017467181129 0.5499018608222892 0.706621750184624
    outer loop
      vertex 1.8603403235056775 2.560538787196709 0.48327381104219636
      vertex 1.1745558761728792 1.6166374725475294 1.65
      vertex 1.3371061668536914 1.4850068425630005 1.65
    endloop
  endfacet
  facet normal -0.7066217501846239 -0.037032476720272246 0.7066217501846241
    outer loop
      vertex 3.165 0 0.48327381104219636
      vertex 3.665 0 0.9832738110421962
      vertex 3.147661798840585 0.33083258624212325 0.48327381104219636
    endloop
  endfacet
  facet normal -0.6988798544194937 -0.11069169459632468 0.706621750184624
    outer loop
      vertex 3.147661798840585 0.33083258624212325 0.48327381104219636
      vertex 3.644922746524722 0.38309681787594996 0.9832738110421965
      vertex 3.095837156322495 0.6580405014382084 0.48327381104219636
    endloop
  endfacet
  facet normal -0.7066217501846241 -0.03703247672027247 0.7066217501846241
    outer loop
      vertex 3.147661798840585 0.33083258624212325 0.48327381104219636
      vertex 3.665 0 0.9832738110421962
      vertex 3.644922746524722 0.38309681787594996 0.9832738110421965
    endloop
  endfacet
  facet normal -0.6834808847193313 -0.1831381511026545 0.7066217501846241
    outer loop
      vertex 3.095837156322495 0.6580405014382084 0.48327381104219636
      vertex 3.5849109566893977 0.761996346847088 0.9832738110421961
      vertex 3.010093874074161 0.9780387871967086 0.48327381104219636
    endloop
  endfacet
  facet normal -0.6988798544194936 -0.11069169459632423 0.7066217501846241
    outer loop
      vertex 3.095837156322495 0.6580405014382084 0.48327381104219636
      vertex 3.644922746524722 0.38309681787594996 0.9832738110421965
      vertex 3.5849109566893977 0.761996346847088 0.9832738110421961
    endloop
  endfacet
  facet normal -0.6605935554186142 -0.25357810770138073 0.706621750184624
    outer loop
      vertex 3.010093874074161 0.9780387871967086 0.48327381104219636
      vertex 3.485622132221738 1.1325472843841822 0.9832738110421964
      vertex 2.8913713734388318 1.2873214753349076 0.48327381104219636
    endloop
  endfacet
  facet normal -0.59343614816637 -0.38538194069712317 0.7066217501846239
    outer loop
      vertex 2.560538787196709 1.8603403235056775 0.48327381104219636
      vertex 2.7409704029777484 1.5825 0.48327381104219636
      vertex 3.1739831048699676 1.8325 0.9832738110421964
    endloop
  endfacet
  facet normal -0.6304686248866419 -0.32123980948750025 0.7066217501846241
    outer loop
      vertex 2.8913713734388318 1.2873214753349076 0.48327381104219636
      vertex 3.3481441022601324 1.4906897968728077 0.9832738110421964
      vertex 2.7409704029777484 1.5825 0.48327381104219636
    endloop
  endfacet
  facet normal -0.6304686248866417 -0.3212398094875007 0.7066217501846239
    outer loop
      vertex 2.7409704029777484 1.5825 0.48327381104219636
      vertex 3.3481441022601324 1.4906897968728077 0.9832738110421964
      vertex 3.1739831048699676 1.8325 0.9832738110421964
    endloop
  endfacet
  facet normal -0.6834808847193313 -0.18313815110265486 0.706621750184624
    outer loop
      vertex 3.010093874074161 0.9780387871967086 0.48327381104219636
      vertex 3.5849109566893977 0.761996346847088 0.9832738110421961
      vertex 3.485622132221738 1.1325472843841822 0.9832738110421964
    endloop
  endfacet
  facet normal -0.6605935554186142 -0.2535781077013805 0.7066217501846243
    outer loop
      vertex 2.8913713734388318 1.2873214753349076 0.48327381104219636
      vertex 3.485622132221738 1.1325472843841822 0.9832738110421964
      vertex 3.3481441022601324 1.4906897968728077 0.9832738110421964
    endloop
  endfacet
  facet normal 0.6988798544194937 0.11069169459632466 0.706621750184624
    outer loop
      vertex 3.147661798840585 0.33083258624212325 0.48327381104219636
      vertex 3.095837156322495 0.6580405014382084 0.48327381104219636
      vertex 1.987327058022468 0.20887649065623815 1.65
    endloop
  endfacet
  facet normal 0.6834808847193315 0.18313815110265455 0.706621750184624
    outer loop
      vertex 3.095837156322495 0.6580405014382084 0.48327381104219636
      vertex 3.010093874074161 0.9780387871967086 0.48327381104219636
      vertex 1.9546067338801227 0.4154644867706308 1.65
    endloop
  endfacet
  facet normal 0.6834808847193314 0.18313815110265516 0.706621750184624
    outer loop
      vertex 3.010093874074161 0.9780387871967086 0.48327381104219636
      vertex 1.9004713293336313 0.6175005670264311 1.65
      vertex 1.9546067338801227 0.4154644867706308 1.65
    endloop
  endfacet
  facet normal 0.6605935554186143 0.2535781077013808 0.7066217501846239
    outer loop
      vertex 2.8913713734388318 1.2873214753349076 0.48327381104219636
      vertex 1.8255139632037676 0.8127711818495889 1.65
      vertex 1.9004713293336313 0.6175005670264311 1.65
    endloop
  endfacet
  facet normal 0.7066217501846239 0.037032476720272316 0.706621750184624
    outer loop
      vertex 3.147661798840585 0.33083258624212325 0.48327381104219636
      vertex 1.987327058022468 0.20887649065623815 1.65
      vertex 1.9982738110421965 0 1.65
    endloop
  endfacet
  facet normal 0.6988798544194939 0.11069169459632366 0.7066217501846239
    outer loop
      vertex 3.095837156322495 0.6580405014382084 0.48327381104219636
      vertex 1.9546067338801227 0.4154644867706308 1.65
      vertex 1.987327058022468 0.20887649065623815 1.65
    endloop
  endfacet
  facet normal 0.5499018608222892 0.4453017467181128 0.7066217501846241
    outer loop
      vertex 2.352053372635953 2.1177983691257865 0.48327381104219636
      vertex 1.6166374725475294 1.1745558761728792 1.65
      vertex 2.560538787196709 1.8603403235056775 0.48327381104219636
    endloop
  endfacet
  facet normal 0.6304686248866421 0.3212398094875003 0.706621750184624
    outer loop
      vertex 2.8913713734388318 1.2873214753349076 0.48327381104219636
      vertex 2.7409704029777484 1.5825 0.48327381104219636
      vertex 1.8255139632037676 0.8127711818495889 1.65
    endloop
  endfacet
  facet normal 0.6605935554186141 0.2535781077013808 0.7066217501846241
    outer loop
      vertex 3.010093874074161 0.9780387871967086 0.48327381104219636
      vertex 2.8913713734388318 1.2873214753349076 0.48327381104219636
      vertex 1.9004713293336313 0.6175005670264311 1.65
    endloop
  endfacet
  facet normal 0.5934361481663699 0.3853819406971231 0.7066217501846241
    outer loop
      vertex 2.560538787196709 1.8603403235056775 0.48327381104219636
      vertex 1.730555884079687 0.9991369055210982 1.65
      vertex 2.7409704029777484 1.5825 0.48327381104219636
    endloop
  endfacet
  facet normal 0.5934361481663696 0.38538194069712306 0.7066217501846245
    outer loop
      vertex 2.560538787196709 1.8603403235056775 0.48327381104219636
      vertex 1.6166374725475294 1.1745558761728792 1.65
      vertex 1.730555884079687 0.9991369055210982 1.65
    endloop
  endfacet
  facet normal 0.6304686248866417 0.3212398094875009 0.7066217501846241
    outer loop
      vertex 2.7409704029777484 1.5825 0.48327381104219636
      vertex 1.730555884079687 0.9991369055210982 1.65
      vertex 1.8255139632037676 0.8127711818495889 1.65
    endloop
  endfacet
  facet normal 0.7066217501846241 0.03703247672027225 0.7066217501846241
    outer loop
      vertex 3.165 0 0.48327381104219636
      vertex 3.147661798840585 0.33083258624212325 0.48327381104219636
      vertex 1.9982738110421965 0 1.65
    endloop
  endfacet
  facet normal -0.44530174671811296 -0.5499018608222894 0.7066217501846239
    outer loop
      vertex 1.8603403235056775 2.560538787196709 0.48327381104219636
      vertex 2.1177983691257865 2.352053372635953 0.48327381104219636
      vertex 2.4523636723052156 2.72362578537465 0.9832738110421965
    endloop
  endfacet
  facet normal -0.5499018608222893 -0.44530174671811285 0.7066217501846241
    outer loop
      vertex 2.352053372635953 2.1177983691257865 0.48327381104219636
      vertex 2.560538787196709 1.8603403235056775 0.48327381104219636
      vertex 2.9650472843841826 2.154232949651914 0.9832738110421962
    endloop
  endfacet
  facet normal -0.5499018608222889 -0.4453017467181136 0.7066217501846237
    outer loop
      vertex 2.352053372635953 2.1177983691257865 0.48327381104219636
      vertex 2.9650472843841826 2.154232949651914 0.9832738110421962
      vertex 2.72362578537465 2.452363672305215 0.9832738110421965
    endloop
  endfacet
  facet normal -0.5003427336166776 -0.5003427336166776 0.7066217501846237
    outer loop
      vertex 2.1177983691257865 2.352053372635953 0.48327381104219636
      vertex 2.352053372635953 2.1177983691257865 0.48327381104219636
      vertex 2.72362578537465 2.452363672305215 0.9832738110421965
    endloop
  endfacet
  facet normal -0.5003427336166778 -0.5003427336166771 0.7066217501846239
    outer loop
      vertex 2.1177983691257865 2.352053372635953 0.48327381104219636
      vertex 2.72362578537465 2.452363672305215 0.9832738110421965
      vertex 2.4523636723052156 2.72362578537465 0.9832738110421965
    endloop
  endfacet
  facet normal -0.3853819406971231 -0.5934361481663699 0.706621750184624
    outer loop
      vertex 1.5825 2.7409704029777484 0.48327381104219636
      vertex 1.8603403235056775 2.560538787196709 0.48327381104219636
      vertex 2.154232949651914 2.9650472843841826 0.9832738110421962
    endloop
  endfacet
  facet normal -0.38538194069712306 -0.59343614816637 0.7066217501846241
    outer loop
      vertex 1.5825 2.7409704029777484 0.48327381104219636
      vertex 2.154232949651914 2.9650472843841826 0.9832738110421962
      vertex 1.8325 3.1739831048699676 0.9832738110421962
    endloop
  endfacet
  facet normal -0.4453017467181131 -0.549901860822289 0.706621750184624
    outer loop
      vertex 1.8603403235056775 2.560538787196709 0.48327381104219636
      vertex 2.4523636723052156 2.72362578537465 0.9832738110421965
      vertex 2.154232949651914 2.9650472843841826 0.9832738110421962
    endloop
  endfacet
  facet normal -0.5934361481663701 -0.38538194069712295 0.7066217501846241
    outer loop
      vertex 2.560538787196709 1.8603403235056775 0.48327381104219636
      vertex 3.1739831048699676 1.8325 0.9832738110421964
      vertex 2.9650472843841826 2.154232949651914 0.9832738110421962
    endloop
  endfacet
  facet normal 0.5003427336166772 0.5003427336166772 0.706621750184624
    outer loop
      vertex 2.1177983691257865 2.352053372635953 0.48327381104219636
      vertex 1.4850068425630005 1.3371061668536914 1.65
      vertex 2.352053372635953 2.1177983691257865 0.48327381104219636
    endloop
  endfacet
  facet normal 0.44530174671811273 0.5499018608222892 -0.7066217501846243
    outer loop
      vertex 1.1745558761728792 1.6166374725475294 1.65
      vertex 2.1177983691257865 2.352053372635953 2.8167261889578032
      vertex 1.3371061668536914 1.4850068425630005 1.65
    endloop
  endfacet
  facet normal 0.5003427336166774 0.5003427336166774 -0.7066217501846241
    outer loop
      vertex 1.3371061668536914 1.4850068425630005 1.65
      vertex 2.352053372635953 2.1177983691257865 2.8167261889578032
      vertex 1.4850068425630005 1.3371061668536914 1.65
    endloop
  endfacet
  facet normal 0.037032476720272475 0.706621750184624 -0.7066217501846241
    outer loop
      vertex 0 1.9982738110421965 1.65
      vertex 0.33083258624212325 3.147661798840585 2.8167261889578032
      vertex 0.20887649065623815 1.987327058022468 1.65
    endloop
  endfacet
  facet normal 0.11069169459632396 0.6988798544194939 -0.706621750184624
    outer loop
      vertex 0.20887649065623815 1.987327058022468 1.65
      vertex 0.6580405014382084 3.095837156322495 2.8167261889578032
      vertex 0.4154644867706308 1.9546067338801227 1.65
    endloop
  endfacet
  facet normal 0.18313815110265505 0.6834808847193312 -0.7066217501846241
    outer loop
      vertex 0.4154644867706308 1.9546067338801227 1.65
      vertex 0.9780387871967086 3.010093874074161 2.8167261889578032
      vertex 0.6175005670264311 1.9004713293336313 1.65
    endloop
  endfacet
  facet normal 0.25357810770138045 0.6605935554186143 -0.706621750184624
    outer loop
      vertex 0.6175005670264311 1.9004713293336313 1.65
      vertex 1.2873214753349076 2.8913713734388318 2.8167261889578032
      vertex 0.8127711818495889 1.8255139632037676 1.65
    endloop
  endfacet
  facet normal 0.11069169459632458 0.6988798544194937 -0.7066217501846241
    outer loop
      vertex 0.20887649065623815 1.987327058022468 1.65
      vertex 0.33083258624212325 3.147661798840585 2.8167261889578032
      vertex 0.6580405014382084 3.095837156322495 2.8167261889578032
    endloop
  endfacet
  facet normal 0.18313815110265433 0.6834808847193315 -0.7066217501846241
    outer loop
      vertex 0.4154644867706308 1.9546067338801227 1.65
      vertex 0.6580405014382084 3.095837156322495 2.8167261889578032
      vertex 0.9780387871967086 3.010093874074161 2.8167261889578032
    endloop
  endfacet
  facet normal 0.03703247672027216 0.706621750184624 -0.7066217501846241
    outer loop
      vertex 0 1.9982738110421965 1.65
      vertex 0 3.165 2.8167261889578032
      vertex 0.33083258624212325 3.147661798840585 2.8167261889578032
    endloop
  endfacet
  facet normal 0.32123980948750097 0.6304686248866415 -0.7066217501846243
    outer loop
      vertex 0.8127711818495889 1.8255139632037676 1.65
      vertex 1.5825 2.7409704029777484 2.8167261889578032
      vertex 0.9991369055210982 1.730555884079687 1.65
    endloop
  endfacet
  facet normal 0.38538194069712306 0.5934361481663699 -0.7066217501846241
    outer loop
      vertex 0.9991369055210982 1.730555884079687 1.65
      vertex 1.8603403235056775 2.560538787196709 2.8167261889578032
      vertex 1.1745558761728792 1.6166374725475294 1.65
    endloop
  endfacet
  facet normal 0.2535781077013809 0.660593555418614 -0.7066217501846241
    outer loop
      vertex 0.6175005670264311 1.9004713293336313 1.65
      vertex 0.9780387871967086 3.010093874074161 2.8167261889578032
      vertex 1.2873214753349076 2.8913713734388318 2.8167261889578032
    endloop
  endfacet
  facet normal 0.3212398094875004 0.6304686248866419 -0.7066217501846239
    outer loop
      vertex 0.8127711818495889 1.8255139632037676 1.65
      vertex 1.2873214753349076 2.8913713734388318 2.8167261889578032
      vertex 1.5825 2.7409704029777484 2.8167261889578032
    endloop
  endfacet
  facet normal 0.4453017467181127 0.5499018608222893 -0.7066217501846243
    outer loop
      vertex 1.1745558761728792 1.6166374725475294 1.65
      vertex 1.8603403235056775 2.560538787196709 2.8167261889578032
      vertex 2.1177983691257865 2.352053372635953 2.8167261889578032
    endloop
  endfacet
  facet normal 0.38538194069712306 0.59343614816637 -0.7066217501846241
    outer loop
      vertex 0.9991369055210982 1.730555884079687 1.65
      vertex 1.5825 2.7409704029777484 2.8167261889578032
      vertex 1.8603403235056775 2.560538787196709 2.8167261889578032
    endloop
  endfacet
  facet normal -0.037032476720272246 -0.706621750184624 -0.706621750184624
    outer loop
      vertex 0 3.165 2.8167261889578032
      vertex 0 3.665 2.3167261889578032
      vertex 0.33083258624212325 3.147661798840585 2.8167261889578032
    endloop
  endfacet
  facet normal -0.11069169459632466 -0.6988798544194937 -0.7066217501846241
    outer loop
      vertex 0.33083258624212325 3.147661798840585 2.8167261889578032
      vertex 0.38309681787594996 3.644922746524722 2.3167261889578032
      vertex 0.6580405014382084 3.095837156322495 2.8167261889578032
    endloop
  endfacet
  facet normal -0.03703247672027206 -0.706621750184624 -0.7066217501846241
    outer loop
      vertex 0.33083258624212325 3.147661798840585 2.8167261889578032
      vertex 0 3.665 2.3167261889578032
      vertex 0.38309681787594996 3.644922746524722 2.3167261889578032
    endloop
  endfacet
  facet normal -0.11069169459632404 -0.6988798544194935 -0.7066217501846243
    outer loop
      vertex 0.6580405014382084 3.095837156322495 2.8167261889578032
      vertex 0.38309681787594996 3.644922746524722 2.3167261889578032
      vertex 0.761996346847088 3.5849109566893977 2.3167261889578037
    endloop
  endfacet
  facet normal -0.18313815110265444 -0.6834808847193311 -0.7066217501846243
    outer loop
      vertex 0.6580405014382084 3.095837156322495 2.8167261889578032
      vertex 0.761996346847088 3.5849109566893977 2.3167261889578037
      vertex 0.9780387871967086 3.010093874074161 2.8167261889578032
    endloop
  endfacet
  facet normal -0.25357810770138073 -0.6605935554186142 -0.706621750184624
    outer loop
      vertex 0.9780387871967086 3.010093874074161 2.8167261889578032
      vertex 1.1325472843841822 3.485622132221738 2.3167261889578032
      vertex 1.2873214753349076 2.8913713734388318 2.8167261889578032
    endloop
  endfacet
  facet normal -0.18313815110265527 -0.6834808847193312 -0.706621750184624
    outer loop
      vertex 0.9780387871967086 3.010093874074161 2.8167261889578032
      vertex 0.761996346847088 3.5849109566893977 2.3167261889578037
      vertex 1.1325472843841822 3.485622132221738 2.3167261889578032
    endloop
  endfacet
  facet normal -0.2535781077013805 -0.6605935554186142 -0.7066217501846243
    outer loop
      vertex 1.2873214753349076 2.8913713734388318 2.8167261889578032
      vertex 1.1325472843841822 3.485622132221738 2.3167261889578032
      vertex 1.4906897968728077 3.3481441022601324 2.3167261889578032
    endloop
  endfacet
  facet normal -0.32123980948750025 -0.6304686248866419 -0.7066217501846241
    outer loop
      vertex 1.2873214753349076 2.8913713734388318 2.8167261889578032
      vertex 1.4906897968728077 3.3481441022601324 2.3167261889578032
      vertex 1.5825 2.7409704029777484 2.8167261889578032
    endloop
  endfacet
  facet normal -0.3853819406971231 -0.5934361481663699 -0.706621750184624
    outer loop
      vertex 1.5825 2.7409704029777484 2.8167261889578032
      vertex 1.8325 3.1739831048699676 2.3167261889578032
      vertex 1.8603403235056775 2.560538787196709 2.8167261889578032
    endloop
  endfacet
  facet normal -0.3212398094875007 -0.6304686248866417 -0.7066217501846239
    outer loop
      vertex 1.5825 2.7409704029777484 2.8167261889578032
      vertex 1.4906897968728077 3.3481441022601324 2.3167261889578032
      vertex 1.8325 3.1739831048699676 2.3167261889578032
    endloop
  endfacet
  facet normal 0.6605935554186142 0.2535781077013804 -0.7066217501846241
    outer loop
      vertex 1.8255139632037676 0.8127711818495889 1.65
      vertex 3.010093874074161 0.9780387871967086 2.8167261889578032
      vertex 1.9004713293336313 0.6175005670264311 1.65
    endloop
  endfacet
  facet normal 0.706621750184624 0.037032476720272475 -0.706621750184624
    outer loop
      vertex 1.9982738110421965 0 1.65
      vertex 1.987327058022468 0.20887649065623815 1.65
      vertex 3.165 0 2.8167261889578032
    endloop
  endfacet
  facet normal 0.6988798544194937 0.11069169459632394 -0.7066217501846241
    outer loop
      vertex 1.987327058022468 0.20887649065623815 1.65
      vertex 1.9546067338801227 0.4154644867706308 1.65
      vertex 3.147661798840585 0.33083258624212325 2.8167261889578032
    endloop
  endfacet
  facet normal 0.6834808847193313 0.18313815110265508 -0.7066217501846241
    outer loop
      vertex 1.9546067338801227 0.4154644867706308 1.65
      vertex 1.9004713293336313 0.6175005670264311 1.65
      vertex 3.095837156322495 0.6580405014382084 2.8167261889578032
    endloop
  endfacet
  facet normal 0.6988798544194936 0.11069169459632458 -0.706621750184624
    outer loop
      vertex 1.9546067338801227 0.4154644867706308 1.65
      vertex 3.095837156322495 0.6580405014382084 2.8167261889578032
      vertex 3.147661798840585 0.33083258624212325 2.8167261889578032
    endloop
  endfacet
  facet normal 0.6834808847193314 0.1831381511026543 -0.7066217501846241
    outer loop
      vertex 1.9004713293336313 0.6175005670264311 1.65
      vertex 3.010093874074161 0.9780387871967086 2.8167261889578032
      vertex 3.095837156322495 0.6580405014382084 2.8167261889578032
    endloop
  endfacet
  facet normal 0.5934361481663698 0.385381940697123 -0.7066217501846243
    outer loop
      vertex 1.730555884079687 0.9991369055210982 1.65
      vertex 1.6166374725475294 1.1745558761728792 1.65
      vertex 2.7409704029777484 1.5825 2.8167261889578032
    endloop
  endfacet
  facet normal 0.6304686248866416 0.321239809487501 -0.706621750184624
    outer loop
      vertex 1.730555884079687 0.9991369055210982 1.65
      vertex 2.8913713734388318 1.2873214753349076 2.8167261889578032
      vertex 1.8255139632037676 0.8127711818495889 1.65
    endloop
  endfacet
  facet normal 0.5499018608222892 0.44530174671811273 -0.7066217501846243
    outer loop
      vertex 1.4850068425630005 1.3371061668536914 1.65
      vertex 2.560538787196709 1.8603403235056775 2.8167261889578032
      vertex 1.6166374725475294 1.1745558761728792 1.65
    endloop
  endfacet
  facet normal 0.5499018608222891 0.44530174671811285 -0.7066217501846241
    outer loop
      vertex 1.4850068425630005 1.3371061668536914 1.65
      vertex 2.352053372635953 2.1177983691257865 2.8167261889578032
      vertex 2.560538787196709 1.8603403235056775 2.8167261889578032
    endloop
  endfacet
  facet normal 0.6304686248866418 0.3212398094875004 -0.7066217501846241
    outer loop
      vertex 1.730555884079687 0.9991369055210982 1.65
      vertex 2.7409704029777484 1.5825 2.8167261889578032
      vertex 2.8913713734388318 1.2873214753349076 2.8167261889578032
    endloop
  endfacet
  facet normal 0.6605935554186143 0.25357810770138056 -0.7066217501846241
    outer loop
      vertex 1.8255139632037676 0.8127711818495889 1.65
      vertex 2.8913713734388318 1.2873214753349076 2.8167261889578032
      vertex 3.010093874074161 0.9780387871967086 2.8167261889578032
    endloop
  endfacet
  facet normal 0.5934361481663698 0.3853819406971233 -0.7066217501846241
    outer loop
      vertex 1.6166374725475294 1.1745558761728792 1.65
      vertex 2.560538787196709 1.8603403235056775 2.8167261889578032
      vertex 2.7409704029777484 1.5825 2.8167261889578032
    endloop
  endfacet
  facet normal 0.7066217501846238 0.037032476720272156 -0.706621750184624
    outer loop
      vertex 1.987327058022468 0.20887649065623815 1.65
      vertex 3.147661798840585 0.33083258624212325 2.8167261889578032
      vertex 3.165 0 2.8167261889578032
    endloop
  endfacet
  facet normal -0.706621750184624 -0.037032476720272246 -0.7066217501846241
    outer loop
      vertex 3.165 0 2.8167261889578032
      vertex 3.147661798840585 0.33083258624212325 2.8167261889578032
      vertex 3.644922746524722 0.38309681787595 2.3167261889578032
    endloop
  endfacet
  facet normal -0.7066217501846241 -0.03703247672027206 -0.7066217501846241
    outer loop
      vertex 3.165 0 2.8167261889578032
      vertex 3.644922746524722 0.38309681787595 2.3167261889578032
      vertex 3.665 0 2.3167261889578032
    endloop
  endfacet
  facet normal -0.6988798544194934 -0.11069169459632461 -0.7066217501846244
    outer loop
      vertex 3.147661798840585 0.33083258624212325 2.8167261889578032
      vertex 3.095837156322495 0.6580405014382084 2.8167261889578032
      vertex 3.5849109566893977 0.761996346847088 2.3167261889578037
    endloop
  endfacet
  facet normal -0.683480884719331 -0.1831381511026552 -0.7066217501846244
    outer loop
      vertex 3.095837156322495 0.6580405014382084 2.8167261889578032
      vertex 3.485622132221738 1.1325472843841822 2.3167261889578032
      vertex 3.5849109566893977 0.761996346847088 2.3167261889578037
    endloop
  endfacet
  facet normal -0.6988798544194936 -0.110691694596324 -0.7066217501846241
    outer loop
      vertex 3.147661798840585 0.33083258624212325 2.8167261889578032
      vertex 3.5849109566893977 0.761996346847088 2.3167261889578037
      vertex 3.644922746524722 0.38309681787595 2.3167261889578032
    endloop
  endfacet
  facet normal -0.6834808847193314 -0.1831381511026545 -0.706621750184624
    outer loop
      vertex 3.095837156322495 0.6580405014382084 2.8167261889578032
      vertex 3.010093874074161 0.9780387871967086 2.8167261889578032
      vertex 3.485622132221738 1.1325472843841822 2.3167261889578032
    endloop
  endfacet
  facet normal -0.6605935554186141 -0.25357810770138073 -0.7066217501846243
    outer loop
      vertex 3.010093874074161 0.9780387871967086 2.8167261889578032
      vertex 2.8913713734388318 1.2873214753349076 2.8167261889578032
      vertex 3.3481441022601324 1.490689796872808 2.3167261889578032
    endloop
  endfacet
  facet normal -0.630468624886642 -0.3212398094875003 -0.7066217501846239
    outer loop
      vertex 2.8913713734388318 1.2873214753349076 2.8167261889578032
      vertex 2.7409704029777484 1.5825 2.8167261889578032
      vertex 3.1739831048699676 1.8325 2.3167261889578032
    endloop
  endfacet
  facet normal -0.6304686248866416 -0.3212398094875008 -0.7066217501846243
    outer loop
      vertex 2.8913713734388318 1.2873214753349076 2.8167261889578032
      vertex 3.1739831048699676 1.8325 2.3167261889578032
      vertex 3.3481441022601324 1.490689796872808 2.3167261889578032
    endloop
  endfacet
  facet normal -0.6605935554186142 -0.25357810770138034 -0.706621750184624
    outer loop
      vertex 3.010093874074161 0.9780387871967086 2.8167261889578032
      vertex 3.3481441022601324 1.490689796872808 2.3167261889578032
      vertex 3.485622132221738 1.1325472843841822 2.3167261889578032
    endloop
  endfacet
  facet normal 0.5003427336166772 0.5003427336166772 -0.7066217501846243
    outer loop
      vertex 1.3371061668536914 1.4850068425630005 1.65
      vertex 2.1177983691257865 2.352053372635953 2.8167261889578032
      vertex 2.352053372635953 2.1177983691257865 2.8167261889578032
    endloop
  endfacet
  facet normal -0.4453017467181129 -0.5499018608222893 -0.706621750184624
    outer loop
      vertex 1.8603403235056775 2.560538787196709 2.8167261889578032
      vertex 2.154232949651914 2.9650472843841826 2.3167261889578032
      vertex 2.1177983691257865 2.352053372635953 2.8167261889578032
    endloop
  endfacet
  facet normal -0.4453017467181129 -0.5499018608222892 -0.706621750184624
    outer loop
      vertex 2.1177983691257865 2.352053372635953 2.8167261889578032
      vertex 2.154232949651914 2.9650472843841826 2.3167261889578032
      vertex 2.4523636723052156 2.72362578537465 2.3167261889578032
    endloop
  endfacet
  facet normal -0.5499018608222893 -0.4453017467181129 -0.706621750184624
    outer loop
      vertex 2.352053372635953 2.1177983691257865 2.8167261889578032
      vertex 2.72362578537465 2.4523636723052156 2.3167261889578032
      vertex 2.560538787196709 1.8603403235056775 2.8167261889578032
    endloop
  endfacet
  facet normal -0.5003427336166774 -0.5003427336166774 -0.706621750184624
    outer loop
      vertex 2.352053372635953 2.1177983691257865 2.8167261889578032
      vertex 2.4523636723052156 2.72362578537465 2.3167261889578032
      vertex 2.72362578537465 2.4523636723052156 2.3167261889578032
    endloop
  endfacet
  facet normal -0.5003427336166774 -0.5003427336166774 -0.706621750184624
    outer loop
      vertex 2.1177983691257865 2.352053372635953 2.8167261889578032
      vertex 2.4523636723052156 2.72362578537465 2.3167261889578032
      vertex 2.352053372635953 2.1177983691257865 2.8167261889578032
    endloop
  endfacet
  facet normal -0.38538194069712317 -0.5934361481663701 -0.7066217501846241
    outer loop
      vertex 1.8603403235056775 2.560538787196709 2.8167261889578032
      vertex 1.8325 3.1739831048699676 2.3167261889578032
      vertex 2.154232949651914 2.9650472843841826 2.3167261889578032
    endloop
  endfacet
  facet normal -0.5934361481663704 -0.3853819406971226 -0.706621750184624
    outer loop
      vertex 2.7409704029777484 1.5825 2.8167261889578032
      vertex 2.965047284384182 2.1542329496519144 2.3167261889578037
      vertex 3.1739831048699676 1.8325 2.3167261889578032
    endloop
  endfacet
  facet normal -0.5934361481663699 -0.38538194069712306 -0.7066217501846243
    outer loop
      vertex 2.560538787196709 1.8603403235056775 2.8167261889578032
      vertex 2.965047284384182 2.1542329496519144 2.3167261889578037
      vertex 2.7409704029777484 1.5825 2.8167261889578032
    endloop
  endfacet
  facet normal -0.5499018608222886 -0.44530174671811334 -0.7066217501846243
    outer loop
      vertex 2.560538787196709 1.8603403235056775 2.8167261889578032
      vertex 2.72362578537465 2.4523636723052156 2.3167261889578032
      vertex 2.965047284384182 2.1542329496519144 2.3167261889578037
    endloop
  endfacet
endsolid OpenSCAD_Model
